path,label,classname
train/n01440764/n01440764_2823.JPEG,0,tench
train/n01440764/n01440764_8240.JPEG,0,tench
train/n01440764/n01440764_898.JPEG,0,tench
train/n01440764/n01440764_6130.JPEG,0,tench
train/n01440764/n01440764_320.JPEG,0,tench
train/n01440764/n01440764_1313.JPEG,0,tench
train/n01440764/n01440764_14855.JPEG,0,tench
train/n01440764/n01440764_3308.JPEG,0,tench
train/n01440764/n01440764_7610.JPEG,0,tench
train/n01440764/n01440764_5911.JPEG,0,tench
train/n01440764/n01440764_4983.JPEG,0,tench
train/n01440764/n01440764_11400.JPEG,0,tench
train/n01440764/n01440764_7820.JPEG,0,tench
train/n01440764/n01440764_11930.JPEG,0,tench
train/n01440764/n01440764_14685.JPEG,0,tench
train/n01440764/n01440764_5636.JPEG,0,tench
train/n01443537/n01443537_19956.JPEG,1,goldfish
train/n01443537/n01443537_1301.JPEG,1,goldfish
train/n01443537/n01443537_596.JPEG,1,goldfish
train/n01443537/n01443537_2207.JPEG,1,goldfish
train/n01443537/n01443537_12938.JPEG,1,goldfish
train/n01443537/n01443537_11472.JPEG,1,goldfish
train/n01443537/n01443537_6432.JPEG,1,goldfish
train/n01443537/n01443537_10149.JPEG,1,goldfish
train/n01443537/n01443537_18176.JPEG,1,goldfish
train/n01443537/n01443537_3974.JPEG,1,goldfish
train/n01443537/n01443537_11665.JPEG,1,goldfish
train/n01443537/n01443537_14281.JPEG,1,goldfish
train/n01443537/n01443537_20440.JPEG,1,goldfish
train/n01443537/n01443537_17252.JPEG,1,goldfish
train/n01443537/n01443537_22366.JPEG,1,goldfish
train/n01443537/n01443537_8475.JPEG,1,goldfish
train/n01484850/n01484850_4104.JPEG,2,great white shark
train/n01484850/n01484850_8235.JPEG,2,great white shark
train/n01484850/n01484850_28447.JPEG,2,great white shark
train/n01484850/n01484850_10538.JPEG,2,great white shark
train/n01484850/n01484850_22105.JPEG,2,great white shark
train/n01484850/n01484850_24214.JPEG,2,great white shark
train/n01484850/n01484850_6944.JPEG,2,great white shark
train/n01484850/n01484850_16148.JPEG,2,great white shark
train/n01484850/n01484850_8133.JPEG,2,great white shark
train/n01484850/n01484850_29886.JPEG,2,great white shark
train/n01484850/n01484850_7125.JPEG,2,great white shark
train/n01484850/n01484850_11973.JPEG,2,great white shark
train/n01484850/n01484850_5013.JPEG,2,great white shark
train/n01484850/n01484850_22902.JPEG,2,great white shark
train/n01484850/n01484850_6496.JPEG,2,great white shark
train/n01484850/n01484850_2352.JPEG,2,great white shark
train/n01491361/n01491361_5886.JPEG,3,tiger shark
train/n01491361/n01491361_2452.JPEG,3,tiger shark
train/n01491361/n01491361_7277.JPEG,3,tiger shark
train/n01491361/n01491361_3554.JPEG,3,tiger shark
train/n01491361/n01491361_8047.JPEG,3,tiger shark
train/n01491361/n01491361_12336.JPEG,3,tiger shark
train/n01491361/n01491361_7037.JPEG,3,tiger shark
train/n01491361/n01491361_10867.JPEG,3,tiger shark
train/n01491361/n01491361_7734.JPEG,3,tiger shark
train/n01491361/n01491361_12712.JPEG,3,tiger shark
train/n01491361/n01491361_1083.JPEG,3,tiger shark
train/n01491361/n01491361_8964.JPEG,3,tiger shark
train/n01491361/n01491361_8697.JPEG,3,tiger shark
train/n01491361/n01491361_2395.JPEG,3,tiger shark
train/n01491361/n01491361_7009.JPEG,3,tiger shark
train/n01491361/n01491361_7909.JPEG,3,tiger shark
train/n01494475/n01494475_7579.JPEG,4,hammerhead shark
train/n01494475/n01494475_8094.JPEG,4,hammerhead shark
train/n01494475/n01494475_23315.JPEG,4,hammerhead shark
train/n01494475/n01494475_12415.JPEG,4,hammerhead shark
train/n01494475/n01494475_3924.JPEG,4,hammerhead shark
train/n01494475/n01494475_5776.JPEG,4,hammerhead shark
train/n01494475/n01494475_27846.JPEG,4,hammerhead shark
train/n01494475/n01494475_824.JPEG,4,hammerhead shark
train/n01494475/n01494475_18469.JPEG,4,hammerhead shark
train/n01494475/n01494475_3544.JPEG,4,hammerhead shark
train/n01494475/n01494475_10944.JPEG,4,hammerhead shark
train/n01494475/n01494475_16165.JPEG,4,hammerhead shark
train/n01494475/n01494475_8259.JPEG,4,hammerhead shark
train/n01494475/n01494475_8097.JPEG,4,hammerhead shark
train/n01494475/n01494475_15533.JPEG,4,hammerhead shark
train/n01494475/n01494475_6867.JPEG,4,hammerhead shark
train/n01496331/n01496331_769.JPEG,5,electric ray
train/n01496331/n01496331_12286.JPEG,5,electric ray
train/n01496331/n01496331_7773.JPEG,5,electric ray
train/n01496331/n01496331_9190.JPEG,5,electric ray
train/n01496331/n01496331_13456.JPEG,5,electric ray
train/n01496331/n01496331_5744.JPEG,5,electric ray
train/n01496331/n01496331_6605.JPEG,5,electric ray
train/n01496331/n01496331_1660.JPEG,5,electric ray
train/n01496331/n01496331_19377.JPEG,5,electric ray
train/n01496331/n01496331_1244.JPEG,5,electric ray
train/n01496331/n01496331_28376.JPEG,5,electric ray
train/n01496331/n01496331_31329.JPEG,5,electric ray
train/n01496331/n01496331_12146.JPEG,5,electric ray
train/n01496331/n01496331_7050.JPEG,5,electric ray
train/n01496331/n01496331_608.JPEG,5,electric ray
train/n01496331/n01496331_7652.JPEG,5,electric ray
train/n01498041/n01498041_21945.JPEG,6,stingray
train/n01498041/n01498041_8169.JPEG,6,stingray
train/n01498041/n01498041_6969.JPEG,6,stingray
train/n01498041/n01498041_13614.JPEG,6,stingray
train/n01498041/n01498041_37.JPEG,6,stingray
train/n01498041/n01498041_1387.JPEG,6,stingray
train/n01498041/n01498041_13606.JPEG,6,stingray
train/n01498041/n01498041_1870.JPEG,6,stingray
train/n01498041/n01498041_12258.JPEG,6,stingray
train/n01498041/n01498041_9768.JPEG,6,stingray
train/n01498041/n01498041_10667.JPEG,6,stingray
train/n01498041/n01498041_11310.JPEG,6,stingray
train/n01498041/n01498041_1299.JPEG,6,stingray
train/n01498041/n01498041_5345.JPEG,6,stingray
train/n01498041/n01498041_3411.JPEG,6,stingray
train/n01498041/n01498041_13616.JPEG,6,stingray
train/n01514668/n01514668_21413.JPEG,7,rooster
train/n01514668/n01514668_22091.JPEG,7,rooster
train/n01514668/n01514668_3369.JPEG,7,rooster
train/n01514668/n01514668_18524.JPEG,7,rooster
train/n01514668/n01514668_40197.JPEG,7,rooster
train/n01514668/n01514668_20821.JPEG,7,rooster
train/n01514668/n01514668_16851.JPEG,7,rooster
train/n01514668/n01514668_12872.JPEG,7,rooster
train/n01514668/n01514668_31004.JPEG,7,rooster
train/n01514668/n01514668_20967.JPEG,7,rooster
train/n01514668/n01514668_19848.JPEG,7,rooster
train/n01514668/n01514668_5533.JPEG,7,rooster
train/n01514668/n01514668_10688.JPEG,7,rooster
train/n01514668/n01514668_6375.JPEG,7,rooster
train/n01514668/n01514668_22448.JPEG,7,rooster
train/n01514668/n01514668_14690.JPEG,7,rooster
train/n01514859/n01514859_10815.JPEG,8,hen
train/n01514859/n01514859_10770.JPEG,8,hen
train/n01514859/n01514859_1573.JPEG,8,hen
train/n01514859/n01514859_4832.JPEG,8,hen
train/n01514859/n01514859_12944.JPEG,8,hen
train/n01514859/n01514859_3821.JPEG,8,hen
train/n01514859/n01514859_8706.JPEG,8,hen
train/n01514859/n01514859_12540.JPEG,8,hen
train/n01514859/n01514859_9790.JPEG,8,hen
train/n01514859/n01514859_224.JPEG,8,hen
train/n01514859/n01514859_2666.JPEG,8,hen
train/n01514859/n01514859_4274.JPEG,8,hen
train/n01514859/n01514859_11976.JPEG,8,hen
train/n01514859/n01514859_12750.JPEG,8,hen
train/n01514859/n01514859_8507.JPEG,8,hen
train/n01514859/n01514859_3635.JPEG,8,hen
train/n01518878/n01518878_10139.JPEG,9,ostrich
train/n01518878/n01518878_5868.JPEG,9,ostrich
train/n01518878/n01518878_3236.JPEG,9,ostrich
train/n01518878/n01518878_12046.JPEG,9,ostrich
train/n01518878/n01518878_3256.JPEG,9,ostrich
train/n01518878/n01518878_9274.JPEG,9,ostrich
train/n01518878/n01518878_10118.JPEG,9,ostrich
train/n01518878/n01518878_8139.JPEG,9,ostrich
train/n01518878/n01518878_1387.JPEG,9,ostrich
train/n01518878/n01518878_14524.JPEG,9,ostrich
train/n01518878/n01518878_5580.JPEG,9,ostrich
train/n01518878/n01518878_9098.JPEG,9,ostrich
train/n01518878/n01518878_1828.JPEG,9,ostrich
train/n01518878/n01518878_4106.JPEG,9,ostrich
train/n01518878/n01518878_4275.JPEG,9,ostrich
train/n01518878/n01518878_25452.JPEG,9,ostrich
train/n01530575/n01530575_9310.JPEG,10,brambling
train/n01530575/n01530575_2829.JPEG,10,brambling
train/n01530575/n01530575_8742.JPEG,10,brambling
train/n01530575/n01530575_30167.JPEG,10,brambling
train/n01530575/n01530575_10287.JPEG,10,brambling
train/n01530575/n01530575_7405.JPEG,10,brambling
train/n01530575/n01530575_8036.JPEG,10,brambling
train/n01530575/n01530575_7726.JPEG,10,brambling
train/n01530575/n01530575_8625.JPEG,10,brambling
train/n01530575/n01530575_3283.JPEG,10,brambling
train/n01530575/n01530575_1405.JPEG,10,brambling
train/n01530575/n01530575_1027.JPEG,10,brambling
train/n01530575/n01530575_329.JPEG,10,brambling
train/n01530575/n01530575_8661.JPEG,10,brambling
train/n01530575/n01530575_10682.JPEG,10,brambling
train/n01530575/n01530575_7420.JPEG,10,brambling
train/n01531178/n01531178_18773.JPEG,11,goldfinch
train/n01531178/n01531178_5130.JPEG,11,goldfinch
train/n01531178/n01531178_7349.JPEG,11,goldfinch
train/n01531178/n01531178_21904.JPEG,11,goldfinch
train/n01531178/n01531178_2238.JPEG,11,goldfinch
train/n01531178/n01531178_17482.JPEG,11,goldfinch
train/n01531178/n01531178_28266.JPEG,11,goldfinch
train/n01531178/n01531178_4735.JPEG,11,goldfinch
train/n01531178/n01531178_22566.JPEG,11,goldfinch
train/n01531178/n01531178_11630.JPEG,11,goldfinch
train/n01531178/n01531178_5134.JPEG,11,goldfinch
train/n01531178/n01531178_21145.JPEG,11,goldfinch
train/n01531178/n01531178_3153.JPEG,11,goldfinch
train/n01531178/n01531178_11416.JPEG,11,goldfinch
train/n01531178/n01531178_25383.JPEG,11,goldfinch
train/n01531178/n01531178_17557.JPEG,11,goldfinch
train/n01532829/n01532829_29073.JPEG,12,house finch
train/n01532829/n01532829_1226.JPEG,12,house finch
train/n01532829/n01532829_9160.JPEG,12,house finch
train/n01532829/n01532829_36628.JPEG,12,house finch
train/n01532829/n01532829_1216.JPEG,12,house finch
train/n01532829/n01532829_26210.JPEG,12,house finch
train/n01532829/n01532829_38570.JPEG,12,house finch
train/n01532829/n01532829_254.JPEG,12,house finch
train/n01532829/n01532829_831.JPEG,12,house finch
train/n01532829/n01532829_30432.JPEG,12,house finch
train/n01532829/n01532829_33928.JPEG,12,house finch
train/n01532829/n01532829_4867.JPEG,12,house finch
train/n01532829/n01532829_1421.JPEG,12,house finch
train/n01532829/n01532829_23018.JPEG,12,house finch
train/n01532829/n01532829_4973.JPEG,12,house finch
train/n01532829/n01532829_20101.JPEG,12,house finch
train/n01534433/n01534433_13184.JPEG,13,junco
train/n01534433/n01534433_1069.JPEG,13,junco
train/n01534433/n01534433_5449.JPEG,13,junco
train/n01534433/n01534433_8404.JPEG,13,junco
train/n01534433/n01534433_25764.JPEG,13,junco
train/n01534433/n01534433_7825.JPEG,13,junco
train/n01534433/n01534433_25406.JPEG,13,junco
train/n01534433/n01534433_5237.JPEG,13,junco
train/n01534433/n01534433_571.JPEG,13,junco
train/n01534433/n01534433_15908.JPEG,13,junco
train/n01534433/n01534433_8158.JPEG,13,junco
train/n01534433/n01534433_6342.JPEG,13,junco
train/n01534433/n01534433_6907.JPEG,13,junco
train/n01534433/n01534433_32490.JPEG,13,junco
train/n01534433/n01534433_15204.JPEG,13,junco
train/n01534433/n01534433_14047.JPEG,13,junco
train/n01537544/n01537544_2173.JPEG,14,indigo bunting
train/n01537544/n01537544_1734.JPEG,14,indigo bunting
train/n01537544/n01537544_23464.JPEG,14,indigo bunting
train/n01537544/n01537544_6163.JPEG,14,indigo bunting
train/n01537544/n01537544_1442.JPEG,14,indigo bunting
train/n01537544/n01537544_9922.JPEG,14,indigo bunting
train/n01537544/n01537544_4065.JPEG,14,indigo bunting
train/n01537544/n01537544_3662.JPEG,14,indigo bunting
train/n01537544/n01537544_12969.JPEG,14,indigo bunting
train/n01537544/n01537544_2815.JPEG,14,indigo bunting
train/n01537544/n01537544_3388.JPEG,14,indigo bunting
train/n01537544/n01537544_4907.JPEG,14,indigo bunting
train/n01537544/n01537544_5896.JPEG,14,indigo bunting
train/n01537544/n01537544_16707.JPEG,14,indigo bunting
train/n01537544/n01537544_3321.JPEG,14,indigo bunting
train/n01537544/n01537544_10193.JPEG,14,indigo bunting
train/n01558993/n01558993_3906.JPEG,15,American robin
train/n01558993/n01558993_1669.JPEG,15,American robin
train/n01558993/n01558993_14151.JPEG,15,American robin
train/n01558993/n01558993_11703.JPEG,15,American robin
train/n01558993/n01558993_2084.JPEG,15,American robin
train/n01558993/n01558993_10582.JPEG,15,American robin
train/n01558993/n01558993_14666.JPEG,15,American robin
train/n01558993/n01558993_2609.JPEG,15,American robin
train/n01558993/n01558993_190.JPEG,15,American robin
train/n01558993/n01558993_2637.JPEG,15,American robin
train/n01558993/n01558993_2378.JPEG,15,American robin
train/n01558993/n01558993_4310.JPEG,15,American robin
train/n01558993/n01558993_9964.JPEG,15,American robin
train/n01558993/n01558993_16602.JPEG,15,American robin
train/n01558993/n01558993_12342.JPEG,15,American robin
train/n01558993/n01558993_4151.JPEG,15,American robin
train/n01560419/n01560419_4021.JPEG,16,bulbul
train/n01560419/n01560419_7440.JPEG,16,bulbul
train/n01560419/n01560419_17146.JPEG,16,bulbul
train/n01560419/n01560419_6823.JPEG,16,bulbul
train/n01560419/n01560419_3456.JPEG,16,bulbul
train/n01560419/n01560419_2267.JPEG,16,bulbul
train/n01560419/n01560419_14994.JPEG,16,bulbul
train/n01560419/n01560419_8014.JPEG,16,bulbul
train/n01560419/n01560419_1177.JPEG,16,bulbul
train/n01560419/n01560419_7734.JPEG,16,bulbul
train/n01560419/n01560419_19427.JPEG,16,bulbul
train/n01560419/n01560419_3590.JPEG,16,bulbul
train/n01560419/n01560419_5693.JPEG,16,bulbul
train/n01560419/n01560419_13667.JPEG,16,bulbul
train/n01560419/n01560419_7736.JPEG,16,bulbul
train/n01560419/n01560419_1059.JPEG,16,bulbul
train/n01580077/n01580077_10418.JPEG,17,jay
train/n01580077/n01580077_2438.JPEG,17,jay
train/n01580077/n01580077_18360.JPEG,17,jay
train/n01580077/n01580077_8997.JPEG,17,jay
train/n01580077/n01580077_9492.JPEG,17,jay
train/n01580077/n01580077_11685.JPEG,17,jay
train/n01580077/n01580077_13636.JPEG,17,jay
train/n01580077/n01580077_16147.JPEG,17,jay
train/n01580077/n01580077_20805.JPEG,17,jay
train/n01580077/n01580077_25055.JPEG,17,jay
train/n01580077/n01580077_1122.JPEG,17,jay
train/n01580077/n01580077_1304.JPEG,17,jay
train/n01580077/n01580077_23282.JPEG,17,jay
train/n01580077/n01580077_1788.JPEG,17,jay
train/n01580077/n01580077_2138.JPEG,17,jay
train/n01580077/n01580077_3237.JPEG,17,jay
train/n01582220/n01582220_6240.JPEG,18,magpie
train/n01582220/n01582220_10315.JPEG,18,magpie
train/n01582220/n01582220_6819.JPEG,18,magpie
train/n01582220/n01582220_4884.JPEG,18,magpie
train/n01582220/n01582220_8326.JPEG,18,magpie
train/n01582220/n01582220_501.JPEG,18,magpie
train/n01582220/n01582220_3156.JPEG,18,magpie
train/n01582220/n01582220_9435.JPEG,18,magpie
train/n01582220/n01582220_31666.JPEG,18,magpie
train/n01582220/n01582220_7342.JPEG,18,magpie
train/n01582220/n01582220_8350.JPEG,18,magpie
train/n01582220/n01582220_1412.JPEG,18,magpie
train/n01582220/n01582220_2539.JPEG,18,magpie
train/n01582220/n01582220_14709.JPEG,18,magpie
train/n01582220/n01582220_4196.JPEG,18,magpie
train/n01582220/n01582220_26191.JPEG,18,magpie
train/n01592084/n01592084_6387.JPEG,19,chickadee
train/n01592084/n01592084_6403.JPEG,19,chickadee
train/n01592084/n01592084_7563.JPEG,19,chickadee
train/n01592084/n01592084_24770.JPEG,19,chickadee
train/n01592084/n01592084_1240.JPEG,19,chickadee
train/n01592084/n01592084_17490.JPEG,19,chickadee
train/n01592084/n01592084_3019.JPEG,19,chickadee
train/n01592084/n01592084_6419.JPEG,19,chickadee
train/n01592084/n01592084_4597.JPEG,19,chickadee
train/n01592084/n01592084_7017.JPEG,19,chickadee
train/n01592084/n01592084_3596.JPEG,19,chickadee
train/n01592084/n01592084_730.JPEG,19,chickadee
train/n01592084/n01592084_3725.JPEG,19,chickadee
train/n01592084/n01592084_6051.JPEG,19,chickadee
train/n01592084/n01592084_8676.JPEG,19,chickadee
train/n01592084/n01592084_8813.JPEG,19,chickadee
train/n01601694/n01601694_666.JPEG,20,American dipper
train/n01601694/n01601694_5681.JPEG,20,American dipper
train/n01601694/n01601694_10340.JPEG,20,American dipper
train/n01601694/n01601694_18887.JPEG,20,American dipper
train/n01601694/n01601694_21889.JPEG,20,American dipper
train/n01601694/n01601694_22240.JPEG,20,American dipper
train/n01601694/n01601694_4880.JPEG,20,American dipper
train/n01601694/n01601694_13895.JPEG,20,American dipper
train/n01601694/n01601694_23481.JPEG,20,American dipper
train/n01601694/n01601694_11256.JPEG,20,American dipper
train/n01601694/n01601694_4949.JPEG,20,American dipper
train/n01601694/n01601694_6003.JPEG,20,American dipper
train/n01601694/n01601694_1722.JPEG,20,American dipper
train/n01601694/n01601694_1857.JPEG,20,American dipper
train/n01601694/n01601694_9023.JPEG,20,American dipper
train/n01601694/n01601694_24964.JPEG,20,American dipper
train/n01608432/n01608432_1101.JPEG,21,kite (bird of prey)
train/n01608432/n01608432_3706.JPEG,21,kite (bird of prey)
train/n01608432/n01608432_5200.JPEG,21,kite (bird of prey)
train/n01608432/n01608432_34136.JPEG,21,kite (bird of prey)
train/n01608432/n01608432_15677.JPEG,21,kite (bird of prey)
train/n01608432/n01608432_5522.JPEG,21,kite (bird of prey)
train/n01608432/n01608432_845.JPEG,21,kite (bird of prey)
train/n01608432/n01608432_3818.JPEG,21,kite (bird of prey)
train/n01608432/n01608432_6098.JPEG,21,kite (bird of prey)
train/n01608432/n01608432_6516.JPEG,21,kite (bird of prey)
train/n01608432/n01608432_12996.JPEG,21,kite (bird of prey)
train/n01608432/n01608432_9442.JPEG,21,kite (bird of prey)
train/n01608432/n01608432_6323.JPEG,21,kite (bird of prey)
train/n01608432/n01608432_3608.JPEG,21,kite (bird of prey)
train/n01608432/n01608432_28509.JPEG,21,kite (bird of prey)
train/n01608432/n01608432_13690.JPEG,21,kite (bird of prey)
train/n01614925/n01614925_1241.JPEG,22,bald eagle
train/n01614925/n01614925_6340.JPEG,22,bald eagle
train/n01614925/n01614925_5203.JPEG,22,bald eagle
train/n01614925/n01614925_9733.JPEG,22,bald eagle
train/n01614925/n01614925_4497.JPEG,22,bald eagle
train/n01614925/n01614925_11249.JPEG,22,bald eagle
train/n01614925/n01614925_9970.JPEG,22,bald eagle
train/n01614925/n01614925_459.JPEG,22,bald eagle
train/n01614925/n01614925_12888.JPEG,22,bald eagle
train/n01614925/n01614925_6243.JPEG,22,bald eagle
train/n01614925/n01614925_276.JPEG,22,bald eagle
train/n01614925/n01614925_204.JPEG,22,bald eagle
train/n01614925/n01614925_1855.JPEG,22,bald eagle
train/n01614925/n01614925_2438.JPEG,22,bald eagle
train/n01614925/n01614925_1994.JPEG,22,bald eagle
train/n01614925/n01614925_620.JPEG,22,bald eagle
train/n01616318/n01616318_1531.JPEG,23,vulture
train/n01616318/n01616318_12986.JPEG,23,vulture
train/n01616318/n01616318_1791.JPEG,23,vulture
train/n01616318/n01616318_1821.JPEG,23,vulture
train/n01616318/n01616318_465.JPEG,23,vulture
train/n01616318/n01616318_5131.JPEG,23,vulture
train/n01616318/n01616318_1986.JPEG,23,vulture
train/n01616318/n01616318_9466.JPEG,23,vulture
train/n01616318/n01616318_2812.JPEG,23,vulture
train/n01616318/n01616318_2621.JPEG,23,vulture
train/n01616318/n01616318_6685.JPEG,23,vulture
train/n01616318/n01616318_2285.JPEG,23,vulture
train/n01616318/n01616318_3362.JPEG,23,vulture
train/n01616318/n01616318_10587.JPEG,23,vulture
train/n01616318/n01616318_1917.JPEG,23,vulture
train/n01616318/n01616318_14509.JPEG,23,vulture
train/n01622779/n01622779_5627.JPEG,24,great grey owl
train/n01622779/n01622779_7046.JPEG,24,great grey owl
train/n01622779/n01622779_4067.JPEG,24,great grey owl
train/n01622779/n01622779_6249.JPEG,24,great grey owl
train/n01622779/n01622779_3932.JPEG,24,great grey owl
train/n01622779/n01622779_6789.JPEG,24,great grey owl
train/n01622779/n01622779_3379.JPEG,24,great grey owl
train/n01622779/n01622779_1746.JPEG,24,great grey owl
train/n01622779/n01622779_4525.JPEG,24,great grey owl
train/n01622779/n01622779_16696.JPEG,24,great grey owl
train/n01622779/n01622779_13990.JPEG,24,great grey owl
train/n01622779/n01622779_1478.JPEG,24,great grey owl
train/n01622779/n01622779_3973.JPEG,24,great grey owl
train/n01622779/n01622779_7120.JPEG,24,great grey owl
train/n01622779/n01622779_19193.JPEG,24,great grey owl
train/n01622779/n01622779_17772.JPEG,24,great grey owl
train/n01629819/n01629819_17284.JPEG,25,fire salamander
train/n01629819/n01629819_4865.JPEG,25,fire salamander
train/n01629819/n01629819_10062.JPEG,25,fire salamander
train/n01629819/n01629819_9177.JPEG,25,fire salamander
train/n01629819/n01629819_10119.JPEG,25,fire salamander
train/n01629819/n01629819_12908.JPEG,25,fire salamander
train/n01629819/n01629819_8447.JPEG,25,fire salamander
train/n01629819/n01629819_12021.JPEG,25,fire salamander
train/n01629819/n01629819_175.JPEG,25,fire salamander
train/n01629819/n01629819_1660.JPEG,25,fire salamander
train/n01629819/n01629819_7443.JPEG,25,fire salamander
train/n01629819/n01629819_3324.JPEG,25,fire salamander
train/n01629819/n01629819_15133.JPEG,25,fire salamander
train/n01629819/n01629819_3058.JPEG,25,fire salamander
train/n01629819/n01629819_18364.JPEG,25,fire salamander
train/n01629819/n01629819_15595.JPEG,25,fire salamander
train/n01630670/n01630670_10473.JPEG,26,smooth newt
train/n01630670/n01630670_1448.JPEG,26,smooth newt
train/n01630670/n01630670_3745.JPEG,26,smooth newt
train/n01630670/n01630670_1531.JPEG,26,smooth newt
train/n01630670/n01630670_7414.JPEG,26,smooth newt
train/n01630670/n01630670_2278.JPEG,26,smooth newt
train/n01630670/n01630670_1271.JPEG,26,smooth newt
train/n01630670/n01630670_800.JPEG,26,smooth newt
train/n01630670/n01630670_7806.JPEG,26,smooth newt
train/n01630670/n01630670_6394.JPEG,26,smooth newt
train/n01630670/n01630670_450.JPEG,26,smooth newt
train/n01630670/n01630670_4618.JPEG,26,smooth newt
train/n01630670/n01630670_4524.JPEG,26,smooth newt
train/n01630670/n01630670_4880.JPEG,26,smooth newt
train/n01630670/n01630670_8684.JPEG,26,smooth newt
train/n01630670/n01630670_8898.JPEG,26,smooth newt
train/n01631663/n01631663_15991.JPEG,27,newt
train/n01631663/n01631663_5211.JPEG,27,newt
train/n01631663/n01631663_2839.JPEG,27,newt
train/n01631663/n01631663_91.JPEG,27,newt
train/n01631663/n01631663_5938.JPEG,27,newt
train/n01631663/n01631663_8199.JPEG,27,newt
train/n01631663/n01631663_8574.JPEG,27,newt
train/n01631663/n01631663_7820.JPEG,27,newt
train/n01631663/n01631663_11870.JPEG,27,newt
train/n01631663/n01631663_2196.JPEG,27,newt
train/n01631663/n01631663_568.JPEG,27,newt
train/n01631663/n01631663_4007.JPEG,27,newt
train/n01631663/n01631663_4844.JPEG,27,newt
train/n01631663/n01631663_7445.JPEG,27,newt
train/n01631663/n01631663_5071.JPEG,27,newt
train/n01631663/n01631663_7319.JPEG,27,newt
train/n01632458/n01632458_702.JPEG,28,spotted salamander
train/n01632458/n01632458_1830.JPEG,28,spotted salamander
train/n01632458/n01632458_4503.JPEG,28,spotted salamander
train/n01632458/n01632458_5957.JPEG,28,spotted salamander
train/n01632458/n01632458_2150.JPEG,28,spotted salamander
train/n01632458/n01632458_3702.JPEG,28,spotted salamander
train/n01632458/n01632458_105.JPEG,28,spotted salamander
train/n01632458/n01632458_3834.JPEG,28,spotted salamander
train/n01632458/n01632458_1953.JPEG,28,spotted salamander
train/n01632458/n01632458_2715.JPEG,28,spotted salamander
train/n01632458/n01632458_10361.JPEG,28,spotted salamander
train/n01632458/n01632458_203.JPEG,28,spotted salamander
train/n01632458/n01632458_2286.JPEG,28,spotted salamander
train/n01632458/n01632458_633.JPEG,28,spotted salamander
train/n01632458/n01632458_6980.JPEG,28,spotted salamander
train/n01632458/n01632458_3837.JPEG,28,spotted salamander
train/n01632777/n01632777_18650.JPEG,29,axolotl
train/n01632777/n01632777_5798.JPEG,29,axolotl
train/n01632777/n01632777_1545.JPEG,29,axolotl
train/n01632777/n01632777_14563.JPEG,29,axolotl
train/n01632777/n01632777_23071.JPEG,29,axolotl
train/n01632777/n01632777_11396.JPEG,29,axolotl
train/n01632777/n01632777_15298.JPEG,29,axolotl
train/n01632777/n01632777_18952.JPEG,29,axolotl
train/n01632777/n01632777_16653.JPEG,29,axolotl
train/n01632777/n01632777_9240.JPEG,29,axolotl
train/n01632777/n01632777_19521.JPEG,29,axolotl
train/n01632777/n01632777_733.JPEG,29,axolotl
train/n01632777/n01632777_11842.JPEG,29,axolotl
train/n01632777/n01632777_25896.JPEG,29,axolotl
train/n01632777/n01632777_12636.JPEG,29,axolotl
train/n01632777/n01632777_19798.JPEG,29,axolotl
train/n01641577/n01641577_7699.JPEG,30,American bullfrog
train/n01641577/n01641577_643.JPEG,30,American bullfrog
train/n01641577/n01641577_4195.JPEG,30,American bullfrog
train/n01641577/n01641577_13629.JPEG,30,American bullfrog
train/n01641577/n01641577_4844.JPEG,30,American bullfrog
train/n01641577/n01641577_6558.JPEG,30,American bullfrog
train/n01641577/n01641577_687.JPEG,30,American bullfrog
train/n01641577/n01641577_7973.JPEG,30,American bullfrog
train/n01641577/n01641577_2217.JPEG,30,American bullfrog
train/n01641577/n01641577_388.JPEG,30,American bullfrog
train/n01641577/n01641577_21959.JPEG,30,American bullfrog
train/n01641577/n01641577_22859.JPEG,30,American bullfrog
train/n01641577/n01641577_5958.JPEG,30,American bullfrog
train/n01641577/n01641577_8648.JPEG,30,American bullfrog
train/n01641577/n01641577_16678.JPEG,30,American bullfrog
train/n01641577/n01641577_10430.JPEG,30,American bullfrog
train/n01644373/n01644373_683.JPEG,31,tree frog
train/n01644373/n01644373_4337.JPEG,31,tree frog
train/n01644373/n01644373_9293.JPEG,31,tree frog
train/n01644373/n01644373_4711.JPEG,31,tree frog
train/n01644373/n01644373_6947.JPEG,31,tree frog
train/n01644373/n01644373_4361.JPEG,31,tree frog
train/n01644373/n01644373_7106.JPEG,31,tree frog
train/n01644373/n01644373_8019.JPEG,31,tree frog
train/n01644373/n01644373_15278.JPEG,31,tree frog
train/n01644373/n01644373_7453.JPEG,31,tree frog
train/n01644373/n01644373_9958.JPEG,31,tree frog
train/n01644373/n01644373_1884.JPEG,31,tree frog
train/n01644373/n01644373_15379.JPEG,31,tree frog
train/n01644373/n01644373_3950.JPEG,31,tree frog
train/n01644373/n01644373_1518.JPEG,31,tree frog
train/n01644373/n01644373_9163.JPEG,31,tree frog
train/n01644900/n01644900_12044.JPEG,32,tailed frog
train/n01644900/n01644900_4840.JPEG,32,tailed frog
train/n01644900/n01644900_7060.JPEG,32,tailed frog
train/n01644900/n01644900_16176.JPEG,32,tailed frog
train/n01644900/n01644900_9224.JPEG,32,tailed frog
train/n01644900/n01644900_5553.JPEG,32,tailed frog
train/n01644900/n01644900_1346.JPEG,32,tailed frog
train/n01644900/n01644900_17058.JPEG,32,tailed frog
train/n01644900/n01644900_4508.JPEG,32,tailed frog
train/n01644900/n01644900_21351.JPEG,32,tailed frog
train/n01644900/n01644900_18905.JPEG,32,tailed frog
train/n01644900/n01644900_17468.JPEG,32,tailed frog
train/n01644900/n01644900_17617.JPEG,32,tailed frog
train/n01644900/n01644900_5894.JPEG,32,tailed frog
train/n01644900/n01644900_1888.JPEG,32,tailed frog
train/n01644900/n01644900_4827.JPEG,32,tailed frog
train/n01664065/n01664065_31022.JPEG,33,loggerhead sea turtle
train/n01664065/n01664065_3303.JPEG,33,loggerhead sea turtle
train/n01664065/n01664065_21680.JPEG,33,loggerhead sea turtle
train/n01664065/n01664065_1452.JPEG,33,loggerhead sea turtle
train/n01664065/n01664065_6842.JPEG,33,loggerhead sea turtle
train/n01664065/n01664065_19174.JPEG,33,loggerhead sea turtle
train/n01664065/n01664065_30137.JPEG,33,loggerhead sea turtle
train/n01664065/n01664065_7943.JPEG,33,loggerhead sea turtle
train/n01664065/n01664065_26191.JPEG,33,loggerhead sea turtle
train/n01664065/n01664065_22330.JPEG,33,loggerhead sea turtle
train/n01664065/n01664065_29801.JPEG,33,loggerhead sea turtle
train/n01664065/n01664065_2990.JPEG,33,loggerhead sea turtle
train/n01664065/n01664065_6498.JPEG,33,loggerhead sea turtle
train/n01664065/n01664065_1847.JPEG,33,loggerhead sea turtle
train/n01664065/n01664065_2794.JPEG,33,loggerhead sea turtle
train/n01664065/n01664065_2791.JPEG,33,loggerhead sea turtle
train/n01665541/n01665541_36994.JPEG,34,leatherback sea turtle
train/n01665541/n01665541_43644.JPEG,34,leatherback sea turtle
train/n01665541/n01665541_8567.JPEG,34,leatherback sea turtle
train/n01665541/n01665541_38313.JPEG,34,leatherback sea turtle
train/n01665541/n01665541_5505.JPEG,34,leatherback sea turtle
train/n01665541/n01665541_16830.JPEG,34,leatherback sea turtle
train/n01665541/n01665541_17771.JPEG,34,leatherback sea turtle
train/n01665541/n01665541_4911.JPEG,34,leatherback sea turtle
train/n01665541/n01665541_11539.JPEG,34,leatherback sea turtle
train/n01665541/n01665541_24466.JPEG,34,leatherback sea turtle
train/n01665541/n01665541_5279.JPEG,34,leatherback sea turtle
train/n01665541/n01665541_1998.JPEG,34,leatherback sea turtle
train/n01665541/n01665541_19558.JPEG,34,leatherback sea turtle
train/n01665541/n01665541_7776.JPEG,34,leatherback sea turtle
train/n01665541/n01665541_11501.JPEG,34,leatherback sea turtle
train/n01665541/n01665541_17343.JPEG,34,leatherback sea turtle
train/n01667114/n01667114_10504.JPEG,35,mud turtle
train/n01667114/n01667114_2475.JPEG,35,mud turtle
train/n01667114/n01667114_4242.JPEG,35,mud turtle
train/n01667114/n01667114_17694.JPEG,35,mud turtle
train/n01667114/n01667114_1812.JPEG,35,mud turtle
train/n01667114/n01667114_17143.JPEG,35,mud turtle
train/n01667114/n01667114_17463.JPEG,35,mud turtle
train/n01667114/n01667114_377.JPEG,35,mud turtle
train/n01667114/n01667114_3398.JPEG,35,mud turtle
train/n01667114/n01667114_2720.JPEG,35,mud turtle
train/n01667114/n01667114_2554.JPEG,35,mud turtle
train/n01667114/n01667114_4309.JPEG,35,mud turtle
train/n01667114/n01667114_4513.JPEG,35,mud turtle
train/n01667114/n01667114_887.JPEG,35,mud turtle
train/n01667114/n01667114_670.JPEG,35,mud turtle
train/n01667114/n01667114_5571.JPEG,35,mud turtle
train/n01667778/n01667778_6137.JPEG,36,terrapin
train/n01667778/n01667778_12001.JPEG,36,terrapin
train/n01667778/n01667778_4318.JPEG,36,terrapin
train/n01667778/n01667778_5665.JPEG,36,terrapin
train/n01667778/n01667778_1940.JPEG,36,terrapin
train/n01667778/n01667778_7471.JPEG,36,terrapin
train/n01667778/n01667778_2244.JPEG,36,terrapin
train/n01667778/n01667778_4534.JPEG,36,terrapin
train/n01667778/n01667778_19075.JPEG,36,terrapin
train/n01667778/n01667778_6547.JPEG,36,terrapin
train/n01667778/n01667778_1207.JPEG,36,terrapin
train/n01667778/n01667778_22378.JPEG,36,terrapin
train/n01667778/n01667778_7235.JPEG,36,terrapin
train/n01667778/n01667778_1184.JPEG,36,terrapin
train/n01667778/n01667778_17916.JPEG,36,terrapin
train/n01667778/n01667778_8226.JPEG,36,terrapin
train/n01669191/n01669191_12340.JPEG,37,box turtle
train/n01669191/n01669191_7810.JPEG,37,box turtle
train/n01669191/n01669191_2912.JPEG,37,box turtle
train/n01669191/n01669191_8422.JPEG,37,box turtle
train/n01669191/n01669191_4364.JPEG,37,box turtle
train/n01669191/n01669191_7936.JPEG,37,box turtle
train/n01669191/n01669191_1678.JPEG,37,box turtle
train/n01669191/n01669191_17363.JPEG,37,box turtle
train/n01669191/n01669191_5613.JPEG,37,box turtle
train/n01669191/n01669191_5088.JPEG,37,box turtle
train/n01669191/n01669191_561.JPEG,37,box turtle
train/n01669191/n01669191_4198.JPEG,37,box turtle
train/n01669191/n01669191_8953.JPEG,37,box turtle
train/n01669191/n01669191_12901.JPEG,37,box turtle
train/n01669191/n01669191_12186.JPEG,37,box turtle
train/n01669191/n01669191_9168.JPEG,37,box turtle
train/n01675722/n01675722_2731.JPEG,38,banded gecko
train/n01675722/n01675722_4341.JPEG,38,banded gecko
train/n01675722/n01675722_8755.JPEG,38,banded gecko
train/n01675722/n01675722_4060.JPEG,38,banded gecko
train/n01675722/n01675722_3866.JPEG,38,banded gecko
train/n01675722/n01675722_4196.JPEG,38,banded gecko
train/n01675722/n01675722_2199.JPEG,38,banded gecko
train/n01675722/n01675722_5658.JPEG,38,banded gecko
train/n01675722/n01675722_805.JPEG,38,banded gecko
train/n01675722/n01675722_9077.JPEG,38,banded gecko
train/n01675722/n01675722_9880.JPEG,38,banded gecko
train/n01675722/n01675722_915.JPEG,38,banded gecko
train/n01675722/n01675722_1516.JPEG,38,banded gecko
train/n01675722/n01675722_6731.JPEG,38,banded gecko
train/n01675722/n01675722_2840.JPEG,38,banded gecko
train/n01675722/n01675722_78.JPEG,38,banded gecko
train/n01677366/n01677366_12006.JPEG,39,green iguana
train/n01677366/n01677366_10565.JPEG,39,green iguana
train/n01677366/n01677366_40149.JPEG,39,green iguana
train/n01677366/n01677366_22666.JPEG,39,green iguana
train/n01677366/n01677366_17329.JPEG,39,green iguana
train/n01677366/n01677366_6084.JPEG,39,green iguana
train/n01677366/n01677366_14554.JPEG,39,green iguana
train/n01677366/n01677366_17528.JPEG,39,green iguana
train/n01677366/n01677366_39718.JPEG,39,green iguana
train/n01677366/n01677366_45288.JPEG,39,green iguana
train/n01677366/n01677366_45003.JPEG,39,green iguana
train/n01677366/n01677366_7889.JPEG,39,green iguana
train/n01677366/n01677366_18162.JPEG,39,green iguana
train/n01677366/n01677366_8636.JPEG,39,green iguana
train/n01677366/n01677366_5679.JPEG,39,green iguana
train/n01677366/n01677366_19021.JPEG,39,green iguana
train/n01682714/n01682714_10294.JPEG,40,Carolina anole
train/n01682714/n01682714_6306.JPEG,40,Carolina anole
train/n01682714/n01682714_8340.JPEG,40,Carolina anole
train/n01682714/n01682714_22975.JPEG,40,Carolina anole
train/n01682714/n01682714_9835.JPEG,40,Carolina anole
train/n01682714/n01682714_10279.JPEG,40,Carolina anole
train/n01682714/n01682714_8078.JPEG,40,Carolina anole
train/n01682714/n01682714_10216.JPEG,40,Carolina anole
train/n01682714/n01682714_10167.JPEG,40,Carolina anole
train/n01682714/n01682714_6907.JPEG,40,Carolina anole
train/n01682714/n01682714_3508.JPEG,40,Carolina anole
train/n01682714/n01682714_2810.JPEG,40,Carolina anole
train/n01682714/n01682714_3925.JPEG,40,Carolina anole
train/n01682714/n01682714_1661.JPEG,40,Carolina anole
train/n01682714/n01682714_3423.JPEG,40,Carolina anole
train/n01682714/n01682714_3767.JPEG,40,Carolina anole
train/n01685808/n01685808_7020.JPEG,41,desert grassland whiptail lizard
train/n01685808/n01685808_3800.JPEG,41,desert grassland whiptail lizard
train/n01685808/n01685808_5432.JPEG,41,desert grassland whiptail lizard
train/n01685808/n01685808_6695.JPEG,41,desert grassland whiptail lizard
train/n01685808/n01685808_1553.JPEG,41,desert grassland whiptail lizard
train/n01685808/n01685808_12872.JPEG,41,desert grassland whiptail lizard
train/n01685808/n01685808_956.JPEG,41,desert grassland whiptail lizard
train/n01685808/n01685808_5491.JPEG,41,desert grassland whiptail lizard
train/n01685808/n01685808_1403.JPEG,41,desert grassland whiptail lizard
train/n01685808/n01685808_7858.JPEG,41,desert grassland whiptail lizard
train/n01685808/n01685808_5522.JPEG,41,desert grassland whiptail lizard
train/n01685808/n01685808_1181.JPEG,41,desert grassland whiptail lizard
train/n01685808/n01685808_7310.JPEG,41,desert grassland whiptail lizard
train/n01685808/n01685808_5289.JPEG,41,desert grassland whiptail lizard
train/n01685808/n01685808_2746.JPEG,41,desert grassland whiptail lizard
train/n01685808/n01685808_3944.JPEG,41,desert grassland whiptail lizard
train/n01687978/n01687978_2521.JPEG,42,agama
train/n01687978/n01687978_10716.JPEG,42,agama
train/n01687978/n01687978_2695.JPEG,42,agama
train/n01687978/n01687978_5110.JPEG,42,agama
train/n01687978/n01687978_4461.JPEG,42,agama
train/n01687978/n01687978_3588.JPEG,42,agama
train/n01687978/n01687978_9518.JPEG,42,agama
train/n01687978/n01687978_3355.JPEG,42,agama
train/n01687978/n01687978_8543.JPEG,42,agama
train/n01687978/n01687978_1747.JPEG,42,agama
train/n01687978/n01687978_5832.JPEG,42,agama
train/n01687978/n01687978_7803.JPEG,42,agama
train/n01687978/n01687978_13761.JPEG,42,agama
train/n01687978/n01687978_3140.JPEG,42,agama
train/n01687978/n01687978_6137.JPEG,42,agama
train/n01687978/n01687978_10206.JPEG,42,agama
train/n01688243/n01688243_7997.JPEG,43,frilled-necked lizard
train/n01688243/n01688243_3125.JPEG,43,frilled-necked lizard
train/n01688243/n01688243_10882.JPEG,43,frilled-necked lizard
train/n01688243/n01688243_3805.JPEG,43,frilled-necked lizard
train/n01688243/n01688243_6966.JPEG,43,frilled-necked lizard
train/n01688243/n01688243_96.JPEG,43,frilled-necked lizard
train/n01688243/n01688243_11167.JPEG,43,frilled-necked lizard
train/n01688243/n01688243_5185.JPEG,43,frilled-necked lizard
train/n01688243/n01688243_4127.JPEG,43,frilled-necked lizard
train/n01688243/n01688243_3349.JPEG,43,frilled-necked lizard
train/n01688243/n01688243_6065.JPEG,43,frilled-necked lizard
train/n01688243/n01688243_3170.JPEG,43,frilled-necked lizard
train/n01688243/n01688243_3263.JPEG,43,frilled-necked lizard
train/n01688243/n01688243_10477.JPEG,43,frilled-necked lizard
train/n01688243/n01688243_8205.JPEG,43,frilled-necked lizard
train/n01688243/n01688243_1663.JPEG,43,frilled-necked lizard
train/n01689811/n01689811_10619.JPEG,44,alligator lizard
train/n01689811/n01689811_1030.JPEG,44,alligator lizard
train/n01689811/n01689811_6672.JPEG,44,alligator lizard
train/n01689811/n01689811_2116.JPEG,44,alligator lizard
train/n01689811/n01689811_2506.JPEG,44,alligator lizard
train/n01689811/n01689811_77.JPEG,44,alligator lizard
train/n01689811/n01689811_7313.JPEG,44,alligator lizard
train/n01689811/n01689811_9584.JPEG,44,alligator lizard
train/n01689811/n01689811_1647.JPEG,44,alligator lizard
train/n01689811/n01689811_6548.JPEG,44,alligator lizard
train/n01689811/n01689811_12123.JPEG,44,alligator lizard
train/n01689811/n01689811_5590.JPEG,44,alligator lizard
train/n01689811/n01689811_5502.JPEG,44,alligator lizard
train/n01689811/n01689811_5877.JPEG,44,alligator lizard
train/n01689811/n01689811_112.JPEG,44,alligator lizard
train/n01689811/n01689811_3934.JPEG,44,alligator lizard
train/n01692333/n01692333_7410.JPEG,45,Gila monster
train/n01692333/n01692333_5742.JPEG,45,Gila monster
train/n01692333/n01692333_12868.JPEG,45,Gila monster
train/n01692333/n01692333_11024.JPEG,45,Gila monster
train/n01692333/n01692333_8412.JPEG,45,Gila monster
train/n01692333/n01692333_3653.JPEG,45,Gila monster
train/n01692333/n01692333_4241.JPEG,45,Gila monster
train/n01692333/n01692333_888.JPEG,45,Gila monster
train/n01692333/n01692333_9593.JPEG,45,Gila monster
train/n01692333/n01692333_13094.JPEG,45,Gila monster
train/n01692333/n01692333_2949.JPEG,45,Gila monster
train/n01692333/n01692333_9830.JPEG,45,Gila monster
train/n01692333/n01692333_12072.JPEG,45,Gila monster
train/n01692333/n01692333_5070.JPEG,45,Gila monster
train/n01692333/n01692333_778.JPEG,45,Gila monster
train/n01692333/n01692333_3085.JPEG,45,Gila monster
train/n01693334/n01693334_7696.JPEG,46,European green lizard
train/n01693334/n01693334_9287.JPEG,46,European green lizard
train/n01693334/n01693334_13275.JPEG,46,European green lizard
train/n01693334/n01693334_1460.JPEG,46,European green lizard
train/n01693334/n01693334_1073.JPEG,46,European green lizard
train/n01693334/n01693334_11346.JPEG,46,European green lizard
train/n01693334/n01693334_11897.JPEG,46,European green lizard
train/n01693334/n01693334_22073.JPEG,46,European green lizard
train/n01693334/n01693334_6506.JPEG,46,European green lizard
train/n01693334/n01693334_1705.JPEG,46,European green lizard
train/n01693334/n01693334_23738.JPEG,46,European green lizard
train/n01693334/n01693334_12214.JPEG,46,European green lizard
train/n01693334/n01693334_2516.JPEG,46,European green lizard
train/n01693334/n01693334_12742.JPEG,46,European green lizard
train/n01693334/n01693334_9633.JPEG,46,European green lizard
train/n01693334/n01693334_1356.JPEG,46,European green lizard
train/n01694178/n01694178_3345.JPEG,47,chameleon
train/n01694178/n01694178_2829.JPEG,47,chameleon
train/n01694178/n01694178_4805.JPEG,47,chameleon
train/n01694178/n01694178_2123.JPEG,47,chameleon
train/n01694178/n01694178_4928.JPEG,47,chameleon
train/n01694178/n01694178_7819.JPEG,47,chameleon
train/n01694178/n01694178_841.JPEG,47,chameleon
train/n01694178/n01694178_10179.JPEG,47,chameleon
train/n01694178/n01694178_9662.JPEG,47,chameleon
train/n01694178/n01694178_9337.JPEG,47,chameleon
train/n01694178/n01694178_994.JPEG,47,chameleon
train/n01694178/n01694178_5823.JPEG,47,chameleon
train/n01694178/n01694178_9860.JPEG,47,chameleon
train/n01694178/n01694178_3881.JPEG,47,chameleon
train/n01694178/n01694178_1696.JPEG,47,chameleon
train/n01694178/n01694178_3846.JPEG,47,chameleon
train/n01695060/n01695060_32159.JPEG,48,Komodo dragon
train/n01695060/n01695060_25295.JPEG,48,Komodo dragon
train/n01695060/n01695060_16420.JPEG,48,Komodo dragon
train/n01695060/n01695060_29663.JPEG,48,Komodo dragon
train/n01695060/n01695060_6831.JPEG,48,Komodo dragon
train/n01695060/n01695060_16523.JPEG,48,Komodo dragon
train/n01695060/n01695060_24820.JPEG,48,Komodo dragon
train/n01695060/n01695060_21955.JPEG,48,Komodo dragon
train/n01695060/n01695060_32789.JPEG,48,Komodo dragon
train/n01695060/n01695060_12768.JPEG,48,Komodo dragon
train/n01695060/n01695060_23922.JPEG,48,Komodo dragon
train/n01695060/n01695060_10042.JPEG,48,Komodo dragon
train/n01695060/n01695060_8474.JPEG,48,Komodo dragon
train/n01695060/n01695060_5512.JPEG,48,Komodo dragon
train/n01695060/n01695060_888.JPEG,48,Komodo dragon
train/n01695060/n01695060_13990.JPEG,48,Komodo dragon
train/n01697457/n01697457_16062.JPEG,49,Nile crocodile
train/n01697457/n01697457_9141.JPEG,49,Nile crocodile
train/n01697457/n01697457_5012.JPEG,49,Nile crocodile
train/n01697457/n01697457_8913.JPEG,49,Nile crocodile
train/n01697457/n01697457_732.JPEG,49,Nile crocodile
train/n01697457/n01697457_913.JPEG,49,Nile crocodile
train/n01697457/n01697457_9353.JPEG,49,Nile crocodile
train/n01697457/n01697457_442.JPEG,49,Nile crocodile
train/n01697457/n01697457_9176.JPEG,49,Nile crocodile
train/n01697457/n01697457_18393.JPEG,49,Nile crocodile
train/n01697457/n01697457_5356.JPEG,49,Nile crocodile
train/n01697457/n01697457_10622.JPEG,49,Nile crocodile
train/n01697457/n01697457_13549.JPEG,49,Nile crocodile
train/n01697457/n01697457_11608.JPEG,49,Nile crocodile
train/n01697457/n01697457_13648.JPEG,49,Nile crocodile
train/n01697457/n01697457_16355.JPEG,49,Nile crocodile
train/n01698640/n01698640_1696.JPEG,50,American alligator
train/n01698640/n01698640_1865.JPEG,50,American alligator
train/n01698640/n01698640_18594.JPEG,50,American alligator
train/n01698640/n01698640_24661.JPEG,50,American alligator
train/n01698640/n01698640_4574.JPEG,50,American alligator
train/n01698640/n01698640_5027.JPEG,50,American alligator
train/n01698640/n01698640_10180.JPEG,50,American alligator
train/n01698640/n01698640_88.JPEG,50,American alligator
train/n01698640/n01698640_2304.JPEG,50,American alligator
train/n01698640/n01698640_5847.JPEG,50,American alligator
train/n01698640/n01698640_9190.JPEG,50,American alligator
train/n01698640/n01698640_1698.JPEG,50,American alligator
train/n01698640/n01698640_19334.JPEG,50,American alligator
train/n01698640/n01698640_2843.JPEG,50,American alligator
train/n01698640/n01698640_4013.JPEG,50,American alligator
train/n01698640/n01698640_22413.JPEG,50,American alligator
train/n01704323/n01704323_27378.JPEG,51,triceratops
train/n01704323/n01704323_1886.JPEG,51,triceratops
train/n01704323/n01704323_17173.JPEG,51,triceratops
train/n01704323/n01704323_5764.JPEG,51,triceratops
train/n01704323/n01704323_7038.JPEG,51,triceratops
train/n01704323/n01704323_24146.JPEG,51,triceratops
train/n01704323/n01704323_6972.JPEG,51,triceratops
train/n01704323/n01704323_3522.JPEG,51,triceratops
train/n01704323/n01704323_54.JPEG,51,triceratops
train/n01704323/n01704323_3992.JPEG,51,triceratops
train/n01704323/n01704323_8475.JPEG,51,triceratops
train/n01704323/n01704323_16701.JPEG,51,triceratops
train/n01704323/n01704323_7252.JPEG,51,triceratops
train/n01704323/n01704323_8497.JPEG,51,triceratops
train/n01704323/n01704323_2337.JPEG,51,triceratops
train/n01704323/n01704323_751.JPEG,51,triceratops
train/n01728572/n01728572_11563.JPEG,52,worm snake
train/n01728572/n01728572_3478.JPEG,52,worm snake
train/n01728572/n01728572_5024.JPEG,52,worm snake
train/n01728572/n01728572_5902.JPEG,52,worm snake
train/n01728572/n01728572_8835.JPEG,52,worm snake
train/n01728572/n01728572_6909.JPEG,52,worm snake
train/n01728572/n01728572_1276.JPEG,52,worm snake
train/n01728572/n01728572_25568.JPEG,52,worm snake
train/n01728572/n01728572_21436.JPEG,52,worm snake
train/n01728572/n01728572_16238.JPEG,52,worm snake
train/n01728572/n01728572_17495.JPEG,52,worm snake
train/n01728572/n01728572_12653.JPEG,52,worm snake
train/n01728572/n01728572_1854.JPEG,52,worm snake
train/n01728572/n01728572_15033.JPEG,52,worm snake
train/n01728572/n01728572_9165.JPEG,52,worm snake
train/n01728572/n01728572_12463.JPEG,52,worm snake
train/n01728920/n01728920_10505.JPEG,53,ring-necked snake
train/n01728920/n01728920_20869.JPEG,53,ring-necked snake
train/n01728920/n01728920_5697.JPEG,53,ring-necked snake
train/n01728920/n01728920_11062.JPEG,53,ring-necked snake
train/n01728920/n01728920_9569.JPEG,53,ring-necked snake
train/n01728920/n01728920_7416.JPEG,53,ring-necked snake
train/n01728920/n01728920_8961.JPEG,53,ring-necked snake
train/n01728920/n01728920_1852.JPEG,53,ring-necked snake
train/n01728920/n01728920_7665.JPEG,53,ring-necked snake
train/n01728920/n01728920_3052.JPEG,53,ring-necked snake
train/n01728920/n01728920_6711.JPEG,53,ring-necked snake
train/n01728920/n01728920_13183.JPEG,53,ring-necked snake
train/n01728920/n01728920_15.JPEG,53,ring-necked snake
train/n01728920/n01728920_15099.JPEG,53,ring-necked snake
train/n01728920/n01728920_10776.JPEG,53,ring-necked snake
train/n01728920/n01728920_1869.JPEG,53,ring-necked snake
train/n01729322/n01729322_19194.JPEG,54,eastern hog-nosed snake
train/n01729322/n01729322_10471.JPEG,54,eastern hog-nosed snake
train/n01729322/n01729322_2893.JPEG,54,eastern hog-nosed snake
train/n01729322/n01729322_4499.JPEG,54,eastern hog-nosed snake
train/n01729322/n01729322_473.JPEG,54,eastern hog-nosed snake
train/n01729322/n01729322_13498.JPEG,54,eastern hog-nosed snake
train/n01729322/n01729322_5604.JPEG,54,eastern hog-nosed snake
train/n01729322/n01729322_13669.JPEG,54,eastern hog-nosed snake
train/n01729322/n01729322_8148.JPEG,54,eastern hog-nosed snake
train/n01729322/n01729322_19373.JPEG,54,eastern hog-nosed snake
train/n01729322/n01729322_19577.JPEG,54,eastern hog-nosed snake
train/n01729322/n01729322_9580.JPEG,54,eastern hog-nosed snake
train/n01729322/n01729322_18814.JPEG,54,eastern hog-nosed snake
train/n01729322/n01729322_4287.JPEG,54,eastern hog-nosed snake
train/n01729322/n01729322_6015.JPEG,54,eastern hog-nosed snake
train/n01729322/n01729322_2177.JPEG,54,eastern hog-nosed snake
train/n01729977/n01729977_16714.JPEG,55,smooth green snake
train/n01729977/n01729977_11271.JPEG,55,smooth green snake
train/n01729977/n01729977_1795.JPEG,55,smooth green snake
train/n01729977/n01729977_7311.JPEG,55,smooth green snake
train/n01729977/n01729977_2230.JPEG,55,smooth green snake
train/n01729977/n01729977_5691.JPEG,55,smooth green snake
train/n01729977/n01729977_1788.JPEG,55,smooth green snake
train/n01729977/n01729977_15736.JPEG,55,smooth green snake
train/n01729977/n01729977_167.JPEG,55,smooth green snake
train/n01729977/n01729977_2403.JPEG,55,smooth green snake
train/n01729977/n01729977_16744.JPEG,55,smooth green snake
train/n01729977/n01729977_14883.JPEG,55,smooth green snake
train/n01729977/n01729977_6117.JPEG,55,smooth green snake
train/n01729977/n01729977_14301.JPEG,55,smooth green snake
train/n01729977/n01729977_9640.JPEG,55,smooth green snake
train/n01729977/n01729977_8120.JPEG,55,smooth green snake
train/n01734418/n01734418_7322.JPEG,56,kingsnake
train/n01734418/n01734418_11743.JPEG,56,kingsnake
train/n01734418/n01734418_6155.JPEG,56,kingsnake
train/n01734418/n01734418_16445.JPEG,56,kingsnake
train/n01734418/n01734418_6886.JPEG,56,kingsnake
train/n01734418/n01734418_189.JPEG,56,kingsnake
train/n01734418/n01734418_590.JPEG,56,kingsnake
train/n01734418/n01734418_1037.JPEG,56,kingsnake
train/n01734418/n01734418_13436.JPEG,56,kingsnake
train/n01734418/n01734418_9909.JPEG,56,kingsnake
train/n01734418/n01734418_7695.JPEG,56,kingsnake
train/n01734418/n01734418_11305.JPEG,56,kingsnake
train/n01734418/n01734418_7537.JPEG,56,kingsnake
train/n01734418/n01734418_3545.JPEG,56,kingsnake
train/n01734418/n01734418_538.JPEG,56,kingsnake
train/n01734418/n01734418_6060.JPEG,56,kingsnake
train/n01735189/n01735189_5072.JPEG,57,garter snake
train/n01735189/n01735189_2919.JPEG,57,garter snake
train/n01735189/n01735189_3593.JPEG,57,garter snake
train/n01735189/n01735189_10695.JPEG,57,garter snake
train/n01735189/n01735189_16003.JPEG,57,garter snake
train/n01735189/n01735189_7751.JPEG,57,garter snake
train/n01735189/n01735189_6182.JPEG,57,garter snake
train/n01735189/n01735189_4847.JPEG,57,garter snake
train/n01735189/n01735189_12017.JPEG,57,garter snake
train/n01735189/n01735189_5097.JPEG,57,garter snake
train/n01735189/n01735189_7311.JPEG,57,garter snake
train/n01735189/n01735189_10250.JPEG,57,garter snake
train/n01735189/n01735189_11590.JPEG,57,garter snake
train/n01735189/n01735189_4658.JPEG,57,garter snake
train/n01735189/n01735189_11234.JPEG,57,garter snake
train/n01735189/n01735189_14580.JPEG,57,garter snake
train/n01737021/n01737021_7055.JPEG,58,water snake
train/n01737021/n01737021_7.JPEG,58,water snake
train/n01737021/n01737021_8937.JPEG,58,water snake
train/n01737021/n01737021_4867.JPEG,58,water snake
train/n01737021/n01737021_12874.JPEG,58,water snake
train/n01737021/n01737021_15512.JPEG,58,water snake
train/n01737021/n01737021_14793.JPEG,58,water snake
train/n01737021/n01737021_910.JPEG,58,water snake
train/n01737021/n01737021_2444.JPEG,58,water snake
train/n01737021/n01737021_6836.JPEG,58,water snake
train/n01737021/n01737021_26009.JPEG,58,water snake
train/n01737021/n01737021_4848.JPEG,58,water snake
train/n01737021/n01737021_9513.JPEG,58,water snake
train/n01737021/n01737021_8408.JPEG,58,water snake
train/n01737021/n01737021_21791.JPEG,58,water snake
train/n01737021/n01737021_8865.JPEG,58,water snake
train/n01739381/n01739381_3948.JPEG,59,vine snake
train/n01739381/n01739381_5236.JPEG,59,vine snake
train/n01739381/n01739381_1283.JPEG,59,vine snake
train/n01739381/n01739381_5162.JPEG,59,vine snake
train/n01739381/n01739381_3632.JPEG,59,vine snake
train/n01739381/n01739381_7104.JPEG,59,vine snake
train/n01739381/n01739381_587.JPEG,59,vine snake
train/n01739381/n01739381_1527.JPEG,59,vine snake
train/n01739381/n01739381_7715.JPEG,59,vine snake
train/n01739381/n01739381_5304.JPEG,59,vine snake
train/n01739381/n01739381_3362.JPEG,59,vine snake
train/n01739381/n01739381_7379.JPEG,59,vine snake
train/n01739381/n01739381_1066.JPEG,59,vine snake
train/n01739381/n01739381_6477.JPEG,59,vine snake
train/n01739381/n01739381_1045.JPEG,59,vine snake
train/n01739381/n01739381_4624.JPEG,59,vine snake
train/n01740131/n01740131_7812.JPEG,60,night snake
train/n01740131/n01740131_18877.JPEG,60,night snake
train/n01740131/n01740131_18404.JPEG,60,night snake
train/n01740131/n01740131_1794.JPEG,60,night snake
train/n01740131/n01740131_6273.JPEG,60,night snake
train/n01740131/n01740131_6186.JPEG,60,night snake
train/n01740131/n01740131_11327.JPEG,60,night snake
train/n01740131/n01740131_13804.JPEG,60,night snake
train/n01740131/n01740131_11963.JPEG,60,night snake
train/n01740131/n01740131_14896.JPEG,60,night snake
train/n01740131/n01740131_10679.JPEG,60,night snake
train/n01740131/n01740131_15322.JPEG,60,night snake
train/n01740131/n01740131_753.JPEG,60,night snake
train/n01740131/n01740131_8029.JPEG,60,night snake
train/n01740131/n01740131_8428.JPEG,60,night snake
train/n01740131/n01740131_1719.JPEG,60,night snake
train/n01742172/n01742172_6026.JPEG,61,boa constrictor
train/n01742172/n01742172_19673.JPEG,61,boa constrictor
train/n01742172/n01742172_10780.JPEG,61,boa constrictor
train/n01742172/n01742172_359.JPEG,61,boa constrictor
train/n01742172/n01742172_1828.JPEG,61,boa constrictor
train/n01742172/n01742172_1790.JPEG,61,boa constrictor
train/n01742172/n01742172_8590.JPEG,61,boa constrictor
train/n01742172/n01742172_11755.JPEG,61,boa constrictor
train/n01742172/n01742172_1963.JPEG,61,boa constrictor
train/n01742172/n01742172_1027.JPEG,61,boa constrictor
train/n01742172/n01742172_2889.JPEG,61,boa constrictor
train/n01742172/n01742172_7855.JPEG,61,boa constrictor
train/n01742172/n01742172_8932.JPEG,61,boa constrictor
train/n01742172/n01742172_8087.JPEG,61,boa constrictor
train/n01742172/n01742172_18425.JPEG,61,boa constrictor
train/n01742172/n01742172_2133.JPEG,61,boa constrictor
train/n01744401/n01744401_14591.JPEG,62,African rock python
train/n01744401/n01744401_12871.JPEG,62,African rock python
train/n01744401/n01744401_7304.JPEG,62,African rock python
train/n01744401/n01744401_12726.JPEG,62,African rock python
train/n01744401/n01744401_1081.JPEG,62,African rock python
train/n01744401/n01744401_18125.JPEG,62,African rock python
train/n01744401/n01744401_910.JPEG,62,African rock python
train/n01744401/n01744401_6438.JPEG,62,African rock python
train/n01744401/n01744401_8186.JPEG,62,African rock python
train/n01744401/n01744401_24736.JPEG,62,African rock python
train/n01744401/n01744401_11676.JPEG,62,African rock python
train/n01744401/n01744401_14019.JPEG,62,African rock python
train/n01744401/n01744401_3092.JPEG,62,African rock python
train/n01744401/n01744401_2152.JPEG,62,African rock python
train/n01744401/n01744401_14639.JPEG,62,African rock python
train/n01744401/n01744401_8590.JPEG,62,African rock python
train/n01748264/n01748264_10996.JPEG,63,Indian cobra
train/n01748264/n01748264_14024.JPEG,63,Indian cobra
train/n01748264/n01748264_4273.JPEG,63,Indian cobra
train/n01748264/n01748264_1383.JPEG,63,Indian cobra
train/n01748264/n01748264_16046.JPEG,63,Indian cobra
train/n01748264/n01748264_20155.JPEG,63,Indian cobra
train/n01748264/n01748264_13475.JPEG,63,Indian cobra
train/n01748264/n01748264_1425.JPEG,63,Indian cobra
train/n01748264/n01748264_20943.JPEG,63,Indian cobra
train/n01748264/n01748264_4871.JPEG,63,Indian cobra
train/n01748264/n01748264_14149.JPEG,63,Indian cobra
train/n01748264/n01748264_13952.JPEG,63,Indian cobra
train/n01748264/n01748264_5985.JPEG,63,Indian cobra
train/n01748264/n01748264_1232.JPEG,63,Indian cobra
train/n01748264/n01748264_7069.JPEG,63,Indian cobra
train/n01748264/n01748264_1051.JPEG,63,Indian cobra
train/n01749939/n01749939_520.JPEG,64,green mamba
train/n01749939/n01749939_1765.JPEG,64,green mamba
train/n01749939/n01749939_2812.JPEG,64,green mamba
train/n01749939/n01749939_2311.JPEG,64,green mamba
train/n01749939/n01749939_3554.JPEG,64,green mamba
train/n01749939/n01749939_824.JPEG,64,green mamba
train/n01749939/n01749939_6118.JPEG,64,green mamba
train/n01749939/n01749939_1872.JPEG,64,green mamba
train/n01749939/n01749939_5668.JPEG,64,green mamba
train/n01749939/n01749939_2914.JPEG,64,green mamba
train/n01749939/n01749939_5626.JPEG,64,green mamba
train/n01749939/n01749939_8849.JPEG,64,green mamba
train/n01749939/n01749939_5577.JPEG,64,green mamba
train/n01749939/n01749939_8353.JPEG,64,green mamba
train/n01749939/n01749939_1213.JPEG,64,green mamba
train/n01749939/n01749939_5814.JPEG,64,green mamba
train/n01751748/n01751748_9724.JPEG,65,sea snake
train/n01751748/n01751748_6171.JPEG,65,sea snake
train/n01751748/n01751748_7570.JPEG,65,sea snake
train/n01751748/n01751748_8099.JPEG,65,sea snake
train/n01751748/n01751748_1118.JPEG,65,sea snake
train/n01751748/n01751748_548.JPEG,65,sea snake
train/n01751748/n01751748_4390.JPEG,65,sea snake
train/n01751748/n01751748_8161.JPEG,65,sea snake
train/n01751748/n01751748_877.JPEG,65,sea snake
train/n01751748/n01751748_8704.JPEG,65,sea snake
train/n01751748/n01751748_4458.JPEG,65,sea snake
train/n01751748/n01751748_6028.JPEG,65,sea snake
train/n01751748/n01751748_3437.JPEG,65,sea snake
train/n01751748/n01751748_3471.JPEG,65,sea snake
train/n01751748/n01751748_8673.JPEG,65,sea snake
train/n01751748/n01751748_8715.JPEG,65,sea snake
train/n01753488/n01753488_18647.JPEG,66,Saharan horned viper
train/n01753488/n01753488_13873.JPEG,66,Saharan horned viper
train/n01753488/n01753488_8738.JPEG,66,Saharan horned viper
train/n01753488/n01753488_14699.JPEG,66,Saharan horned viper
train/n01753488/n01753488_9368.JPEG,66,Saharan horned viper
train/n01753488/n01753488_13313.JPEG,66,Saharan horned viper
train/n01753488/n01753488_10787.JPEG,66,Saharan horned viper
train/n01753488/n01753488_2941.JPEG,66,Saharan horned viper
train/n01753488/n01753488_10947.JPEG,66,Saharan horned viper
train/n01753488/n01753488_17362.JPEG,66,Saharan horned viper
train/n01753488/n01753488_10888.JPEG,66,Saharan horned viper
train/n01753488/n01753488_10946.JPEG,66,Saharan horned viper
train/n01753488/n01753488_18397.JPEG,66,Saharan horned viper
train/n01753488/n01753488_219.JPEG,66,Saharan horned viper
train/n01753488/n01753488_11082.JPEG,66,Saharan horned viper
train/n01753488/n01753488_2811.JPEG,66,Saharan horned viper
train/n01755581/n01755581_14171.JPEG,67,eastern diamondback rattlesnake
train/n01755581/n01755581_7423.JPEG,67,eastern diamondback rattlesnake
train/n01755581/n01755581_20118.JPEG,67,eastern diamondback rattlesnake
train/n01755581/n01755581_367.JPEG,67,eastern diamondback rattlesnake
train/n01755581/n01755581_16977.JPEG,67,eastern diamondback rattlesnake
train/n01755581/n01755581_5031.JPEG,67,eastern diamondback rattlesnake
train/n01755581/n01755581_4202.JPEG,67,eastern diamondback rattlesnake
train/n01755581/n01755581_4104.JPEG,67,eastern diamondback rattlesnake
train/n01755581/n01755581_18066.JPEG,67,eastern diamondback rattlesnake
train/n01755581/n01755581_24187.JPEG,67,eastern diamondback rattlesnake
train/n01755581/n01755581_6271.JPEG,67,eastern diamondback rattlesnake
train/n01755581/n01755581_15654.JPEG,67,eastern diamondback rattlesnake
train/n01755581/n01755581_4879.JPEG,67,eastern diamondback rattlesnake
train/n01755581/n01755581_11367.JPEG,67,eastern diamondback rattlesnake
train/n01755581/n01755581_8450.JPEG,67,eastern diamondback rattlesnake
train/n01755581/n01755581_22646.JPEG,67,eastern diamondback rattlesnake
train/n01756291/n01756291_2807.JPEG,68,sidewinder rattlesnake
train/n01756291/n01756291_13887.JPEG,68,sidewinder rattlesnake
train/n01756291/n01756291_5245.JPEG,68,sidewinder rattlesnake
train/n01756291/n01756291_7658.JPEG,68,sidewinder rattlesnake
train/n01756291/n01756291_1445.JPEG,68,sidewinder rattlesnake
train/n01756291/n01756291_14991.JPEG,68,sidewinder rattlesnake
train/n01756291/n01756291_12545.JPEG,68,sidewinder rattlesnake
train/n01756291/n01756291_8939.JPEG,68,sidewinder rattlesnake
train/n01756291/n01756291_18186.JPEG,68,sidewinder rattlesnake
train/n01756291/n01756291_9471.JPEG,68,sidewinder rattlesnake
train/n01756291/n01756291_3978.JPEG,68,sidewinder rattlesnake
train/n01756291/n01756291_8073.JPEG,68,sidewinder rattlesnake
train/n01756291/n01756291_8894.JPEG,68,sidewinder rattlesnake
train/n01756291/n01756291_13251.JPEG,68,sidewinder rattlesnake
train/n01756291/n01756291_18174.JPEG,68,sidewinder rattlesnake
train/n01756291/n01756291_9961.JPEG,68,sidewinder rattlesnake
train/n01768244/n01768244_4976.JPEG,69,trilobite
train/n01768244/n01768244_6758.JPEG,69,trilobite
train/n01768244/n01768244_1132.JPEG,69,trilobite
train/n01768244/n01768244_9143.JPEG,69,trilobite
train/n01768244/n01768244_7490.JPEG,69,trilobite
train/n01768244/n01768244_6753.JPEG,69,trilobite
train/n01768244/n01768244_8316.JPEG,69,trilobite
train/n01768244/n01768244_2437.JPEG,69,trilobite
train/n01768244/n01768244_5479.JPEG,69,trilobite
train/n01768244/n01768244_5653.JPEG,69,trilobite
train/n01768244/n01768244_9106.JPEG,69,trilobite
train/n01768244/n01768244_2954.JPEG,69,trilobite
train/n01768244/n01768244_4243.JPEG,69,trilobite
train/n01768244/n01768244_794.JPEG,69,trilobite
train/n01768244/n01768244_12060.JPEG,69,trilobite
train/n01768244/n01768244_5531.JPEG,69,trilobite
train/n01770081/n01770081_2364.JPEG,70,harvestman
train/n01770081/n01770081_4360.JPEG,70,harvestman
train/n01770081/n01770081_13871.JPEG,70,harvestman
train/n01770081/n01770081_15913.JPEG,70,harvestman
train/n01770081/n01770081_12739.JPEG,70,harvestman
train/n01770081/n01770081_3157.JPEG,70,harvestman
train/n01770081/n01770081_1155.JPEG,70,harvestman
train/n01770081/n01770081_15543.JPEG,70,harvestman
train/n01770081/n01770081_19678.JPEG,70,harvestman
train/n01770081/n01770081_11078.JPEG,70,harvestman
train/n01770081/n01770081_6348.JPEG,70,harvestman
train/n01770081/n01770081_19700.JPEG,70,harvestman
train/n01770081/n01770081_4075.JPEG,70,harvestman
train/n01770081/n01770081_9964.JPEG,70,harvestman
train/n01770081/n01770081_7044.JPEG,70,harvestman
train/n01770081/n01770081_11395.JPEG,70,harvestman
train/n01770393/n01770393_990.JPEG,71,scorpion
train/n01770393/n01770393_4674.JPEG,71,scorpion
train/n01770393/n01770393_1323.JPEG,71,scorpion
train/n01770393/n01770393_18921.JPEG,71,scorpion
train/n01770393/n01770393_3312.JPEG,71,scorpion
train/n01770393/n01770393_14481.JPEG,71,scorpion
train/n01770393/n01770393_1332.JPEG,71,scorpion
train/n01770393/n01770393_6878.JPEG,71,scorpion
train/n01770393/n01770393_18832.JPEG,71,scorpion
train/n01770393/n01770393_9324.JPEG,71,scorpion
train/n01770393/n01770393_10195.JPEG,71,scorpion
train/n01770393/n01770393_25848.JPEG,71,scorpion
train/n01770393/n01770393_1320.JPEG,71,scorpion
train/n01770393/n01770393_277.JPEG,71,scorpion
train/n01770393/n01770393_4325.JPEG,71,scorpion
train/n01770393/n01770393_24190.JPEG,71,scorpion
train/n01773157/n01773157_3813.JPEG,72,yellow garden spider
train/n01773157/n01773157_10445.JPEG,72,yellow garden spider
train/n01773157/n01773157_2092.JPEG,72,yellow garden spider
train/n01773157/n01773157_8881.JPEG,72,yellow garden spider
train/n01773157/n01773157_9066.JPEG,72,yellow garden spider
train/n01773157/n01773157_18.JPEG,72,yellow garden spider
train/n01773157/n01773157_3260.JPEG,72,yellow garden spider
train/n01773157/n01773157_8500.JPEG,72,yellow garden spider
train/n01773157/n01773157_1476.JPEG,72,yellow garden spider
train/n01773157/n01773157_10979.JPEG,72,yellow garden spider
train/n01773157/n01773157_3467.JPEG,72,yellow garden spider
train/n01773157/n01773157_1203.JPEG,72,yellow garden spider
train/n01773157/n01773157_8836.JPEG,72,yellow garden spider
train/n01773157/n01773157_8137.JPEG,72,yellow garden spider
train/n01773157/n01773157_1958.JPEG,72,yellow garden spider
train/n01773157/n01773157_7429.JPEG,72,yellow garden spider
train/n01773549/n01773549_1310.JPEG,73,barn spider
train/n01773549/n01773549_4928.JPEG,73,barn spider
train/n01773549/n01773549_7944.JPEG,73,barn spider
train/n01773549/n01773549_6218.JPEG,73,barn spider
train/n01773549/n01773549_4626.JPEG,73,barn spider
train/n01773549/n01773549_282.JPEG,73,barn spider
train/n01773549/n01773549_914.JPEG,73,barn spider
train/n01773549/n01773549_2185.JPEG,73,barn spider
train/n01773549/n01773549_6724.JPEG,73,barn spider
train/n01773549/n01773549_6158.JPEG,73,barn spider
train/n01773549/n01773549_2097.JPEG,73,barn spider
train/n01773549/n01773549_8805.JPEG,73,barn spider
train/n01773549/n01773549_3789.JPEG,73,barn spider
train/n01773549/n01773549_4662.JPEG,73,barn spider
train/n01773549/n01773549_1194.JPEG,73,barn spider
train/n01773549/n01773549_2429.JPEG,73,barn spider
train/n01773797/n01773797_4063.JPEG,74,European garden spider
train/n01773797/n01773797_6089.JPEG,74,European garden spider
train/n01773797/n01773797_5032.JPEG,74,European garden spider
train/n01773797/n01773797_6206.JPEG,74,European garden spider
train/n01773797/n01773797_2103.JPEG,74,European garden spider
train/n01773797/n01773797_506.JPEG,74,European garden spider
train/n01773797/n01773797_3153.JPEG,74,European garden spider
train/n01773797/n01773797_1240.JPEG,74,European garden spider
train/n01773797/n01773797_5456.JPEG,74,European garden spider
train/n01773797/n01773797_1668.JPEG,74,European garden spider
train/n01773797/n01773797_3438.JPEG,74,European garden spider
train/n01773797/n01773797_8743.JPEG,74,European garden spider
train/n01773797/n01773797_4812.JPEG,74,European garden spider
train/n01773797/n01773797_5802.JPEG,74,European garden spider
train/n01773797/n01773797_2438.JPEG,74,European garden spider
train/n01773797/n01773797_918.JPEG,74,European garden spider
train/n01774384/n01774384_1087.JPEG,75,southern black widow
train/n01774384/n01774384_9023.JPEG,75,southern black widow
train/n01774384/n01774384_3898.JPEG,75,southern black widow
train/n01774384/n01774384_16919.JPEG,75,southern black widow
train/n01774384/n01774384_4734.JPEG,75,southern black widow
train/n01774384/n01774384_21258.JPEG,75,southern black widow
train/n01774384/n01774384_2152.JPEG,75,southern black widow
train/n01774384/n01774384_17357.JPEG,75,southern black widow
train/n01774384/n01774384_10345.JPEG,75,southern black widow
train/n01774384/n01774384_20186.JPEG,75,southern black widow
train/n01774384/n01774384_17651.JPEG,75,southern black widow
train/n01774384/n01774384_1441.JPEG,75,southern black widow
train/n01774384/n01774384_16900.JPEG,75,southern black widow
train/n01774384/n01774384_359.JPEG,75,southern black widow
train/n01774384/n01774384_5851.JPEG,75,southern black widow
train/n01774384/n01774384_10073.JPEG,75,southern black widow
train/n01774750/n01774750_1078.JPEG,76,tarantula
train/n01774750/n01774750_806.JPEG,76,tarantula
train/n01774750/n01774750_5849.JPEG,76,tarantula
train/n01774750/n01774750_8957.JPEG,76,tarantula
train/n01774750/n01774750_11378.JPEG,76,tarantula
train/n01774750/n01774750_3885.JPEG,76,tarantula
train/n01774750/n01774750_10728.JPEG,76,tarantula
train/n01774750/n01774750_709.JPEG,76,tarantula
train/n01774750/n01774750_8973.JPEG,76,tarantula
train/n01774750/n01774750_5461.JPEG,76,tarantula
train/n01774750/n01774750_9255.JPEG,76,tarantula
train/n01774750/n01774750_3712.JPEG,76,tarantula
train/n01774750/n01774750_3343.JPEG,76,tarantula
train/n01774750/n01774750_1314.JPEG,76,tarantula
train/n01774750/n01774750_10472.JPEG,76,tarantula
train/n01774750/n01774750_7187.JPEG,76,tarantula
train/n01775062/n01775062_1380.JPEG,77,wolf spider
train/n01775062/n01775062_5312.JPEG,77,wolf spider
train/n01775062/n01775062_7053.JPEG,77,wolf spider
train/n01775062/n01775062_3943.JPEG,77,wolf spider
train/n01775062/n01775062_647.JPEG,77,wolf spider
train/n01775062/n01775062_1718.JPEG,77,wolf spider
train/n01775062/n01775062_7811.JPEG,77,wolf spider
train/n01775062/n01775062_981.JPEG,77,wolf spider
train/n01775062/n01775062_4454.JPEG,77,wolf spider
train/n01775062/n01775062_6246.JPEG,77,wolf spider
train/n01775062/n01775062_8926.JPEG,77,wolf spider
train/n01775062/n01775062_7709.JPEG,77,wolf spider
train/n01775062/n01775062_8453.JPEG,77,wolf spider
train/n01775062/n01775062_1155.JPEG,77,wolf spider
train/n01775062/n01775062_8436.JPEG,77,wolf spider
train/n01775062/n01775062_2211.JPEG,77,wolf spider
train/n01776313/n01776313_4793.JPEG,78,tick
train/n01776313/n01776313_22877.JPEG,78,tick
train/n01776313/n01776313_8675.JPEG,78,tick
train/n01776313/n01776313_45862.JPEG,78,tick
train/n01776313/n01776313_23885.JPEG,78,tick
train/n01776313/n01776313_1170.JPEG,78,tick
train/n01776313/n01776313_1402.JPEG,78,tick
train/n01776313/n01776313_6152.JPEG,78,tick
train/n01776313/n01776313_3878.JPEG,78,tick
train/n01776313/n01776313_24607.JPEG,78,tick
train/n01776313/n01776313_48200.JPEG,78,tick
train/n01776313/n01776313_40070.JPEG,78,tick
train/n01776313/n01776313_47674.JPEG,78,tick
train/n01776313/n01776313_9014.JPEG,78,tick
train/n01776313/n01776313_1803.JPEG,78,tick
train/n01776313/n01776313_11052.JPEG,78,tick
train/n01784675/n01784675_9844.JPEG,79,centipede
train/n01784675/n01784675_1906.JPEG,79,centipede
train/n01784675/n01784675_11962.JPEG,79,centipede
train/n01784675/n01784675_7991.JPEG,79,centipede
train/n01784675/n01784675_21010.JPEG,79,centipede
train/n01784675/n01784675_5702.JPEG,79,centipede
train/n01784675/n01784675_2949.JPEG,79,centipede
train/n01784675/n01784675_1041.JPEG,79,centipede
train/n01784675/n01784675_12730.JPEG,79,centipede
train/n01784675/n01784675_6601.JPEG,79,centipede
train/n01784675/n01784675_54.JPEG,79,centipede
train/n01784675/n01784675_1971.JPEG,79,centipede
train/n01784675/n01784675_5548.JPEG,79,centipede
train/n01784675/n01784675_2183.JPEG,79,centipede
train/n01784675/n01784675_14309.JPEG,79,centipede
train/n01784675/n01784675_7760.JPEG,79,centipede
train/n01795545/n01795545_11158.JPEG,80,black grouse
train/n01795545/n01795545_16000.JPEG,80,black grouse
train/n01795545/n01795545_13597.JPEG,80,black grouse
train/n01795545/n01795545_11314.JPEG,80,black grouse
train/n01795545/n01795545_5832.JPEG,80,black grouse
train/n01795545/n01795545_6951.JPEG,80,black grouse
train/n01795545/n01795545_18059.JPEG,80,black grouse
train/n01795545/n01795545_1191.JPEG,80,black grouse
train/n01795545/n01795545_6338.JPEG,80,black grouse
train/n01795545/n01795545_374.JPEG,80,black grouse
train/n01795545/n01795545_17809.JPEG,80,black grouse
train/n01795545/n01795545_18250.JPEG,80,black grouse
train/n01795545/n01795545_13611.JPEG,80,black grouse
train/n01795545/n01795545_3620.JPEG,80,black grouse
train/n01795545/n01795545_14182.JPEG,80,black grouse
train/n01795545/n01795545_18552.JPEG,80,black grouse
train/n01796340/n01796340_6279.JPEG,81,ptarmigan
train/n01796340/n01796340_6675.JPEG,81,ptarmigan
train/n01796340/n01796340_5586.JPEG,81,ptarmigan
train/n01796340/n01796340_7337.JPEG,81,ptarmigan
train/n01796340/n01796340_3756.JPEG,81,ptarmigan
train/n01796340/n01796340_17091.JPEG,81,ptarmigan
train/n01796340/n01796340_254.JPEG,81,ptarmigan
train/n01796340/n01796340_11424.JPEG,81,ptarmigan
train/n01796340/n01796340_8266.JPEG,81,ptarmigan
train/n01796340/n01796340_3601.JPEG,81,ptarmigan
train/n01796340/n01796340_18836.JPEG,81,ptarmigan
train/n01796340/n01796340_9382.JPEG,81,ptarmigan
train/n01796340/n01796340_18692.JPEG,81,ptarmigan
train/n01796340/n01796340_9779.JPEG,81,ptarmigan
train/n01796340/n01796340_3933.JPEG,81,ptarmigan
train/n01796340/n01796340_8361.JPEG,81,ptarmigan
train/n01797886/n01797886_1497.JPEG,82,ruffed grouse
train/n01797886/n01797886_15455.JPEG,82,ruffed grouse
train/n01797886/n01797886_3207.JPEG,82,ruffed grouse
train/n01797886/n01797886_25388.JPEG,82,ruffed grouse
train/n01797886/n01797886_3985.JPEG,82,ruffed grouse
train/n01797886/n01797886_4630.JPEG,82,ruffed grouse
train/n01797886/n01797886_1819.JPEG,82,ruffed grouse
train/n01797886/n01797886_17660.JPEG,82,ruffed grouse
train/n01797886/n01797886_4600.JPEG,82,ruffed grouse
train/n01797886/n01797886_17705.JPEG,82,ruffed grouse
train/n01797886/n01797886_6292.JPEG,82,ruffed grouse
train/n01797886/n01797886_5469.JPEG,82,ruffed grouse
train/n01797886/n01797886_2711.JPEG,82,ruffed grouse
train/n01797886/n01797886_5177.JPEG,82,ruffed grouse
train/n01797886/n01797886_10871.JPEG,82,ruffed grouse
train/n01797886/n01797886_21878.JPEG,82,ruffed grouse
train/n01798484/n01798484_3089.JPEG,83,prairie grouse
train/n01798484/n01798484_3726.JPEG,83,prairie grouse
train/n01798484/n01798484_1507.JPEG,83,prairie grouse
train/n01798484/n01798484_4721.JPEG,83,prairie grouse
train/n01798484/n01798484_13135.JPEG,83,prairie grouse
train/n01798484/n01798484_12689.JPEG,83,prairie grouse
train/n01798484/n01798484_22991.JPEG,83,prairie grouse
train/n01798484/n01798484_9945.JPEG,83,prairie grouse
train/n01798484/n01798484_654.JPEG,83,prairie grouse
train/n01798484/n01798484_6199.JPEG,83,prairie grouse
train/n01798484/n01798484_15819.JPEG,83,prairie grouse
train/n01798484/n01798484_3559.JPEG,83,prairie grouse
train/n01798484/n01798484_10351.JPEG,83,prairie grouse
train/n01798484/n01798484_23935.JPEG,83,prairie grouse
train/n01798484/n01798484_8627.JPEG,83,prairie grouse
train/n01798484/n01798484_937.JPEG,83,prairie grouse
train/n01806143/n01806143_8523.JPEG,84,peafowl
train/n01806143/n01806143_4080.JPEG,84,peafowl
train/n01806143/n01806143_6940.JPEG,84,peafowl
train/n01806143/n01806143_1791.JPEG,84,peafowl
train/n01806143/n01806143_9265.JPEG,84,peafowl
train/n01806143/n01806143_37177.JPEG,84,peafowl
train/n01806143/n01806143_220.JPEG,84,peafowl
train/n01806143/n01806143_9401.JPEG,84,peafowl
train/n01806143/n01806143_12351.JPEG,84,peafowl
train/n01806143/n01806143_1549.JPEG,84,peafowl
train/n01806143/n01806143_3427.JPEG,84,peafowl
train/n01806143/n01806143_10206.JPEG,84,peafowl
train/n01806143/n01806143_225.JPEG,84,peafowl
train/n01806143/n01806143_14281.JPEG,84,peafowl
train/n01806143/n01806143_3881.JPEG,84,peafowl
train/n01806143/n01806143_7206.JPEG,84,peafowl
train/n01806567/n01806567_7724.JPEG,85,quail
train/n01806567/n01806567_4261.JPEG,85,quail
train/n01806567/n01806567_8342.JPEG,85,quail
train/n01806567/n01806567_2502.JPEG,85,quail
train/n01806567/n01806567_6317.JPEG,85,quail
train/n01806567/n01806567_1906.JPEG,85,quail
train/n01806567/n01806567_14635.JPEG,85,quail
train/n01806567/n01806567_1067.JPEG,85,quail
train/n01806567/n01806567_4756.JPEG,85,quail
train/n01806567/n01806567_14877.JPEG,85,quail
train/n01806567/n01806567_7358.JPEG,85,quail
train/n01806567/n01806567_1860.JPEG,85,quail
train/n01806567/n01806567_1792.JPEG,85,quail
train/n01806567/n01806567_2716.JPEG,85,quail
train/n01806567/n01806567_4906.JPEG,85,quail
train/n01806567/n01806567_5575.JPEG,85,quail
train/n01807496/n01807496_14157.JPEG,86,partridge
train/n01807496/n01807496_8892.JPEG,86,partridge
train/n01807496/n01807496_13001.JPEG,86,partridge
train/n01807496/n01807496_7940.JPEG,86,partridge
train/n01807496/n01807496_8463.JPEG,86,partridge
train/n01807496/n01807496_4587.JPEG,86,partridge
train/n01807496/n01807496_19871.JPEG,86,partridge
train/n01807496/n01807496_18929.JPEG,86,partridge
train/n01807496/n01807496_20364.JPEG,86,partridge
train/n01807496/n01807496_3915.JPEG,86,partridge
train/n01807496/n01807496_15401.JPEG,86,partridge
train/n01807496/n01807496_29022.JPEG,86,partridge
train/n01807496/n01807496_6767.JPEG,86,partridge
train/n01807496/n01807496_19506.JPEG,86,partridge
train/n01807496/n01807496_13389.JPEG,86,partridge
train/n01807496/n01807496_5293.JPEG,86,partridge
train/n01817953/n01817953_3287.JPEG,87,african grey parrot
train/n01817953/n01817953_7125.JPEG,87,african grey parrot
train/n01817953/n01817953_96.JPEG,87,african grey parrot
train/n01817953/n01817953_9389.JPEG,87,african grey parrot
train/n01817953/n01817953_1789.JPEG,87,african grey parrot
train/n01817953/n01817953_4878.JPEG,87,african grey parrot
train/n01817953/n01817953_4069.JPEG,87,african grey parrot
train/n01817953/n01817953_4124.JPEG,87,african grey parrot
train/n01817953/n01817953_936.JPEG,87,african grey parrot
train/n01817953/n01817953_13343.JPEG,87,african grey parrot
train/n01817953/n01817953_3254.JPEG,87,african grey parrot
train/n01817953/n01817953_33499.JPEG,87,african grey parrot
train/n01817953/n01817953_5517.JPEG,87,african grey parrot
train/n01817953/n01817953_10963.JPEG,87,african grey parrot
train/n01817953/n01817953_7282.JPEG,87,african grey parrot
train/n01817953/n01817953_2366.JPEG,87,african grey parrot
train/n01818515/n01818515_27424.JPEG,88,macaw
train/n01818515/n01818515_7758.JPEG,88,macaw
train/n01818515/n01818515_1396.JPEG,88,macaw
train/n01818515/n01818515_1258.JPEG,88,macaw
train/n01818515/n01818515_30191.JPEG,88,macaw
train/n01818515/n01818515_9039.JPEG,88,macaw
train/n01818515/n01818515_15435.JPEG,88,macaw
train/n01818515/n01818515_339.JPEG,88,macaw
train/n01818515/n01818515_11839.JPEG,88,macaw
train/n01818515/n01818515_3951.JPEG,88,macaw
train/n01818515/n01818515_5278.JPEG,88,macaw
train/n01818515/n01818515_5168.JPEG,88,macaw
train/n01818515/n01818515_14775.JPEG,88,macaw
train/n01818515/n01818515_2851.JPEG,88,macaw
train/n01818515/n01818515_8690.JPEG,88,macaw
train/n01818515/n01818515_1883.JPEG,88,macaw
train/n01819313/n01819313_3301.JPEG,89,sulphur-crested cockatoo
train/n01819313/n01819313_6916.JPEG,89,sulphur-crested cockatoo
train/n01819313/n01819313_3505.JPEG,89,sulphur-crested cockatoo
train/n01819313/n01819313_5302.JPEG,89,sulphur-crested cockatoo
train/n01819313/n01819313_4231.JPEG,89,sulphur-crested cockatoo
train/n01819313/n01819313_6382.JPEG,89,sulphur-crested cockatoo
train/n01819313/n01819313_4932.JPEG,89,sulphur-crested cockatoo
train/n01819313/n01819313_17843.JPEG,89,sulphur-crested cockatoo
train/n01819313/n01819313_3561.JPEG,89,sulphur-crested cockatoo
train/n01819313/n01819313_4438.JPEG,89,sulphur-crested cockatoo
train/n01819313/n01819313_7927.JPEG,89,sulphur-crested cockatoo
train/n01819313/n01819313_5330.JPEG,89,sulphur-crested cockatoo
train/n01819313/n01819313_5837.JPEG,89,sulphur-crested cockatoo
train/n01819313/n01819313_2698.JPEG,89,sulphur-crested cockatoo
train/n01819313/n01819313_13972.JPEG,89,sulphur-crested cockatoo
train/n01819313/n01819313_6264.JPEG,89,sulphur-crested cockatoo
train/n01820546/n01820546_863.JPEG,90,lorikeet
train/n01820546/n01820546_13625.JPEG,90,lorikeet
train/n01820546/n01820546_6762.JPEG,90,lorikeet
train/n01820546/n01820546_4731.JPEG,90,lorikeet
train/n01820546/n01820546_20069.JPEG,90,lorikeet
train/n01820546/n01820546_756.JPEG,90,lorikeet
train/n01820546/n01820546_2110.JPEG,90,lorikeet
train/n01820546/n01820546_483.JPEG,90,lorikeet
train/n01820546/n01820546_4064.JPEG,90,lorikeet
train/n01820546/n01820546_11668.JPEG,90,lorikeet
train/n01820546/n01820546_4201.JPEG,90,lorikeet
train/n01820546/n01820546_6270.JPEG,90,lorikeet
train/n01820546/n01820546_5212.JPEG,90,lorikeet
train/n01820546/n01820546_4646.JPEG,90,lorikeet
train/n01820546/n01820546_659.JPEG,90,lorikeet
train/n01820546/n01820546_16391.JPEG,90,lorikeet
train/n01824575/n01824575_6345.JPEG,91,coucal
train/n01824575/n01824575_4008.JPEG,91,coucal
train/n01824575/n01824575_6959.JPEG,91,coucal
train/n01824575/n01824575_2280.JPEG,91,coucal
train/n01824575/n01824575_965.JPEG,91,coucal
train/n01824575/n01824575_7905.JPEG,91,coucal
train/n01824575/n01824575_6491.JPEG,91,coucal
train/n01824575/n01824575_6043.JPEG,91,coucal
train/n01824575/n01824575_10450.JPEG,91,coucal
train/n01824575/n01824575_4768.JPEG,91,coucal
train/n01824575/n01824575_2420.JPEG,91,coucal
train/n01824575/n01824575_769.JPEG,91,coucal
train/n01824575/n01824575_2746.JPEG,91,coucal
train/n01824575/n01824575_7922.JPEG,91,coucal
train/n01824575/n01824575_1595.JPEG,91,coucal
train/n01824575/n01824575_11248.JPEG,91,coucal
train/n01828970/n01828970_10529.JPEG,92,bee eater
train/n01828970/n01828970_9247.JPEG,92,bee eater
train/n01828970/n01828970_11629.JPEG,92,bee eater
train/n01828970/n01828970_11823.JPEG,92,bee eater
train/n01828970/n01828970_6215.JPEG,92,bee eater
train/n01828970/n01828970_2518.JPEG,92,bee eater
train/n01828970/n01828970_11853.JPEG,92,bee eater
train/n01828970/n01828970_792.JPEG,92,bee eater
train/n01828970/n01828970_2865.JPEG,92,bee eater
train/n01828970/n01828970_7584.JPEG,92,bee eater
train/n01828970/n01828970_15725.JPEG,92,bee eater
train/n01828970/n01828970_20706.JPEG,92,bee eater
train/n01828970/n01828970_4153.JPEG,92,bee eater
train/n01828970/n01828970_11397.JPEG,92,bee eater
train/n01828970/n01828970_8208.JPEG,92,bee eater
train/n01828970/n01828970_449.JPEG,92,bee eater
train/n01829413/n01829413_8701.JPEG,93,hornbill
train/n01829413/n01829413_12491.JPEG,93,hornbill
train/n01829413/n01829413_7609.JPEG,93,hornbill
train/n01829413/n01829413_456.JPEG,93,hornbill
train/n01829413/n01829413_8535.JPEG,93,hornbill
train/n01829413/n01829413_6040.JPEG,93,hornbill
train/n01829413/n01829413_1648.JPEG,93,hornbill
train/n01829413/n01829413_3011.JPEG,93,hornbill
train/n01829413/n01829413_8420.JPEG,93,hornbill
train/n01829413/n01829413_6567.JPEG,93,hornbill
train/n01829413/n01829413_3127.JPEG,93,hornbill
train/n01829413/n01829413_5356.JPEG,93,hornbill
train/n01829413/n01829413_4843.JPEG,93,hornbill
train/n01829413/n01829413_1208.JPEG,93,hornbill
train/n01829413/n01829413_8148.JPEG,93,hornbill
train/n01829413/n01829413_1135.JPEG,93,hornbill
train/n01833805/n01833805_3625.JPEG,94,hummingbird
train/n01833805/n01833805_8832.JPEG,94,hummingbird
train/n01833805/n01833805_7496.JPEG,94,hummingbird
train/n01833805/n01833805_6462.JPEG,94,hummingbird
train/n01833805/n01833805_1138.JPEG,94,hummingbird
train/n01833805/n01833805_10027.JPEG,94,hummingbird
train/n01833805/n01833805_4218.JPEG,94,hummingbird
train/n01833805/n01833805_3752.JPEG,94,hummingbird
train/n01833805/n01833805_10317.JPEG,94,hummingbird
train/n01833805/n01833805_8424.JPEG,94,hummingbird
train/n01833805/n01833805_7138.JPEG,94,hummingbird
train/n01833805/n01833805_7974.JPEG,94,hummingbird
train/n01833805/n01833805_7724.JPEG,94,hummingbird
train/n01833805/n01833805_3717.JPEG,94,hummingbird
train/n01833805/n01833805_3357.JPEG,94,hummingbird
train/n01833805/n01833805_11508.JPEG,94,hummingbird
train/n01843065/n01843065_8860.JPEG,95,jacamar
train/n01843065/n01843065_5106.JPEG,95,jacamar
train/n01843065/n01843065_3596.JPEG,95,jacamar
train/n01843065/n01843065_5386.JPEG,95,jacamar
train/n01843065/n01843065_8738.JPEG,95,jacamar
train/n01843065/n01843065_4686.JPEG,95,jacamar
train/n01843065/n01843065_2949.JPEG,95,jacamar
train/n01843065/n01843065_1867.JPEG,95,jacamar
train/n01843065/n01843065_1624.JPEG,95,jacamar
train/n01843065/n01843065_1556.JPEG,95,jacamar
train/n01843065/n01843065_8546.JPEG,95,jacamar
train/n01843065/n01843065_1001.JPEG,95,jacamar
train/n01843065/n01843065_5140.JPEG,95,jacamar
train/n01843065/n01843065_11286.JPEG,95,jacamar
train/n01843065/n01843065_872.JPEG,95,jacamar
train/n01843065/n01843065_2037.JPEG,95,jacamar
train/n01843383/n01843383_5494.JPEG,96,toucan
train/n01843383/n01843383_2591.JPEG,96,toucan
train/n01843383/n01843383_3213.JPEG,96,toucan
train/n01843383/n01843383_6041.JPEG,96,toucan
train/n01843383/n01843383_6218.JPEG,96,toucan
train/n01843383/n01843383_5844.JPEG,96,toucan
train/n01843383/n01843383_6147.JPEG,96,toucan
train/n01843383/n01843383_11598.JPEG,96,toucan
train/n01843383/n01843383_12426.JPEG,96,toucan
train/n01843383/n01843383_3671.JPEG,96,toucan
train/n01843383/n01843383_4006.JPEG,96,toucan
train/n01843383/n01843383_12416.JPEG,96,toucan
train/n01843383/n01843383_5623.JPEG,96,toucan
train/n01843383/n01843383_10844.JPEG,96,toucan
train/n01843383/n01843383_18795.JPEG,96,toucan
train/n01843383/n01843383_8639.JPEG,96,toucan
train/n01847000/n01847000_4137.JPEG,97,duck
train/n01847000/n01847000_14509.JPEG,97,duck
train/n01847000/n01847000_12190.JPEG,97,duck
train/n01847000/n01847000_12541.JPEG,97,duck
train/n01847000/n01847000_8098.JPEG,97,duck
train/n01847000/n01847000_12892.JPEG,97,duck
train/n01847000/n01847000_2104.JPEG,97,duck
train/n01847000/n01847000_44251.JPEG,97,duck
train/n01847000/n01847000_10493.JPEG,97,duck
train/n01847000/n01847000_2981.JPEG,97,duck
train/n01847000/n01847000_12558.JPEG,97,duck
train/n01847000/n01847000_10079.JPEG,97,duck
train/n01847000/n01847000_4467.JPEG,97,duck
train/n01847000/n01847000_9072.JPEG,97,duck
train/n01847000/n01847000_7687.JPEG,97,duck
train/n01847000/n01847000_1252.JPEG,97,duck
train/n01855032/n01855032_6844.JPEG,98,red-breasted merganser
train/n01855032/n01855032_8231.JPEG,98,red-breasted merganser
train/n01855032/n01855032_1573.JPEG,98,red-breasted merganser
train/n01855032/n01855032_8502.JPEG,98,red-breasted merganser
train/n01855032/n01855032_8389.JPEG,98,red-breasted merganser
train/n01855032/n01855032_2776.JPEG,98,red-breasted merganser
train/n01855032/n01855032_2771.JPEG,98,red-breasted merganser
train/n01855032/n01855032_7021.JPEG,98,red-breasted merganser
train/n01855032/n01855032_2449.JPEG,98,red-breasted merganser
train/n01855032/n01855032_7608.JPEG,98,red-breasted merganser
train/n01855032/n01855032_6253.JPEG,98,red-breasted merganser
train/n01855032/n01855032_575.JPEG,98,red-breasted merganser
train/n01855032/n01855032_595.JPEG,98,red-breasted merganser
train/n01855032/n01855032_7288.JPEG,98,red-breasted merganser
train/n01855032/n01855032_4236.JPEG,98,red-breasted merganser
train/n01855032/n01855032_820.JPEG,98,red-breasted merganser
train/n01855672/n01855672_710.JPEG,99,goose
train/n01855672/n01855672_15219.JPEG,99,goose
train/n01855672/n01855672_2511.JPEG,99,goose
train/n01855672/n01855672_5612.JPEG,99,goose
train/n01855672/n01855672_8902.JPEG,99,goose
train/n01855672/n01855672_15474.JPEG,99,goose
train/n01855672/n01855672_5520.JPEG,99,goose
train/n01855672/n01855672_4675.JPEG,99,goose
train/n01855672/n01855672_15650.JPEG,99,goose
train/n01855672/n01855672_15232.JPEG,99,goose
train/n01855672/n01855672_11152.JPEG,99,goose
train/n01855672/n01855672_7714.JPEG,99,goose
train/n01855672/n01855672_41018.JPEG,99,goose
train/n01855672/n01855672_10052.JPEG,99,goose
train/n01855672/n01855672_4969.JPEG,99,goose
train/n01855672/n01855672_42031.JPEG,99,goose
train/n01860187/n01860187_1708.JPEG,100,black swan
train/n01860187/n01860187_31121.JPEG,100,black swan
train/n01860187/n01860187_211.JPEG,100,black swan
train/n01860187/n01860187_334.JPEG,100,black swan
train/n01860187/n01860187_25559.JPEG,100,black swan
train/n01860187/n01860187_1646.JPEG,100,black swan
train/n01860187/n01860187_2783.JPEG,100,black swan
train/n01860187/n01860187_2904.JPEG,100,black swan
train/n01860187/n01860187_9387.JPEG,100,black swan
train/n01860187/n01860187_21300.JPEG,100,black swan
train/n01860187/n01860187_9053.JPEG,100,black swan
train/n01860187/n01860187_14463.JPEG,100,black swan
train/n01860187/n01860187_1964.JPEG,100,black swan
train/n01860187/n01860187_286.JPEG,100,black swan
train/n01860187/n01860187_2911.JPEG,100,black swan
train/n01860187/n01860187_1669.JPEG,100,black swan
train/n01871265/n01871265_1983.JPEG,101,tusker
train/n01871265/n01871265_6331.JPEG,101,tusker
train/n01871265/n01871265_7189.JPEG,101,tusker
train/n01871265/n01871265_3628.JPEG,101,tusker
train/n01871265/n01871265_7186.JPEG,101,tusker
train/n01871265/n01871265_2317.JPEG,101,tusker
train/n01871265/n01871265_8131.JPEG,101,tusker
train/n01871265/n01871265_8294.JPEG,101,tusker
train/n01871265/n01871265_4408.JPEG,101,tusker
train/n01871265/n01871265_4565.JPEG,101,tusker
train/n01871265/n01871265_4767.JPEG,101,tusker
train/n01871265/n01871265_5131.JPEG,101,tusker
train/n01871265/n01871265_715.JPEG,101,tusker
train/n01871265/n01871265_5493.JPEG,101,tusker
train/n01871265/n01871265_4163.JPEG,101,tusker
train/n01871265/n01871265_3735.JPEG,101,tusker
train/n01872401/n01872401_6279.JPEG,102,echidna
train/n01872401/n01872401_5056.JPEG,102,echidna
train/n01872401/n01872401_3681.JPEG,102,echidna
train/n01872401/n01872401_2396.JPEG,102,echidna
train/n01872401/n01872401_6095.JPEG,102,echidna
train/n01872401/n01872401_2816.JPEG,102,echidna
train/n01872401/n01872401_1996.JPEG,102,echidna
train/n01872401/n01872401_8109.JPEG,102,echidna
train/n01872401/n01872401_6497.JPEG,102,echidna
train/n01872401/n01872401_814.JPEG,102,echidna
train/n01872401/n01872401_3939.JPEG,102,echidna
train/n01872401/n01872401_41395.JPEG,102,echidna
train/n01872401/n01872401_4277.JPEG,102,echidna
train/n01872401/n01872401_6936.JPEG,102,echidna
train/n01872401/n01872401_3875.JPEG,102,echidna
train/n01872401/n01872401_5714.JPEG,102,echidna
train/n01873310/n01873310_25037.JPEG,103,platypus
train/n01873310/n01873310_11913.JPEG,103,platypus
train/n01873310/n01873310_30187.JPEG,103,platypus
train/n01873310/n01873310_22123.JPEG,103,platypus
train/n01873310/n01873310_22035.JPEG,103,platypus
train/n01873310/n01873310_8277.JPEG,103,platypus
train/n01873310/n01873310_12477.JPEG,103,platypus
train/n01873310/n01873310_3740.JPEG,103,platypus
train/n01873310/n01873310_18502.JPEG,103,platypus
train/n01873310/n01873310_1131.JPEG,103,platypus
train/n01873310/n01873310_7504.JPEG,103,platypus
train/n01873310/n01873310_4084.JPEG,103,platypus
train/n01873310/n01873310_11389.JPEG,103,platypus
train/n01873310/n01873310_56470.JPEG,103,platypus
train/n01873310/n01873310_12503.JPEG,103,platypus
train/n01873310/n01873310_7623.JPEG,103,platypus
train/n01877812/n01877812_8849.JPEG,104,wallaby
train/n01877812/n01877812_3824.JPEG,104,wallaby
train/n01877812/n01877812_12316.JPEG,104,wallaby
train/n01877812/n01877812_9075.JPEG,104,wallaby
train/n01877812/n01877812_1391.JPEG,104,wallaby
train/n01877812/n01877812_736.JPEG,104,wallaby
train/n01877812/n01877812_2797.JPEG,104,wallaby
train/n01877812/n01877812_3795.JPEG,104,wallaby
train/n01877812/n01877812_5007.JPEG,104,wallaby
train/n01877812/n01877812_5590.JPEG,104,wallaby
train/n01877812/n01877812_11056.JPEG,104,wallaby
train/n01877812/n01877812_4034.JPEG,104,wallaby
train/n01877812/n01877812_7960.JPEG,104,wallaby
train/n01877812/n01877812_54.JPEG,104,wallaby
train/n01877812/n01877812_2394.JPEG,104,wallaby
train/n01877812/n01877812_1854.JPEG,104,wallaby
train/n01882714/n01882714_2363.JPEG,105,koala
train/n01882714/n01882714_43275.JPEG,105,koala
train/n01882714/n01882714_3507.JPEG,105,koala
train/n01882714/n01882714_14138.JPEG,105,koala
train/n01882714/n01882714_14365.JPEG,105,koala
train/n01882714/n01882714_63.JPEG,105,koala
train/n01882714/n01882714_3166.JPEG,105,koala
train/n01882714/n01882714_11411.JPEG,105,koala
train/n01882714/n01882714_2031.JPEG,105,koala
train/n01882714/n01882714_21539.JPEG,105,koala
train/n01882714/n01882714_19763.JPEG,105,koala
train/n01882714/n01882714_12942.JPEG,105,koala
train/n01882714/n01882714_1668.JPEG,105,koala
train/n01882714/n01882714_16385.JPEG,105,koala
train/n01882714/n01882714_15531.JPEG,105,koala
train/n01882714/n01882714_6918.JPEG,105,koala
train/n01883070/n01883070_13915.JPEG,106,wombat
train/n01883070/n01883070_2380.JPEG,106,wombat
train/n01883070/n01883070_7857.JPEG,106,wombat
train/n01883070/n01883070_26473.JPEG,106,wombat
train/n01883070/n01883070_73.JPEG,106,wombat
train/n01883070/n01883070_6314.JPEG,106,wombat
train/n01883070/n01883070_3349.JPEG,106,wombat
train/n01883070/n01883070_9408.JPEG,106,wombat
train/n01883070/n01883070_1144.JPEG,106,wombat
train/n01883070/n01883070_22314.JPEG,106,wombat
train/n01883070/n01883070_1551.JPEG,106,wombat
train/n01883070/n01883070_2671.JPEG,106,wombat
train/n01883070/n01883070_1981.JPEG,106,wombat
train/n01883070/n01883070_23290.JPEG,106,wombat
train/n01883070/n01883070_8392.JPEG,106,wombat
train/n01883070/n01883070_3520.JPEG,106,wombat
train/n01910747/n01910747_15232.JPEG,107,jellyfish
train/n01910747/n01910747_1876.JPEG,107,jellyfish
train/n01910747/n01910747_557.JPEG,107,jellyfish
train/n01910747/n01910747_3056.JPEG,107,jellyfish
train/n01910747/n01910747_20522.JPEG,107,jellyfish
train/n01910747/n01910747_3076.JPEG,107,jellyfish
train/n01910747/n01910747_7773.JPEG,107,jellyfish
train/n01910747/n01910747_8223.JPEG,107,jellyfish
train/n01910747/n01910747_8441.JPEG,107,jellyfish
train/n01910747/n01910747_13855.JPEG,107,jellyfish
train/n01910747/n01910747_3018.JPEG,107,jellyfish
train/n01910747/n01910747_17998.JPEG,107,jellyfish
train/n01910747/n01910747_17331.JPEG,107,jellyfish
train/n01910747/n01910747_14781.JPEG,107,jellyfish
train/n01910747/n01910747_15185.JPEG,107,jellyfish
train/n01910747/n01910747_4966.JPEG,107,jellyfish
train/n01914609/n01914609_20257.JPEG,108,sea anemone
train/n01914609/n01914609_1069.JPEG,108,sea anemone
train/n01914609/n01914609_13434.JPEG,108,sea anemone
train/n01914609/n01914609_1182.JPEG,108,sea anemone
train/n01914609/n01914609_8578.JPEG,108,sea anemone
train/n01914609/n01914609_1358.JPEG,108,sea anemone
train/n01914609/n01914609_16805.JPEG,108,sea anemone
train/n01914609/n01914609_17827.JPEG,108,sea anemone
train/n01914609/n01914609_8715.JPEG,108,sea anemone
train/n01914609/n01914609_2694.JPEG,108,sea anemone
train/n01914609/n01914609_2414.JPEG,108,sea anemone
train/n01914609/n01914609_397.JPEG,108,sea anemone
train/n01914609/n01914609_10748.JPEG,108,sea anemone
train/n01914609/n01914609_639.JPEG,108,sea anemone
train/n01914609/n01914609_19685.JPEG,108,sea anemone
train/n01914609/n01914609_1752.JPEG,108,sea anemone
train/n01917289/n01917289_119.JPEG,109,brain coral
train/n01917289/n01917289_884.JPEG,109,brain coral
train/n01917289/n01917289_700.JPEG,109,brain coral
train/n01917289/n01917289_1325.JPEG,109,brain coral
train/n01917289/n01917289_1180.JPEG,109,brain coral
train/n01917289/n01917289_249.JPEG,109,brain coral
train/n01917289/n01917289_564.JPEG,109,brain coral
train/n01917289/n01917289_3781.JPEG,109,brain coral
train/n01917289/n01917289_4496.JPEG,109,brain coral
train/n01917289/n01917289_212.JPEG,109,brain coral
train/n01917289/n01917289_2835.JPEG,109,brain coral
train/n01917289/n01917289_3909.JPEG,109,brain coral
train/n01917289/n01917289_150.JPEG,109,brain coral
train/n01917289/n01917289_789.JPEG,109,brain coral
train/n01917289/n01917289_5699.JPEG,109,brain coral
train/n01917289/n01917289_2433.JPEG,109,brain coral
train/n01924916/n01924916_2867.JPEG,110,flatworm
train/n01924916/n01924916_6591.JPEG,110,flatworm
train/n01924916/n01924916_9651.JPEG,110,flatworm
train/n01924916/n01924916_7224.JPEG,110,flatworm
train/n01924916/n01924916_7373.JPEG,110,flatworm
train/n01924916/n01924916_7088.JPEG,110,flatworm
train/n01924916/n01924916_6980.JPEG,110,flatworm
train/n01924916/n01924916_2312.JPEG,110,flatworm
train/n01924916/n01924916_8864.JPEG,110,flatworm
train/n01924916/n01924916_8009.JPEG,110,flatworm
train/n01924916/n01924916_20610.JPEG,110,flatworm
train/n01924916/n01924916_8324.JPEG,110,flatworm
train/n01924916/n01924916_7971.JPEG,110,flatworm
train/n01924916/n01924916_8880.JPEG,110,flatworm
train/n01924916/n01924916_1250.JPEG,110,flatworm
train/n01924916/n01924916_1426.JPEG,110,flatworm
train/n01930112/n01930112_14695.JPEG,111,nematode
train/n01930112/n01930112_13264.JPEG,111,nematode
train/n01930112/n01930112_549.JPEG,111,nematode
train/n01930112/n01930112_354.JPEG,111,nematode
train/n01930112/n01930112_13371.JPEG,111,nematode
train/n01930112/n01930112_4904.JPEG,111,nematode
train/n01930112/n01930112_16198.JPEG,111,nematode
train/n01930112/n01930112_10333.JPEG,111,nematode
train/n01930112/n01930112_18963.JPEG,111,nematode
train/n01930112/n01930112_11681.JPEG,111,nematode
train/n01930112/n01930112_14614.JPEG,111,nematode
train/n01930112/n01930112_7698.JPEG,111,nematode
train/n01930112/n01930112_3445.JPEG,111,nematode
train/n01930112/n01930112_16618.JPEG,111,nematode
train/n01930112/n01930112_13611.JPEG,111,nematode
train/n01930112/n01930112_8889.JPEG,111,nematode
train/n01943899/n01943899_4824.JPEG,112,conch
train/n01943899/n01943899_8932.JPEG,112,conch
train/n01943899/n01943899_33594.JPEG,112,conch
train/n01943899/n01943899_9984.JPEG,112,conch
train/n01943899/n01943899_24637.JPEG,112,conch
train/n01943899/n01943899_10415.JPEG,112,conch
train/n01943899/n01943899_6557.JPEG,112,conch
train/n01943899/n01943899_1938.JPEG,112,conch
train/n01943899/n01943899_22748.JPEG,112,conch
train/n01943899/n01943899_23372.JPEG,112,conch
train/n01943899/n01943899_15367.JPEG,112,conch
train/n01943899/n01943899_12195.JPEG,112,conch
train/n01943899/n01943899_26490.JPEG,112,conch
train/n01943899/n01943899_14054.JPEG,112,conch
train/n01943899/n01943899_12851.JPEG,112,conch
train/n01943899/n01943899_15663.JPEG,112,conch
train/n01944390/n01944390_17748.JPEG,113,snail
train/n01944390/n01944390_345.JPEG,113,snail
train/n01944390/n01944390_1228.JPEG,113,snail
train/n01944390/n01944390_6342.JPEG,113,snail
train/n01944390/n01944390_20445.JPEG,113,snail
train/n01944390/n01944390_17109.JPEG,113,snail
train/n01944390/n01944390_250.JPEG,113,snail
train/n01944390/n01944390_3891.JPEG,113,snail
train/n01944390/n01944390_244.JPEG,113,snail
train/n01944390/n01944390_10126.JPEG,113,snail
train/n01944390/n01944390_6534.JPEG,113,snail
train/n01944390/n01944390_35629.JPEG,113,snail
train/n01944390/n01944390_8040.JPEG,113,snail
train/n01944390/n01944390_12031.JPEG,113,snail
train/n01944390/n01944390_2017.JPEG,113,snail
train/n01944390/n01944390_2707.JPEG,113,snail
train/n01945685/n01945685_20481.JPEG,114,slug
train/n01945685/n01945685_4353.JPEG,114,slug
train/n01945685/n01945685_3002.JPEG,114,slug
train/n01945685/n01945685_2679.JPEG,114,slug
train/n01945685/n01945685_17272.JPEG,114,slug
train/n01945685/n01945685_30752.JPEG,114,slug
train/n01945685/n01945685_4235.JPEG,114,slug
train/n01945685/n01945685_966.JPEG,114,slug
train/n01945685/n01945685_9865.JPEG,114,slug
train/n01945685/n01945685_1124.JPEG,114,slug
train/n01945685/n01945685_129.JPEG,114,slug
train/n01945685/n01945685_12793.JPEG,114,slug
train/n01945685/n01945685_4588.JPEG,114,slug
train/n01945685/n01945685_6800.JPEG,114,slug
train/n01945685/n01945685_1963.JPEG,114,slug
train/n01945685/n01945685_102.JPEG,114,slug
train/n01950731/n01950731_18683.JPEG,115,sea slug
train/n01950731/n01950731_12013.JPEG,115,sea slug
train/n01950731/n01950731_22210.JPEG,115,sea slug
train/n01950731/n01950731_23630.JPEG,115,sea slug
train/n01950731/n01950731_6798.JPEG,115,sea slug
train/n01950731/n01950731_2157.JPEG,115,sea slug
train/n01950731/n01950731_17778.JPEG,115,sea slug
train/n01950731/n01950731_8442.JPEG,115,sea slug
train/n01950731/n01950731_1169.JPEG,115,sea slug
train/n01950731/n01950731_12094.JPEG,115,sea slug
train/n01950731/n01950731_14179.JPEG,115,sea slug
train/n01950731/n01950731_13037.JPEG,115,sea slug
train/n01950731/n01950731_6222.JPEG,115,sea slug
train/n01950731/n01950731_17987.JPEG,115,sea slug
train/n01950731/n01950731_15646.JPEG,115,sea slug
train/n01950731/n01950731_15132.JPEG,115,sea slug
train/n01955084/n01955084_11074.JPEG,116,chiton
train/n01955084/n01955084_7660.JPEG,116,chiton
train/n01955084/n01955084_8588.JPEG,116,chiton
train/n01955084/n01955084_2027.JPEG,116,chiton
train/n01955084/n01955084_11247.JPEG,116,chiton
train/n01955084/n01955084_2458.JPEG,116,chiton
train/n01955084/n01955084_6862.JPEG,116,chiton
train/n01955084/n01955084_7957.JPEG,116,chiton
train/n01955084/n01955084_14746.JPEG,116,chiton
train/n01955084/n01955084_9827.JPEG,116,chiton
train/n01955084/n01955084_5216.JPEG,116,chiton
train/n01955084/n01955084_8335.JPEG,116,chiton
train/n01955084/n01955084_7987.JPEG,116,chiton
train/n01955084/n01955084_9325.JPEG,116,chiton
train/n01955084/n01955084_7213.JPEG,116,chiton
train/n01955084/n01955084_2578.JPEG,116,chiton
train/n01968897/n01968897_17636.JPEG,117,chambered nautilus
train/n01968897/n01968897_25053.JPEG,117,chambered nautilus
train/n01968897/n01968897_23558.JPEG,117,chambered nautilus
train/n01968897/n01968897_1056.JPEG,117,chambered nautilus
train/n01968897/n01968897_24492.JPEG,117,chambered nautilus
train/n01968897/n01968897_1440.JPEG,117,chambered nautilus
train/n01968897/n01968897_19.JPEG,117,chambered nautilus
train/n01968897/n01968897_22547.JPEG,117,chambered nautilus
train/n01968897/n01968897_8787.JPEG,117,chambered nautilus
train/n01968897/n01968897_2228.JPEG,117,chambered nautilus
train/n01968897/n01968897_6641.JPEG,117,chambered nautilus
train/n01968897/n01968897_2709.JPEG,117,chambered nautilus
train/n01968897/n01968897_23987.JPEG,117,chambered nautilus
train/n01968897/n01968897_10691.JPEG,117,chambered nautilus
train/n01968897/n01968897_7970.JPEG,117,chambered nautilus
train/n01968897/n01968897_8558.JPEG,117,chambered nautilus
train/n01978287/n01978287_6155.JPEG,118,Dungeness crab
train/n01978287/n01978287_9041.JPEG,118,Dungeness crab
train/n01978287/n01978287_482.JPEG,118,Dungeness crab
train/n01978287/n01978287_11082.JPEG,118,Dungeness crab
train/n01978287/n01978287_3677.JPEG,118,Dungeness crab
train/n01978287/n01978287_1547.JPEG,118,Dungeness crab
train/n01978287/n01978287_6002.JPEG,118,Dungeness crab
train/n01978287/n01978287_4130.JPEG,118,Dungeness crab
train/n01978287/n01978287_7316.JPEG,118,Dungeness crab
train/n01978287/n01978287_5806.JPEG,118,Dungeness crab
train/n01978287/n01978287_55.JPEG,118,Dungeness crab
train/n01978287/n01978287_4964.JPEG,118,Dungeness crab
train/n01978287/n01978287_5809.JPEG,118,Dungeness crab
train/n01978287/n01978287_582.JPEG,118,Dungeness crab
train/n01978287/n01978287_466.JPEG,118,Dungeness crab
train/n01978287/n01978287_3722.JPEG,118,Dungeness crab
train/n01978455/n01978455_2499.JPEG,119,rock crab
train/n01978455/n01978455_2673.JPEG,119,rock crab
train/n01978455/n01978455_8177.JPEG,119,rock crab
train/n01978455/n01978455_398.JPEG,119,rock crab
train/n01978455/n01978455_10821.JPEG,119,rock crab
train/n01978455/n01978455_4330.JPEG,119,rock crab
train/n01978455/n01978455_12138.JPEG,119,rock crab
train/n01978455/n01978455_2235.JPEG,119,rock crab
train/n01978455/n01978455_1614.JPEG,119,rock crab
train/n01978455/n01978455_89.JPEG,119,rock crab
train/n01978455/n01978455_11853.JPEG,119,rock crab
train/n01978455/n01978455_7567.JPEG,119,rock crab
train/n01978455/n01978455_153.JPEG,119,rock crab
train/n01978455/n01978455_5651.JPEG,119,rock crab
train/n01978455/n01978455_2073.JPEG,119,rock crab
train/n01978455/n01978455_4875.JPEG,119,rock crab
train/n01980166/n01980166_7167.JPEG,120,fiddler crab
train/n01980166/n01980166_1589.JPEG,120,fiddler crab
train/n01980166/n01980166_6763.JPEG,120,fiddler crab
train/n01980166/n01980166_955.JPEG,120,fiddler crab
train/n01980166/n01980166_1966.JPEG,120,fiddler crab
train/n01980166/n01980166_2024.JPEG,120,fiddler crab
train/n01980166/n01980166_977.JPEG,120,fiddler crab
train/n01980166/n01980166_6670.JPEG,120,fiddler crab
train/n01980166/n01980166_6521.JPEG,120,fiddler crab
train/n01980166/n01980166_748.JPEG,120,fiddler crab
train/n01980166/n01980166_1068.JPEG,120,fiddler crab
train/n01980166/n01980166_5213.JPEG,120,fiddler crab
train/n01980166/n01980166_9665.JPEG,120,fiddler crab
train/n01980166/n01980166_5166.JPEG,120,fiddler crab
train/n01980166/n01980166_7591.JPEG,120,fiddler crab
train/n01980166/n01980166_381.JPEG,120,fiddler crab
train/n01981276/n01981276_6218.JPEG,121,red king crab
train/n01981276/n01981276_14992.JPEG,121,red king crab
train/n01981276/n01981276_10281.JPEG,121,red king crab
train/n01981276/n01981276_16970.JPEG,121,red king crab
train/n01981276/n01981276_20532.JPEG,121,red king crab
train/n01981276/n01981276_15118.JPEG,121,red king crab
train/n01981276/n01981276_10534.JPEG,121,red king crab
train/n01981276/n01981276_13714.JPEG,121,red king crab
train/n01981276/n01981276_8722.JPEG,121,red king crab
train/n01981276/n01981276_15857.JPEG,121,red king crab
train/n01981276/n01981276_12961.JPEG,121,red king crab
train/n01981276/n01981276_28705.JPEG,121,red king crab
train/n01981276/n01981276_946.JPEG,121,red king crab
train/n01981276/n01981276_12978.JPEG,121,red king crab
train/n01981276/n01981276_8891.JPEG,121,red king crab
train/n01981276/n01981276_15006.JPEG,121,red king crab
train/n01983481/n01983481_11708.JPEG,122,American lobster
train/n01983481/n01983481_23783.JPEG,122,American lobster
train/n01983481/n01983481_5072.JPEG,122,American lobster
train/n01983481/n01983481_29956.JPEG,122,American lobster
train/n01983481/n01983481_27711.JPEG,122,American lobster
train/n01983481/n01983481_9775.JPEG,122,American lobster
train/n01983481/n01983481_19892.JPEG,122,American lobster
train/n01983481/n01983481_18654.JPEG,122,American lobster
train/n01983481/n01983481_10596.JPEG,122,American lobster
train/n01983481/n01983481_17520.JPEG,122,American lobster
train/n01983481/n01983481_4223.JPEG,122,American lobster
train/n01983481/n01983481_4488.JPEG,122,American lobster
train/n01983481/n01983481_16326.JPEG,122,American lobster
train/n01983481/n01983481_26516.JPEG,122,American lobster
train/n01983481/n01983481_29461.JPEG,122,American lobster
train/n01983481/n01983481_3012.JPEG,122,American lobster
train/n01984695/n01984695_7483.JPEG,123,spiny lobster
train/n01984695/n01984695_5441.JPEG,123,spiny lobster
train/n01984695/n01984695_34288.JPEG,123,spiny lobster
train/n01984695/n01984695_659.JPEG,123,spiny lobster
train/n01984695/n01984695_41803.JPEG,123,spiny lobster
train/n01984695/n01984695_8331.JPEG,123,spiny lobster
train/n01984695/n01984695_38669.JPEG,123,spiny lobster
train/n01984695/n01984695_56744.JPEG,123,spiny lobster
train/n01984695/n01984695_68224.JPEG,123,spiny lobster
train/n01984695/n01984695_36346.JPEG,123,spiny lobster
train/n01984695/n01984695_78960.JPEG,123,spiny lobster
train/n01984695/n01984695_7825.JPEG,123,spiny lobster
train/n01984695/n01984695_52532.JPEG,123,spiny lobster
train/n01984695/n01984695_11423.JPEG,123,spiny lobster
train/n01984695/n01984695_34318.JPEG,123,spiny lobster
train/n01984695/n01984695_25634.JPEG,123,spiny lobster
train/n01985128/n01985128_43681.JPEG,124,crayfish
train/n01985128/n01985128_1647.JPEG,124,crayfish
train/n01985128/n01985128_20279.JPEG,124,crayfish
train/n01985128/n01985128_35209.JPEG,124,crayfish
train/n01985128/n01985128_3811.JPEG,124,crayfish
train/n01985128/n01985128_6238.JPEG,124,crayfish
train/n01985128/n01985128_33984.JPEG,124,crayfish
train/n01985128/n01985128_36330.JPEG,124,crayfish
train/n01985128/n01985128_19635.JPEG,124,crayfish
train/n01985128/n01985128_19578.JPEG,124,crayfish
train/n01985128/n01985128_853.JPEG,124,crayfish
train/n01985128/n01985128_18546.JPEG,124,crayfish
train/n01985128/n01985128_6191.JPEG,124,crayfish
train/n01985128/n01985128_8925.JPEG,124,crayfish
train/n01985128/n01985128_47567.JPEG,124,crayfish
train/n01985128/n01985128_20214.JPEG,124,crayfish
train/n01986214/n01986214_22444.JPEG,125,hermit crab
train/n01986214/n01986214_16087.JPEG,125,hermit crab
train/n01986214/n01986214_23738.JPEG,125,hermit crab
train/n01986214/n01986214_1494.JPEG,125,hermit crab
train/n01986214/n01986214_12650.JPEG,125,hermit crab
train/n01986214/n01986214_7793.JPEG,125,hermit crab
train/n01986214/n01986214_16210.JPEG,125,hermit crab
train/n01986214/n01986214_10793.JPEG,125,hermit crab
train/n01986214/n01986214_5341.JPEG,125,hermit crab
train/n01986214/n01986214_20460.JPEG,125,hermit crab
train/n01986214/n01986214_2991.JPEG,125,hermit crab
train/n01986214/n01986214_4171.JPEG,125,hermit crab
train/n01986214/n01986214_13128.JPEG,125,hermit crab
train/n01986214/n01986214_16754.JPEG,125,hermit crab
train/n01986214/n01986214_20342.JPEG,125,hermit crab
train/n01986214/n01986214_9417.JPEG,125,hermit crab
train/n01990800/n01990800_76.JPEG,126,isopod
train/n01990800/n01990800_3567.JPEG,126,isopod
train/n01990800/n01990800_5382.JPEG,126,isopod
train/n01990800/n01990800_733.JPEG,126,isopod
train/n01990800/n01990800_3808.JPEG,126,isopod
train/n01990800/n01990800_3372.JPEG,126,isopod
train/n01990800/n01990800_9118.JPEG,126,isopod
train/n01990800/n01990800_2974.JPEG,126,isopod
train/n01990800/n01990800_12390.JPEG,126,isopod
train/n01990800/n01990800_3883.JPEG,126,isopod
train/n01990800/n01990800_3561.JPEG,126,isopod
train/n01990800/n01990800_5291.JPEG,126,isopod
train/n01990800/n01990800_7613.JPEG,126,isopod
train/n01990800/n01990800_8000.JPEG,126,isopod
train/n01990800/n01990800_8103.JPEG,126,isopod
train/n01990800/n01990800_7299.JPEG,126,isopod
train/n02002556/n02002556_1017.JPEG,127,white stork
train/n02002556/n02002556_1192.JPEG,127,white stork
train/n02002556/n02002556_887.JPEG,127,white stork
train/n02002556/n02002556_8647.JPEG,127,white stork
train/n02002556/n02002556_10189.JPEG,127,white stork
train/n02002556/n02002556_17952.JPEG,127,white stork
train/n02002556/n02002556_9848.JPEG,127,white stork
train/n02002556/n02002556_9982.JPEG,127,white stork
train/n02002556/n02002556_7808.JPEG,127,white stork
train/n02002556/n02002556_21590.JPEG,127,white stork
train/n02002556/n02002556_9029.JPEG,127,white stork
train/n02002556/n02002556_2595.JPEG,127,white stork
train/n02002556/n02002556_9738.JPEG,127,white stork
train/n02002556/n02002556_5770.JPEG,127,white stork
train/n02002556/n02002556_2186.JPEG,127,white stork
train/n02002556/n02002556_164.JPEG,127,white stork
train/n02002724/n02002724_852.JPEG,128,black stork
train/n02002724/n02002724_3416.JPEG,128,black stork
train/n02002724/n02002724_5619.JPEG,128,black stork
train/n02002724/n02002724_930.JPEG,128,black stork
train/n02002724/n02002724_2600.JPEG,128,black stork
train/n02002724/n02002724_4911.JPEG,128,black stork
train/n02002724/n02002724_4992.JPEG,128,black stork
train/n02002724/n02002724_3559.JPEG,128,black stork
train/n02002724/n02002724_2543.JPEG,128,black stork
train/n02002724/n02002724_6362.JPEG,128,black stork
train/n02002724/n02002724_6468.JPEG,128,black stork
train/n02002724/n02002724_12114.JPEG,128,black stork
train/n02002724/n02002724_3930.JPEG,128,black stork
train/n02002724/n02002724_8842.JPEG,128,black stork
train/n02002724/n02002724_5019.JPEG,128,black stork
train/n02002724/n02002724_1189.JPEG,128,black stork
train/n02006656/n02006656_5521.JPEG,129,spoonbill
train/n02006656/n02006656_2277.JPEG,129,spoonbill
train/n02006656/n02006656_6153.JPEG,129,spoonbill
train/n02006656/n02006656_1473.JPEG,129,spoonbill
train/n02006656/n02006656_963.JPEG,129,spoonbill
train/n02006656/n02006656_124.JPEG,129,spoonbill
train/n02006656/n02006656_9112.JPEG,129,spoonbill
train/n02006656/n02006656_3878.JPEG,129,spoonbill
train/n02006656/n02006656_10127.JPEG,129,spoonbill
train/n02006656/n02006656_4012.JPEG,129,spoonbill
train/n02006656/n02006656_7661.JPEG,129,spoonbill
train/n02006656/n02006656_9731.JPEG,129,spoonbill
train/n02006656/n02006656_3362.JPEG,129,spoonbill
train/n02006656/n02006656_26630.JPEG,129,spoonbill
train/n02006656/n02006656_14100.JPEG,129,spoonbill
train/n02006656/n02006656_4601.JPEG,129,spoonbill
train/n02007558/n02007558_9860.JPEG,130,flamingo
train/n02007558/n02007558_605.JPEG,130,flamingo
train/n02007558/n02007558_3140.JPEG,130,flamingo
train/n02007558/n02007558_14650.JPEG,130,flamingo
train/n02007558/n02007558_10975.JPEG,130,flamingo
train/n02007558/n02007558_3839.JPEG,130,flamingo
train/n02007558/n02007558_11218.JPEG,130,flamingo
train/n02007558/n02007558_10740.JPEG,130,flamingo
train/n02007558/n02007558_47614.JPEG,130,flamingo
train/n02007558/n02007558_4231.JPEG,130,flamingo
train/n02007558/n02007558_8032.JPEG,130,flamingo
train/n02007558/n02007558_1845.JPEG,130,flamingo
train/n02007558/n02007558_10933.JPEG,130,flamingo
train/n02007558/n02007558_13369.JPEG,130,flamingo
train/n02007558/n02007558_8223.JPEG,130,flamingo
train/n02007558/n02007558_8848.JPEG,130,flamingo
train/n02009229/n02009229_5781.JPEG,131,little blue heron
train/n02009229/n02009229_3748.JPEG,131,little blue heron
train/n02009229/n02009229_5808.JPEG,131,little blue heron
train/n02009229/n02009229_19315.JPEG,131,little blue heron
train/n02009229/n02009229_4230.JPEG,131,little blue heron
train/n02009229/n02009229_1283.JPEG,131,little blue heron
train/n02009229/n02009229_9738.JPEG,131,little blue heron
train/n02009229/n02009229_1158.JPEG,131,little blue heron
train/n02009229/n02009229_3691.JPEG,131,little blue heron
train/n02009229/n02009229_4486.JPEG,131,little blue heron
train/n02009229/n02009229_1982.JPEG,131,little blue heron
train/n02009229/n02009229_4222.JPEG,131,little blue heron
train/n02009229/n02009229_2217.JPEG,131,little blue heron
train/n02009229/n02009229_5049.JPEG,131,little blue heron
train/n02009229/n02009229_5547.JPEG,131,little blue heron
train/n02009229/n02009229_70.JPEG,131,little blue heron
train/n02009912/n02009912_19413.JPEG,132,great egret
train/n02009912/n02009912_13815.JPEG,132,great egret
train/n02009912/n02009912_6325.JPEG,132,great egret
train/n02009912/n02009912_5976.JPEG,132,great egret
train/n02009912/n02009912_9176.JPEG,132,great egret
train/n02009912/n02009912_10231.JPEG,132,great egret
train/n02009912/n02009912_1919.JPEG,132,great egret
train/n02009912/n02009912_1759.JPEG,132,great egret
train/n02009912/n02009912_1290.JPEG,132,great egret
train/n02009912/n02009912_13340.JPEG,132,great egret
train/n02009912/n02009912_1610.JPEG,132,great egret
train/n02009912/n02009912_3575.JPEG,132,great egret
train/n02009912/n02009912_11522.JPEG,132,great egret
train/n02009912/n02009912_12213.JPEG,132,great egret
train/n02009912/n02009912_32510.JPEG,132,great egret
train/n02009912/n02009912_7072.JPEG,132,great egret
train/n02011460/n02011460_15807.JPEG,133,bittern bird
train/n02011460/n02011460_4221.JPEG,133,bittern bird
train/n02011460/n02011460_14894.JPEG,133,bittern bird
train/n02011460/n02011460_5715.JPEG,133,bittern bird
train/n02011460/n02011460_11392.JPEG,133,bittern bird
train/n02011460/n02011460_9355.JPEG,133,bittern bird
train/n02011460/n02011460_1362.JPEG,133,bittern bird
train/n02011460/n02011460_1720.JPEG,133,bittern bird
train/n02011460/n02011460_1446.JPEG,133,bittern bird
train/n02011460/n02011460_8308.JPEG,133,bittern bird
train/n02011460/n02011460_12392.JPEG,133,bittern bird
train/n02011460/n02011460_2378.JPEG,133,bittern bird
train/n02011460/n02011460_1824.JPEG,133,bittern bird
train/n02011460/n02011460_8043.JPEG,133,bittern bird
train/n02011460/n02011460_6999.JPEG,133,bittern bird
train/n02011460/n02011460_55.JPEG,133,bittern bird
train/n02012849/n02012849_6856.JPEG,134,crane bird
train/n02012849/n02012849_378.JPEG,134,crane bird
train/n02012849/n02012849_30.JPEG,134,crane bird
train/n02012849/n02012849_24618.JPEG,134,crane bird
train/n02012849/n02012849_13877.JPEG,134,crane bird
train/n02012849/n02012849_9019.JPEG,134,crane bird
train/n02012849/n02012849_26.JPEG,134,crane bird
train/n02012849/n02012849_1790.JPEG,134,crane bird
train/n02012849/n02012849_26728.JPEG,134,crane bird
train/n02012849/n02012849_8344.JPEG,134,crane bird
train/n02012849/n02012849_7241.JPEG,134,crane bird
train/n02012849/n02012849_9299.JPEG,134,crane bird
train/n02012849/n02012849_2111.JPEG,134,crane bird
train/n02012849/n02012849_6598.JPEG,134,crane bird
train/n02012849/n02012849_1608.JPEG,134,crane bird
train/n02012849/n02012849_8390.JPEG,134,crane bird
train/n02013706/n02013706_1167.JPEG,135,limpkin
train/n02013706/n02013706_1666.JPEG,135,limpkin
train/n02013706/n02013706_5191.JPEG,135,limpkin
train/n02013706/n02013706_744.JPEG,135,limpkin
train/n02013706/n02013706_783.JPEG,135,limpkin
train/n02013706/n02013706_12116.JPEG,135,limpkin
train/n02013706/n02013706_1845.JPEG,135,limpkin
train/n02013706/n02013706_4464.JPEG,135,limpkin
train/n02013706/n02013706_5183.JPEG,135,limpkin
train/n02013706/n02013706_5974.JPEG,135,limpkin
train/n02013706/n02013706_2236.JPEG,135,limpkin
train/n02013706/n02013706_9716.JPEG,135,limpkin
train/n02013706/n02013706_66.JPEG,135,limpkin
train/n02013706/n02013706_15125.JPEG,135,limpkin
train/n02013706/n02013706_13594.JPEG,135,limpkin
train/n02013706/n02013706_1597.JPEG,135,limpkin
train/n02017213/n02017213_2770.JPEG,136,common gallinule
train/n02017213/n02017213_12640.JPEG,136,common gallinule
train/n02017213/n02017213_870.JPEG,136,common gallinule
train/n02017213/n02017213_7259.JPEG,136,common gallinule
train/n02017213/n02017213_2412.JPEG,136,common gallinule
train/n02017213/n02017213_8245.JPEG,136,common gallinule
train/n02017213/n02017213_6585.JPEG,136,common gallinule
train/n02017213/n02017213_7669.JPEG,136,common gallinule
train/n02017213/n02017213_9668.JPEG,136,common gallinule
train/n02017213/n02017213_4617.JPEG,136,common gallinule
train/n02017213/n02017213_8090.JPEG,136,common gallinule
train/n02017213/n02017213_12058.JPEG,136,common gallinule
train/n02017213/n02017213_14237.JPEG,136,common gallinule
train/n02017213/n02017213_5491.JPEG,136,common gallinule
train/n02017213/n02017213_7694.JPEG,136,common gallinule
train/n02017213/n02017213_2951.JPEG,136,common gallinule
train/n02018207/n02018207_3528.JPEG,137,American coot
train/n02018207/n02018207_7931.JPEG,137,American coot
train/n02018207/n02018207_27094.JPEG,137,American coot
train/n02018207/n02018207_4186.JPEG,137,American coot
train/n02018207/n02018207_3534.JPEG,137,American coot
train/n02018207/n02018207_15250.JPEG,137,American coot
train/n02018207/n02018207_8730.JPEG,137,American coot
train/n02018207/n02018207_3624.JPEG,137,American coot
train/n02018207/n02018207_11300.JPEG,137,American coot
train/n02018207/n02018207_2791.JPEG,137,American coot
train/n02018207/n02018207_11314.JPEG,137,American coot
train/n02018207/n02018207_1645.JPEG,137,American coot
train/n02018207/n02018207_13112.JPEG,137,American coot
train/n02018207/n02018207_786.JPEG,137,American coot
train/n02018207/n02018207_6772.JPEG,137,American coot
train/n02018207/n02018207_6941.JPEG,137,American coot
train/n02018795/n02018795_5211.JPEG,138,bustard
train/n02018795/n02018795_11561.JPEG,138,bustard
train/n02018795/n02018795_8095.JPEG,138,bustard
train/n02018795/n02018795_2859.JPEG,138,bustard
train/n02018795/n02018795_2205.JPEG,138,bustard
train/n02018795/n02018795_354.JPEG,138,bustard
train/n02018795/n02018795_4800.JPEG,138,bustard
train/n02018795/n02018795_14417.JPEG,138,bustard
train/n02018795/n02018795_1748.JPEG,138,bustard
train/n02018795/n02018795_8980.JPEG,138,bustard
train/n02018795/n02018795_5611.JPEG,138,bustard
train/n02018795/n02018795_18514.JPEG,138,bustard
train/n02018795/n02018795_7896.JPEG,138,bustard
train/n02018795/n02018795_6600.JPEG,138,bustard
train/n02018795/n02018795_11551.JPEG,138,bustard
train/n02018795/n02018795_688.JPEG,138,bustard
train/n02025239/n02025239_2036.JPEG,139,ruddy turnstone
train/n02025239/n02025239_14488.JPEG,139,ruddy turnstone
train/n02025239/n02025239_7083.JPEG,139,ruddy turnstone
train/n02025239/n02025239_13659.JPEG,139,ruddy turnstone
train/n02025239/n02025239_19.JPEG,139,ruddy turnstone
train/n02025239/n02025239_2890.JPEG,139,ruddy turnstone
train/n02025239/n02025239_20387.JPEG,139,ruddy turnstone
train/n02025239/n02025239_4617.JPEG,139,ruddy turnstone
train/n02025239/n02025239_6132.JPEG,139,ruddy turnstone
train/n02025239/n02025239_456.JPEG,139,ruddy turnstone
train/n02025239/n02025239_366.JPEG,139,ruddy turnstone
train/n02025239/n02025239_1025.JPEG,139,ruddy turnstone
train/n02025239/n02025239_3460.JPEG,139,ruddy turnstone
train/n02025239/n02025239_10194.JPEG,139,ruddy turnstone
train/n02025239/n02025239_20994.JPEG,139,ruddy turnstone
train/n02025239/n02025239_2283.JPEG,139,ruddy turnstone
train/n02027492/n02027492_10740.JPEG,140,dunlin
train/n02027492/n02027492_4900.JPEG,140,dunlin
train/n02027492/n02027492_580.JPEG,140,dunlin
train/n02027492/n02027492_4924.JPEG,140,dunlin
train/n02027492/n02027492_4628.JPEG,140,dunlin
train/n02027492/n02027492_10869.JPEG,140,dunlin
train/n02027492/n02027492_10252.JPEG,140,dunlin
train/n02027492/n02027492_14963.JPEG,140,dunlin
train/n02027492/n02027492_4421.JPEG,140,dunlin
train/n02027492/n02027492_1537.JPEG,140,dunlin
train/n02027492/n02027492_4928.JPEG,140,dunlin
train/n02027492/n02027492_19320.JPEG,140,dunlin
train/n02027492/n02027492_1532.JPEG,140,dunlin
train/n02027492/n02027492_9431.JPEG,140,dunlin
train/n02027492/n02027492_1988.JPEG,140,dunlin
train/n02027492/n02027492_370.JPEG,140,dunlin
train/n02028035/n02028035_4700.JPEG,141,common redshank
train/n02028035/n02028035_27545.JPEG,141,common redshank
train/n02028035/n02028035_21199.JPEG,141,common redshank
train/n02028035/n02028035_10020.JPEG,141,common redshank
train/n02028035/n02028035_8380.JPEG,141,common redshank
train/n02028035/n02028035_30820.JPEG,141,common redshank
train/n02028035/n02028035_448.JPEG,141,common redshank
train/n02028035/n02028035_2957.JPEG,141,common redshank
train/n02028035/n02028035_11047.JPEG,141,common redshank
train/n02028035/n02028035_1677.JPEG,141,common redshank
train/n02028035/n02028035_1505.JPEG,141,common redshank
train/n02028035/n02028035_4279.JPEG,141,common redshank
train/n02028035/n02028035_8690.JPEG,141,common redshank
train/n02028035/n02028035_15566.JPEG,141,common redshank
train/n02028035/n02028035_450.JPEG,141,common redshank
train/n02028035/n02028035_7363.JPEG,141,common redshank
train/n02033041/n02033041_1980.JPEG,142,dowitcher
train/n02033041/n02033041_5281.JPEG,142,dowitcher
train/n02033041/n02033041_2139.JPEG,142,dowitcher
train/n02033041/n02033041_11477.JPEG,142,dowitcher
train/n02033041/n02033041_7138.JPEG,142,dowitcher
train/n02033041/n02033041_4448.JPEG,142,dowitcher
train/n02033041/n02033041_2219.JPEG,142,dowitcher
train/n02033041/n02033041_9537.JPEG,142,dowitcher
train/n02033041/n02033041_6427.JPEG,142,dowitcher
train/n02033041/n02033041_2516.JPEG,142,dowitcher
train/n02033041/n02033041_511.JPEG,142,dowitcher
train/n02033041/n02033041_179.JPEG,142,dowitcher
train/n02033041/n02033041_2275.JPEG,142,dowitcher
train/n02033041/n02033041_7229.JPEG,142,dowitcher
train/n02033041/n02033041_2437.JPEG,142,dowitcher
train/n02033041/n02033041_413.JPEG,142,dowitcher
train/n02037110/n02037110_28106.JPEG,143,oystercatcher
train/n02037110/n02037110_2686.JPEG,143,oystercatcher
train/n02037110/n02037110_5980.JPEG,143,oystercatcher
train/n02037110/n02037110_1990.JPEG,143,oystercatcher
train/n02037110/n02037110_8136.JPEG,143,oystercatcher
train/n02037110/n02037110_5669.JPEG,143,oystercatcher
train/n02037110/n02037110_12769.JPEG,143,oystercatcher
train/n02037110/n02037110_11976.JPEG,143,oystercatcher
train/n02037110/n02037110_7684.JPEG,143,oystercatcher
train/n02037110/n02037110_14842.JPEG,143,oystercatcher
train/n02037110/n02037110_6262.JPEG,143,oystercatcher
train/n02037110/n02037110_24926.JPEG,143,oystercatcher
train/n02037110/n02037110_9001.JPEG,143,oystercatcher
train/n02037110/n02037110_12235.JPEG,143,oystercatcher
train/n02037110/n02037110_12627.JPEG,143,oystercatcher
train/n02037110/n02037110_13549.JPEG,143,oystercatcher
train/n02051845/n02051845_37305.JPEG,144,pelican
train/n02051845/n02051845_551.JPEG,144,pelican
train/n02051845/n02051845_8191.JPEG,144,pelican
train/n02051845/n02051845_11774.JPEG,144,pelican
train/n02051845/n02051845_1004.JPEG,144,pelican
train/n02051845/n02051845_15734.JPEG,144,pelican
train/n02051845/n02051845_39795.JPEG,144,pelican
train/n02051845/n02051845_674.JPEG,144,pelican
train/n02051845/n02051845_6309.JPEG,144,pelican
train/n02051845/n02051845_5688.JPEG,144,pelican
train/n02051845/n02051845_10009.JPEG,144,pelican
train/n02051845/n02051845_9060.JPEG,144,pelican
train/n02051845/n02051845_44305.JPEG,144,pelican
train/n02051845/n02051845_15476.JPEG,144,pelican
train/n02051845/n02051845_1238.JPEG,144,pelican
train/n02051845/n02051845_13522.JPEG,144,pelican
train/n02056570/n02056570_8518.JPEG,145,king penguin
train/n02056570/n02056570_4322.JPEG,145,king penguin
train/n02056570/n02056570_10990.JPEG,145,king penguin
train/n02056570/n02056570_9362.JPEG,145,king penguin
train/n02056570/n02056570_9519.JPEG,145,king penguin
train/n02056570/n02056570_9673.JPEG,145,king penguin
train/n02056570/n02056570_22799.JPEG,145,king penguin
train/n02056570/n02056570_12660.JPEG,145,king penguin
train/n02056570/n02056570_9524.JPEG,145,king penguin
train/n02056570/n02056570_3258.JPEG,145,king penguin
train/n02056570/n02056570_8992.JPEG,145,king penguin
train/n02056570/n02056570_5979.JPEG,145,king penguin
train/n02056570/n02056570_9581.JPEG,145,king penguin
train/n02056570/n02056570_8604.JPEG,145,king penguin
train/n02056570/n02056570_7925.JPEG,145,king penguin
train/n02056570/n02056570_8582.JPEG,145,king penguin
train/n02058221/n02058221_9925.JPEG,146,albatross
train/n02058221/n02058221_13049.JPEG,146,albatross
train/n02058221/n02058221_7461.JPEG,146,albatross
train/n02058221/n02058221_7042.JPEG,146,albatross
train/n02058221/n02058221_9104.JPEG,146,albatross
train/n02058221/n02058221_4682.JPEG,146,albatross
train/n02058221/n02058221_2782.JPEG,146,albatross
train/n02058221/n02058221_28184.JPEG,146,albatross
train/n02058221/n02058221_8628.JPEG,146,albatross
train/n02058221/n02058221_1901.JPEG,146,albatross
train/n02058221/n02058221_9810.JPEG,146,albatross
train/n02058221/n02058221_3176.JPEG,146,albatross
train/n02058221/n02058221_11097.JPEG,146,albatross
train/n02058221/n02058221_3461.JPEG,146,albatross
train/n02058221/n02058221_8625.JPEG,146,albatross
train/n02058221/n02058221_8782.JPEG,146,albatross
train/n02066245/n02066245_22471.JPEG,147,grey whale
train/n02066245/n02066245_683.JPEG,147,grey whale
train/n02066245/n02066245_36721.JPEG,147,grey whale
train/n02066245/n02066245_12938.JPEG,147,grey whale
train/n02066245/n02066245_11290.JPEG,147,grey whale
train/n02066245/n02066245_1789.JPEG,147,grey whale
train/n02066245/n02066245_29939.JPEG,147,grey whale
train/n02066245/n02066245_232.JPEG,147,grey whale
train/n02066245/n02066245_21927.JPEG,147,grey whale
train/n02066245/n02066245_36980.JPEG,147,grey whale
train/n02066245/n02066245_1217.JPEG,147,grey whale
train/n02066245/n02066245_631.JPEG,147,grey whale
train/n02066245/n02066245_22320.JPEG,147,grey whale
train/n02066245/n02066245_18561.JPEG,147,grey whale
train/n02066245/n02066245_7228.JPEG,147,grey whale
train/n02066245/n02066245_12072.JPEG,147,grey whale
train/n02071294/n02071294_46373.JPEG,148,killer whale
train/n02071294/n02071294_6190.JPEG,148,killer whale
train/n02071294/n02071294_11417.JPEG,148,killer whale
train/n02071294/n02071294_42141.JPEG,148,killer whale
train/n02071294/n02071294_43584.JPEG,148,killer whale
train/n02071294/n02071294_3181.JPEG,148,killer whale
train/n02071294/n02071294_20314.JPEG,148,killer whale
train/n02071294/n02071294_26403.JPEG,148,killer whale
train/n02071294/n02071294_10925.JPEG,148,killer whale
train/n02071294/n02071294_4009.JPEG,148,killer whale
train/n02071294/n02071294_1918.JPEG,148,killer whale
train/n02071294/n02071294_44608.JPEG,148,killer whale
train/n02071294/n02071294_10826.JPEG,148,killer whale
train/n02071294/n02071294_13545.JPEG,148,killer whale
train/n02071294/n02071294_2749.JPEG,148,killer whale
train/n02071294/n02071294_6259.JPEG,148,killer whale
train/n02074367/n02074367_2359.JPEG,149,dugong
train/n02074367/n02074367_190.JPEG,149,dugong
train/n02074367/n02074367_7702.JPEG,149,dugong
train/n02074367/n02074367_5648.JPEG,149,dugong
train/n02074367/n02074367_5559.JPEG,149,dugong
train/n02074367/n02074367_1912.JPEG,149,dugong
train/n02074367/n02074367_6490.JPEG,149,dugong
train/n02074367/n02074367_11419.JPEG,149,dugong
train/n02074367/n02074367_5425.JPEG,149,dugong
train/n02074367/n02074367_21523.JPEG,149,dugong
train/n02074367/n02074367_5189.JPEG,149,dugong
train/n02074367/n02074367_17646.JPEG,149,dugong
train/n02074367/n02074367_6544.JPEG,149,dugong
train/n02074367/n02074367_3585.JPEG,149,dugong
train/n02074367/n02074367_14204.JPEG,149,dugong
train/n02074367/n02074367_20018.JPEG,149,dugong
train/n02077923/n02077923_4673.JPEG,150,sea lion
train/n02077923/n02077923_4834.JPEG,150,sea lion
train/n02077923/n02077923_14585.JPEG,150,sea lion
train/n02077923/n02077923_11114.JPEG,150,sea lion
train/n02077923/n02077923_4533.JPEG,150,sea lion
train/n02077923/n02077923_8224.JPEG,150,sea lion
train/n02077923/n02077923_4973.JPEG,150,sea lion
train/n02077923/n02077923_11566.JPEG,150,sea lion
train/n02077923/n02077923_806.JPEG,150,sea lion
train/n02077923/n02077923_3812.JPEG,150,sea lion
train/n02077923/n02077923_1052.JPEG,150,sea lion
train/n02077923/n02077923_15275.JPEG,150,sea lion
train/n02077923/n02077923_2730.JPEG,150,sea lion
train/n02077923/n02077923_2491.JPEG,150,sea lion
train/n02077923/n02077923_4355.JPEG,150,sea lion
train/n02077923/n02077923_437.JPEG,150,sea lion
train/n02085620/n02085620_4629.JPEG,151,Chihuahua
train/n02085620/n02085620_10438.JPEG,151,Chihuahua
train/n02085620/n02085620_2887.JPEG,151,Chihuahua
train/n02085620/n02085620_9270.JPEG,151,Chihuahua
train/n02085620/n02085620_5002.JPEG,151,Chihuahua
train/n02085620/n02085620_3910.JPEG,151,Chihuahua
train/n02085620/n02085620_7851.JPEG,151,Chihuahua
train/n02085620/n02085620_2854.JPEG,151,Chihuahua
train/n02085620/n02085620_12334.JPEG,151,Chihuahua
train/n02085620/n02085620_4298.JPEG,151,Chihuahua
train/n02085620/n02085620_44670.JPEG,151,Chihuahua
train/n02085620/n02085620_6210.JPEG,151,Chihuahua
train/n02085620/n02085620_4385.JPEG,151,Chihuahua
train/n02085620/n02085620_22754.JPEG,151,Chihuahua
train/n02085620/n02085620_7686.JPEG,151,Chihuahua
train/n02085620/n02085620_10098.JPEG,151,Chihuahua
train/n02085782/n02085782_5040.JPEG,152,Japanese Chin
train/n02085782/n02085782_2529.JPEG,152,Japanese Chin
train/n02085782/n02085782_11107.JPEG,152,Japanese Chin
train/n02085782/n02085782_1661.JPEG,152,Japanese Chin
train/n02085782/n02085782_4042.JPEG,152,Japanese Chin
train/n02085782/n02085782_10073.JPEG,152,Japanese Chin
train/n02085782/n02085782_3849.JPEG,152,Japanese Chin
train/n02085782/n02085782_1964.JPEG,152,Japanese Chin
train/n02085782/n02085782_8684.JPEG,152,Japanese Chin
train/n02085782/n02085782_8762.JPEG,152,Japanese Chin
train/n02085782/n02085782_7872.JPEG,152,Japanese Chin
train/n02085782/n02085782_10719.JPEG,152,Japanese Chin
train/n02085782/n02085782_15098.JPEG,152,Japanese Chin
train/n02085782/n02085782_668.JPEG,152,Japanese Chin
train/n02085782/n02085782_8217.JPEG,152,Japanese Chin
train/n02085782/n02085782_10234.JPEG,152,Japanese Chin
train/n02085936/n02085936_1712.JPEG,153,Maltese
train/n02085936/n02085936_5393.JPEG,153,Maltese
train/n02085936/n02085936_14095.JPEG,153,Maltese
train/n02085936/n02085936_8679.JPEG,153,Maltese
train/n02085936/n02085936_4658.JPEG,153,Maltese
train/n02085936/n02085936_16144.JPEG,153,Maltese
train/n02085936/n02085936_9892.JPEG,153,Maltese
train/n02085936/n02085936_7142.JPEG,153,Maltese
train/n02085936/n02085936_19631.JPEG,153,Maltese
train/n02085936/n02085936_20375.JPEG,153,Maltese
train/n02085936/n02085936_16109.JPEG,153,Maltese
train/n02085936/n02085936_9632.JPEG,153,Maltese
train/n02085936/n02085936_5206.JPEG,153,Maltese
train/n02085936/n02085936_17831.JPEG,153,Maltese
train/n02085936/n02085936_15284.JPEG,153,Maltese
train/n02085936/n02085936_8872.JPEG,153,Maltese
train/n02086079/n02086079_7410.JPEG,154,Pekingese
train/n02086079/n02086079_16237.JPEG,154,Pekingese
train/n02086079/n02086079_38393.JPEG,154,Pekingese
train/n02086079/n02086079_2287.JPEG,154,Pekingese
train/n02086079/n02086079_9861.JPEG,154,Pekingese
train/n02086079/n02086079_817.JPEG,154,Pekingese
train/n02086079/n02086079_242.JPEG,154,Pekingese
train/n02086079/n02086079_6975.JPEG,154,Pekingese
train/n02086079/n02086079_16313.JPEG,154,Pekingese
train/n02086079/n02086079_6627.JPEG,154,Pekingese
train/n02086079/n02086079_155.JPEG,154,Pekingese
train/n02086079/n02086079_36395.JPEG,154,Pekingese
train/n02086079/n02086079_6959.JPEG,154,Pekingese
train/n02086079/n02086079_18372.JPEG,154,Pekingese
train/n02086079/n02086079_16842.JPEG,154,Pekingese
train/n02086079/n02086079_33753.JPEG,154,Pekingese
train/n02086240/n02086240_2497.JPEG,155,Shih Tzu
train/n02086240/n02086240_11778.JPEG,155,Shih Tzu
train/n02086240/n02086240_7982.JPEG,155,Shih Tzu
train/n02086240/n02086240_3676.JPEG,155,Shih Tzu
train/n02086240/n02086240_6733.JPEG,155,Shih Tzu
train/n02086240/n02086240_6153.JPEG,155,Shih Tzu
train/n02086240/n02086240_7240.JPEG,155,Shih Tzu
train/n02086240/n02086240_11551.JPEG,155,Shih Tzu
train/n02086240/n02086240_7266.JPEG,155,Shih Tzu
train/n02086240/n02086240_3930.JPEG,155,Shih Tzu
train/n02086240/n02086240_10104.JPEG,155,Shih Tzu
train/n02086240/n02086240_1366.JPEG,155,Shih Tzu
train/n02086240/n02086240_5550.JPEG,155,Shih Tzu
train/n02086240/n02086240_5555.JPEG,155,Shih Tzu
train/n02086240/n02086240_12634.JPEG,155,Shih Tzu
train/n02086240/n02086240_146.JPEG,155,Shih Tzu
train/n02086646/n02086646_228.JPEG,156,King Charles Spaniel
train/n02086646/n02086646_5329.JPEG,156,King Charles Spaniel
train/n02086646/n02086646_7767.JPEG,156,King Charles Spaniel
train/n02086646/n02086646_8062.JPEG,156,King Charles Spaniel
train/n02086646/n02086646_8503.JPEG,156,King Charles Spaniel
train/n02086646/n02086646_6216.JPEG,156,King Charles Spaniel
train/n02086646/n02086646_5768.JPEG,156,King Charles Spaniel
train/n02086646/n02086646_7131.JPEG,156,King Charles Spaniel
train/n02086646/n02086646_5648.JPEG,156,King Charles Spaniel
train/n02086646/n02086646_3235.JPEG,156,King Charles Spaniel
train/n02086646/n02086646_7498.JPEG,156,King Charles Spaniel
train/n02086646/n02086646_2805.JPEG,156,King Charles Spaniel
train/n02086646/n02086646_5909.JPEG,156,King Charles Spaniel
train/n02086646/n02086646_637.JPEG,156,King Charles Spaniel
train/n02086646/n02086646_9424.JPEG,156,King Charles Spaniel
train/n02086646/n02086646_6612.JPEG,156,King Charles Spaniel
train/n02086910/n02086910_4950.JPEG,157,Papillon
train/n02086910/n02086910_103.JPEG,157,Papillon
train/n02086910/n02086910_1010.JPEG,157,Papillon
train/n02086910/n02086910_11422.JPEG,157,Papillon
train/n02086910/n02086910_1351.JPEG,157,Papillon
train/n02086910/n02086910_6061.JPEG,157,Papillon
train/n02086910/n02086910_14434.JPEG,157,Papillon
train/n02086910/n02086910_2385.JPEG,157,Papillon
train/n02086910/n02086910_5597.JPEG,157,Papillon
train/n02086910/n02086910_14613.JPEG,157,Papillon
train/n02086910/n02086910_2999.JPEG,157,Papillon
train/n02086910/n02086910_14326.JPEG,157,Papillon
train/n02086910/n02086910_10962.JPEG,157,Papillon
train/n02086910/n02086910_15997.JPEG,157,Papillon
train/n02086910/n02086910_10147.JPEG,157,Papillon
train/n02086910/n02086910_4684.JPEG,157,Papillon
train/n02087046/n02087046_2334.JPEG,158,toy terrier
train/n02087046/n02087046_2464.JPEG,158,toy terrier
train/n02087046/n02087046_7214.JPEG,158,toy terrier
train/n02087046/n02087046_10404.JPEG,158,toy terrier
train/n02087046/n02087046_2843.JPEG,158,toy terrier
train/n02087046/n02087046_4466.JPEG,158,toy terrier
train/n02087046/n02087046_7289.JPEG,158,toy terrier
train/n02087046/n02087046_595.JPEG,158,toy terrier
train/n02087046/n02087046_4025.JPEG,158,toy terrier
train/n02087046/n02087046_2037.JPEG,158,toy terrier
train/n02087046/n02087046_2374.JPEG,158,toy terrier
train/n02087046/n02087046_1265.JPEG,158,toy terrier
train/n02087046/n02087046_5317.JPEG,158,toy terrier
train/n02087046/n02087046_9762.JPEG,158,toy terrier
train/n02087046/n02087046_4182.JPEG,158,toy terrier
train/n02087046/n02087046_1581.JPEG,158,toy terrier
train/n02087394/n02087394_14457.JPEG,159,Rhodesian Ridgeback
train/n02087394/n02087394_7499.JPEG,159,Rhodesian Ridgeback
train/n02087394/n02087394_10040.JPEG,159,Rhodesian Ridgeback
train/n02087394/n02087394_7825.JPEG,159,Rhodesian Ridgeback
train/n02087394/n02087394_1185.JPEG,159,Rhodesian Ridgeback
train/n02087394/n02087394_11069.JPEG,159,Rhodesian Ridgeback
train/n02087394/n02087394_22910.JPEG,159,Rhodesian Ridgeback
train/n02087394/n02087394_2326.JPEG,159,Rhodesian Ridgeback
train/n02087394/n02087394_7263.JPEG,159,Rhodesian Ridgeback
train/n02087394/n02087394_2257.JPEG,159,Rhodesian Ridgeback
train/n02087394/n02087394_1057.JPEG,159,Rhodesian Ridgeback
train/n02087394/n02087394_6863.JPEG,159,Rhodesian Ridgeback
train/n02087394/n02087394_21609.JPEG,159,Rhodesian Ridgeback
train/n02087394/n02087394_37.JPEG,159,Rhodesian Ridgeback
train/n02087394/n02087394_7124.JPEG,159,Rhodesian Ridgeback
train/n02087394/n02087394_8105.JPEG,159,Rhodesian Ridgeback
train/n02088094/n02088094_4286.JPEG,160,Afghan Hound
train/n02088094/n02088094_3740.JPEG,160,Afghan Hound
train/n02088094/n02088094_7271.JPEG,160,Afghan Hound
train/n02088094/n02088094_5359.JPEG,160,Afghan Hound
train/n02088094/n02088094_3370.JPEG,160,Afghan Hound
train/n02088094/n02088094_13714.JPEG,160,Afghan Hound
train/n02088094/n02088094_5611.JPEG,160,Afghan Hound
train/n02088094/n02088094_7208.JPEG,160,Afghan Hound
train/n02088094/n02088094_4420.JPEG,160,Afghan Hound
train/n02088094/n02088094_5390.JPEG,160,Afghan Hound
train/n02088094/n02088094_3150.JPEG,160,Afghan Hound
train/n02088094/n02088094_12733.JPEG,160,Afghan Hound
train/n02088094/n02088094_3391.JPEG,160,Afghan Hound
train/n02088094/n02088094_2107.JPEG,160,Afghan Hound
train/n02088094/n02088094_1592.JPEG,160,Afghan Hound
train/n02088094/n02088094_5844.JPEG,160,Afghan Hound
train/n02088238/n02088238_3553.JPEG,161,Basset Hound
train/n02088238/n02088238_6233.JPEG,161,Basset Hound
train/n02088238/n02088238_816.JPEG,161,Basset Hound
train/n02088238/n02088238_10053.JPEG,161,Basset Hound
train/n02088238/n02088238_11711.JPEG,161,Basset Hound
train/n02088238/n02088238_5184.JPEG,161,Basset Hound
train/n02088238/n02088238_9864.JPEG,161,Basset Hound
train/n02088238/n02088238_3479.JPEG,161,Basset Hound
train/n02088238/n02088238_3525.JPEG,161,Basset Hound
train/n02088238/n02088238_10245.JPEG,161,Basset Hound
train/n02088238/n02088238_2221.JPEG,161,Basset Hound
train/n02088238/n02088238_1119.JPEG,161,Basset Hound
train/n02088238/n02088238_11609.JPEG,161,Basset Hound
train/n02088238/n02088238_9947.JPEG,161,Basset Hound
train/n02088238/n02088238_1921.JPEG,161,Basset Hound
train/n02088238/n02088238_1224.JPEG,161,Basset Hound
train/n02088364/n02088364_2630.JPEG,162,Beagle
train/n02088364/n02088364_13428.JPEG,162,Beagle
train/n02088364/n02088364_6692.JPEG,162,Beagle
train/n02088364/n02088364_15454.JPEG,162,Beagle
train/n02088364/n02088364_6773.JPEG,162,Beagle
train/n02088364/n02088364_7583.JPEG,162,Beagle
train/n02088364/n02088364_14972.JPEG,162,Beagle
train/n02088364/n02088364_2402.JPEG,162,Beagle
train/n02088364/n02088364_5137.JPEG,162,Beagle
train/n02088364/n02088364_7443.JPEG,162,Beagle
train/n02088364/n02088364_3570.JPEG,162,Beagle
train/n02088364/n02088364_10404.JPEG,162,Beagle
train/n02088364/n02088364_14668.JPEG,162,Beagle
train/n02088364/n02088364_7050.JPEG,162,Beagle
train/n02088364/n02088364_11270.JPEG,162,Beagle
train/n02088364/n02088364_12171.JPEG,162,Beagle
train/n02088466/n02088466_4771.JPEG,163,Bloodhound
train/n02088466/n02088466_3357.JPEG,163,Bloodhound
train/n02088466/n02088466_3183.JPEG,163,Bloodhound
train/n02088466/n02088466_2502.JPEG,163,Bloodhound
train/n02088466/n02088466_12075.JPEG,163,Bloodhound
train/n02088466/n02088466_6432.JPEG,163,Bloodhound
train/n02088466/n02088466_6207.JPEG,163,Bloodhound
train/n02088466/n02088466_4789.JPEG,163,Bloodhound
train/n02088466/n02088466_2214.JPEG,163,Bloodhound
train/n02088466/n02088466_1963.JPEG,163,Bloodhound
train/n02088466/n02088466_9579.JPEG,163,Bloodhound
train/n02088466/n02088466_4573.JPEG,163,Bloodhound
train/n02088466/n02088466_7468.JPEG,163,Bloodhound
train/n02088466/n02088466_757.JPEG,163,Bloodhound
train/n02088466/n02088466_5006.JPEG,163,Bloodhound
train/n02088466/n02088466_705.JPEG,163,Bloodhound
train/n02088632/n02088632_7474.JPEG,164,Bluetick Coonhound
train/n02088632/n02088632_8510.JPEG,164,Bluetick Coonhound
train/n02088632/n02088632_5893.JPEG,164,Bluetick Coonhound
train/n02088632/n02088632_3349.JPEG,164,Bluetick Coonhound
train/n02088632/n02088632_9509.JPEG,164,Bluetick Coonhound
train/n02088632/n02088632_9024.JPEG,164,Bluetick Coonhound
train/n02088632/n02088632_9213.JPEG,164,Bluetick Coonhound
train/n02088632/n02088632_8927.JPEG,164,Bluetick Coonhound
train/n02088632/n02088632_4402.JPEG,164,Bluetick Coonhound
train/n02088632/n02088632_8433.JPEG,164,Bluetick Coonhound
train/n02088632/n02088632_1690.JPEG,164,Bluetick Coonhound
train/n02088632/n02088632_8808.JPEG,164,Bluetick Coonhound
train/n02088632/n02088632_8757.JPEG,164,Bluetick Coonhound
train/n02088632/n02088632_9788.JPEG,164,Bluetick Coonhound
train/n02088632/n02088632_744.JPEG,164,Bluetick Coonhound
train/n02088632/n02088632_7660.JPEG,164,Bluetick Coonhound
train/n02089078/n02089078_1749.JPEG,165,Black and Tan Coonhound
train/n02089078/n02089078_175.JPEG,165,Black and Tan Coonhound
train/n02089078/n02089078_6518.JPEG,165,Black and Tan Coonhound
train/n02089078/n02089078_927.JPEG,165,Black and Tan Coonhound
train/n02089078/n02089078_3303.JPEG,165,Black and Tan Coonhound
train/n02089078/n02089078_4484.JPEG,165,Black and Tan Coonhound
train/n02089078/n02089078_9671.JPEG,165,Black and Tan Coonhound
train/n02089078/n02089078_7894.JPEG,165,Black and Tan Coonhound
train/n02089078/n02089078_9326.JPEG,165,Black and Tan Coonhound
train/n02089078/n02089078_9107.JPEG,165,Black and Tan Coonhound
train/n02089078/n02089078_4798.JPEG,165,Black and Tan Coonhound
train/n02089078/n02089078_1456.JPEG,165,Black and Tan Coonhound
train/n02089078/n02089078_10032.JPEG,165,Black and Tan Coonhound
train/n02089078/n02089078_1814.JPEG,165,Black and Tan Coonhound
train/n02089078/n02089078_4162.JPEG,165,Black and Tan Coonhound
train/n02089078/n02089078_6299.JPEG,165,Black and Tan Coonhound
train/n02089867/n02089867_5756.JPEG,166,Treeing Walker Coonhound
train/n02089867/n02089867_6538.JPEG,166,Treeing Walker Coonhound
train/n02089867/n02089867_4350.JPEG,166,Treeing Walker Coonhound
train/n02089867/n02089867_5057.JPEG,166,Treeing Walker Coonhound
train/n02089867/n02089867_5767.JPEG,166,Treeing Walker Coonhound
train/n02089867/n02089867_6737.JPEG,166,Treeing Walker Coonhound
train/n02089867/n02089867_8188.JPEG,166,Treeing Walker Coonhound
train/n02089867/n02089867_3688.JPEG,166,Treeing Walker Coonhound
train/n02089867/n02089867_8315.JPEG,166,Treeing Walker Coonhound
train/n02089867/n02089867_970.JPEG,166,Treeing Walker Coonhound
train/n02089867/n02089867_5022.JPEG,166,Treeing Walker Coonhound
train/n02089867/n02089867_4230.JPEG,166,Treeing Walker Coonhound
train/n02089867/n02089867_689.JPEG,166,Treeing Walker Coonhound
train/n02089867/n02089867_5645.JPEG,166,Treeing Walker Coonhound
train/n02089867/n02089867_7242.JPEG,166,Treeing Walker Coonhound
train/n02089867/n02089867_3681.JPEG,166,Treeing Walker Coonhound
train/n02089973/n02089973_8720.JPEG,167,English foxhound
train/n02089973/n02089973_2788.JPEG,167,English foxhound
train/n02089973/n02089973_3860.JPEG,167,English foxhound
train/n02089973/n02089973_3651.JPEG,167,English foxhound
train/n02089973/n02089973_5029.JPEG,167,English foxhound
train/n02089973/n02089973_1078.JPEG,167,English foxhound
train/n02089973/n02089973_3160.JPEG,167,English foxhound
train/n02089973/n02089973_2411.JPEG,167,English foxhound
train/n02089973/n02089973_10713.JPEG,167,English foxhound
train/n02089973/n02089973_5546.JPEG,167,English foxhound
train/n02089973/n02089973_4926.JPEG,167,English foxhound
train/n02089973/n02089973_263.JPEG,167,English foxhound
train/n02089973/n02089973_11475.JPEG,167,English foxhound
train/n02089973/n02089973_525.JPEG,167,English foxhound
train/n02089973/n02089973_5957.JPEG,167,English foxhound
train/n02089973/n02089973_2404.JPEG,167,English foxhound
train/n02090379/n02090379_1000.JPEG,168,Redbone Coonhound
train/n02090379/n02090379_6479.JPEG,168,Redbone Coonhound
train/n02090379/n02090379_5272.JPEG,168,Redbone Coonhound
train/n02090379/n02090379_6438.JPEG,168,Redbone Coonhound
train/n02090379/n02090379_291.JPEG,168,Redbone Coonhound
train/n02090379/n02090379_5079.JPEG,168,Redbone Coonhound
train/n02090379/n02090379_6197.JPEG,168,Redbone Coonhound
train/n02090379/n02090379_433.JPEG,168,Redbone Coonhound
train/n02090379/n02090379_12058.JPEG,168,Redbone Coonhound
train/n02090379/n02090379_3152.JPEG,168,Redbone Coonhound
train/n02090379/n02090379_5059.JPEG,168,Redbone Coonhound
train/n02090379/n02090379_4385.JPEG,168,Redbone Coonhound
train/n02090379/n02090379_11614.JPEG,168,Redbone Coonhound
train/n02090379/n02090379_510.JPEG,168,Redbone Coonhound
train/n02090379/n02090379_4622.JPEG,168,Redbone Coonhound
train/n02090379/n02090379_6019.JPEG,168,Redbone Coonhound
train/n02090622/n02090622_9597.JPEG,169,borzoi
train/n02090622/n02090622_950.JPEG,169,borzoi
train/n02090622/n02090622_5084.JPEG,169,borzoi
train/n02090622/n02090622_5023.JPEG,169,borzoi
train/n02090622/n02090622_6544.JPEG,169,borzoi
train/n02090622/n02090622_5787.JPEG,169,borzoi
train/n02090622/n02090622_4216.JPEG,169,borzoi
train/n02090622/n02090622_4090.JPEG,169,borzoi
train/n02090622/n02090622_8025.JPEG,169,borzoi
train/n02090622/n02090622_7351.JPEG,169,borzoi
train/n02090622/n02090622_395.JPEG,169,borzoi
train/n02090622/n02090622_4931.JPEG,169,borzoi
train/n02090622/n02090622_7405.JPEG,169,borzoi
train/n02090622/n02090622_6126.JPEG,169,borzoi
train/n02090622/n02090622_1573.JPEG,169,borzoi
train/n02090622/n02090622_3792.JPEG,169,borzoi
train/n02090721/n02090721_1834.JPEG,170,Irish Wolfhound
train/n02090721/n02090721_2007.JPEG,170,Irish Wolfhound
train/n02090721/n02090721_5234.JPEG,170,Irish Wolfhound
train/n02090721/n02090721_1534.JPEG,170,Irish Wolfhound
train/n02090721/n02090721_6546.JPEG,170,Irish Wolfhound
train/n02090721/n02090721_2340.JPEG,170,Irish Wolfhound
train/n02090721/n02090721_914.JPEG,170,Irish Wolfhound
train/n02090721/n02090721_950.JPEG,170,Irish Wolfhound
train/n02090721/n02090721_3426.JPEG,170,Irish Wolfhound
train/n02090721/n02090721_175.JPEG,170,Irish Wolfhound
train/n02090721/n02090721_7080.JPEG,170,Irish Wolfhound
train/n02090721/n02090721_3120.JPEG,170,Irish Wolfhound
train/n02090721/n02090721_1276.JPEG,170,Irish Wolfhound
train/n02090721/n02090721_4355.JPEG,170,Irish Wolfhound
train/n02090721/n02090721_1551.JPEG,170,Irish Wolfhound
train/n02090721/n02090721_2787.JPEG,170,Irish Wolfhound
train/n02091032/n02091032_8091.JPEG,171,Italian Greyhound
train/n02091032/n02091032_185.JPEG,171,Italian Greyhound
train/n02091032/n02091032_1917.JPEG,171,Italian Greyhound
train/n02091032/n02091032_9464.JPEG,171,Italian Greyhound
train/n02091032/n02091032_9148.JPEG,171,Italian Greyhound
train/n02091032/n02091032_4373.JPEG,171,Italian Greyhound
train/n02091032/n02091032_6762.JPEG,171,Italian Greyhound
train/n02091032/n02091032_2581.JPEG,171,Italian Greyhound
train/n02091032/n02091032_1030.JPEG,171,Italian Greyhound
train/n02091032/n02091032_9115.JPEG,171,Italian Greyhound
train/n02091032/n02091032_391.JPEG,171,Italian Greyhound
train/n02091032/n02091032_280.JPEG,171,Italian Greyhound
train/n02091032/n02091032_291.JPEG,171,Italian Greyhound
train/n02091032/n02091032_233.JPEG,171,Italian Greyhound
train/n02091032/n02091032_1524.JPEG,171,Italian Greyhound
train/n02091032/n02091032_9592.JPEG,171,Italian Greyhound
train/n02091134/n02091134_15938.JPEG,172,Whippet
train/n02091134/n02091134_18850.JPEG,172,Whippet
train/n02091134/n02091134_8460.JPEG,172,Whippet
train/n02091134/n02091134_6887.JPEG,172,Whippet
train/n02091134/n02091134_4178.JPEG,172,Whippet
train/n02091134/n02091134_9447.JPEG,172,Whippet
train/n02091134/n02091134_16890.JPEG,172,Whippet
train/n02091134/n02091134_156.JPEG,172,Whippet
train/n02091134/n02091134_828.JPEG,172,Whippet
train/n02091134/n02091134_8617.JPEG,172,Whippet
train/n02091134/n02091134_5662.JPEG,172,Whippet
train/n02091134/n02091134_1360.JPEG,172,Whippet
train/n02091134/n02091134_7733.JPEG,172,Whippet
train/n02091134/n02091134_770.JPEG,172,Whippet
train/n02091134/n02091134_8313.JPEG,172,Whippet
train/n02091134/n02091134_7432.JPEG,172,Whippet
train/n02091244/n02091244_4733.JPEG,173,Ibizan Hound
train/n02091244/n02091244_2742.JPEG,173,Ibizan Hound
train/n02091244/n02091244_1579.JPEG,173,Ibizan Hound
train/n02091244/n02091244_9136.JPEG,173,Ibizan Hound
train/n02091244/n02091244_4059.JPEG,173,Ibizan Hound
train/n02091244/n02091244_5501.JPEG,173,Ibizan Hound
train/n02091244/n02091244_2323.JPEG,173,Ibizan Hound
train/n02091244/n02091244_1285.JPEG,173,Ibizan Hound
train/n02091244/n02091244_2919.JPEG,173,Ibizan Hound
train/n02091244/n02091244_8166.JPEG,173,Ibizan Hound
train/n02091244/n02091244_9561.JPEG,173,Ibizan Hound
train/n02091244/n02091244_7223.JPEG,173,Ibizan Hound
train/n02091244/n02091244_7099.JPEG,173,Ibizan Hound
train/n02091244/n02091244_2979.JPEG,173,Ibizan Hound
train/n02091244/n02091244_11200.JPEG,173,Ibizan Hound
train/n02091244/n02091244_5248.JPEG,173,Ibizan Hound
train/n02091467/n02091467_11919.JPEG,174,Norwegian Elkhound
train/n02091467/n02091467_8490.JPEG,174,Norwegian Elkhound
train/n02091467/n02091467_4754.JPEG,174,Norwegian Elkhound
train/n02091467/n02091467_10825.JPEG,174,Norwegian Elkhound
train/n02091467/n02091467_13147.JPEG,174,Norwegian Elkhound
train/n02091467/n02091467_892.JPEG,174,Norwegian Elkhound
train/n02091467/n02091467_9859.JPEG,174,Norwegian Elkhound
train/n02091467/n02091467_4426.JPEG,174,Norwegian Elkhound
train/n02091467/n02091467_555.JPEG,174,Norwegian Elkhound
train/n02091467/n02091467_6455.JPEG,174,Norwegian Elkhound
train/n02091467/n02091467_12680.JPEG,174,Norwegian Elkhound
train/n02091467/n02091467_1544.JPEG,174,Norwegian Elkhound
train/n02091467/n02091467_13205.JPEG,174,Norwegian Elkhound
train/n02091467/n02091467_303.JPEG,174,Norwegian Elkhound
train/n02091467/n02091467_9616.JPEG,174,Norwegian Elkhound
train/n02091467/n02091467_4998.JPEG,174,Norwegian Elkhound
train/n02091635/n02091635_7144.JPEG,175,Otterhound
train/n02091635/n02091635_8214.JPEG,175,Otterhound
train/n02091635/n02091635_426.JPEG,175,Otterhound
train/n02091635/n02091635_2573.JPEG,175,Otterhound
train/n02091635/n02091635_2177.JPEG,175,Otterhound
train/n02091635/n02091635_2921.JPEG,175,Otterhound
train/n02091635/n02091635_3299.JPEG,175,Otterhound
train/n02091635/n02091635_7655.JPEG,175,Otterhound
train/n02091635/n02091635_5062.JPEG,175,Otterhound
train/n02091635/n02091635_4800.JPEG,175,Otterhound
train/n02091635/n02091635_9543.JPEG,175,Otterhound
train/n02091635/n02091635_6290.JPEG,175,Otterhound
train/n02091635/n02091635_877.JPEG,175,Otterhound
train/n02091635/n02091635_8411.JPEG,175,Otterhound
train/n02091635/n02091635_8995.JPEG,175,Otterhound
train/n02091635/n02091635_10665.JPEG,175,Otterhound
train/n02091831/n02091831_932.JPEG,176,Saluki
train/n02091831/n02091831_2628.JPEG,176,Saluki
train/n02091831/n02091831_13734.JPEG,176,Saluki
train/n02091831/n02091831_5342.JPEG,176,Saluki
train/n02091831/n02091831_2714.JPEG,176,Saluki
train/n02091831/n02091831_12302.JPEG,176,Saluki
train/n02091831/n02091831_2441.JPEG,176,Saluki
train/n02091831/n02091831_8324.JPEG,176,Saluki
train/n02091831/n02091831_11069.JPEG,176,Saluki
train/n02091831/n02091831_7199.JPEG,176,Saluki
train/n02091831/n02091831_6531.JPEG,176,Saluki
train/n02091831/n02091831_10086.JPEG,176,Saluki
train/n02091831/n02091831_1449.JPEG,176,Saluki
train/n02091831/n02091831_13486.JPEG,176,Saluki
train/n02091831/n02091831_2243.JPEG,176,Saluki
train/n02091831/n02091831_9616.JPEG,176,Saluki
train/n02092002/n02092002_6114.JPEG,177,Scottish Deerhound
train/n02092002/n02092002_7491.JPEG,177,Scottish Deerhound
train/n02092002/n02092002_1469.JPEG,177,Scottish Deerhound
train/n02092002/n02092002_11124.JPEG,177,Scottish Deerhound
train/n02092002/n02092002_2606.JPEG,177,Scottish Deerhound
train/n02092002/n02092002_15191.JPEG,177,Scottish Deerhound
train/n02092002/n02092002_3301.JPEG,177,Scottish Deerhound
train/n02092002/n02092002_14710.JPEG,177,Scottish Deerhound
train/n02092002/n02092002_14045.JPEG,177,Scottish Deerhound
train/n02092002/n02092002_15571.JPEG,177,Scottish Deerhound
train/n02092002/n02092002_15006.JPEG,177,Scottish Deerhound
train/n02092002/n02092002_12493.JPEG,177,Scottish Deerhound
train/n02092002/n02092002_6350.JPEG,177,Scottish Deerhound
train/n02092002/n02092002_15758.JPEG,177,Scottish Deerhound
train/n02092002/n02092002_371.JPEG,177,Scottish Deerhound
train/n02092002/n02092002_14912.JPEG,177,Scottish Deerhound
train/n02092339/n02092339_3326.JPEG,178,Weimaraner
train/n02092339/n02092339_1691.JPEG,178,Weimaraner
train/n02092339/n02092339_452.JPEG,178,Weimaraner
train/n02092339/n02092339_2115.JPEG,178,Weimaraner
train/n02092339/n02092339_3029.JPEG,178,Weimaraner
train/n02092339/n02092339_377.JPEG,178,Weimaraner
train/n02092339/n02092339_5017.JPEG,178,Weimaraner
train/n02092339/n02092339_6267.JPEG,178,Weimaraner
train/n02092339/n02092339_4992.JPEG,178,Weimaraner
train/n02092339/n02092339_5117.JPEG,178,Weimaraner
train/n02092339/n02092339_6016.JPEG,178,Weimaraner
train/n02092339/n02092339_6672.JPEG,178,Weimaraner
train/n02092339/n02092339_1858.JPEG,178,Weimaraner
train/n02092339/n02092339_767.JPEG,178,Weimaraner
train/n02092339/n02092339_3221.JPEG,178,Weimaraner
train/n02092339/n02092339_5503.JPEG,178,Weimaraner
train/n02093256/n02093256_5812.JPEG,179,Staffordshire Bull Terrier
train/n02093256/n02093256_18007.JPEG,179,Staffordshire Bull Terrier
train/n02093256/n02093256_10082.JPEG,179,Staffordshire Bull Terrier
train/n02093256/n02093256_1923.JPEG,179,Staffordshire Bull Terrier
train/n02093256/n02093256_4433.JPEG,179,Staffordshire Bull Terrier
train/n02093256/n02093256_7076.JPEG,179,Staffordshire Bull Terrier
train/n02093256/n02093256_9753.JPEG,179,Staffordshire Bull Terrier
train/n02093256/n02093256_6764.JPEG,179,Staffordshire Bull Terrier
train/n02093256/n02093256_291.JPEG,179,Staffordshire Bull Terrier
train/n02093256/n02093256_5822.JPEG,179,Staffordshire Bull Terrier
train/n02093256/n02093256_3116.JPEG,179,Staffordshire Bull Terrier
train/n02093256/n02093256_9248.JPEG,179,Staffordshire Bull Terrier
train/n02093256/n02093256_20496.JPEG,179,Staffordshire Bull Terrier
train/n02093256/n02093256_5734.JPEG,179,Staffordshire Bull Terrier
train/n02093256/n02093256_7599.JPEG,179,Staffordshire Bull Terrier
train/n02093256/n02093256_6011.JPEG,179,Staffordshire Bull Terrier
train/n02093428/n02093428_19503.JPEG,180,American Staffordshire Terrier
train/n02093428/n02093428_14336.JPEG,180,American Staffordshire Terrier
train/n02093428/n02093428_13623.JPEG,180,American Staffordshire Terrier
train/n02093428/n02093428_5062.JPEG,180,American Staffordshire Terrier
train/n02093428/n02093428_13044.JPEG,180,American Staffordshire Terrier
train/n02093428/n02093428_4619.JPEG,180,American Staffordshire Terrier
train/n02093428/n02093428_5141.JPEG,180,American Staffordshire Terrier
train/n02093428/n02093428_18188.JPEG,180,American Staffordshire Terrier
train/n02093428/n02093428_5064.JPEG,180,American Staffordshire Terrier
train/n02093428/n02093428_11323.JPEG,180,American Staffordshire Terrier
train/n02093428/n02093428_1278.JPEG,180,American Staffordshire Terrier
train/n02093428/n02093428_5032.JPEG,180,American Staffordshire Terrier
train/n02093428/n02093428_632.JPEG,180,American Staffordshire Terrier
train/n02093428/n02093428_17932.JPEG,180,American Staffordshire Terrier
train/n02093428/n02093428_6071.JPEG,180,American Staffordshire Terrier
train/n02093428/n02093428_2115.JPEG,180,American Staffordshire Terrier
train/n02093647/n02093647_1041.JPEG,181,Bedlington Terrier
train/n02093647/n02093647_5881.JPEG,181,Bedlington Terrier
train/n02093647/n02093647_3120.JPEG,181,Bedlington Terrier
train/n02093647/n02093647_3920.JPEG,181,Bedlington Terrier
train/n02093647/n02093647_2219.JPEG,181,Bedlington Terrier
train/n02093647/n02093647_754.JPEG,181,Bedlington Terrier
train/n02093647/n02093647_3876.JPEG,181,Bedlington Terrier
train/n02093647/n02093647_2616.JPEG,181,Bedlington Terrier
train/n02093647/n02093647_2267.JPEG,181,Bedlington Terrier
train/n02093647/n02093647_2614.JPEG,181,Bedlington Terrier
train/n02093647/n02093647_7845.JPEG,181,Bedlington Terrier
train/n02093647/n02093647_330.JPEG,181,Bedlington Terrier
train/n02093647/n02093647_3500.JPEG,181,Bedlington Terrier
train/n02093647/n02093647_4309.JPEG,181,Bedlington Terrier
train/n02093647/n02093647_6830.JPEG,181,Bedlington Terrier
train/n02093647/n02093647_5419.JPEG,181,Bedlington Terrier
train/n02093754/n02093754_4110.JPEG,182,Border Terrier
train/n02093754/n02093754_1221.JPEG,182,Border Terrier
train/n02093754/n02093754_6947.JPEG,182,Border Terrier
train/n02093754/n02093754_1085.JPEG,182,Border Terrier
train/n02093754/n02093754_1519.JPEG,182,Border Terrier
train/n02093754/n02093754_918.JPEG,182,Border Terrier
train/n02093754/n02093754_3060.JPEG,182,Border Terrier
train/n02093754/n02093754_1349.JPEG,182,Border Terrier
train/n02093754/n02093754_2525.JPEG,182,Border Terrier
train/n02093754/n02093754_3792.JPEG,182,Border Terrier
train/n02093754/n02093754_2216.JPEG,182,Border Terrier
train/n02093754/n02093754_7913.JPEG,182,Border Terrier
train/n02093754/n02093754_3159.JPEG,182,Border Terrier
train/n02093754/n02093754_555.JPEG,182,Border Terrier
train/n02093754/n02093754_6541.JPEG,182,Border Terrier
train/n02093754/n02093754_341.JPEG,182,Border Terrier
train/n02093859/n02093859_2975.JPEG,183,Kerry Blue Terrier
train/n02093859/n02093859_3388.JPEG,183,Kerry Blue Terrier
train/n02093859/n02093859_5209.JPEG,183,Kerry Blue Terrier
train/n02093859/n02093859_2398.JPEG,183,Kerry Blue Terrier
train/n02093859/n02093859_4038.JPEG,183,Kerry Blue Terrier
train/n02093859/n02093859_581.JPEG,183,Kerry Blue Terrier
train/n02093859/n02093859_2681.JPEG,183,Kerry Blue Terrier
train/n02093859/n02093859_2452.JPEG,183,Kerry Blue Terrier
train/n02093859/n02093859_3587.JPEG,183,Kerry Blue Terrier
train/n02093859/n02093859_894.JPEG,183,Kerry Blue Terrier
train/n02093859/n02093859_1200.JPEG,183,Kerry Blue Terrier
train/n02093859/n02093859_5739.JPEG,183,Kerry Blue Terrier
train/n02093859/n02093859_5610.JPEG,183,Kerry Blue Terrier
train/n02093859/n02093859_5580.JPEG,183,Kerry Blue Terrier
train/n02093859/n02093859_3485.JPEG,183,Kerry Blue Terrier
train/n02093859/n02093859_3048.JPEG,183,Kerry Blue Terrier
train/n02093991/n02093991_3144.JPEG,184,Irish Terrier
train/n02093991/n02093991_483.JPEG,184,Irish Terrier
train/n02093991/n02093991_7658.JPEG,184,Irish Terrier
train/n02093991/n02093991_4754.JPEG,184,Irish Terrier
train/n02093991/n02093991_3625.JPEG,184,Irish Terrier
train/n02093991/n02093991_2879.JPEG,184,Irish Terrier
train/n02093991/n02093991_3808.JPEG,184,Irish Terrier
train/n02093991/n02093991_3524.JPEG,184,Irish Terrier
train/n02093991/n02093991_2737.JPEG,184,Irish Terrier
train/n02093991/n02093991_10469.JPEG,184,Irish Terrier
train/n02093991/n02093991_2713.JPEG,184,Irish Terrier
train/n02093991/n02093991_7671.JPEG,184,Irish Terrier
train/n02093991/n02093991_8837.JPEG,184,Irish Terrier
train/n02093991/n02093991_3579.JPEG,184,Irish Terrier
train/n02093991/n02093991_535.JPEG,184,Irish Terrier
train/n02093991/n02093991_7801.JPEG,184,Irish Terrier
train/n02094114/n02094114_8227.JPEG,185,Norfolk Terrier
train/n02094114/n02094114_7460.JPEG,185,Norfolk Terrier
train/n02094114/n02094114_2656.JPEG,185,Norfolk Terrier
train/n02094114/n02094114_7289.JPEG,185,Norfolk Terrier
train/n02094114/n02094114_6419.JPEG,185,Norfolk Terrier
train/n02094114/n02094114_288.JPEG,185,Norfolk Terrier
train/n02094114/n02094114_3357.JPEG,185,Norfolk Terrier
train/n02094114/n02094114_8386.JPEG,185,Norfolk Terrier
train/n02094114/n02094114_1466.JPEG,185,Norfolk Terrier
train/n02094114/n02094114_7177.JPEG,185,Norfolk Terrier
train/n02094114/n02094114_806.JPEG,185,Norfolk Terrier
train/n02094114/n02094114_7283.JPEG,185,Norfolk Terrier
train/n02094114/n02094114_4430.JPEG,185,Norfolk Terrier
train/n02094114/n02094114_7428.JPEG,185,Norfolk Terrier
train/n02094114/n02094114_6297.JPEG,185,Norfolk Terrier
train/n02094114/n02094114_7629.JPEG,185,Norfolk Terrier
train/n02094258/n02094258_325.JPEG,186,Norwich Terrier
train/n02094258/n02094258_5326.JPEG,186,Norwich Terrier
train/n02094258/n02094258_598.JPEG,186,Norwich Terrier
train/n02094258/n02094258_5157.JPEG,186,Norwich Terrier
train/n02094258/n02094258_4822.JPEG,186,Norwich Terrier
train/n02094258/n02094258_5779.JPEG,186,Norwich Terrier
train/n02094258/n02094258_968.JPEG,186,Norwich Terrier
train/n02094258/n02094258_5737.JPEG,186,Norwich Terrier
train/n02094258/n02094258_4482.JPEG,186,Norwich Terrier
train/n02094258/n02094258_6113.JPEG,186,Norwich Terrier
train/n02094258/n02094258_1787.JPEG,186,Norwich Terrier
train/n02094258/n02094258_6180.JPEG,186,Norwich Terrier
train/n02094258/n02094258_4663.JPEG,186,Norwich Terrier
train/n02094258/n02094258_6296.JPEG,186,Norwich Terrier
train/n02094258/n02094258_6054.JPEG,186,Norwich Terrier
train/n02094258/n02094258_1037.JPEG,186,Norwich Terrier
train/n02094433/n02094433_17942.JPEG,187,Yorkshire Terrier
train/n02094433/n02094433_3258.JPEG,187,Yorkshire Terrier
train/n02094433/n02094433_9506.JPEG,187,Yorkshire Terrier
train/n02094433/n02094433_23191.JPEG,187,Yorkshire Terrier
train/n02094433/n02094433_7325.JPEG,187,Yorkshire Terrier
train/n02094433/n02094433_18734.JPEG,187,Yorkshire Terrier
train/n02094433/n02094433_1288.JPEG,187,Yorkshire Terrier
train/n02094433/n02094433_79.JPEG,187,Yorkshire Terrier
train/n02094433/n02094433_2714.JPEG,187,Yorkshire Terrier
train/n02094433/n02094433_10057.JPEG,187,Yorkshire Terrier
train/n02094433/n02094433_4181.JPEG,187,Yorkshire Terrier
train/n02094433/n02094433_16100.JPEG,187,Yorkshire Terrier
train/n02094433/n02094433_10052.JPEG,187,Yorkshire Terrier
train/n02094433/n02094433_1275.JPEG,187,Yorkshire Terrier
train/n02094433/n02094433_7863.JPEG,187,Yorkshire Terrier
train/n02094433/n02094433_3813.JPEG,187,Yorkshire Terrier
train/n02095314/n02095314_6065.JPEG,188,Wire Fox Terrier
train/n02095314/n02095314_183.JPEG,188,Wire Fox Terrier
train/n02095314/n02095314_4303.JPEG,188,Wire Fox Terrier
train/n02095314/n02095314_3666.JPEG,188,Wire Fox Terrier
train/n02095314/n02095314_663.JPEG,188,Wire Fox Terrier
train/n02095314/n02095314_1835.JPEG,188,Wire Fox Terrier
train/n02095314/n02095314_5512.JPEG,188,Wire Fox Terrier
train/n02095314/n02095314_5922.JPEG,188,Wire Fox Terrier
train/n02095314/n02095314_547.JPEG,188,Wire Fox Terrier
train/n02095314/n02095314_3785.JPEG,188,Wire Fox Terrier
train/n02095314/n02095314_2263.JPEG,188,Wire Fox Terrier
train/n02095314/n02095314_4136.JPEG,188,Wire Fox Terrier
train/n02095314/n02095314_5914.JPEG,188,Wire Fox Terrier
train/n02095314/n02095314_1040.JPEG,188,Wire Fox Terrier
train/n02095314/n02095314_5534.JPEG,188,Wire Fox Terrier
train/n02095314/n02095314_6477.JPEG,188,Wire Fox Terrier
train/n02095570/n02095570_4128.JPEG,189,Lakeland Terrier
train/n02095570/n02095570_9036.JPEG,189,Lakeland Terrier
train/n02095570/n02095570_495.JPEG,189,Lakeland Terrier
train/n02095570/n02095570_2354.JPEG,189,Lakeland Terrier
train/n02095570/n02095570_1193.JPEG,189,Lakeland Terrier
train/n02095570/n02095570_11883.JPEG,189,Lakeland Terrier
train/n02095570/n02095570_3433.JPEG,189,Lakeland Terrier
train/n02095570/n02095570_4566.JPEG,189,Lakeland Terrier
train/n02095570/n02095570_9148.JPEG,189,Lakeland Terrier
train/n02095570/n02095570_4121.JPEG,189,Lakeland Terrier
train/n02095570/n02095570_7499.JPEG,189,Lakeland Terrier
train/n02095570/n02095570_7176.JPEG,189,Lakeland Terrier
train/n02095570/n02095570_6339.JPEG,189,Lakeland Terrier
train/n02095570/n02095570_5810.JPEG,189,Lakeland Terrier
train/n02095570/n02095570_5583.JPEG,189,Lakeland Terrier
train/n02095570/n02095570_8091.JPEG,189,Lakeland Terrier
train/n02095889/n02095889_14832.JPEG,190,Sealyham Terrier
train/n02095889/n02095889_1290.JPEG,190,Sealyham Terrier
train/n02095889/n02095889_11213.JPEG,190,Sealyham Terrier
train/n02095889/n02095889_7376.JPEG,190,Sealyham Terrier
train/n02095889/n02095889_6599.JPEG,190,Sealyham Terrier
train/n02095889/n02095889_8124.JPEG,190,Sealyham Terrier
train/n02095889/n02095889_12521.JPEG,190,Sealyham Terrier
train/n02095889/n02095889_7625.JPEG,190,Sealyham Terrier
train/n02095889/n02095889_8009.JPEG,190,Sealyham Terrier
train/n02095889/n02095889_9356.JPEG,190,Sealyham Terrier
train/n02095889/n02095889_7897.JPEG,190,Sealyham Terrier
train/n02095889/n02095889_1230.JPEG,190,Sealyham Terrier
train/n02095889/n02095889_2295.JPEG,190,Sealyham Terrier
train/n02095889/n02095889_1020.JPEG,190,Sealyham Terrier
train/n02095889/n02095889_4601.JPEG,190,Sealyham Terrier
train/n02095889/n02095889_4826.JPEG,190,Sealyham Terrier
train/n02096051/n02096051_3177.JPEG,191,Airedale Terrier
train/n02096051/n02096051_1592.JPEG,191,Airedale Terrier
train/n02096051/n02096051_3679.JPEG,191,Airedale Terrier
train/n02096051/n02096051_68.JPEG,191,Airedale Terrier
train/n02096051/n02096051_8003.JPEG,191,Airedale Terrier
train/n02096051/n02096051_225.JPEG,191,Airedale Terrier
train/n02096051/n02096051_1064.JPEG,191,Airedale Terrier
train/n02096051/n02096051_17.JPEG,191,Airedale Terrier
train/n02096051/n02096051_3446.JPEG,191,Airedale Terrier
train/n02096051/n02096051_5765.JPEG,191,Airedale Terrier
train/n02096051/n02096051_5001.JPEG,191,Airedale Terrier
train/n02096051/n02096051_3839.JPEG,191,Airedale Terrier
train/n02096051/n02096051_6044.JPEG,191,Airedale Terrier
train/n02096051/n02096051_6799.JPEG,191,Airedale Terrier
train/n02096051/n02096051_274.JPEG,191,Airedale Terrier
train/n02096051/n02096051_9348.JPEG,191,Airedale Terrier
train/n02096177/n02096177_10880.JPEG,192,Cairn Terrier
train/n02096177/n02096177_152.JPEG,192,Cairn Terrier
train/n02096177/n02096177_94.JPEG,192,Cairn Terrier
train/n02096177/n02096177_1712.JPEG,192,Cairn Terrier
train/n02096177/n02096177_4769.JPEG,192,Cairn Terrier
train/n02096177/n02096177_4061.JPEG,192,Cairn Terrier
train/n02096177/n02096177_13389.JPEG,192,Cairn Terrier
train/n02096177/n02096177_1445.JPEG,192,Cairn Terrier
train/n02096177/n02096177_1853.JPEG,192,Cairn Terrier
train/n02096177/n02096177_10758.JPEG,192,Cairn Terrier
train/n02096177/n02096177_2648.JPEG,192,Cairn Terrier
train/n02096177/n02096177_10384.JPEG,192,Cairn Terrier
train/n02096177/n02096177_72.JPEG,192,Cairn Terrier
train/n02096177/n02096177_2604.JPEG,192,Cairn Terrier
train/n02096177/n02096177_5532.JPEG,192,Cairn Terrier
train/n02096177/n02096177_762.JPEG,192,Cairn Terrier
train/n02096294/n02096294_3060.JPEG,193,Australian Terrier
train/n02096294/n02096294_1147.JPEG,193,Australian Terrier
train/n02096294/n02096294_6387.JPEG,193,Australian Terrier
train/n02096294/n02096294_2773.JPEG,193,Australian Terrier
train/n02096294/n02096294_9044.JPEG,193,Australian Terrier
train/n02096294/n02096294_5387.JPEG,193,Australian Terrier
train/n02096294/n02096294_8077.JPEG,193,Australian Terrier
train/n02096294/n02096294_8790.JPEG,193,Australian Terrier
train/n02096294/n02096294_11121.JPEG,193,Australian Terrier
train/n02096294/n02096294_10323.JPEG,193,Australian Terrier
train/n02096294/n02096294_2907.JPEG,193,Australian Terrier
train/n02096294/n02096294_2282.JPEG,193,Australian Terrier
train/n02096294/n02096294_7456.JPEG,193,Australian Terrier
train/n02096294/n02096294_6688.JPEG,193,Australian Terrier
train/n02096294/n02096294_8260.JPEG,193,Australian Terrier
train/n02096294/n02096294_6220.JPEG,193,Australian Terrier
train/n02096437/n02096437_1583.JPEG,194,Dandie Dinmont Terrier
train/n02096437/n02096437_6839.JPEG,194,Dandie Dinmont Terrier
train/n02096437/n02096437_1060.JPEG,194,Dandie Dinmont Terrier
train/n02096437/n02096437_964.JPEG,194,Dandie Dinmont Terrier
train/n02096437/n02096437_6006.JPEG,194,Dandie Dinmont Terrier
train/n02096437/n02096437_655.JPEG,194,Dandie Dinmont Terrier
train/n02096437/n02096437_3436.JPEG,194,Dandie Dinmont Terrier
train/n02096437/n02096437_6233.JPEG,194,Dandie Dinmont Terrier
train/n02096437/n02096437_2500.JPEG,194,Dandie Dinmont Terrier
train/n02096437/n02096437_981.JPEG,194,Dandie Dinmont Terrier
train/n02096437/n02096437_3195.JPEG,194,Dandie Dinmont Terrier
train/n02096437/n02096437_278.JPEG,194,Dandie Dinmont Terrier
train/n02096437/n02096437_1356.JPEG,194,Dandie Dinmont Terrier
train/n02096437/n02096437_6516.JPEG,194,Dandie Dinmont Terrier
train/n02096437/n02096437_2334.JPEG,194,Dandie Dinmont Terrier
train/n02096437/n02096437_3896.JPEG,194,Dandie Dinmont Terrier
train/n02096585/n02096585_12184.JPEG,195,Boston Terrier
train/n02096585/n02096585_7887.JPEG,195,Boston Terrier
train/n02096585/n02096585_7986.JPEG,195,Boston Terrier
train/n02096585/n02096585_8879.JPEG,195,Boston Terrier
train/n02096585/n02096585_1612.JPEG,195,Boston Terrier
train/n02096585/n02096585_1816.JPEG,195,Boston Terrier
train/n02096585/n02096585_7597.JPEG,195,Boston Terrier
train/n02096585/n02096585_1482.JPEG,195,Boston Terrier
train/n02096585/n02096585_11958.JPEG,195,Boston Terrier
train/n02096585/n02096585_12352.JPEG,195,Boston Terrier
train/n02096585/n02096585_6874.JPEG,195,Boston Terrier
train/n02096585/n02096585_2394.JPEG,195,Boston Terrier
train/n02096585/n02096585_1890.JPEG,195,Boston Terrier
train/n02096585/n02096585_1516.JPEG,195,Boston Terrier
train/n02096585/n02096585_12362.JPEG,195,Boston Terrier
train/n02096585/n02096585_7099.JPEG,195,Boston Terrier
train/n02097047/n02097047_6314.JPEG,196,Miniature Schnauzer
train/n02097047/n02097047_900.JPEG,196,Miniature Schnauzer
train/n02097047/n02097047_4844.JPEG,196,Miniature Schnauzer
train/n02097047/n02097047_765.JPEG,196,Miniature Schnauzer
train/n02097047/n02097047_1336.JPEG,196,Miniature Schnauzer
train/n02097047/n02097047_3852.JPEG,196,Miniature Schnauzer
train/n02097047/n02097047_6182.JPEG,196,Miniature Schnauzer
train/n02097047/n02097047_1916.JPEG,196,Miniature Schnauzer
train/n02097047/n02097047_5225.JPEG,196,Miniature Schnauzer
train/n02097047/n02097047_1448.JPEG,196,Miniature Schnauzer
train/n02097047/n02097047_6571.JPEG,196,Miniature Schnauzer
train/n02097047/n02097047_6801.JPEG,196,Miniature Schnauzer
train/n02097047/n02097047_6915.JPEG,196,Miniature Schnauzer
train/n02097047/n02097047_2967.JPEG,196,Miniature Schnauzer
train/n02097047/n02097047_1436.JPEG,196,Miniature Schnauzer
train/n02097047/n02097047_2545.JPEG,196,Miniature Schnauzer
train/n02097130/n02097130_2804.JPEG,197,Giant Schnauzer
train/n02097130/n02097130_3287.JPEG,197,Giant Schnauzer
train/n02097130/n02097130_1766.JPEG,197,Giant Schnauzer
train/n02097130/n02097130_11025.JPEG,197,Giant Schnauzer
train/n02097130/n02097130_5173.JPEG,197,Giant Schnauzer
train/n02097130/n02097130_3495.JPEG,197,Giant Schnauzer
train/n02097130/n02097130_1468.JPEG,197,Giant Schnauzer
train/n02097130/n02097130_1635.JPEG,197,Giant Schnauzer
train/n02097130/n02097130_4454.JPEG,197,Giant Schnauzer
train/n02097130/n02097130_5612.JPEG,197,Giant Schnauzer
train/n02097130/n02097130_3201.JPEG,197,Giant Schnauzer
train/n02097130/n02097130_4016.JPEG,197,Giant Schnauzer
train/n02097130/n02097130_2663.JPEG,197,Giant Schnauzer
train/n02097130/n02097130_9181.JPEG,197,Giant Schnauzer
train/n02097130/n02097130_308.JPEG,197,Giant Schnauzer
train/n02097130/n02097130_11125.JPEG,197,Giant Schnauzer
train/n02097209/n02097209_215.JPEG,198,Standard Schnauzer
train/n02097209/n02097209_4446.JPEG,198,Standard Schnauzer
train/n02097209/n02097209_3600.JPEG,198,Standard Schnauzer
train/n02097209/n02097209_6865.JPEG,198,Standard Schnauzer
train/n02097209/n02097209_988.JPEG,198,Standard Schnauzer
train/n02097209/n02097209_2109.JPEG,198,Standard Schnauzer
train/n02097209/n02097209_5742.JPEG,198,Standard Schnauzer
train/n02097209/n02097209_6993.JPEG,198,Standard Schnauzer
train/n02097209/n02097209_1474.JPEG,198,Standard Schnauzer
train/n02097209/n02097209_4181.JPEG,198,Standard Schnauzer
train/n02097209/n02097209_1739.JPEG,198,Standard Schnauzer
train/n02097209/n02097209_5111.JPEG,198,Standard Schnauzer
train/n02097209/n02097209_3879.JPEG,198,Standard Schnauzer
train/n02097209/n02097209_5396.JPEG,198,Standard Schnauzer
train/n02097209/n02097209_1850.JPEG,198,Standard Schnauzer
train/n02097209/n02097209_1237.JPEG,198,Standard Schnauzer
train/n02097298/n02097298_12476.JPEG,199,Scottish Terrier
train/n02097298/n02097298_12644.JPEG,199,Scottish Terrier
train/n02097298/n02097298_9251.JPEG,199,Scottish Terrier
train/n02097298/n02097298_8027.JPEG,199,Scottish Terrier
train/n02097298/n02097298_2443.JPEG,199,Scottish Terrier
train/n02097298/n02097298_9521.JPEG,199,Scottish Terrier
train/n02097298/n02097298_584.JPEG,199,Scottish Terrier
train/n02097298/n02097298_12707.JPEG,199,Scottish Terrier
train/n02097298/n02097298_11025.JPEG,199,Scottish Terrier
train/n02097298/n02097298_12357.JPEG,199,Scottish Terrier
train/n02097298/n02097298_6110.JPEG,199,Scottish Terrier
train/n02097298/n02097298_8923.JPEG,199,Scottish Terrier
train/n02097298/n02097298_16898.JPEG,199,Scottish Terrier
train/n02097298/n02097298_11420.JPEG,199,Scottish Terrier
train/n02097298/n02097298_2.JPEG,199,Scottish Terrier
train/n02097298/n02097298_10910.JPEG,199,Scottish Terrier
train/n02097474/n02097474_5142.JPEG,200,Tibetan Terrier
train/n02097474/n02097474_12054.JPEG,200,Tibetan Terrier
train/n02097474/n02097474_12751.JPEG,200,Tibetan Terrier
train/n02097474/n02097474_1744.JPEG,200,Tibetan Terrier
train/n02097474/n02097474_9310.JPEG,200,Tibetan Terrier
train/n02097474/n02097474_11574.JPEG,200,Tibetan Terrier
train/n02097474/n02097474_12183.JPEG,200,Tibetan Terrier
train/n02097474/n02097474_7863.JPEG,200,Tibetan Terrier
train/n02097474/n02097474_11989.JPEG,200,Tibetan Terrier
train/n02097474/n02097474_12436.JPEG,200,Tibetan Terrier
train/n02097474/n02097474_14941.JPEG,200,Tibetan Terrier
train/n02097474/n02097474_1650.JPEG,200,Tibetan Terrier
train/n02097474/n02097474_3178.JPEG,200,Tibetan Terrier
train/n02097474/n02097474_11766.JPEG,200,Tibetan Terrier
train/n02097474/n02097474_4703.JPEG,200,Tibetan Terrier
train/n02097474/n02097474_7413.JPEG,200,Tibetan Terrier
train/n02097658/n02097658_717.JPEG,201,Australian Silky Terrier
train/n02097658/n02097658_1225.JPEG,201,Australian Silky Terrier
train/n02097658/n02097658_671.JPEG,201,Australian Silky Terrier
train/n02097658/n02097658_5562.JPEG,201,Australian Silky Terrier
train/n02097658/n02097658_2924.JPEG,201,Australian Silky Terrier
train/n02097658/n02097658_8153.JPEG,201,Australian Silky Terrier
train/n02097658/n02097658_2032.JPEG,201,Australian Silky Terrier
train/n02097658/n02097658_2984.JPEG,201,Australian Silky Terrier
train/n02097658/n02097658_65.JPEG,201,Australian Silky Terrier
train/n02097658/n02097658_4441.JPEG,201,Australian Silky Terrier
train/n02097658/n02097658_2070.JPEG,201,Australian Silky Terrier
train/n02097658/n02097658_6300.JPEG,201,Australian Silky Terrier
train/n02097658/n02097658_8824.JPEG,201,Australian Silky Terrier
train/n02097658/n02097658_10811.JPEG,201,Australian Silky Terrier
train/n02097658/n02097658_2064.JPEG,201,Australian Silky Terrier
train/n02097658/n02097658_4897.JPEG,201,Australian Silky Terrier
train/n02098105/n02098105_1996.JPEG,202,Soft-coated Wheaten Terrier
train/n02098105/n02098105_9160.JPEG,202,Soft-coated Wheaten Terrier
train/n02098105/n02098105_2727.JPEG,202,Soft-coated Wheaten Terrier
train/n02098105/n02098105_2708.JPEG,202,Soft-coated Wheaten Terrier
train/n02098105/n02098105_3387.JPEG,202,Soft-coated Wheaten Terrier
train/n02098105/n02098105_767.JPEG,202,Soft-coated Wheaten Terrier
train/n02098105/n02098105_1683.JPEG,202,Soft-coated Wheaten Terrier
train/n02098105/n02098105_297.JPEG,202,Soft-coated Wheaten Terrier
train/n02098105/n02098105_4135.JPEG,202,Soft-coated Wheaten Terrier
train/n02098105/n02098105_749.JPEG,202,Soft-coated Wheaten Terrier
train/n02098105/n02098105_1405.JPEG,202,Soft-coated Wheaten Terrier
train/n02098105/n02098105_3133.JPEG,202,Soft-coated Wheaten Terrier
train/n02098105/n02098105_937.JPEG,202,Soft-coated Wheaten Terrier
train/n02098105/n02098105_1701.JPEG,202,Soft-coated Wheaten Terrier
train/n02098105/n02098105_173.JPEG,202,Soft-coated Wheaten Terrier
train/n02098105/n02098105_1386.JPEG,202,Soft-coated Wheaten Terrier
train/n02098286/n02098286_3258.JPEG,203,West Highland White Terrier
train/n02098286/n02098286_4319.JPEG,203,West Highland White Terrier
train/n02098286/n02098286_345.JPEG,203,West Highland White Terrier
train/n02098286/n02098286_2112.JPEG,203,West Highland White Terrier
train/n02098286/n02098286_6413.JPEG,203,West Highland White Terrier
train/n02098286/n02098286_818.JPEG,203,West Highland White Terrier
train/n02098286/n02098286_5736.JPEG,203,West Highland White Terrier
train/n02098286/n02098286_6590.JPEG,203,West Highland White Terrier
train/n02098286/n02098286_980.JPEG,203,West Highland White Terrier
train/n02098286/n02098286_1364.JPEG,203,West Highland White Terrier
train/n02098286/n02098286_5052.JPEG,203,West Highland White Terrier
train/n02098286/n02098286_3023.JPEG,203,West Highland White Terrier
train/n02098286/n02098286_1047.JPEG,203,West Highland White Terrier
train/n02098286/n02098286_4201.JPEG,203,West Highland White Terrier
train/n02098286/n02098286_3273.JPEG,203,West Highland White Terrier
train/n02098286/n02098286_636.JPEG,203,West Highland White Terrier
train/n02098413/n02098413_1256.JPEG,204,Lhasa Apso
train/n02098413/n02098413_12947.JPEG,204,Lhasa Apso
train/n02098413/n02098413_1480.JPEG,204,Lhasa Apso
train/n02098413/n02098413_14435.JPEG,204,Lhasa Apso
train/n02098413/n02098413_2050.JPEG,204,Lhasa Apso
train/n02098413/n02098413_15928.JPEG,204,Lhasa Apso
train/n02098413/n02098413_247.JPEG,204,Lhasa Apso
train/n02098413/n02098413_11801.JPEG,204,Lhasa Apso
train/n02098413/n02098413_10665.JPEG,204,Lhasa Apso
train/n02098413/n02098413_2808.JPEG,204,Lhasa Apso
train/n02098413/n02098413_2911.JPEG,204,Lhasa Apso
train/n02098413/n02098413_2636.JPEG,204,Lhasa Apso
train/n02098413/n02098413_4005.JPEG,204,Lhasa Apso
train/n02098413/n02098413_1586.JPEG,204,Lhasa Apso
train/n02098413/n02098413_608.JPEG,204,Lhasa Apso
train/n02098413/n02098413_10200.JPEG,204,Lhasa Apso
train/n02099267/n02099267_16159.JPEG,205,Flat-Coated Retriever
train/n02099267/n02099267_1862.JPEG,205,Flat-Coated Retriever
train/n02099267/n02099267_6150.JPEG,205,Flat-Coated Retriever
train/n02099267/n02099267_8627.JPEG,205,Flat-Coated Retriever
train/n02099267/n02099267_1780.JPEG,205,Flat-Coated Retriever
train/n02099267/n02099267_3433.JPEG,205,Flat-Coated Retriever
train/n02099267/n02099267_1056.JPEG,205,Flat-Coated Retriever
train/n02099267/n02099267_558.JPEG,205,Flat-Coated Retriever
train/n02099267/n02099267_6310.JPEG,205,Flat-Coated Retriever
train/n02099267/n02099267_1200.JPEG,205,Flat-Coated Retriever
train/n02099267/n02099267_2538.JPEG,205,Flat-Coated Retriever
train/n02099267/n02099267_721.JPEG,205,Flat-Coated Retriever
train/n02099267/n02099267_921.JPEG,205,Flat-Coated Retriever
train/n02099267/n02099267_17621.JPEG,205,Flat-Coated Retriever
train/n02099267/n02099267_2646.JPEG,205,Flat-Coated Retriever
train/n02099267/n02099267_19821.JPEG,205,Flat-Coated Retriever
train/n02099429/n02099429_1342.JPEG,206,Curly-coated Retriever
train/n02099429/n02099429_4373.JPEG,206,Curly-coated Retriever
train/n02099429/n02099429_976.JPEG,206,Curly-coated Retriever
train/n02099429/n02099429_5605.JPEG,206,Curly-coated Retriever
train/n02099429/n02099429_5596.JPEG,206,Curly-coated Retriever
train/n02099429/n02099429_1405.JPEG,206,Curly-coated Retriever
train/n02099429/n02099429_3030.JPEG,206,Curly-coated Retriever
train/n02099429/n02099429_4289.JPEG,206,Curly-coated Retriever
train/n02099429/n02099429_2212.JPEG,206,Curly-coated Retriever
train/n02099429/n02099429_1122.JPEG,206,Curly-coated Retriever
train/n02099429/n02099429_355.JPEG,206,Curly-coated Retriever
train/n02099429/n02099429_2835.JPEG,206,Curly-coated Retriever
train/n02099429/n02099429_2909.JPEG,206,Curly-coated Retriever
train/n02099429/n02099429_393.JPEG,206,Curly-coated Retriever
train/n02099429/n02099429_2218.JPEG,206,Curly-coated Retriever
train/n02099429/n02099429_5066.JPEG,206,Curly-coated Retriever
train/n02099601/n02099601_2787.JPEG,207,Golden Retriever
train/n02099601/n02099601_6448.JPEG,207,Golden Retriever
train/n02099601/n02099601_557.JPEG,207,Golden Retriever
train/n02099601/n02099601_3031.JPEG,207,Golden Retriever
train/n02099601/n02099601_7528.JPEG,207,Golden Retriever
train/n02099601/n02099601_10726.JPEG,207,Golden Retriever
train/n02099601/n02099601_4093.JPEG,207,Golden Retriever
train/n02099601/n02099601_8535.JPEG,207,Golden Retriever
train/n02099601/n02099601_3495.JPEG,207,Golden Retriever
train/n02099601/n02099601_1324.JPEG,207,Golden Retriever
train/n02099601/n02099601_1192.JPEG,207,Golden Retriever
train/n02099601/n02099601_5557.JPEG,207,Golden Retriever
train/n02099601/n02099601_25566.JPEG,207,Golden Retriever
train/n02099601/n02099601_10612.JPEG,207,Golden Retriever
train/n02099601/n02099601_5442.JPEG,207,Golden Retriever
train/n02099601/n02099601_215.JPEG,207,Golden Retriever
train/n02099712/n02099712_1941.JPEG,208,Labrador Retriever
train/n02099712/n02099712_3460.JPEG,208,Labrador Retriever
train/n02099712/n02099712_216.JPEG,208,Labrador Retriever
train/n02099712/n02099712_885.JPEG,208,Labrador Retriever
train/n02099712/n02099712_824.JPEG,208,Labrador Retriever
train/n02099712/n02099712_7755.JPEG,208,Labrador Retriever
train/n02099712/n02099712_7803.JPEG,208,Labrador Retriever
train/n02099712/n02099712_635.JPEG,208,Labrador Retriever
train/n02099712/n02099712_2794.JPEG,208,Labrador Retriever
train/n02099712/n02099712_6275.JPEG,208,Labrador Retriever
train/n02099712/n02099712_6610.JPEG,208,Labrador Retriever
train/n02099712/n02099712_5447.JPEG,208,Labrador Retriever
train/n02099712/n02099712_4387.JPEG,208,Labrador Retriever
train/n02099712/n02099712_4076.JPEG,208,Labrador Retriever
train/n02099712/n02099712_3275.JPEG,208,Labrador Retriever
train/n02099712/n02099712_2888.JPEG,208,Labrador Retriever
train/n02099849/n02099849_3079.JPEG,209,Chesapeake Bay Retriever
train/n02099849/n02099849_16.JPEG,209,Chesapeake Bay Retriever
train/n02099849/n02099849_6713.JPEG,209,Chesapeake Bay Retriever
train/n02099849/n02099849_80.JPEG,209,Chesapeake Bay Retriever
train/n02099849/n02099849_1677.JPEG,209,Chesapeake Bay Retriever
train/n02099849/n02099849_5257.JPEG,209,Chesapeake Bay Retriever
train/n02099849/n02099849_7594.JPEG,209,Chesapeake Bay Retriever
train/n02099849/n02099849_6194.JPEG,209,Chesapeake Bay Retriever
train/n02099849/n02099849_1657.JPEG,209,Chesapeake Bay Retriever
train/n02099849/n02099849_4184.JPEG,209,Chesapeake Bay Retriever
train/n02099849/n02099849_4836.JPEG,209,Chesapeake Bay Retriever
train/n02099849/n02099849_1599.JPEG,209,Chesapeake Bay Retriever
train/n02099849/n02099849_4406.JPEG,209,Chesapeake Bay Retriever
train/n02099849/n02099849_1465.JPEG,209,Chesapeake Bay Retriever
train/n02099849/n02099849_6048.JPEG,209,Chesapeake Bay Retriever
train/n02099849/n02099849_2430.JPEG,209,Chesapeake Bay Retriever
train/n02100236/n02100236_3650.JPEG,210,German Shorthaired Pointer
train/n02100236/n02100236_5674.JPEG,210,German Shorthaired Pointer
train/n02100236/n02100236_273.JPEG,210,German Shorthaired Pointer
train/n02100236/n02100236_1708.JPEG,210,German Shorthaired Pointer
train/n02100236/n02100236_4268.JPEG,210,German Shorthaired Pointer
train/n02100236/n02100236_4555.JPEG,210,German Shorthaired Pointer
train/n02100236/n02100236_10766.JPEG,210,German Shorthaired Pointer
train/n02100236/n02100236_9575.JPEG,210,German Shorthaired Pointer
train/n02100236/n02100236_9395.JPEG,210,German Shorthaired Pointer
train/n02100236/n02100236_686.JPEG,210,German Shorthaired Pointer
train/n02100236/n02100236_3632.JPEG,210,German Shorthaired Pointer
train/n02100236/n02100236_6354.JPEG,210,German Shorthaired Pointer
train/n02100236/n02100236_1553.JPEG,210,German Shorthaired Pointer
train/n02100236/n02100236_2255.JPEG,210,German Shorthaired Pointer
train/n02100236/n02100236_5728.JPEG,210,German Shorthaired Pointer
train/n02100236/n02100236_2710.JPEG,210,German Shorthaired Pointer
train/n02100583/n02100583_7234.JPEG,211,Vizsla
train/n02100583/n02100583_20201.JPEG,211,Vizsla
train/n02100583/n02100583_10367.JPEG,211,Vizsla
train/n02100583/n02100583_4072.JPEG,211,Vizsla
train/n02100583/n02100583_21392.JPEG,211,Vizsla
train/n02100583/n02100583_25166.JPEG,211,Vizsla
train/n02100583/n02100583_12945.JPEG,211,Vizsla
train/n02100583/n02100583_19852.JPEG,211,Vizsla
train/n02100583/n02100583_3841.JPEG,211,Vizsla
train/n02100583/n02100583_11886.JPEG,211,Vizsla
train/n02100583/n02100583_1565.JPEG,211,Vizsla
train/n02100583/n02100583_24505.JPEG,211,Vizsla
train/n02100583/n02100583_27967.JPEG,211,Vizsla
train/n02100583/n02100583_1870.JPEG,211,Vizsla
train/n02100583/n02100583_27585.JPEG,211,Vizsla
train/n02100583/n02100583_6226.JPEG,211,Vizsla
train/n02100735/n02100735_9508.JPEG,212,English Setter
train/n02100735/n02100735_1963.JPEG,212,English Setter
train/n02100735/n02100735_10445.JPEG,212,English Setter
train/n02100735/n02100735_2093.JPEG,212,English Setter
train/n02100735/n02100735_2577.JPEG,212,English Setter
train/n02100735/n02100735_8253.JPEG,212,English Setter
train/n02100735/n02100735_11447.JPEG,212,English Setter
train/n02100735/n02100735_1121.JPEG,212,English Setter
train/n02100735/n02100735_3099.JPEG,212,English Setter
train/n02100735/n02100735_7957.JPEG,212,English Setter
train/n02100735/n02100735_11209.JPEG,212,English Setter
train/n02100735/n02100735_70.JPEG,212,English Setter
train/n02100735/n02100735_1856.JPEG,212,English Setter
train/n02100735/n02100735_8.JPEG,212,English Setter
train/n02100735/n02100735_12104.JPEG,212,English Setter
train/n02100735/n02100735_3102.JPEG,212,English Setter
train/n02100877/n02100877_3908.JPEG,213,Irish Setter
train/n02100877/n02100877_31091.JPEG,213,Irish Setter
train/n02100877/n02100877_10920.JPEG,213,Irish Setter
train/n02100877/n02100877_14419.JPEG,213,Irish Setter
train/n02100877/n02100877_407.JPEG,213,Irish Setter
train/n02100877/n02100877_3063.JPEG,213,Irish Setter
train/n02100877/n02100877_16771.JPEG,213,Irish Setter
train/n02100877/n02100877_6618.JPEG,213,Irish Setter
train/n02100877/n02100877_1020.JPEG,213,Irish Setter
train/n02100877/n02100877_8341.JPEG,213,Irish Setter
train/n02100877/n02100877_20713.JPEG,213,Irish Setter
train/n02100877/n02100877_28587.JPEG,213,Irish Setter
train/n02100877/n02100877_25425.JPEG,213,Irish Setter
train/n02100877/n02100877_1294.JPEG,213,Irish Setter
train/n02100877/n02100877_21729.JPEG,213,Irish Setter
train/n02100877/n02100877_2703.JPEG,213,Irish Setter
train/n02101006/n02101006_2794.JPEG,214,Gordon Setter
train/n02101006/n02101006_17326.JPEG,214,Gordon Setter
train/n02101006/n02101006_2622.JPEG,214,Gordon Setter
train/n02101006/n02101006_12848.JPEG,214,Gordon Setter
train/n02101006/n02101006_4581.JPEG,214,Gordon Setter
train/n02101006/n02101006_2843.JPEG,214,Gordon Setter
train/n02101006/n02101006_4919.JPEG,214,Gordon Setter
train/n02101006/n02101006_12340.JPEG,214,Gordon Setter
train/n02101006/n02101006_447.JPEG,214,Gordon Setter
train/n02101006/n02101006_2277.JPEG,214,Gordon Setter
train/n02101006/n02101006_5000.JPEG,214,Gordon Setter
train/n02101006/n02101006_1838.JPEG,214,Gordon Setter
train/n02101006/n02101006_1929.JPEG,214,Gordon Setter
train/n02101006/n02101006_152.JPEG,214,Gordon Setter
train/n02101006/n02101006_1963.JPEG,214,Gordon Setter
train/n02101006/n02101006_2422.JPEG,214,Gordon Setter
train/n02101388/n02101388_4277.JPEG,215,Brittany dog
train/n02101388/n02101388_12139.JPEG,215,Brittany dog
train/n02101388/n02101388_5423.JPEG,215,Brittany dog
train/n02101388/n02101388_7078.JPEG,215,Brittany dog
train/n02101388/n02101388_23608.JPEG,215,Brittany dog
train/n02101388/n02101388_6285.JPEG,215,Brittany dog
train/n02101388/n02101388_6769.JPEG,215,Brittany dog
train/n02101388/n02101388_9885.JPEG,215,Brittany dog
train/n02101388/n02101388_19699.JPEG,215,Brittany dog
train/n02101388/n02101388_190.JPEG,215,Brittany dog
train/n02101388/n02101388_3416.JPEG,215,Brittany dog
train/n02101388/n02101388_1524.JPEG,215,Brittany dog
train/n02101388/n02101388_7432.JPEG,215,Brittany dog
train/n02101388/n02101388_6941.JPEG,215,Brittany dog
train/n02101388/n02101388_2429.JPEG,215,Brittany dog
train/n02101388/n02101388_992.JPEG,215,Brittany dog
train/n02101556/n02101556_5712.JPEG,216,Clumber Spaniel
train/n02101556/n02101556_10641.JPEG,216,Clumber Spaniel
train/n02101556/n02101556_5382.JPEG,216,Clumber Spaniel
train/n02101556/n02101556_342.JPEG,216,Clumber Spaniel
train/n02101556/n02101556_7876.JPEG,216,Clumber Spaniel
train/n02101556/n02101556_2490.JPEG,216,Clumber Spaniel
train/n02101556/n02101556_11215.JPEG,216,Clumber Spaniel
train/n02101556/n02101556_3596.JPEG,216,Clumber Spaniel
train/n02101556/n02101556_2189.JPEG,216,Clumber Spaniel
train/n02101556/n02101556_6163.JPEG,216,Clumber Spaniel
train/n02101556/n02101556_5405.JPEG,216,Clumber Spaniel
train/n02101556/n02101556_14233.JPEG,216,Clumber Spaniel
train/n02101556/n02101556_3997.JPEG,216,Clumber Spaniel
train/n02101556/n02101556_12684.JPEG,216,Clumber Spaniel
train/n02101556/n02101556_1167.JPEG,216,Clumber Spaniel
train/n02101556/n02101556_3617.JPEG,216,Clumber Spaniel
train/n02102040/n02102040_933.JPEG,217,English Springer Spaniel
train/n02102040/n02102040_2000.JPEG,217,English Springer Spaniel
train/n02102040/n02102040_4582.JPEG,217,English Springer Spaniel
train/n02102040/n02102040_3506.JPEG,217,English Springer Spaniel
train/n02102040/n02102040_1728.JPEG,217,English Springer Spaniel
train/n02102040/n02102040_3207.JPEG,217,English Springer Spaniel
train/n02102040/n02102040_1442.JPEG,217,English Springer Spaniel
train/n02102040/n02102040_4702.JPEG,217,English Springer Spaniel
train/n02102040/n02102040_7629.JPEG,217,English Springer Spaniel
train/n02102040/n02102040_6152.JPEG,217,English Springer Spaniel
train/n02102040/n02102040_593.JPEG,217,English Springer Spaniel
train/n02102040/n02102040_3066.JPEG,217,English Springer Spaniel
train/n02102040/n02102040_3078.JPEG,217,English Springer Spaniel
train/n02102040/n02102040_919.JPEG,217,English Springer Spaniel
train/n02102040/n02102040_7748.JPEG,217,English Springer Spaniel
train/n02102040/n02102040_2959.JPEG,217,English Springer Spaniel
train/n02102177/n02102177_7884.JPEG,218,Welsh Springer Spaniel
train/n02102177/n02102177_2438.JPEG,218,Welsh Springer Spaniel
train/n02102177/n02102177_7194.JPEG,218,Welsh Springer Spaniel
train/n02102177/n02102177_206.JPEG,218,Welsh Springer Spaniel
train/n02102177/n02102177_1343.JPEG,218,Welsh Springer Spaniel
train/n02102177/n02102177_2244.JPEG,218,Welsh Springer Spaniel
train/n02102177/n02102177_1629.JPEG,218,Welsh Springer Spaniel
train/n02102177/n02102177_7965.JPEG,218,Welsh Springer Spaniel
train/n02102177/n02102177_9006.JPEG,218,Welsh Springer Spaniel
train/n02102177/n02102177_8958.JPEG,218,Welsh Springer Spaniel
train/n02102177/n02102177_2545.JPEG,218,Welsh Springer Spaniel
train/n02102177/n02102177_250.JPEG,218,Welsh Springer Spaniel
train/n02102177/n02102177_2837.JPEG,218,Welsh Springer Spaniel
train/n02102177/n02102177_1403.JPEG,218,Welsh Springer Spaniel
train/n02102177/n02102177_590.JPEG,218,Welsh Springer Spaniel
train/n02102177/n02102177_8810.JPEG,218,Welsh Springer Spaniel
train/n02102318/n02102318_3658.JPEG,219,Cocker Spaniel
train/n02102318/n02102318_16462.JPEG,219,Cocker Spaniel
train/n02102318/n02102318_8683.JPEG,219,Cocker Spaniel
train/n02102318/n02102318_6561.JPEG,219,Cocker Spaniel
train/n02102318/n02102318_4933.JPEG,219,Cocker Spaniel
train/n02102318/n02102318_15665.JPEG,219,Cocker Spaniel
train/n02102318/n02102318_10894.JPEG,219,Cocker Spaniel
train/n02102318/n02102318_15115.JPEG,219,Cocker Spaniel
train/n02102318/n02102318_10449.JPEG,219,Cocker Spaniel
train/n02102318/n02102318_16343.JPEG,219,Cocker Spaniel
train/n02102318/n02102318_6947.JPEG,219,Cocker Spaniel
train/n02102318/n02102318_9926.JPEG,219,Cocker Spaniel
train/n02102318/n02102318_3497.JPEG,219,Cocker Spaniel
train/n02102318/n02102318_2556.JPEG,219,Cocker Spaniel
train/n02102318/n02102318_7864.JPEG,219,Cocker Spaniel
train/n02102318/n02102318_2933.JPEG,219,Cocker Spaniel
train/n02102480/n02102480_9220.JPEG,220,Sussex Spaniel
train/n02102480/n02102480_6483.JPEG,220,Sussex Spaniel
train/n02102480/n02102480_3293.JPEG,220,Sussex Spaniel
train/n02102480/n02102480_9526.JPEG,220,Sussex Spaniel
train/n02102480/n02102480_10584.JPEG,220,Sussex Spaniel
train/n02102480/n02102480_1534.JPEG,220,Sussex Spaniel
train/n02102480/n02102480_1165.JPEG,220,Sussex Spaniel
train/n02102480/n02102480_9816.JPEG,220,Sussex Spaniel
train/n02102480/n02102480_788.JPEG,220,Sussex Spaniel
train/n02102480/n02102480_882.JPEG,220,Sussex Spaniel
train/n02102480/n02102480_887.JPEG,220,Sussex Spaniel
train/n02102480/n02102480_4492.JPEG,220,Sussex Spaniel
train/n02102480/n02102480_302.JPEG,220,Sussex Spaniel
train/n02102480/n02102480_12544.JPEG,220,Sussex Spaniel
train/n02102480/n02102480_4074.JPEG,220,Sussex Spaniel
train/n02102480/n02102480_854.JPEG,220,Sussex Spaniel
train/n02102973/n02102973_6674.JPEG,221,Irish Water Spaniel
train/n02102973/n02102973_6325.JPEG,221,Irish Water Spaniel
train/n02102973/n02102973_3593.JPEG,221,Irish Water Spaniel
train/n02102973/n02102973_7890.JPEG,221,Irish Water Spaniel
train/n02102973/n02102973_6482.JPEG,221,Irish Water Spaniel
train/n02102973/n02102973_2222.JPEG,221,Irish Water Spaniel
train/n02102973/n02102973_5300.JPEG,221,Irish Water Spaniel
train/n02102973/n02102973_5225.JPEG,221,Irish Water Spaniel
train/n02102973/n02102973_2329.JPEG,221,Irish Water Spaniel
train/n02102973/n02102973_4433.JPEG,221,Irish Water Spaniel
train/n02102973/n02102973_7179.JPEG,221,Irish Water Spaniel
train/n02102973/n02102973_4229.JPEG,221,Irish Water Spaniel
train/n02102973/n02102973_5493.JPEG,221,Irish Water Spaniel
train/n02102973/n02102973_214.JPEG,221,Irish Water Spaniel
train/n02102973/n02102973_5217.JPEG,221,Irish Water Spaniel
train/n02102973/n02102973_1279.JPEG,221,Irish Water Spaniel
train/n02104029/n02104029_4715.JPEG,222,Kuvasz
train/n02104029/n02104029_4267.JPEG,222,Kuvasz
train/n02104029/n02104029_7140.JPEG,222,Kuvasz
train/n02104029/n02104029_4131.JPEG,222,Kuvasz
train/n02104029/n02104029_5392.JPEG,222,Kuvasz
train/n02104029/n02104029_7179.JPEG,222,Kuvasz
train/n02104029/n02104029_4665.JPEG,222,Kuvasz
train/n02104029/n02104029_3874.JPEG,222,Kuvasz
train/n02104029/n02104029_2729.JPEG,222,Kuvasz
train/n02104029/n02104029_7271.JPEG,222,Kuvasz
train/n02104029/n02104029_7184.JPEG,222,Kuvasz
train/n02104029/n02104029_6416.JPEG,222,Kuvasz
train/n02104029/n02104029_3768.JPEG,222,Kuvasz
train/n02104029/n02104029_4643.JPEG,222,Kuvasz
train/n02104029/n02104029_6479.JPEG,222,Kuvasz
train/n02104029/n02104029_703.JPEG,222,Kuvasz
train/n02104365/n02104365_1129.JPEG,223,Schipperke
train/n02104365/n02104365_1185.JPEG,223,Schipperke
train/n02104365/n02104365_2457.JPEG,223,Schipperke
train/n02104365/n02104365_6218.JPEG,223,Schipperke
train/n02104365/n02104365_8947.JPEG,223,Schipperke
train/n02104365/n02104365_2796.JPEG,223,Schipperke
train/n02104365/n02104365_3190.JPEG,223,Schipperke
train/n02104365/n02104365_10777.JPEG,223,Schipperke
train/n02104365/n02104365_7692.JPEG,223,Schipperke
train/n02104365/n02104365_1756.JPEG,223,Schipperke
train/n02104365/n02104365_2660.JPEG,223,Schipperke
train/n02104365/n02104365_3966.JPEG,223,Schipperke
train/n02104365/n02104365_256.JPEG,223,Schipperke
train/n02104365/n02104365_9489.JPEG,223,Schipperke
train/n02104365/n02104365_8228.JPEG,223,Schipperke
train/n02104365/n02104365_3735.JPEG,223,Schipperke
train/n02105056/n02105056_7321.JPEG,224,Groenendael dog
train/n02105056/n02105056_14938.JPEG,224,Groenendael dog
train/n02105056/n02105056_6523.JPEG,224,Groenendael dog
train/n02105056/n02105056_7386.JPEG,224,Groenendael dog
train/n02105056/n02105056_13362.JPEG,224,Groenendael dog
train/n02105056/n02105056_59.JPEG,224,Groenendael dog
train/n02105056/n02105056_11214.JPEG,224,Groenendael dog
train/n02105056/n02105056_5827.JPEG,224,Groenendael dog
train/n02105056/n02105056_3096.JPEG,224,Groenendael dog
train/n02105056/n02105056_5668.JPEG,224,Groenendael dog
train/n02105056/n02105056_7042.JPEG,224,Groenendael dog
train/n02105056/n02105056_3375.JPEG,224,Groenendael dog
train/n02105056/n02105056_1081.JPEG,224,Groenendael dog
train/n02105056/n02105056_10166.JPEG,224,Groenendael dog
train/n02105056/n02105056_13158.JPEG,224,Groenendael dog
train/n02105056/n02105056_289.JPEG,224,Groenendael dog
train/n02105162/n02105162_163.JPEG,225,Malinois
train/n02105162/n02105162_5872.JPEG,225,Malinois
train/n02105162/n02105162_4484.JPEG,225,Malinois
train/n02105162/n02105162_2647.JPEG,225,Malinois
train/n02105162/n02105162_9641.JPEG,225,Malinois
train/n02105162/n02105162_1303.JPEG,225,Malinois
train/n02105162/n02105162_2217.JPEG,225,Malinois
train/n02105162/n02105162_10582.JPEG,225,Malinois
train/n02105162/n02105162_1362.JPEG,225,Malinois
train/n02105162/n02105162_2118.JPEG,225,Malinois
train/n02105162/n02105162_2260.JPEG,225,Malinois
train/n02105162/n02105162_3414.JPEG,225,Malinois
train/n02105162/n02105162_2193.JPEG,225,Malinois
train/n02105162/n02105162_2715.JPEG,225,Malinois
train/n02105162/n02105162_5102.JPEG,225,Malinois
train/n02105162/n02105162_2384.JPEG,225,Malinois
train/n02105251/n02105251_3824.JPEG,226,Briard
train/n02105251/n02105251_14348.JPEG,226,Briard
train/n02105251/n02105251_2080.JPEG,226,Briard
train/n02105251/n02105251_3366.JPEG,226,Briard
train/n02105251/n02105251_7140.JPEG,226,Briard
train/n02105251/n02105251_13509.JPEG,226,Briard
train/n02105251/n02105251_3424.JPEG,226,Briard
train/n02105251/n02105251_5951.JPEG,226,Briard
train/n02105251/n02105251_3199.JPEG,226,Briard
train/n02105251/n02105251_7319.JPEG,226,Briard
train/n02105251/n02105251_1810.JPEG,226,Briard
train/n02105251/n02105251_6228.JPEG,226,Briard
train/n02105251/n02105251_5309.JPEG,226,Briard
train/n02105251/n02105251_8378.JPEG,226,Briard
train/n02105251/n02105251_1661.JPEG,226,Briard
train/n02105251/n02105251_8643.JPEG,226,Briard
train/n02105412/n02105412_7819.JPEG,227,Australian Kelpie
train/n02105412/n02105412_3906.JPEG,227,Australian Kelpie
train/n02105412/n02105412_1977.JPEG,227,Australian Kelpie
train/n02105412/n02105412_440.JPEG,227,Australian Kelpie
train/n02105412/n02105412_7264.JPEG,227,Australian Kelpie
train/n02105412/n02105412_4214.JPEG,227,Australian Kelpie
train/n02105412/n02105412_1891.JPEG,227,Australian Kelpie
train/n02105412/n02105412_723.JPEG,227,Australian Kelpie
train/n02105412/n02105412_2644.JPEG,227,Australian Kelpie
train/n02105412/n02105412_5607.JPEG,227,Australian Kelpie
train/n02105412/n02105412_3335.JPEG,227,Australian Kelpie
train/n02105412/n02105412_3004.JPEG,227,Australian Kelpie
train/n02105412/n02105412_5750.JPEG,227,Australian Kelpie
train/n02105412/n02105412_924.JPEG,227,Australian Kelpie
train/n02105412/n02105412_1269.JPEG,227,Australian Kelpie
train/n02105412/n02105412_5475.JPEG,227,Australian Kelpie
train/n02105505/n02105505_6743.JPEG,228,Komondor
train/n02105505/n02105505_264.JPEG,228,Komondor
train/n02105505/n02105505_6535.JPEG,228,Komondor
train/n02105505/n02105505_7627.JPEG,228,Komondor
train/n02105505/n02105505_7665.JPEG,228,Komondor
train/n02105505/n02105505_549.JPEG,228,Komondor
train/n02105505/n02105505_1652.JPEG,228,Komondor
train/n02105505/n02105505_1732.JPEG,228,Komondor
train/n02105505/n02105505_6406.JPEG,228,Komondor
train/n02105505/n02105505_7233.JPEG,228,Komondor
train/n02105505/n02105505_7719.JPEG,228,Komondor
train/n02105505/n02105505_6564.JPEG,228,Komondor
train/n02105505/n02105505_6379.JPEG,228,Komondor
train/n02105505/n02105505_21.JPEG,228,Komondor
train/n02105505/n02105505_2914.JPEG,228,Komondor
train/n02105505/n02105505_6958.JPEG,228,Komondor
train/n02105641/n02105641_11591.JPEG,229,Old English Sheepdog
train/n02105641/n02105641_540.JPEG,229,Old English Sheepdog
train/n02105641/n02105641_5564.JPEG,229,Old English Sheepdog
train/n02105641/n02105641_895.JPEG,229,Old English Sheepdog
train/n02105641/n02105641_987.JPEG,229,Old English Sheepdog
train/n02105641/n02105641_7191.JPEG,229,Old English Sheepdog
train/n02105641/n02105641_1200.JPEG,229,Old English Sheepdog
train/n02105641/n02105641_2824.JPEG,229,Old English Sheepdog
train/n02105641/n02105641_548.JPEG,229,Old English Sheepdog
train/n02105641/n02105641_5305.JPEG,229,Old English Sheepdog
train/n02105641/n02105641_12494.JPEG,229,Old English Sheepdog
train/n02105641/n02105641_13738.JPEG,229,Old English Sheepdog
train/n02105641/n02105641_5341.JPEG,229,Old English Sheepdog
train/n02105641/n02105641_6275.JPEG,229,Old English Sheepdog
train/n02105641/n02105641_9562.JPEG,229,Old English Sheepdog
train/n02105641/n02105641_13176.JPEG,229,Old English Sheepdog
train/n02105855/n02105855_8876.JPEG,230,Shetland Sheepdog
train/n02105855/n02105855_12324.JPEG,230,Shetland Sheepdog
train/n02105855/n02105855_7946.JPEG,230,Shetland Sheepdog
train/n02105855/n02105855_2447.JPEG,230,Shetland Sheepdog
train/n02105855/n02105855_16599.JPEG,230,Shetland Sheepdog
train/n02105855/n02105855_4021.JPEG,230,Shetland Sheepdog
train/n02105855/n02105855_4092.JPEG,230,Shetland Sheepdog
train/n02105855/n02105855_18221.JPEG,230,Shetland Sheepdog
train/n02105855/n02105855_7206.JPEG,230,Shetland Sheepdog
train/n02105855/n02105855_18906.JPEG,230,Shetland Sheepdog
train/n02105855/n02105855_4260.JPEG,230,Shetland Sheepdog
train/n02105855/n02105855_11216.JPEG,230,Shetland Sheepdog
train/n02105855/n02105855_15724.JPEG,230,Shetland Sheepdog
train/n02105855/n02105855_7334.JPEG,230,Shetland Sheepdog
train/n02105855/n02105855_10733.JPEG,230,Shetland Sheepdog
train/n02105855/n02105855_7279.JPEG,230,Shetland Sheepdog
train/n02106030/n02106030_14486.JPEG,231,collie
train/n02106030/n02106030_29764.JPEG,231,collie
train/n02106030/n02106030_3333.JPEG,231,collie
train/n02106030/n02106030_13841.JPEG,231,collie
train/n02106030/n02106030_15419.JPEG,231,collie
train/n02106030/n02106030_15619.JPEG,231,collie
train/n02106030/n02106030_14999.JPEG,231,collie
train/n02106030/n02106030_5589.JPEG,231,collie
train/n02106030/n02106030_2574.JPEG,231,collie
train/n02106030/n02106030_5223.JPEG,231,collie
train/n02106030/n02106030_1005.JPEG,231,collie
train/n02106030/n02106030_4751.JPEG,231,collie
train/n02106030/n02106030_14811.JPEG,231,collie
train/n02106030/n02106030_9880.JPEG,231,collie
train/n02106030/n02106030_4528.JPEG,231,collie
train/n02106030/n02106030_15582.JPEG,231,collie
train/n02106166/n02106166_794.JPEG,232,Border Collie
train/n02106166/n02106166_22118.JPEG,232,Border Collie
train/n02106166/n02106166_18241.JPEG,232,Border Collie
train/n02106166/n02106166_13253.JPEG,232,Border Collie
train/n02106166/n02106166_2662.JPEG,232,Border Collie
train/n02106166/n02106166_1683.JPEG,232,Border Collie
train/n02106166/n02106166_112.JPEG,232,Border Collie
train/n02106166/n02106166_7804.JPEG,232,Border Collie
train/n02106166/n02106166_2105.JPEG,232,Border Collie
train/n02106166/n02106166_3040.JPEG,232,Border Collie
train/n02106166/n02106166_16583.JPEG,232,Border Collie
train/n02106166/n02106166_12387.JPEG,232,Border Collie
train/n02106166/n02106166_7928.JPEG,232,Border Collie
train/n02106166/n02106166_6759.JPEG,232,Border Collie
train/n02106166/n02106166_8633.JPEG,232,Border Collie
train/n02106166/n02106166_2280.JPEG,232,Border Collie
train/n02106382/n02106382_15340.JPEG,233,Bouvier des Flandres dog
train/n02106382/n02106382_7162.JPEG,233,Bouvier des Flandres dog
train/n02106382/n02106382_530.JPEG,233,Bouvier des Flandres dog
train/n02106382/n02106382_13761.JPEG,233,Bouvier des Flandres dog
train/n02106382/n02106382_9684.JPEG,233,Bouvier des Flandres dog
train/n02106382/n02106382_3138.JPEG,233,Bouvier des Flandres dog
train/n02106382/n02106382_218.JPEG,233,Bouvier des Flandres dog
train/n02106382/n02106382_11744.JPEG,233,Bouvier des Flandres dog
train/n02106382/n02106382_9048.JPEG,233,Bouvier des Flandres dog
train/n02106382/n02106382_9411.JPEG,233,Bouvier des Flandres dog
train/n02106382/n02106382_8347.JPEG,233,Bouvier des Flandres dog
train/n02106382/n02106382_6867.JPEG,233,Bouvier des Flandres dog
train/n02106382/n02106382_6846.JPEG,233,Bouvier des Flandres dog
train/n02106382/n02106382_8309.JPEG,233,Bouvier des Flandres dog
train/n02106382/n02106382_419.JPEG,233,Bouvier des Flandres dog
train/n02106382/n02106382_3935.JPEG,233,Bouvier des Flandres dog
train/n02106550/n02106550_8921.JPEG,234,Rottweiler
train/n02106550/n02106550_3117.JPEG,234,Rottweiler
train/n02106550/n02106550_5706.JPEG,234,Rottweiler
train/n02106550/n02106550_9996.JPEG,234,Rottweiler
train/n02106550/n02106550_2706.JPEG,234,Rottweiler
train/n02106550/n02106550_1442.JPEG,234,Rottweiler
train/n02106550/n02106550_9417.JPEG,234,Rottweiler
train/n02106550/n02106550_8544.JPEG,234,Rottweiler
train/n02106550/n02106550_8381.JPEG,234,Rottweiler
train/n02106550/n02106550_759.JPEG,234,Rottweiler
train/n02106550/n02106550_1410.JPEG,234,Rottweiler
train/n02106550/n02106550_6149.JPEG,234,Rottweiler
train/n02106550/n02106550_3053.JPEG,234,Rottweiler
train/n02106550/n02106550_376.JPEG,234,Rottweiler
train/n02106550/n02106550_2755.JPEG,234,Rottweiler
train/n02106550/n02106550_4039.JPEG,234,Rottweiler
train/n02106662/n02106662_12103.JPEG,235,German Shepherd Dog
train/n02106662/n02106662_25560.JPEG,235,German Shepherd Dog
train/n02106662/n02106662_3815.JPEG,235,German Shepherd Dog
train/n02106662/n02106662_18948.JPEG,235,German Shepherd Dog
train/n02106662/n02106662_55005.JPEG,235,German Shepherd Dog
train/n02106662/n02106662_67635.JPEG,235,German Shepherd Dog
train/n02106662/n02106662_16855.JPEG,235,German Shepherd Dog
train/n02106662/n02106662_36908.JPEG,235,German Shepherd Dog
train/n02106662/n02106662_20036.JPEG,235,German Shepherd Dog
train/n02106662/n02106662_38997.JPEG,235,German Shepherd Dog
train/n02106662/n02106662_31971.JPEG,235,German Shepherd Dog
train/n02106662/n02106662_6636.JPEG,235,German Shepherd Dog
train/n02106662/n02106662_4255.JPEG,235,German Shepherd Dog
train/n02106662/n02106662_16129.JPEG,235,German Shepherd Dog
train/n02106662/n02106662_18303.JPEG,235,German Shepherd Dog
train/n02106662/n02106662_97353.JPEG,235,German Shepherd Dog
train/n02107142/n02107142_8675.JPEG,236,Dobermann
train/n02107142/n02107142_4851.JPEG,236,Dobermann
train/n02107142/n02107142_38229.JPEG,236,Dobermann
train/n02107142/n02107142_12488.JPEG,236,Dobermann
train/n02107142/n02107142_17095.JPEG,236,Dobermann
train/n02107142/n02107142_14878.JPEG,236,Dobermann
train/n02107142/n02107142_28505.JPEG,236,Dobermann
train/n02107142/n02107142_8568.JPEG,236,Dobermann
train/n02107142/n02107142_4130.JPEG,236,Dobermann
train/n02107142/n02107142_61109.JPEG,236,Dobermann
train/n02107142/n02107142_6006.JPEG,236,Dobermann
train/n02107142/n02107142_7184.JPEG,236,Dobermann
train/n02107142/n02107142_15694.JPEG,236,Dobermann
train/n02107142/n02107142_12082.JPEG,236,Dobermann
train/n02107142/n02107142_16429.JPEG,236,Dobermann
train/n02107142/n02107142_20935.JPEG,236,Dobermann
train/n02107312/n02107312_1849.JPEG,237,Miniature Pinscher
train/n02107312/n02107312_1304.JPEG,237,Miniature Pinscher
train/n02107312/n02107312_2668.JPEG,237,Miniature Pinscher
train/n02107312/n02107312_2442.JPEG,237,Miniature Pinscher
train/n02107312/n02107312_5194.JPEG,237,Miniature Pinscher
train/n02107312/n02107312_73.JPEG,237,Miniature Pinscher
train/n02107312/n02107312_3172.JPEG,237,Miniature Pinscher
train/n02107312/n02107312_6590.JPEG,237,Miniature Pinscher
train/n02107312/n02107312_2739.JPEG,237,Miniature Pinscher
train/n02107312/n02107312_6487.JPEG,237,Miniature Pinscher
train/n02107312/n02107312_886.JPEG,237,Miniature Pinscher
train/n02107312/n02107312_3618.JPEG,237,Miniature Pinscher
train/n02107312/n02107312_6706.JPEG,237,Miniature Pinscher
train/n02107312/n02107312_5191.JPEG,237,Miniature Pinscher
train/n02107312/n02107312_1300.JPEG,237,Miniature Pinscher
train/n02107312/n02107312_3832.JPEG,237,Miniature Pinscher
train/n02107574/n02107574_534.JPEG,238,Greater Swiss Mountain Dog
train/n02107574/n02107574_5549.JPEG,238,Greater Swiss Mountain Dog
train/n02107574/n02107574_4446.JPEG,238,Greater Swiss Mountain Dog
train/n02107574/n02107574_5142.JPEG,238,Greater Swiss Mountain Dog
train/n02107574/n02107574_1926.JPEG,238,Greater Swiss Mountain Dog
train/n02107574/n02107574_808.JPEG,238,Greater Swiss Mountain Dog
train/n02107574/n02107574_6269.JPEG,238,Greater Swiss Mountain Dog
train/n02107574/n02107574_1954.JPEG,238,Greater Swiss Mountain Dog
train/n02107574/n02107574_2061.JPEG,238,Greater Swiss Mountain Dog
train/n02107574/n02107574_2504.JPEG,238,Greater Swiss Mountain Dog
train/n02107574/n02107574_4076.JPEG,238,Greater Swiss Mountain Dog
train/n02107574/n02107574_1820.JPEG,238,Greater Swiss Mountain Dog
train/n02107574/n02107574_2574.JPEG,238,Greater Swiss Mountain Dog
train/n02107574/n02107574_2016.JPEG,238,Greater Swiss Mountain Dog
train/n02107574/n02107574_3596.JPEG,238,Greater Swiss Mountain Dog
train/n02107574/n02107574_5262.JPEG,238,Greater Swiss Mountain Dog
train/n02107683/n02107683_25.JPEG,239,Bernese Mountain Dog
train/n02107683/n02107683_3568.JPEG,239,Bernese Mountain Dog
train/n02107683/n02107683_61.JPEG,239,Bernese Mountain Dog
train/n02107683/n02107683_1683.JPEG,239,Bernese Mountain Dog
train/n02107683/n02107683_6192.JPEG,239,Bernese Mountain Dog
train/n02107683/n02107683_3047.JPEG,239,Bernese Mountain Dog
train/n02107683/n02107683_4788.JPEG,239,Bernese Mountain Dog
train/n02107683/n02107683_5309.JPEG,239,Bernese Mountain Dog
train/n02107683/n02107683_20.JPEG,239,Bernese Mountain Dog
train/n02107683/n02107683_4709.JPEG,239,Bernese Mountain Dog
train/n02107683/n02107683_965.JPEG,239,Bernese Mountain Dog
train/n02107683/n02107683_2521.JPEG,239,Bernese Mountain Dog
train/n02107683/n02107683_6779.JPEG,239,Bernese Mountain Dog
train/n02107683/n02107683_3793.JPEG,239,Bernese Mountain Dog
train/n02107683/n02107683_1033.JPEG,239,Bernese Mountain Dog
train/n02107683/n02107683_2995.JPEG,239,Bernese Mountain Dog
train/n02107908/n02107908_8507.JPEG,240,Appenzeller Sennenhund
train/n02107908/n02107908_8280.JPEG,240,Appenzeller Sennenhund
train/n02107908/n02107908_8760.JPEG,240,Appenzeller Sennenhund
train/n02107908/n02107908_6042.JPEG,240,Appenzeller Sennenhund
train/n02107908/n02107908_2313.JPEG,240,Appenzeller Sennenhund
train/n02107908/n02107908_7873.JPEG,240,Appenzeller Sennenhund
train/n02107908/n02107908_10607.JPEG,240,Appenzeller Sennenhund
train/n02107908/n02107908_7415.JPEG,240,Appenzeller Sennenhund
train/n02107908/n02107908_6466.JPEG,240,Appenzeller Sennenhund
train/n02107908/n02107908_298.JPEG,240,Appenzeller Sennenhund
train/n02107908/n02107908_9103.JPEG,240,Appenzeller Sennenhund
train/n02107908/n02107908_12062.JPEG,240,Appenzeller Sennenhund
train/n02107908/n02107908_9587.JPEG,240,Appenzeller Sennenhund
train/n02107908/n02107908_9736.JPEG,240,Appenzeller Sennenhund
train/n02107908/n02107908_1271.JPEG,240,Appenzeller Sennenhund
train/n02107908/n02107908_10537.JPEG,240,Appenzeller Sennenhund
train/n02108000/n02108000_1288.JPEG,241,Entlebucher Sennenhund
train/n02108000/n02108000_1690.JPEG,241,Entlebucher Sennenhund
train/n02108000/n02108000_6970.JPEG,241,Entlebucher Sennenhund
train/n02108000/n02108000_6513.JPEG,241,Entlebucher Sennenhund
train/n02108000/n02108000_2837.JPEG,241,Entlebucher Sennenhund
train/n02108000/n02108000_4904.JPEG,241,Entlebucher Sennenhund
train/n02108000/n02108000_6991.JPEG,241,Entlebucher Sennenhund
train/n02108000/n02108000_1939.JPEG,241,Entlebucher Sennenhund
train/n02108000/n02108000_386.JPEG,241,Entlebucher Sennenhund
train/n02108000/n02108000_5292.JPEG,241,Entlebucher Sennenhund
train/n02108000/n02108000_4139.JPEG,241,Entlebucher Sennenhund
train/n02108000/n02108000_808.JPEG,241,Entlebucher Sennenhund
train/n02108000/n02108000_6378.JPEG,241,Entlebucher Sennenhund
train/n02108000/n02108000_6450.JPEG,241,Entlebucher Sennenhund
train/n02108000/n02108000_6122.JPEG,241,Entlebucher Sennenhund
train/n02108000/n02108000_615.JPEG,241,Entlebucher Sennenhund
train/n02108089/n02108089_167.JPEG,242,Boxer
train/n02108089/n02108089_9348.JPEG,242,Boxer
train/n02108089/n02108089_15993.JPEG,242,Boxer
train/n02108089/n02108089_919.JPEG,242,Boxer
train/n02108089/n02108089_145.JPEG,242,Boxer
train/n02108089/n02108089_10483.JPEG,242,Boxer
train/n02108089/n02108089_43871.JPEG,242,Boxer
train/n02108089/n02108089_10506.JPEG,242,Boxer
train/n02108089/n02108089_70.JPEG,242,Boxer
train/n02108089/n02108089_16795.JPEG,242,Boxer
train/n02108089/n02108089_25222.JPEG,242,Boxer
train/n02108089/n02108089_13824.JPEG,242,Boxer
train/n02108089/n02108089_568.JPEG,242,Boxer
train/n02108089/n02108089_1550.JPEG,242,Boxer
train/n02108089/n02108089_12253.JPEG,242,Boxer
train/n02108089/n02108089_557.JPEG,242,Boxer
train/n02108422/n02108422_11333.JPEG,243,Bullmastiff
train/n02108422/n02108422_1424.JPEG,243,Bullmastiff
train/n02108422/n02108422_9871.JPEG,243,Bullmastiff
train/n02108422/n02108422_7376.JPEG,243,Bullmastiff
train/n02108422/n02108422_2768.JPEG,243,Bullmastiff
train/n02108422/n02108422_2555.JPEG,243,Bullmastiff
train/n02108422/n02108422_652.JPEG,243,Bullmastiff
train/n02108422/n02108422_9712.JPEG,243,Bullmastiff
train/n02108422/n02108422_342.JPEG,243,Bullmastiff
train/n02108422/n02108422_5009.JPEG,243,Bullmastiff
train/n02108422/n02108422_6121.JPEG,243,Bullmastiff
train/n02108422/n02108422_5466.JPEG,243,Bullmastiff
train/n02108422/n02108422_8274.JPEG,243,Bullmastiff
train/n02108422/n02108422_11037.JPEG,243,Bullmastiff
train/n02108422/n02108422_6348.JPEG,243,Bullmastiff
train/n02108422/n02108422_12264.JPEG,243,Bullmastiff
train/n02108551/n02108551_11840.JPEG,244,Tibetan Mastiff
train/n02108551/n02108551_1637.JPEG,244,Tibetan Mastiff
train/n02108551/n02108551_691.JPEG,244,Tibetan Mastiff
train/n02108551/n02108551_11408.JPEG,244,Tibetan Mastiff
train/n02108551/n02108551_6103.JPEG,244,Tibetan Mastiff
train/n02108551/n02108551_1981.JPEG,244,Tibetan Mastiff
train/n02108551/n02108551_26509.JPEG,244,Tibetan Mastiff
train/n02108551/n02108551_7706.JPEG,244,Tibetan Mastiff
train/n02108551/n02108551_23558.JPEG,244,Tibetan Mastiff
train/n02108551/n02108551_4021.JPEG,244,Tibetan Mastiff
train/n02108551/n02108551_16518.JPEG,244,Tibetan Mastiff
train/n02108551/n02108551_13041.JPEG,244,Tibetan Mastiff
train/n02108551/n02108551_11332.JPEG,244,Tibetan Mastiff
train/n02108551/n02108551_7243.JPEG,244,Tibetan Mastiff
train/n02108551/n02108551_26351.JPEG,244,Tibetan Mastiff
train/n02108551/n02108551_2360.JPEG,244,Tibetan Mastiff
train/n02108915/n02108915_5395.JPEG,245,French Bulldog
train/n02108915/n02108915_6245.JPEG,245,French Bulldog
train/n02108915/n02108915_1727.JPEG,245,French Bulldog
train/n02108915/n02108915_189.JPEG,245,French Bulldog
train/n02108915/n02108915_5844.JPEG,245,French Bulldog
train/n02108915/n02108915_8538.JPEG,245,French Bulldog
train/n02108915/n02108915_6366.JPEG,245,French Bulldog
train/n02108915/n02108915_3424.JPEG,245,French Bulldog
train/n02108915/n02108915_2756.JPEG,245,French Bulldog
train/n02108915/n02108915_12154.JPEG,245,French Bulldog
train/n02108915/n02108915_5220.JPEG,245,French Bulldog
train/n02108915/n02108915_6480.JPEG,245,French Bulldog
train/n02108915/n02108915_8236.JPEG,245,French Bulldog
train/n02108915/n02108915_13021.JPEG,245,French Bulldog
train/n02108915/n02108915_4882.JPEG,245,French Bulldog
train/n02108915/n02108915_4090.JPEG,245,French Bulldog
train/n02109047/n02109047_9081.JPEG,246,Great Dane
train/n02109047/n02109047_4619.JPEG,246,Great Dane
train/n02109047/n02109047_3905.JPEG,246,Great Dane
train/n02109047/n02109047_43056.JPEG,246,Great Dane
train/n02109047/n02109047_5792.JPEG,246,Great Dane
train/n02109047/n02109047_16918.JPEG,246,Great Dane
train/n02109047/n02109047_178.JPEG,246,Great Dane
train/n02109047/n02109047_7517.JPEG,246,Great Dane
train/n02109047/n02109047_562.JPEG,246,Great Dane
train/n02109047/n02109047_11510.JPEG,246,Great Dane
train/n02109047/n02109047_12475.JPEG,246,Great Dane
train/n02109047/n02109047_941.JPEG,246,Great Dane
train/n02109047/n02109047_1769.JPEG,246,Great Dane
train/n02109047/n02109047_6076.JPEG,246,Great Dane
train/n02109047/n02109047_2517.JPEG,246,Great Dane
train/n02109047/n02109047_3057.JPEG,246,Great Dane
train/n02109525/n02109525_4248.JPEG,247,St. Bernard
train/n02109525/n02109525_27294.JPEG,247,St. Bernard
train/n02109525/n02109525_54039.JPEG,247,St. Bernard
train/n02109525/n02109525_57696.JPEG,247,St. Bernard
train/n02109525/n02109525_68384.JPEG,247,St. Bernard
train/n02109525/n02109525_50916.JPEG,247,St. Bernard
train/n02109525/n02109525_29303.JPEG,247,St. Bernard
train/n02109525/n02109525_5984.JPEG,247,St. Bernard
train/n02109525/n02109525_74605.JPEG,247,St. Bernard
train/n02109525/n02109525_6089.JPEG,247,St. Bernard
train/n02109525/n02109525_4031.JPEG,247,St. Bernard
train/n02109525/n02109525_2202.JPEG,247,St. Bernard
train/n02109525/n02109525_1843.JPEG,247,St. Bernard
train/n02109525/n02109525_70674.JPEG,247,St. Bernard
train/n02109525/n02109525_7309.JPEG,247,St. Bernard
train/n02109525/n02109525_28899.JPEG,247,St. Bernard
train/n02109961/n02109961_3641.JPEG,248,husky
train/n02109961/n02109961_546.JPEG,248,husky
train/n02109961/n02109961_66331.JPEG,248,husky
train/n02109961/n02109961_10699.JPEG,248,husky
train/n02109961/n02109961_22372.JPEG,248,husky
train/n02109961/n02109961_58994.JPEG,248,husky
train/n02109961/n02109961_65947.JPEG,248,husky
train/n02109961/n02109961_47583.JPEG,248,husky
train/n02109961/n02109961_2641.JPEG,248,husky
train/n02109961/n02109961_34037.JPEG,248,husky
train/n02109961/n02109961_60418.JPEG,248,husky
train/n02109961/n02109961_16786.JPEG,248,husky
train/n02109961/n02109961_9414.JPEG,248,husky
train/n02109961/n02109961_12926.JPEG,248,husky
train/n02109961/n02109961_24013.JPEG,248,husky
train/n02109961/n02109961_13941.JPEG,248,husky
train/n02110063/n02110063_39.JPEG,249,Alaskan Malamute
train/n02110063/n02110063_6518.JPEG,249,Alaskan Malamute
train/n02110063/n02110063_2036.JPEG,249,Alaskan Malamute
train/n02110063/n02110063_14395.JPEG,249,Alaskan Malamute
train/n02110063/n02110063_9511.JPEG,249,Alaskan Malamute
train/n02110063/n02110063_1043.JPEG,249,Alaskan Malamute
train/n02110063/n02110063_3399.JPEG,249,Alaskan Malamute
train/n02110063/n02110063_10890.JPEG,249,Alaskan Malamute
train/n02110063/n02110063_16612.JPEG,249,Alaskan Malamute
train/n02110063/n02110063_7322.JPEG,249,Alaskan Malamute
train/n02110063/n02110063_10305.JPEG,249,Alaskan Malamute
train/n02110063/n02110063_10298.JPEG,249,Alaskan Malamute
train/n02110063/n02110063_17090.JPEG,249,Alaskan Malamute
train/n02110063/n02110063_16896.JPEG,249,Alaskan Malamute
train/n02110063/n02110063_12404.JPEG,249,Alaskan Malamute
train/n02110063/n02110063_13829.JPEG,249,Alaskan Malamute
train/n02110185/n02110185_4135.JPEG,250,Siberian Husky
train/n02110185/n02110185_10811.JPEG,250,Siberian Husky
train/n02110185/n02110185_4214.JPEG,250,Siberian Husky
train/n02110185/n02110185_12748.JPEG,250,Siberian Husky
train/n02110185/n02110185_27.JPEG,250,Siberian Husky
train/n02110185/n02110185_2440.JPEG,250,Siberian Husky
train/n02110185/n02110185_7584.JPEG,250,Siberian Husky
train/n02110185/n02110185_3406.JPEG,250,Siberian Husky
train/n02110185/n02110185_4522.JPEG,250,Siberian Husky
train/n02110185/n02110185_1338.JPEG,250,Siberian Husky
train/n02110185/n02110185_12257.JPEG,250,Siberian Husky
train/n02110185/n02110185_2350.JPEG,250,Siberian Husky
train/n02110185/n02110185_11338.JPEG,250,Siberian Husky
train/n02110185/n02110185_4813.JPEG,250,Siberian Husky
train/n02110185/n02110185_8479.JPEG,250,Siberian Husky
train/n02110185/n02110185_2143.JPEG,250,Siberian Husky
train/n02110341/n02110341_6327.JPEG,251,Dalmatian
train/n02110341/n02110341_14522.JPEG,251,Dalmatian
train/n02110341/n02110341_15575.JPEG,251,Dalmatian
train/n02110341/n02110341_8340.JPEG,251,Dalmatian
train/n02110341/n02110341_4421.JPEG,251,Dalmatian
train/n02110341/n02110341_3239.JPEG,251,Dalmatian
train/n02110341/n02110341_10723.JPEG,251,Dalmatian
train/n02110341/n02110341_979.JPEG,251,Dalmatian
train/n02110341/n02110341_1210.JPEG,251,Dalmatian
train/n02110341/n02110341_1535.JPEG,251,Dalmatian
train/n02110341/n02110341_6670.JPEG,251,Dalmatian
train/n02110341/n02110341_16202.JPEG,251,Dalmatian
train/n02110341/n02110341_3183.JPEG,251,Dalmatian
train/n02110341/n02110341_1264.JPEG,251,Dalmatian
train/n02110341/n02110341_2052.JPEG,251,Dalmatian
train/n02110341/n02110341_4863.JPEG,251,Dalmatian
train/n02110627/n02110627_1444.JPEG,252,Affenpinscher
train/n02110627/n02110627_18474.JPEG,252,Affenpinscher
train/n02110627/n02110627_1095.JPEG,252,Affenpinscher
train/n02110627/n02110627_21570.JPEG,252,Affenpinscher
train/n02110627/n02110627_3666.JPEG,252,Affenpinscher
train/n02110627/n02110627_8176.JPEG,252,Affenpinscher
train/n02110627/n02110627_4058.JPEG,252,Affenpinscher
train/n02110627/n02110627_22302.JPEG,252,Affenpinscher
train/n02110627/n02110627_8438.JPEG,252,Affenpinscher
train/n02110627/n02110627_11584.JPEG,252,Affenpinscher
train/n02110627/n02110627_30148.JPEG,252,Affenpinscher
train/n02110627/n02110627_13.JPEG,252,Affenpinscher
train/n02110627/n02110627_7694.JPEG,252,Affenpinscher
train/n02110627/n02110627_18494.JPEG,252,Affenpinscher
train/n02110627/n02110627_1915.JPEG,252,Affenpinscher
train/n02110627/n02110627_17120.JPEG,252,Affenpinscher
train/n02110806/n02110806_7851.JPEG,253,Basenji
train/n02110806/n02110806_4483.JPEG,253,Basenji
train/n02110806/n02110806_14358.JPEG,253,Basenji
train/n02110806/n02110806_4322.JPEG,253,Basenji
train/n02110806/n02110806_20182.JPEG,253,Basenji
train/n02110806/n02110806_4188.JPEG,253,Basenji
train/n02110806/n02110806_23398.JPEG,253,Basenji
train/n02110806/n02110806_8449.JPEG,253,Basenji
train/n02110806/n02110806_23666.JPEG,253,Basenji
train/n02110806/n02110806_13803.JPEG,253,Basenji
train/n02110806/n02110806_4696.JPEG,253,Basenji
train/n02110806/n02110806_257.JPEG,253,Basenji
train/n02110806/n02110806_3911.JPEG,253,Basenji
train/n02110806/n02110806_3265.JPEG,253,Basenji
train/n02110806/n02110806_25745.JPEG,253,Basenji
train/n02110806/n02110806_12999.JPEG,253,Basenji
train/n02110958/n02110958_7872.JPEG,254,pug
train/n02110958/n02110958_7878.JPEG,254,pug
train/n02110958/n02110958_6698.JPEG,254,pug
train/n02110958/n02110958_3537.JPEG,254,pug
train/n02110958/n02110958_3555.JPEG,254,pug
train/n02110958/n02110958_2352.JPEG,254,pug
train/n02110958/n02110958_14996.JPEG,254,pug
train/n02110958/n02110958_4222.JPEG,254,pug
train/n02110958/n02110958_152.JPEG,254,pug
train/n02110958/n02110958_1906.JPEG,254,pug
train/n02110958/n02110958_2188.JPEG,254,pug
train/n02110958/n02110958_1318.JPEG,254,pug
train/n02110958/n02110958_4539.JPEG,254,pug
train/n02110958/n02110958_15932.JPEG,254,pug
train/n02110958/n02110958_11343.JPEG,254,pug
train/n02110958/n02110958_4963.JPEG,254,pug
train/n02111129/n02111129_5902.JPEG,255,Leonberger
train/n02111129/n02111129_4104.JPEG,255,Leonberger
train/n02111129/n02111129_8045.JPEG,255,Leonberger
train/n02111129/n02111129_5724.JPEG,255,Leonberger
train/n02111129/n02111129_5746.JPEG,255,Leonberger
train/n02111129/n02111129_3462.JPEG,255,Leonberger
train/n02111129/n02111129_5207.JPEG,255,Leonberger
train/n02111129/n02111129_6185.JPEG,255,Leonberger
train/n02111129/n02111129_3347.JPEG,255,Leonberger
train/n02111129/n02111129_2658.JPEG,255,Leonberger
train/n02111129/n02111129_786.JPEG,255,Leonberger
train/n02111129/n02111129_2084.JPEG,255,Leonberger
train/n02111129/n02111129_1271.JPEG,255,Leonberger
train/n02111129/n02111129_6528.JPEG,255,Leonberger
train/n02111129/n02111129_236.JPEG,255,Leonberger
train/n02111129/n02111129_2694.JPEG,255,Leonberger
train/n02111277/n02111277_13024.JPEG,256,Newfoundland dog
train/n02111277/n02111277_41452.JPEG,256,Newfoundland dog
train/n02111277/n02111277_11722.JPEG,256,Newfoundland dog
train/n02111277/n02111277_7395.JPEG,256,Newfoundland dog
train/n02111277/n02111277_11806.JPEG,256,Newfoundland dog
train/n02111277/n02111277_35847.JPEG,256,Newfoundland dog
train/n02111277/n02111277_12623.JPEG,256,Newfoundland dog
train/n02111277/n02111277_2315.JPEG,256,Newfoundland dog
train/n02111277/n02111277_20949.JPEG,256,Newfoundland dog
train/n02111277/n02111277_11493.JPEG,256,Newfoundland dog
train/n02111277/n02111277_5020.JPEG,256,Newfoundland dog
train/n02111277/n02111277_11677.JPEG,256,Newfoundland dog
train/n02111277/n02111277_20358.JPEG,256,Newfoundland dog
train/n02111277/n02111277_21424.JPEG,256,Newfoundland dog
train/n02111277/n02111277_2964.JPEG,256,Newfoundland dog
train/n02111277/n02111277_3053.JPEG,256,Newfoundland dog
train/n02111500/n02111500_4416.JPEG,257,Great Pyrenees dog
train/n02111500/n02111500_6227.JPEG,257,Great Pyrenees dog
train/n02111500/n02111500_8820.JPEG,257,Great Pyrenees dog
train/n02111500/n02111500_8573.JPEG,257,Great Pyrenees dog
train/n02111500/n02111500_4829.JPEG,257,Great Pyrenees dog
train/n02111500/n02111500_6865.JPEG,257,Great Pyrenees dog
train/n02111500/n02111500_9058.JPEG,257,Great Pyrenees dog
train/n02111500/n02111500_6661.JPEG,257,Great Pyrenees dog
train/n02111500/n02111500_4076.JPEG,257,Great Pyrenees dog
train/n02111500/n02111500_3248.JPEG,257,Great Pyrenees dog
train/n02111500/n02111500_9015.JPEG,257,Great Pyrenees dog
train/n02111500/n02111500_9311.JPEG,257,Great Pyrenees dog
train/n02111500/n02111500_1861.JPEG,257,Great Pyrenees dog
train/n02111500/n02111500_4773.JPEG,257,Great Pyrenees dog
train/n02111500/n02111500_8649.JPEG,257,Great Pyrenees dog
train/n02111500/n02111500_3220.JPEG,257,Great Pyrenees dog
train/n02111889/n02111889_8845.JPEG,258,Samoyed
train/n02111889/n02111889_7764.JPEG,258,Samoyed
train/n02111889/n02111889_4073.JPEG,258,Samoyed
train/n02111889/n02111889_14926.JPEG,258,Samoyed
train/n02111889/n02111889_3858.JPEG,258,Samoyed
train/n02111889/n02111889_17511.JPEG,258,Samoyed
train/n02111889/n02111889_3845.JPEG,258,Samoyed
train/n02111889/n02111889_15946.JPEG,258,Samoyed
train/n02111889/n02111889_397.JPEG,258,Samoyed
train/n02111889/n02111889_18037.JPEG,258,Samoyed
train/n02111889/n02111889_6671.JPEG,258,Samoyed
train/n02111889/n02111889_4395.JPEG,258,Samoyed
train/n02111889/n02111889_2842.JPEG,258,Samoyed
train/n02111889/n02111889_13818.JPEG,258,Samoyed
train/n02111889/n02111889_4717.JPEG,258,Samoyed
train/n02111889/n02111889_1750.JPEG,258,Samoyed
train/n02112018/n02112018_4037.JPEG,259,Pomeranian
train/n02112018/n02112018_2228.JPEG,259,Pomeranian
train/n02112018/n02112018_13170.JPEG,259,Pomeranian
train/n02112018/n02112018_8745.JPEG,259,Pomeranian
train/n02112018/n02112018_11071.JPEG,259,Pomeranian
train/n02112018/n02112018_6706.JPEG,259,Pomeranian
train/n02112018/n02112018_7203.JPEG,259,Pomeranian
train/n02112018/n02112018_8.JPEG,259,Pomeranian
train/n02112018/n02112018_7470.JPEG,259,Pomeranian
train/n02112018/n02112018_14167.JPEG,259,Pomeranian
train/n02112018/n02112018_5058.JPEG,259,Pomeranian
train/n02112018/n02112018_7127.JPEG,259,Pomeranian
train/n02112018/n02112018_2614.JPEG,259,Pomeranian
train/n02112018/n02112018_333.JPEG,259,Pomeranian
train/n02112018/n02112018_5332.JPEG,259,Pomeranian
train/n02112018/n02112018_9893.JPEG,259,Pomeranian
train/n02112137/n02112137_1209.JPEG,260,Chow Chow
train/n02112137/n02112137_5135.JPEG,260,Chow Chow
train/n02112137/n02112137_8986.JPEG,260,Chow Chow
train/n02112137/n02112137_5725.JPEG,260,Chow Chow
train/n02112137/n02112137_9162.JPEG,260,Chow Chow
train/n02112137/n02112137_14698.JPEG,260,Chow Chow
train/n02112137/n02112137_1565.JPEG,260,Chow Chow
train/n02112137/n02112137_9440.JPEG,260,Chow Chow
train/n02112137/n02112137_4434.JPEG,260,Chow Chow
train/n02112137/n02112137_6987.JPEG,260,Chow Chow
train/n02112137/n02112137_5696.JPEG,260,Chow Chow
train/n02112137/n02112137_6808.JPEG,260,Chow Chow
train/n02112137/n02112137_5280.JPEG,260,Chow Chow
train/n02112137/n02112137_6691.JPEG,260,Chow Chow
train/n02112137/n02112137_279.JPEG,260,Chow Chow
train/n02112137/n02112137_2493.JPEG,260,Chow Chow
train/n02112350/n02112350_5656.JPEG,261,Keeshond
train/n02112350/n02112350_1080.JPEG,261,Keeshond
train/n02112350/n02112350_4533.JPEG,261,Keeshond
train/n02112350/n02112350_9255.JPEG,261,Keeshond
train/n02112350/n02112350_9901.JPEG,261,Keeshond
train/n02112350/n02112350_3253.JPEG,261,Keeshond
train/n02112350/n02112350_9431.JPEG,261,Keeshond
train/n02112350/n02112350_1540.JPEG,261,Keeshond
train/n02112350/n02112350_2600.JPEG,261,Keeshond
train/n02112350/n02112350_9836.JPEG,261,Keeshond
train/n02112350/n02112350_7712.JPEG,261,Keeshond
train/n02112350/n02112350_4053.JPEG,261,Keeshond
train/n02112350/n02112350_5795.JPEG,261,Keeshond
train/n02112350/n02112350_7899.JPEG,261,Keeshond
train/n02112350/n02112350_2362.JPEG,261,Keeshond
train/n02112350/n02112350_7317.JPEG,261,Keeshond
train/n02112706/n02112706_5173.JPEG,262,brussels griffon
train/n02112706/n02112706_4751.JPEG,262,brussels griffon
train/n02112706/n02112706_3127.JPEG,262,brussels griffon
train/n02112706/n02112706_5359.JPEG,262,brussels griffon
train/n02112706/n02112706_2740.JPEG,262,brussels griffon
train/n02112706/n02112706_11.JPEG,262,brussels griffon
train/n02112706/n02112706_5518.JPEG,262,brussels griffon
train/n02112706/n02112706_1746.JPEG,262,brussels griffon
train/n02112706/n02112706_4444.JPEG,262,brussels griffon
train/n02112706/n02112706_2993.JPEG,262,brussels griffon
train/n02112706/n02112706_4459.JPEG,262,brussels griffon
train/n02112706/n02112706_2621.JPEG,262,brussels griffon
train/n02112706/n02112706_5084.JPEG,262,brussels griffon
train/n02112706/n02112706_3140.JPEG,262,brussels griffon
train/n02112706/n02112706_3329.JPEG,262,brussels griffon
train/n02112706/n02112706_2707.JPEG,262,brussels griffon
train/n02113023/n02113023_5111.JPEG,263,Pembroke Welsh Corgi
train/n02113023/n02113023_9205.JPEG,263,Pembroke Welsh Corgi
train/n02113023/n02113023_13750.JPEG,263,Pembroke Welsh Corgi
train/n02113023/n02113023_5478.JPEG,263,Pembroke Welsh Corgi
train/n02113023/n02113023_8887.JPEG,263,Pembroke Welsh Corgi
train/n02113023/n02113023_6570.JPEG,263,Pembroke Welsh Corgi
train/n02113023/n02113023_10060.JPEG,263,Pembroke Welsh Corgi
train/n02113023/n02113023_4724.JPEG,263,Pembroke Welsh Corgi
train/n02113023/n02113023_4725.JPEG,263,Pembroke Welsh Corgi
train/n02113023/n02113023_3337.JPEG,263,Pembroke Welsh Corgi
train/n02113023/n02113023_12511.JPEG,263,Pembroke Welsh Corgi
train/n02113023/n02113023_12924.JPEG,263,Pembroke Welsh Corgi
train/n02113023/n02113023_14676.JPEG,263,Pembroke Welsh Corgi
train/n02113023/n02113023_3109.JPEG,263,Pembroke Welsh Corgi
train/n02113023/n02113023_2361.JPEG,263,Pembroke Welsh Corgi
train/n02113023/n02113023_4080.JPEG,263,Pembroke Welsh Corgi
train/n02113186/n02113186_9991.JPEG,264,Cardigan Welsh Corgi
train/n02113186/n02113186_13371.JPEG,264,Cardigan Welsh Corgi
train/n02113186/n02113186_1478.JPEG,264,Cardigan Welsh Corgi
train/n02113186/n02113186_5779.JPEG,264,Cardigan Welsh Corgi
train/n02113186/n02113186_11340.JPEG,264,Cardigan Welsh Corgi
train/n02113186/n02113186_10634.JPEG,264,Cardigan Welsh Corgi
train/n02113186/n02113186_5575.JPEG,264,Cardigan Welsh Corgi
train/n02113186/n02113186_13108.JPEG,264,Cardigan Welsh Corgi
train/n02113186/n02113186_6572.JPEG,264,Cardigan Welsh Corgi
train/n02113186/n02113186_7094.JPEG,264,Cardigan Welsh Corgi
train/n02113186/n02113186_1695.JPEG,264,Cardigan Welsh Corgi
train/n02113186/n02113186_1214.JPEG,264,Cardigan Welsh Corgi
train/n02113186/n02113186_478.JPEG,264,Cardigan Welsh Corgi
train/n02113186/n02113186_10626.JPEG,264,Cardigan Welsh Corgi
train/n02113186/n02113186_14752.JPEG,264,Cardigan Welsh Corgi
train/n02113186/n02113186_6571.JPEG,264,Cardigan Welsh Corgi
train/n02113624/n02113624_5672.JPEG,265,Toy Poodle
train/n02113624/n02113624_3864.JPEG,265,Toy Poodle
train/n02113624/n02113624_3717.JPEG,265,Toy Poodle
train/n02113624/n02113624_8721.JPEG,265,Toy Poodle
train/n02113624/n02113624_1495.JPEG,265,Toy Poodle
train/n02113624/n02113624_6439.JPEG,265,Toy Poodle
train/n02113624/n02113624_3124.JPEG,265,Toy Poodle
train/n02113624/n02113624_3159.JPEG,265,Toy Poodle
train/n02113624/n02113624_6479.JPEG,265,Toy Poodle
train/n02113624/n02113624_3875.JPEG,265,Toy Poodle
train/n02113624/n02113624_1563.JPEG,265,Toy Poodle
train/n02113624/n02113624_151.JPEG,265,Toy Poodle
train/n02113624/n02113624_5264.JPEG,265,Toy Poodle
train/n02113624/n02113624_3584.JPEG,265,Toy Poodle
train/n02113624/n02113624_1666.JPEG,265,Toy Poodle
train/n02113624/n02113624_4304.JPEG,265,Toy Poodle
train/n02113712/n02113712_9610.JPEG,266,Miniature Poodle
train/n02113712/n02113712_2382.JPEG,266,Miniature Poodle
train/n02113712/n02113712_2310.JPEG,266,Miniature Poodle
train/n02113712/n02113712_9298.JPEG,266,Miniature Poodle
train/n02113712/n02113712_4769.JPEG,266,Miniature Poodle
train/n02113712/n02113712_200.JPEG,266,Miniature Poodle
train/n02113712/n02113712_11866.JPEG,266,Miniature Poodle
train/n02113712/n02113712_2928.JPEG,266,Miniature Poodle
train/n02113712/n02113712_1661.JPEG,266,Miniature Poodle
train/n02113712/n02113712_17118.JPEG,266,Miniature Poodle
train/n02113712/n02113712_2727.JPEG,266,Miniature Poodle
train/n02113712/n02113712_19820.JPEG,266,Miniature Poodle
train/n02113712/n02113712_3619.JPEG,266,Miniature Poodle
train/n02113712/n02113712_15022.JPEG,266,Miniature Poodle
train/n02113712/n02113712_8936.JPEG,266,Miniature Poodle
train/n02113712/n02113712_9230.JPEG,266,Miniature Poodle
train/n02113799/n02113799_4004.JPEG,267,Standard Poodle
train/n02113799/n02113799_2733.JPEG,267,Standard Poodle
train/n02113799/n02113799_1986.JPEG,267,Standard Poodle
train/n02113799/n02113799_1491.JPEG,267,Standard Poodle
train/n02113799/n02113799_2202.JPEG,267,Standard Poodle
train/n02113799/n02113799_272.JPEG,267,Standard Poodle
train/n02113799/n02113799_5999.JPEG,267,Standard Poodle
train/n02113799/n02113799_815.JPEG,267,Standard Poodle
train/n02113799/n02113799_20871.JPEG,267,Standard Poodle
train/n02113799/n02113799_986.JPEG,267,Standard Poodle
train/n02113799/n02113799_8074.JPEG,267,Standard Poodle
train/n02113799/n02113799_13024.JPEG,267,Standard Poodle
train/n02113799/n02113799_19286.JPEG,267,Standard Poodle
train/n02113799/n02113799_653.JPEG,267,Standard Poodle
train/n02113799/n02113799_15009.JPEG,267,Standard Poodle
train/n02113799/n02113799_2656.JPEG,267,Standard Poodle
train/n02113978/n02113978_5104.JPEG,268,Mexican hairless dog (xoloitzcuintli)
train/n02113978/n02113978_7569.JPEG,268,Mexican hairless dog (xoloitzcuintli)
train/n02113978/n02113978_9567.JPEG,268,Mexican hairless dog (xoloitzcuintli)
train/n02113978/n02113978_7031.JPEG,268,Mexican hairless dog (xoloitzcuintli)
train/n02113978/n02113978_2726.JPEG,268,Mexican hairless dog (xoloitzcuintli)
train/n02113978/n02113978_11146.JPEG,268,Mexican hairless dog (xoloitzcuintli)
train/n02113978/n02113978_11398.JPEG,268,Mexican hairless dog (xoloitzcuintli)
train/n02113978/n02113978_6995.JPEG,268,Mexican hairless dog (xoloitzcuintli)
train/n02113978/n02113978_7235.JPEG,268,Mexican hairless dog (xoloitzcuintli)
train/n02113978/n02113978_7864.JPEG,268,Mexican hairless dog (xoloitzcuintli)
train/n02113978/n02113978_9596.JPEG,268,Mexican hairless dog (xoloitzcuintli)
train/n02113978/n02113978_2399.JPEG,268,Mexican hairless dog (xoloitzcuintli)
train/n02113978/n02113978_2783.JPEG,268,Mexican hairless dog (xoloitzcuintli)
train/n02113978/n02113978_9709.JPEG,268,Mexican hairless dog (xoloitzcuintli)
train/n02113978/n02113978_6409.JPEG,268,Mexican hairless dog (xoloitzcuintli)
train/n02113978/n02113978_8224.JPEG,268,Mexican hairless dog (xoloitzcuintli)
train/n02114367/n02114367_19764.JPEG,269,grey wolf
train/n02114367/n02114367_16322.JPEG,269,grey wolf
train/n02114367/n02114367_1955.JPEG,269,grey wolf
train/n02114367/n02114367_15667.JPEG,269,grey wolf
train/n02114367/n02114367_4022.JPEG,269,grey wolf
train/n02114367/n02114367_5515.JPEG,269,grey wolf
train/n02114367/n02114367_11761.JPEG,269,grey wolf
train/n02114367/n02114367_2079.JPEG,269,grey wolf
train/n02114367/n02114367_10945.JPEG,269,grey wolf
train/n02114367/n02114367_3821.JPEG,269,grey wolf
train/n02114367/n02114367_5354.JPEG,269,grey wolf
train/n02114367/n02114367_12051.JPEG,269,grey wolf
train/n02114367/n02114367_34904.JPEG,269,grey wolf
train/n02114367/n02114367_10917.JPEG,269,grey wolf
train/n02114367/n02114367_1650.JPEG,269,grey wolf
train/n02114367/n02114367_24116.JPEG,269,grey wolf
train/n02114548/n02114548_3053.JPEG,270,Alaskan tundra wolf
train/n02114548/n02114548_13719.JPEG,270,Alaskan tundra wolf
train/n02114548/n02114548_4957.JPEG,270,Alaskan tundra wolf
train/n02114548/n02114548_17244.JPEG,270,Alaskan tundra wolf
train/n02114548/n02114548_4432.JPEG,270,Alaskan tundra wolf
train/n02114548/n02114548_17109.JPEG,270,Alaskan tundra wolf
train/n02114548/n02114548_2340.JPEG,270,Alaskan tundra wolf
train/n02114548/n02114548_6202.JPEG,270,Alaskan tundra wolf
train/n02114548/n02114548_9676.JPEG,270,Alaskan tundra wolf
train/n02114548/n02114548_5645.JPEG,270,Alaskan tundra wolf
train/n02114548/n02114548_8255.JPEG,270,Alaskan tundra wolf
train/n02114548/n02114548_5920.JPEG,270,Alaskan tundra wolf
train/n02114548/n02114548_1493.JPEG,270,Alaskan tundra wolf
train/n02114548/n02114548_19124.JPEG,270,Alaskan tundra wolf
train/n02114548/n02114548_1304.JPEG,270,Alaskan tundra wolf
train/n02114548/n02114548_12105.JPEG,270,Alaskan tundra wolf
train/n02114712/n02114712_12943.JPEG,271,red wolf or maned wolf
train/n02114712/n02114712_18972.JPEG,271,red wolf or maned wolf
train/n02114712/n02114712_14601.JPEG,271,red wolf or maned wolf
train/n02114712/n02114712_7396.JPEG,271,red wolf or maned wolf
train/n02114712/n02114712_1609.JPEG,271,red wolf or maned wolf
train/n02114712/n02114712_6722.JPEG,271,red wolf or maned wolf
train/n02114712/n02114712_7569.JPEG,271,red wolf or maned wolf
train/n02114712/n02114712_9933.JPEG,271,red wolf or maned wolf
train/n02114712/n02114712_5982.JPEG,271,red wolf or maned wolf
train/n02114712/n02114712_21694.JPEG,271,red wolf or maned wolf
train/n02114712/n02114712_20140.JPEG,271,red wolf or maned wolf
train/n02114712/n02114712_22556.JPEG,271,red wolf or maned wolf
train/n02114712/n02114712_19719.JPEG,271,red wolf or maned wolf
train/n02114712/n02114712_3128.JPEG,271,red wolf or maned wolf
train/n02114712/n02114712_17783.JPEG,271,red wolf or maned wolf
train/n02114712/n02114712_23154.JPEG,271,red wolf or maned wolf
train/n02114855/n02114855_44426.JPEG,272,coyote
train/n02114855/n02114855_18472.JPEG,272,coyote
train/n02114855/n02114855_16309.JPEG,272,coyote
train/n02114855/n02114855_4106.JPEG,272,coyote
train/n02114855/n02114855_5280.JPEG,272,coyote
train/n02114855/n02114855_15840.JPEG,272,coyote
train/n02114855/n02114855_9512.JPEG,272,coyote
train/n02114855/n02114855_17702.JPEG,272,coyote
train/n02114855/n02114855_17654.JPEG,272,coyote
train/n02114855/n02114855_17931.JPEG,272,coyote
train/n02114855/n02114855_8025.JPEG,272,coyote
train/n02114855/n02114855_11738.JPEG,272,coyote
train/n02114855/n02114855_1047.JPEG,272,coyote
train/n02114855/n02114855_17491.JPEG,272,coyote
train/n02114855/n02114855_5573.JPEG,272,coyote
train/n02114855/n02114855_25058.JPEG,272,coyote
train/n02115641/n02115641_8232.JPEG,273,dingo
train/n02115641/n02115641_23036.JPEG,273,dingo
train/n02115641/n02115641_10623.JPEG,273,dingo
train/n02115641/n02115641_3366.JPEG,273,dingo
train/n02115641/n02115641_9892.JPEG,273,dingo
train/n02115641/n02115641_8746.JPEG,273,dingo
train/n02115641/n02115641_5368.JPEG,273,dingo
train/n02115641/n02115641_10395.JPEG,273,dingo
train/n02115641/n02115641_13977.JPEG,273,dingo
train/n02115641/n02115641_47081.JPEG,273,dingo
train/n02115641/n02115641_23672.JPEG,273,dingo
train/n02115641/n02115641_39066.JPEG,273,dingo
train/n02115641/n02115641_5004.JPEG,273,dingo
train/n02115641/n02115641_10342.JPEG,273,dingo
train/n02115641/n02115641_4177.JPEG,273,dingo
train/n02115641/n02115641_9575.JPEG,273,dingo
train/n02115913/n02115913_13964.JPEG,274,dhole
train/n02115913/n02115913_9559.JPEG,274,dhole
train/n02115913/n02115913_7304.JPEG,274,dhole
train/n02115913/n02115913_1901.JPEG,274,dhole
train/n02115913/n02115913_3669.JPEG,274,dhole
train/n02115913/n02115913_3870.JPEG,274,dhole
train/n02115913/n02115913_13111.JPEG,274,dhole
train/n02115913/n02115913_4055.JPEG,274,dhole
train/n02115913/n02115913_142.JPEG,274,dhole
train/n02115913/n02115913_3392.JPEG,274,dhole
train/n02115913/n02115913_6653.JPEG,274,dhole
train/n02115913/n02115913_1129.JPEG,274,dhole
train/n02115913/n02115913_8924.JPEG,274,dhole
train/n02115913/n02115913_9381.JPEG,274,dhole
train/n02115913/n02115913_11604.JPEG,274,dhole
train/n02115913/n02115913_9535.JPEG,274,dhole
train/n02116738/n02116738_5283.JPEG,275,African wild dog
train/n02116738/n02116738_5445.JPEG,275,African wild dog
train/n02116738/n02116738_2775.JPEG,275,African wild dog
train/n02116738/n02116738_21825.JPEG,275,African wild dog
train/n02116738/n02116738_23844.JPEG,275,African wild dog
train/n02116738/n02116738_43487.JPEG,275,African wild dog
train/n02116738/n02116738_6768.JPEG,275,African wild dog
train/n02116738/n02116738_46113.JPEG,275,African wild dog
train/n02116738/n02116738_5775.JPEG,275,African wild dog
train/n02116738/n02116738_31684.JPEG,275,African wild dog
train/n02116738/n02116738_7184.JPEG,275,African wild dog
train/n02116738/n02116738_1083.JPEG,275,African wild dog
train/n02116738/n02116738_52610.JPEG,275,African wild dog
train/n02116738/n02116738_20505.JPEG,275,African wild dog
train/n02116738/n02116738_6044.JPEG,275,African wild dog
train/n02116738/n02116738_49477.JPEG,275,African wild dog
train/n02117135/n02117135_1113.JPEG,276,hyena
train/n02117135/n02117135_10334.JPEG,276,hyena
train/n02117135/n02117135_469.JPEG,276,hyena
train/n02117135/n02117135_2222.JPEG,276,hyena
train/n02117135/n02117135_2269.JPEG,276,hyena
train/n02117135/n02117135_15148.JPEG,276,hyena
train/n02117135/n02117135_504.JPEG,276,hyena
train/n02117135/n02117135_16849.JPEG,276,hyena
train/n02117135/n02117135_9866.JPEG,276,hyena
train/n02117135/n02117135_8709.JPEG,276,hyena
train/n02117135/n02117135_2895.JPEG,276,hyena
train/n02117135/n02117135_7243.JPEG,276,hyena
train/n02117135/n02117135_16265.JPEG,276,hyena
train/n02117135/n02117135_8826.JPEG,276,hyena
train/n02117135/n02117135_9048.JPEG,276,hyena
train/n02117135/n02117135_1907.JPEG,276,hyena
train/n02119022/n02119022_3607.JPEG,277,red fox
train/n02119022/n02119022_13941.JPEG,277,red fox
train/n02119022/n02119022_5622.JPEG,277,red fox
train/n02119022/n02119022_4045.JPEG,277,red fox
train/n02119022/n02119022_582.JPEG,277,red fox
train/n02119022/n02119022_3051.JPEG,277,red fox
train/n02119022/n02119022_10744.JPEG,277,red fox
train/n02119022/n02119022_30195.JPEG,277,red fox
train/n02119022/n02119022_3082.JPEG,277,red fox
train/n02119022/n02119022_314.JPEG,277,red fox
train/n02119022/n02119022_6299.JPEG,277,red fox
train/n02119022/n02119022_415.JPEG,277,red fox
train/n02119022/n02119022_8465.JPEG,277,red fox
train/n02119022/n02119022_3166.JPEG,277,red fox
train/n02119022/n02119022_2905.JPEG,277,red fox
train/n02119022/n02119022_9580.JPEG,277,red fox
train/n02119789/n02119789_8942.JPEG,278,kit fox
train/n02119789/n02119789_2199.JPEG,278,kit fox
train/n02119789/n02119789_12608.JPEG,278,kit fox
train/n02119789/n02119789_11760.JPEG,278,kit fox
train/n02119789/n02119789_10144.JPEG,278,kit fox
train/n02119789/n02119789_11008.JPEG,278,kit fox
train/n02119789/n02119789_13373.JPEG,278,kit fox
train/n02119789/n02119789_12843.JPEG,278,kit fox
train/n02119789/n02119789_5193.JPEG,278,kit fox
train/n02119789/n02119789_14691.JPEG,278,kit fox
train/n02119789/n02119789_11730.JPEG,278,kit fox
train/n02119789/n02119789_11015.JPEG,278,kit fox
train/n02119789/n02119789_2095.JPEG,278,kit fox
train/n02119789/n02119789_16388.JPEG,278,kit fox
train/n02119789/n02119789_9177.JPEG,278,kit fox
train/n02119789/n02119789_3011.JPEG,278,kit fox
train/n02120079/n02120079_31003.JPEG,279,Arctic fox
train/n02120079/n02120079_33713.JPEG,279,Arctic fox
train/n02120079/n02120079_364.JPEG,279,Arctic fox
train/n02120079/n02120079_29011.JPEG,279,Arctic fox
train/n02120079/n02120079_3350.JPEG,279,Arctic fox
train/n02120079/n02120079_13822.JPEG,279,Arctic fox
train/n02120079/n02120079_35511.JPEG,279,Arctic fox
train/n02120079/n02120079_22987.JPEG,279,Arctic fox
train/n02120079/n02120079_14186.JPEG,279,Arctic fox
train/n02120079/n02120079_13031.JPEG,279,Arctic fox
train/n02120079/n02120079_11366.JPEG,279,Arctic fox
train/n02120079/n02120079_15189.JPEG,279,Arctic fox
train/n02120079/n02120079_1040.JPEG,279,Arctic fox
train/n02120079/n02120079_7904.JPEG,279,Arctic fox
train/n02120079/n02120079_15834.JPEG,279,Arctic fox
train/n02120079/n02120079_15243.JPEG,279,Arctic fox
train/n02120505/n02120505_15839.JPEG,280,grey fox
train/n02120505/n02120505_11817.JPEG,280,grey fox
train/n02120505/n02120505_1375.JPEG,280,grey fox
train/n02120505/n02120505_6479.JPEG,280,grey fox
train/n02120505/n02120505_593.JPEG,280,grey fox
train/n02120505/n02120505_23477.JPEG,280,grey fox
train/n02120505/n02120505_7476.JPEG,280,grey fox
train/n02120505/n02120505_15262.JPEG,280,grey fox
train/n02120505/n02120505_14988.JPEG,280,grey fox
train/n02120505/n02120505_10090.JPEG,280,grey fox
train/n02120505/n02120505_14207.JPEG,280,grey fox
train/n02120505/n02120505_7037.JPEG,280,grey fox
train/n02120505/n02120505_1697.JPEG,280,grey fox
train/n02120505/n02120505_18411.JPEG,280,grey fox
train/n02120505/n02120505_16502.JPEG,280,grey fox
train/n02120505/n02120505_472.JPEG,280,grey fox
train/n02123045/n02123045_4546.JPEG,281,tabby cat
train/n02123045/n02123045_2010.JPEG,281,tabby cat
train/n02123045/n02123045_11255.JPEG,281,tabby cat
train/n02123045/n02123045_1320.JPEG,281,tabby cat
train/n02123045/n02123045_7698.JPEG,281,tabby cat
train/n02123045/n02123045_15882.JPEG,281,tabby cat
train/n02123045/n02123045_4452.JPEG,281,tabby cat
train/n02123045/n02123045_169.JPEG,281,tabby cat
train/n02123045/n02123045_712.JPEG,281,tabby cat
train/n02123045/n02123045_12833.JPEG,281,tabby cat
train/n02123045/n02123045_7471.JPEG,281,tabby cat
train/n02123045/n02123045_11477.JPEG,281,tabby cat
train/n02123045/n02123045_6099.JPEG,281,tabby cat
train/n02123045/n02123045_5200.JPEG,281,tabby cat
train/n02123045/n02123045_11465.JPEG,281,tabby cat
train/n02123045/n02123045_11593.JPEG,281,tabby cat
train/n02123159/n02123159_4847.JPEG,282,tiger cat
train/n02123159/n02123159_6359.JPEG,282,tiger cat
train/n02123159/n02123159_1102.JPEG,282,tiger cat
train/n02123159/n02123159_2285.JPEG,282,tiger cat
train/n02123159/n02123159_1245.JPEG,282,tiger cat
train/n02123159/n02123159_644.JPEG,282,tiger cat
train/n02123159/n02123159_8039.JPEG,282,tiger cat
train/n02123159/n02123159_5126.JPEG,282,tiger cat
train/n02123159/n02123159_1157.JPEG,282,tiger cat
train/n02123159/n02123159_5799.JPEG,282,tiger cat
train/n02123159/n02123159_9434.JPEG,282,tiger cat
train/n02123159/n02123159_6051.JPEG,282,tiger cat
train/n02123159/n02123159_2535.JPEG,282,tiger cat
train/n02123159/n02123159_7166.JPEG,282,tiger cat
train/n02123159/n02123159_3329.JPEG,282,tiger cat
train/n02123159/n02123159_5367.JPEG,282,tiger cat
train/n02123394/n02123394_4176.JPEG,283,Persian cat
train/n02123394/n02123394_8172.JPEG,283,Persian cat
train/n02123394/n02123394_7707.JPEG,283,Persian cat
train/n02123394/n02123394_2467.JPEG,283,Persian cat
train/n02123394/n02123394_919.JPEG,283,Persian cat
train/n02123394/n02123394_8669.JPEG,283,Persian cat
train/n02123394/n02123394_2546.JPEG,283,Persian cat
train/n02123394/n02123394_461.JPEG,283,Persian cat
train/n02123394/n02123394_10349.JPEG,283,Persian cat
train/n02123394/n02123394_5238.JPEG,283,Persian cat
train/n02123394/n02123394_6583.JPEG,283,Persian cat
train/n02123394/n02123394_7194.JPEG,283,Persian cat
train/n02123394/n02123394_2632.JPEG,283,Persian cat
train/n02123394/n02123394_1962.JPEG,283,Persian cat
train/n02123394/n02123394_647.JPEG,283,Persian cat
train/n02123394/n02123394_2219.JPEG,283,Persian cat
train/n02123597/n02123597_14535.JPEG,284,Siamese cat
train/n02123597/n02123597_6969.JPEG,284,Siamese cat
train/n02123597/n02123597_222.JPEG,284,Siamese cat
train/n02123597/n02123597_6721.JPEG,284,Siamese cat
train/n02123597/n02123597_7055.JPEG,284,Siamese cat
train/n02123597/n02123597_13807.JPEG,284,Siamese cat
train/n02123597/n02123597_401.JPEG,284,Siamese cat
train/n02123597/n02123597_6333.JPEG,284,Siamese cat
train/n02123597/n02123597_56.JPEG,284,Siamese cat
train/n02123597/n02123597_5692.JPEG,284,Siamese cat
train/n02123597/n02123597_14639.JPEG,284,Siamese cat
train/n02123597/n02123597_9888.JPEG,284,Siamese cat
train/n02123597/n02123597_5179.JPEG,284,Siamese cat
train/n02123597/n02123597_4516.JPEG,284,Siamese cat
train/n02123597/n02123597_11061.JPEG,284,Siamese cat
train/n02123597/n02123597_13800.JPEG,284,Siamese cat
train/n02124075/n02124075_10836.JPEG,285,Egyptian Mau
train/n02124075/n02124075_5424.JPEG,285,Egyptian Mau
train/n02124075/n02124075_13369.JPEG,285,Egyptian Mau
train/n02124075/n02124075_9774.JPEG,285,Egyptian Mau
train/n02124075/n02124075_8583.JPEG,285,Egyptian Mau
train/n02124075/n02124075_11383.JPEG,285,Egyptian Mau
train/n02124075/n02124075_2305.JPEG,285,Egyptian Mau
train/n02124075/n02124075_15230.JPEG,285,Egyptian Mau
train/n02124075/n02124075_10880.JPEG,285,Egyptian Mau
train/n02124075/n02124075_12460.JPEG,285,Egyptian Mau
train/n02124075/n02124075_1027.JPEG,285,Egyptian Mau
train/n02124075/n02124075_17652.JPEG,285,Egyptian Mau
train/n02124075/n02124075_10024.JPEG,285,Egyptian Mau
train/n02124075/n02124075_183.JPEG,285,Egyptian Mau
train/n02124075/n02124075_8414.JPEG,285,Egyptian Mau
train/n02124075/n02124075_11965.JPEG,285,Egyptian Mau
train/n02125311/n02125311_4683.JPEG,286,cougar
train/n02125311/n02125311_29041.JPEG,286,cougar
train/n02125311/n02125311_57715.JPEG,286,cougar
train/n02125311/n02125311_35698.JPEG,286,cougar
train/n02125311/n02125311_36138.JPEG,286,cougar
train/n02125311/n02125311_40332.JPEG,286,cougar
train/n02125311/n02125311_25280.JPEG,286,cougar
train/n02125311/n02125311_22458.JPEG,286,cougar
train/n02125311/n02125311_5464.JPEG,286,cougar
train/n02125311/n02125311_1127.JPEG,286,cougar
train/n02125311/n02125311_19340.JPEG,286,cougar
train/n02125311/n02125311_37041.JPEG,286,cougar
train/n02125311/n02125311_19040.JPEG,286,cougar
train/n02125311/n02125311_15254.JPEG,286,cougar
train/n02125311/n02125311_7731.JPEG,286,cougar
train/n02125311/n02125311_28254.JPEG,286,cougar
train/n02127052/n02127052_22319.JPEG,287,lynx
train/n02127052/n02127052_15163.JPEG,287,lynx
train/n02127052/n02127052_7991.JPEG,287,lynx
train/n02127052/n02127052_17693.JPEG,287,lynx
train/n02127052/n02127052_4316.JPEG,287,lynx
train/n02127052/n02127052_22866.JPEG,287,lynx
train/n02127052/n02127052_16328.JPEG,287,lynx
train/n02127052/n02127052_3384.JPEG,287,lynx
train/n02127052/n02127052_28601.JPEG,287,lynx
train/n02127052/n02127052_2198.JPEG,287,lynx
train/n02127052/n02127052_2742.JPEG,287,lynx
train/n02127052/n02127052_8073.JPEG,287,lynx
train/n02127052/n02127052_4390.JPEG,287,lynx
train/n02127052/n02127052_22687.JPEG,287,lynx
train/n02127052/n02127052_1999.JPEG,287,lynx
train/n02127052/n02127052_9702.JPEG,287,lynx
train/n02128385/n02128385_4456.JPEG,288,leopard
train/n02128385/n02128385_4530.JPEG,288,leopard
train/n02128385/n02128385_3548.JPEG,288,leopard
train/n02128385/n02128385_14824.JPEG,288,leopard
train/n02128385/n02128385_8224.JPEG,288,leopard
train/n02128385/n02128385_6647.JPEG,288,leopard
train/n02128385/n02128385_60.JPEG,288,leopard
train/n02128385/n02128385_21778.JPEG,288,leopard
train/n02128385/n02128385_15887.JPEG,288,leopard
train/n02128385/n02128385_23824.JPEG,288,leopard
train/n02128385/n02128385_13768.JPEG,288,leopard
train/n02128385/n02128385_15494.JPEG,288,leopard
train/n02128385/n02128385_1751.JPEG,288,leopard
train/n02128385/n02128385_5266.JPEG,288,leopard
train/n02128385/n02128385_2713.JPEG,288,leopard
train/n02128385/n02128385_2493.JPEG,288,leopard
train/n02128757/n02128757_794.JPEG,289,snow leopard
train/n02128757/n02128757_5906.JPEG,289,snow leopard
train/n02128757/n02128757_10851.JPEG,289,snow leopard
train/n02128757/n02128757_1139.JPEG,289,snow leopard
train/n02128757/n02128757_2362.JPEG,289,snow leopard
train/n02128757/n02128757_681.JPEG,289,snow leopard
train/n02128757/n02128757_4742.JPEG,289,snow leopard
train/n02128757/n02128757_11227.JPEG,289,snow leopard
train/n02128757/n02128757_1033.JPEG,289,snow leopard
train/n02128757/n02128757_4294.JPEG,289,snow leopard
train/n02128757/n02128757_3448.JPEG,289,snow leopard
train/n02128757/n02128757_898.JPEG,289,snow leopard
train/n02128757/n02128757_6430.JPEG,289,snow leopard
train/n02128757/n02128757_8504.JPEG,289,snow leopard
train/n02128757/n02128757_3054.JPEG,289,snow leopard
train/n02128757/n02128757_336.JPEG,289,snow leopard
train/n02128925/n02128925_227.JPEG,290,jaguar
train/n02128925/n02128925_64115.JPEG,290,jaguar
train/n02128925/n02128925_23294.JPEG,290,jaguar
train/n02128925/n02128925_26236.JPEG,290,jaguar
train/n02128925/n02128925_74282.JPEG,290,jaguar
train/n02128925/n02128925_62540.JPEG,290,jaguar
train/n02128925/n02128925_35941.JPEG,290,jaguar
train/n02128925/n02128925_64337.JPEG,290,jaguar
train/n02128925/n02128925_26955.JPEG,290,jaguar
train/n02128925/n02128925_37378.JPEG,290,jaguar
train/n02128925/n02128925_27699.JPEG,290,jaguar
train/n02128925/n02128925_1458.JPEG,290,jaguar
train/n02128925/n02128925_37065.JPEG,290,jaguar
train/n02128925/n02128925_25582.JPEG,290,jaguar
train/n02128925/n02128925_6381.JPEG,290,jaguar
train/n02128925/n02128925_4367.JPEG,290,jaguar
train/n02129165/n02129165_23085.JPEG,291,lion
train/n02129165/n02129165_19094.JPEG,291,lion
train/n02129165/n02129165_7989.JPEG,291,lion
train/n02129165/n02129165_657.JPEG,291,lion
train/n02129165/n02129165_23478.JPEG,291,lion
train/n02129165/n02129165_10680.JPEG,291,lion
train/n02129165/n02129165_7419.JPEG,291,lion
train/n02129165/n02129165_2699.JPEG,291,lion
train/n02129165/n02129165_8202.JPEG,291,lion
train/n02129165/n02129165_11696.JPEG,291,lion
train/n02129165/n02129165_19661.JPEG,291,lion
train/n02129165/n02129165_1943.JPEG,291,lion
train/n02129165/n02129165_12297.JPEG,291,lion
train/n02129165/n02129165_436.JPEG,291,lion
train/n02129165/n02129165_2872.JPEG,291,lion
train/n02129165/n02129165_406.JPEG,291,lion
train/n02129604/n02129604_5903.JPEG,292,tiger
train/n02129604/n02129604_17329.JPEG,292,tiger
train/n02129604/n02129604_20154.JPEG,292,tiger
train/n02129604/n02129604_12136.JPEG,292,tiger
train/n02129604/n02129604_10298.JPEG,292,tiger
train/n02129604/n02129604_14652.JPEG,292,tiger
train/n02129604/n02129604_5062.JPEG,292,tiger
train/n02129604/n02129604_21355.JPEG,292,tiger
train/n02129604/n02129604_238.JPEG,292,tiger
train/n02129604/n02129604_2108.JPEG,292,tiger
train/n02129604/n02129604_17277.JPEG,292,tiger
train/n02129604/n02129604_26222.JPEG,292,tiger
train/n02129604/n02129604_20799.JPEG,292,tiger
train/n02129604/n02129604_11632.JPEG,292,tiger
train/n02129604/n02129604_10503.JPEG,292,tiger
train/n02129604/n02129604_6535.JPEG,292,tiger
train/n02130308/n02130308_3047.JPEG,293,cheetah
train/n02130308/n02130308_9716.JPEG,293,cheetah
train/n02130308/n02130308_7033.JPEG,293,cheetah
train/n02130308/n02130308_3073.JPEG,293,cheetah
train/n02130308/n02130308_10897.JPEG,293,cheetah
train/n02130308/n02130308_9519.JPEG,293,cheetah
train/n02130308/n02130308_9859.JPEG,293,cheetah
train/n02130308/n02130308_650.JPEG,293,cheetah
train/n02130308/n02130308_2050.JPEG,293,cheetah
train/n02130308/n02130308_20596.JPEG,293,cheetah
train/n02130308/n02130308_712.JPEG,293,cheetah
train/n02130308/n02130308_17083.JPEG,293,cheetah
train/n02130308/n02130308_12167.JPEG,293,cheetah
train/n02130308/n02130308_1802.JPEG,293,cheetah
train/n02130308/n02130308_509.JPEG,293,cheetah
train/n02130308/n02130308_3385.JPEG,293,cheetah
train/n02132136/n02132136_4576.JPEG,294,brown bear
train/n02132136/n02132136_6070.JPEG,294,brown bear
train/n02132136/n02132136_33488.JPEG,294,brown bear
train/n02132136/n02132136_2255.JPEG,294,brown bear
train/n02132136/n02132136_6167.JPEG,294,brown bear
train/n02132136/n02132136_23163.JPEG,294,brown bear
train/n02132136/n02132136_3563.JPEG,294,brown bear
train/n02132136/n02132136_13912.JPEG,294,brown bear
train/n02132136/n02132136_3630.JPEG,294,brown bear
train/n02132136/n02132136_1847.JPEG,294,brown bear
train/n02132136/n02132136_18518.JPEG,294,brown bear
train/n02132136/n02132136_25219.JPEG,294,brown bear
train/n02132136/n02132136_538.JPEG,294,brown bear
train/n02132136/n02132136_9816.JPEG,294,brown bear
train/n02132136/n02132136_8587.JPEG,294,brown bear
train/n02132136/n02132136_839.JPEG,294,brown bear
train/n02133161/n02133161_2137.JPEG,295,American black bear
train/n02133161/n02133161_485.JPEG,295,American black bear
train/n02133161/n02133161_457.JPEG,295,American black bear
train/n02133161/n02133161_6802.JPEG,295,American black bear
train/n02133161/n02133161_9950.JPEG,295,American black bear
train/n02133161/n02133161_1187.JPEG,295,American black bear
train/n02133161/n02133161_7811.JPEG,295,American black bear
train/n02133161/n02133161_8634.JPEG,295,American black bear
train/n02133161/n02133161_542.JPEG,295,American black bear
train/n02133161/n02133161_2501.JPEG,295,American black bear
train/n02133161/n02133161_1427.JPEG,295,American black bear
train/n02133161/n02133161_14053.JPEG,295,American black bear
train/n02133161/n02133161_15789.JPEG,295,American black bear
train/n02133161/n02133161_2457.JPEG,295,American black bear
train/n02133161/n02133161_9643.JPEG,295,American black bear
train/n02133161/n02133161_295.JPEG,295,American black bear
train/n02134084/n02134084_16888.JPEG,296,polar bear
train/n02134084/n02134084_13588.JPEG,296,polar bear
train/n02134084/n02134084_23309.JPEG,296,polar bear
train/n02134084/n02134084_7288.JPEG,296,polar bear
train/n02134084/n02134084_7217.JPEG,296,polar bear
train/n02134084/n02134084_6806.JPEG,296,polar bear
train/n02134084/n02134084_1560.JPEG,296,polar bear
train/n02134084/n02134084_1048.JPEG,296,polar bear
train/n02134084/n02134084_16422.JPEG,296,polar bear
train/n02134084/n02134084_23153.JPEG,296,polar bear
train/n02134084/n02134084_883.JPEG,296,polar bear
train/n02134084/n02134084_14992.JPEG,296,polar bear
train/n02134084/n02134084_650.JPEG,296,polar bear
train/n02134084/n02134084_3176.JPEG,296,polar bear
train/n02134084/n02134084_370.JPEG,296,polar bear
train/n02134084/n02134084_6887.JPEG,296,polar bear
train/n02134418/n02134418_11830.JPEG,297,sloth bear
train/n02134418/n02134418_14335.JPEG,297,sloth bear
train/n02134418/n02134418_24559.JPEG,297,sloth bear
train/n02134418/n02134418_3142.JPEG,297,sloth bear
train/n02134418/n02134418_2591.JPEG,297,sloth bear
train/n02134418/n02134418_822.JPEG,297,sloth bear
train/n02134418/n02134418_4110.JPEG,297,sloth bear
train/n02134418/n02134418_5530.JPEG,297,sloth bear
train/n02134418/n02134418_1750.JPEG,297,sloth bear
train/n02134418/n02134418_704.JPEG,297,sloth bear
train/n02134418/n02134418_11765.JPEG,297,sloth bear
train/n02134418/n02134418_13814.JPEG,297,sloth bear
train/n02134418/n02134418_4653.JPEG,297,sloth bear
train/n02134418/n02134418_2070.JPEG,297,sloth bear
train/n02134418/n02134418_1259.JPEG,297,sloth bear
train/n02134418/n02134418_8775.JPEG,297,sloth bear
train/n02137549/n02137549_9909.JPEG,298,mongoose
train/n02137549/n02137549_9068.JPEG,298,mongoose
train/n02137549/n02137549_11482.JPEG,298,mongoose
train/n02137549/n02137549_10277.JPEG,298,mongoose
train/n02137549/n02137549_10192.JPEG,298,mongoose
train/n02137549/n02137549_10611.JPEG,298,mongoose
train/n02137549/n02137549_8759.JPEG,298,mongoose
train/n02137549/n02137549_10480.JPEG,298,mongoose
train/n02137549/n02137549_828.JPEG,298,mongoose
train/n02137549/n02137549_3992.JPEG,298,mongoose
train/n02137549/n02137549_10319.JPEG,298,mongoose
train/n02137549/n02137549_5217.JPEG,298,mongoose
train/n02137549/n02137549_2882.JPEG,298,mongoose
train/n02137549/n02137549_2873.JPEG,298,mongoose
train/n02137549/n02137549_9473.JPEG,298,mongoose
train/n02137549/n02137549_10608.JPEG,298,mongoose
train/n02138441/n02138441_3687.JPEG,299,meerkat
train/n02138441/n02138441_338.JPEG,299,meerkat
train/n02138441/n02138441_1905.JPEG,299,meerkat
train/n02138441/n02138441_1132.JPEG,299,meerkat
train/n02138441/n02138441_3300.JPEG,299,meerkat
train/n02138441/n02138441_3713.JPEG,299,meerkat
train/n02138441/n02138441_4149.JPEG,299,meerkat
train/n02138441/n02138441_946.JPEG,299,meerkat
train/n02138441/n02138441_5651.JPEG,299,meerkat
train/n02138441/n02138441_11036.JPEG,299,meerkat
train/n02138441/n02138441_2035.JPEG,299,meerkat
train/n02138441/n02138441_6465.JPEG,299,meerkat
train/n02138441/n02138441_3945.JPEG,299,meerkat
train/n02138441/n02138441_4262.JPEG,299,meerkat
train/n02138441/n02138441_3049.JPEG,299,meerkat
train/n02138441/n02138441_4594.JPEG,299,meerkat
train/n02165105/n02165105_6327.JPEG,300,tiger beetle
train/n02165105/n02165105_10542.JPEG,300,tiger beetle
train/n02165105/n02165105_1209.JPEG,300,tiger beetle
train/n02165105/n02165105_3719.JPEG,300,tiger beetle
train/n02165105/n02165105_7456.JPEG,300,tiger beetle
train/n02165105/n02165105_5315.JPEG,300,tiger beetle
train/n02165105/n02165105_244.JPEG,300,tiger beetle
train/n02165105/n02165105_1925.JPEG,300,tiger beetle
train/n02165105/n02165105_9230.JPEG,300,tiger beetle
train/n02165105/n02165105_1895.JPEG,300,tiger beetle
train/n02165105/n02165105_5444.JPEG,300,tiger beetle
train/n02165105/n02165105_850.JPEG,300,tiger beetle
train/n02165105/n02165105_11633.JPEG,300,tiger beetle
train/n02165105/n02165105_8077.JPEG,300,tiger beetle
train/n02165105/n02165105_2150.JPEG,300,tiger beetle
train/n02165105/n02165105_8967.JPEG,300,tiger beetle
train/n02165456/n02165456_3632.JPEG,301,ladybug
train/n02165456/n02165456_15555.JPEG,301,ladybug
train/n02165456/n02165456_4985.JPEG,301,ladybug
train/n02165456/n02165456_82504.JPEG,301,ladybug
train/n02165456/n02165456_7694.JPEG,301,ladybug
train/n02165456/n02165456_20045.JPEG,301,ladybug
train/n02165456/n02165456_16368.JPEG,301,ladybug
train/n02165456/n02165456_1602.JPEG,301,ladybug
train/n02165456/n02165456_8959.JPEG,301,ladybug
train/n02165456/n02165456_668.JPEG,301,ladybug
train/n02165456/n02165456_2367.JPEG,301,ladybug
train/n02165456/n02165456_4919.JPEG,301,ladybug
train/n02165456/n02165456_5249.JPEG,301,ladybug
train/n02165456/n02165456_4292.JPEG,301,ladybug
train/n02165456/n02165456_8213.JPEG,301,ladybug
train/n02165456/n02165456_7526.JPEG,301,ladybug
train/n02167151/n02167151_7956.JPEG,302,ground beetle
train/n02167151/n02167151_7633.JPEG,302,ground beetle
train/n02167151/n02167151_1415.JPEG,302,ground beetle
train/n02167151/n02167151_1688.JPEG,302,ground beetle
train/n02167151/n02167151_9703.JPEG,302,ground beetle
train/n02167151/n02167151_3165.JPEG,302,ground beetle
train/n02167151/n02167151_4414.JPEG,302,ground beetle
train/n02167151/n02167151_1391.JPEG,302,ground beetle
train/n02167151/n02167151_4582.JPEG,302,ground beetle
train/n02167151/n02167151_1297.JPEG,302,ground beetle
train/n02167151/n02167151_7485.JPEG,302,ground beetle
train/n02167151/n02167151_2010.JPEG,302,ground beetle
train/n02167151/n02167151_6145.JPEG,302,ground beetle
train/n02167151/n02167151_7964.JPEG,302,ground beetle
train/n02167151/n02167151_8088.JPEG,302,ground beetle
train/n02167151/n02167151_4347.JPEG,302,ground beetle
train/n02168699/n02168699_1411.JPEG,303,longhorn beetle
train/n02168699/n02168699_5562.JPEG,303,longhorn beetle
train/n02168699/n02168699_10455.JPEG,303,longhorn beetle
train/n02168699/n02168699_8199.JPEG,303,longhorn beetle
train/n02168699/n02168699_3680.JPEG,303,longhorn beetle
train/n02168699/n02168699_3412.JPEG,303,longhorn beetle
train/n02168699/n02168699_5676.JPEG,303,longhorn beetle
train/n02168699/n02168699_7993.JPEG,303,longhorn beetle
train/n02168699/n02168699_954.JPEG,303,longhorn beetle
train/n02168699/n02168699_1259.JPEG,303,longhorn beetle
train/n02168699/n02168699_2515.JPEG,303,longhorn beetle
train/n02168699/n02168699_6875.JPEG,303,longhorn beetle
train/n02168699/n02168699_846.JPEG,303,longhorn beetle
train/n02168699/n02168699_12484.JPEG,303,longhorn beetle
train/n02168699/n02168699_7372.JPEG,303,longhorn beetle
train/n02168699/n02168699_14136.JPEG,303,longhorn beetle
train/n02169497/n02169497_7522.JPEG,304,leaf beetle
train/n02169497/n02169497_3436.JPEG,304,leaf beetle
train/n02169497/n02169497_3071.JPEG,304,leaf beetle
train/n02169497/n02169497_2568.JPEG,304,leaf beetle
train/n02169497/n02169497_1525.JPEG,304,leaf beetle
train/n02169497/n02169497_2677.JPEG,304,leaf beetle
train/n02169497/n02169497_11671.JPEG,304,leaf beetle
train/n02169497/n02169497_6783.JPEG,304,leaf beetle
train/n02169497/n02169497_2157.JPEG,304,leaf beetle
train/n02169497/n02169497_4864.JPEG,304,leaf beetle
train/n02169497/n02169497_4152.JPEG,304,leaf beetle
train/n02169497/n02169497_1179.JPEG,304,leaf beetle
train/n02169497/n02169497_5051.JPEG,304,leaf beetle
train/n02169497/n02169497_6470.JPEG,304,leaf beetle
train/n02169497/n02169497_3619.JPEG,304,leaf beetle
train/n02169497/n02169497_5839.JPEG,304,leaf beetle
train/n02172182/n02172182_17259.JPEG,305,dung beetle
train/n02172182/n02172182_10018.JPEG,305,dung beetle
train/n02172182/n02172182_3238.JPEG,305,dung beetle
train/n02172182/n02172182_5131.JPEG,305,dung beetle
train/n02172182/n02172182_16678.JPEG,305,dung beetle
train/n02172182/n02172182_7377.JPEG,305,dung beetle
train/n02172182/n02172182_7735.JPEG,305,dung beetle
train/n02172182/n02172182_3042.JPEG,305,dung beetle
train/n02172182/n02172182_7824.JPEG,305,dung beetle
train/n02172182/n02172182_6438.JPEG,305,dung beetle
train/n02172182/n02172182_3272.JPEG,305,dung beetle
train/n02172182/n02172182_16392.JPEG,305,dung beetle
train/n02172182/n02172182_1073.JPEG,305,dung beetle
train/n02172182/n02172182_3306.JPEG,305,dung beetle
train/n02172182/n02172182_86.JPEG,305,dung beetle
train/n02172182/n02172182_2955.JPEG,305,dung beetle
train/n02174001/n02174001_1536.JPEG,306,rhinoceros beetle
train/n02174001/n02174001_129.JPEG,306,rhinoceros beetle
train/n02174001/n02174001_2821.JPEG,306,rhinoceros beetle
train/n02174001/n02174001_2476.JPEG,306,rhinoceros beetle
train/n02174001/n02174001_1055.JPEG,306,rhinoceros beetle
train/n02174001/n02174001_4735.JPEG,306,rhinoceros beetle
train/n02174001/n02174001_2152.JPEG,306,rhinoceros beetle
train/n02174001/n02174001_1669.JPEG,306,rhinoceros beetle
train/n02174001/n02174001_670.JPEG,306,rhinoceros beetle
train/n02174001/n02174001_7421.JPEG,306,rhinoceros beetle
train/n02174001/n02174001_1253.JPEG,306,rhinoceros beetle
train/n02174001/n02174001_1569.JPEG,306,rhinoceros beetle
train/n02174001/n02174001_2050.JPEG,306,rhinoceros beetle
train/n02174001/n02174001_10634.JPEG,306,rhinoceros beetle
train/n02174001/n02174001_220.JPEG,306,rhinoceros beetle
train/n02174001/n02174001_4431.JPEG,306,rhinoceros beetle
train/n02177972/n02177972_702.JPEG,307,weevil
train/n02177972/n02177972_7938.JPEG,307,weevil
train/n02177972/n02177972_7886.JPEG,307,weevil
train/n02177972/n02177972_12255.JPEG,307,weevil
train/n02177972/n02177972_13002.JPEG,307,weevil
train/n02177972/n02177972_6414.JPEG,307,weevil
train/n02177972/n02177972_1004.JPEG,307,weevil
train/n02177972/n02177972_10627.JPEG,307,weevil
train/n02177972/n02177972_1943.JPEG,307,weevil
train/n02177972/n02177972_601.JPEG,307,weevil
train/n02177972/n02177972_7052.JPEG,307,weevil
train/n02177972/n02177972_1405.JPEG,307,weevil
train/n02177972/n02177972_11797.JPEG,307,weevil
train/n02177972/n02177972_8171.JPEG,307,weevil
train/n02177972/n02177972_2861.JPEG,307,weevil
train/n02177972/n02177972_6904.JPEG,307,weevil
train/n02190166/n02190166_12223.JPEG,308,fly
train/n02190166/n02190166_9473.JPEG,308,fly
train/n02190166/n02190166_12825.JPEG,308,fly
train/n02190166/n02190166_3608.JPEG,308,fly
train/n02190166/n02190166_7754.JPEG,308,fly
train/n02190166/n02190166_2838.JPEG,308,fly
train/n02190166/n02190166_1347.JPEG,308,fly
train/n02190166/n02190166_8788.JPEG,308,fly
train/n02190166/n02190166_11603.JPEG,308,fly
train/n02190166/n02190166_5030.JPEG,308,fly
train/n02190166/n02190166_4621.JPEG,308,fly
train/n02190166/n02190166_3440.JPEG,308,fly
train/n02190166/n02190166_8292.JPEG,308,fly
train/n02190166/n02190166_12436.JPEG,308,fly
train/n02190166/n02190166_9411.JPEG,308,fly
train/n02190166/n02190166_5895.JPEG,308,fly
train/n02206856/n02206856_2192.JPEG,309,bee
train/n02206856/n02206856_2700.JPEG,309,bee
train/n02206856/n02206856_6872.JPEG,309,bee
train/n02206856/n02206856_1284.JPEG,309,bee
train/n02206856/n02206856_2387.JPEG,309,bee
train/n02206856/n02206856_4771.JPEG,309,bee
train/n02206856/n02206856_1705.JPEG,309,bee
train/n02206856/n02206856_8194.JPEG,309,bee
train/n02206856/n02206856_636.JPEG,309,bee
train/n02206856/n02206856_8078.JPEG,309,bee
train/n02206856/n02206856_4249.JPEG,309,bee
train/n02206856/n02206856_159.JPEG,309,bee
train/n02206856/n02206856_3219.JPEG,309,bee
train/n02206856/n02206856_2725.JPEG,309,bee
train/n02206856/n02206856_8215.JPEG,309,bee
train/n02206856/n02206856_6486.JPEG,309,bee
train/n02219486/n02219486_23852.JPEG,310,ant
train/n02219486/n02219486_29223.JPEG,310,ant
train/n02219486/n02219486_25833.JPEG,310,ant
train/n02219486/n02219486_29686.JPEG,310,ant
train/n02219486/n02219486_23638.JPEG,310,ant
train/n02219486/n02219486_23803.JPEG,310,ant
train/n02219486/n02219486_30709.JPEG,310,ant
train/n02219486/n02219486_27915.JPEG,310,ant
train/n02219486/n02219486_28511.JPEG,310,ant
train/n02219486/n02219486_30761.JPEG,310,ant
train/n02219486/n02219486_25134.JPEG,310,ant
train/n02219486/n02219486_29817.JPEG,310,ant
train/n02219486/n02219486_29370.JPEG,310,ant
train/n02219486/n02219486_24862.JPEG,310,ant
train/n02219486/n02219486_25033.JPEG,310,ant
train/n02219486/n02219486_9384.JPEG,310,ant
train/n02226429/n02226429_9199.JPEG,311,grasshopper
train/n02226429/n02226429_21031.JPEG,311,grasshopper
train/n02226429/n02226429_3959.JPEG,311,grasshopper
train/n02226429/n02226429_16768.JPEG,311,grasshopper
train/n02226429/n02226429_8581.JPEG,311,grasshopper
train/n02226429/n02226429_14718.JPEG,311,grasshopper
train/n02226429/n02226429_14269.JPEG,311,grasshopper
train/n02226429/n02226429_14469.JPEG,311,grasshopper
train/n02226429/n02226429_13113.JPEG,311,grasshopper
train/n02226429/n02226429_10843.JPEG,311,grasshopper
train/n02226429/n02226429_3096.JPEG,311,grasshopper
train/n02226429/n02226429_6461.JPEG,311,grasshopper
train/n02226429/n02226429_15732.JPEG,311,grasshopper
train/n02226429/n02226429_16675.JPEG,311,grasshopper
train/n02226429/n02226429_5982.JPEG,311,grasshopper
train/n02226429/n02226429_10658.JPEG,311,grasshopper
train/n02229544/n02229544_974.JPEG,312,cricket insect
train/n02229544/n02229544_23084.JPEG,312,cricket insect
train/n02229544/n02229544_6709.JPEG,312,cricket insect
train/n02229544/n02229544_2742.JPEG,312,cricket insect
train/n02229544/n02229544_7307.JPEG,312,cricket insect
train/n02229544/n02229544_3181.JPEG,312,cricket insect
train/n02229544/n02229544_9004.JPEG,312,cricket insect
train/n02229544/n02229544_2613.JPEG,312,cricket insect
train/n02229544/n02229544_24191.JPEG,312,cricket insect
train/n02229544/n02229544_5411.JPEG,312,cricket insect
train/n02229544/n02229544_6514.JPEG,312,cricket insect
train/n02229544/n02229544_1359.JPEG,312,cricket insect
train/n02229544/n02229544_7964.JPEG,312,cricket insect
train/n02229544/n02229544_7318.JPEG,312,cricket insect
train/n02229544/n02229544_9437.JPEG,312,cricket insect
train/n02229544/n02229544_8746.JPEG,312,cricket insect
train/n02231487/n02231487_6789.JPEG,313,stick insect
train/n02231487/n02231487_6272.JPEG,313,stick insect
train/n02231487/n02231487_12601.JPEG,313,stick insect
train/n02231487/n02231487_5515.JPEG,313,stick insect
train/n02231487/n02231487_1659.JPEG,313,stick insect
train/n02231487/n02231487_4742.JPEG,313,stick insect
train/n02231487/n02231487_2244.JPEG,313,stick insect
train/n02231487/n02231487_9549.JPEG,313,stick insect
train/n02231487/n02231487_6614.JPEG,313,stick insect
train/n02231487/n02231487_3133.JPEG,313,stick insect
train/n02231487/n02231487_7872.JPEG,313,stick insect
train/n02231487/n02231487_1044.JPEG,313,stick insect
train/n02231487/n02231487_11610.JPEG,313,stick insect
train/n02231487/n02231487_244.JPEG,313,stick insect
train/n02231487/n02231487_5834.JPEG,313,stick insect
train/n02231487/n02231487_10537.JPEG,313,stick insect
train/n02233338/n02233338_14837.JPEG,314,cockroach
train/n02233338/n02233338_8038.JPEG,314,cockroach
train/n02233338/n02233338_16947.JPEG,314,cockroach
train/n02233338/n02233338_10141.JPEG,314,cockroach
train/n02233338/n02233338_1162.JPEG,314,cockroach
train/n02233338/n02233338_283.JPEG,314,cockroach
train/n02233338/n02233338_2184.JPEG,314,cockroach
train/n02233338/n02233338_264.JPEG,314,cockroach
train/n02233338/n02233338_6742.JPEG,314,cockroach
train/n02233338/n02233338_17213.JPEG,314,cockroach
train/n02233338/n02233338_6709.JPEG,314,cockroach
train/n02233338/n02233338_7244.JPEG,314,cockroach
train/n02233338/n02233338_2079.JPEG,314,cockroach
train/n02233338/n02233338_4879.JPEG,314,cockroach
train/n02233338/n02233338_4429.JPEG,314,cockroach
train/n02233338/n02233338_5876.JPEG,314,cockroach
train/n02236044/n02236044_7748.JPEG,315,praying mantis
train/n02236044/n02236044_8783.JPEG,315,praying mantis
train/n02236044/n02236044_4532.JPEG,315,praying mantis
train/n02236044/n02236044_12660.JPEG,315,praying mantis
train/n02236044/n02236044_8197.JPEG,315,praying mantis
train/n02236044/n02236044_367.JPEG,315,praying mantis
train/n02236044/n02236044_1693.JPEG,315,praying mantis
train/n02236044/n02236044_1208.JPEG,315,praying mantis
train/n02236044/n02236044_417.JPEG,315,praying mantis
train/n02236044/n02236044_12359.JPEG,315,praying mantis
train/n02236044/n02236044_3434.JPEG,315,praying mantis
train/n02236044/n02236044_8478.JPEG,315,praying mantis
train/n02236044/n02236044_1051.JPEG,315,praying mantis
train/n02236044/n02236044_5604.JPEG,315,praying mantis
train/n02236044/n02236044_2461.JPEG,315,praying mantis
train/n02236044/n02236044_4855.JPEG,315,praying mantis
train/n02256656/n02256656_9036.JPEG,316,cicada
train/n02256656/n02256656_23063.JPEG,316,cicada
train/n02256656/n02256656_8932.JPEG,316,cicada
train/n02256656/n02256656_1598.JPEG,316,cicada
train/n02256656/n02256656_11963.JPEG,316,cicada
train/n02256656/n02256656_5456.JPEG,316,cicada
train/n02256656/n02256656_14281.JPEG,316,cicada
train/n02256656/n02256656_12702.JPEG,316,cicada
train/n02256656/n02256656_11184.JPEG,316,cicada
train/n02256656/n02256656_2334.JPEG,316,cicada
train/n02256656/n02256656_4649.JPEG,316,cicada
train/n02256656/n02256656_2722.JPEG,316,cicada
train/n02256656/n02256656_10512.JPEG,316,cicada
train/n02256656/n02256656_10861.JPEG,316,cicada
train/n02256656/n02256656_788.JPEG,316,cicada
train/n02256656/n02256656_634.JPEG,316,cicada
train/n02259212/n02259212_3560.JPEG,317,leafhopper
train/n02259212/n02259212_388.JPEG,317,leafhopper
train/n02259212/n02259212_8102.JPEG,317,leafhopper
train/n02259212/n02259212_2611.JPEG,317,leafhopper
train/n02259212/n02259212_4797.JPEG,317,leafhopper
train/n02259212/n02259212_2977.JPEG,317,leafhopper
train/n02259212/n02259212_1006.JPEG,317,leafhopper
train/n02259212/n02259212_9810.JPEG,317,leafhopper
train/n02259212/n02259212_2459.JPEG,317,leafhopper
train/n02259212/n02259212_2366.JPEG,317,leafhopper
train/n02259212/n02259212_4682.JPEG,317,leafhopper
train/n02259212/n02259212_935.JPEG,317,leafhopper
train/n02259212/n02259212_6031.JPEG,317,leafhopper
train/n02259212/n02259212_3684.JPEG,317,leafhopper
train/n02259212/n02259212_4962.JPEG,317,leafhopper
train/n02259212/n02259212_1914.JPEG,317,leafhopper
train/n02264363/n02264363_1873.JPEG,318,lacewing
train/n02264363/n02264363_1326.JPEG,318,lacewing
train/n02264363/n02264363_6732.JPEG,318,lacewing
train/n02264363/n02264363_7184.JPEG,318,lacewing
train/n02264363/n02264363_8247.JPEG,318,lacewing
train/n02264363/n02264363_16124.JPEG,318,lacewing
train/n02264363/n02264363_5618.JPEG,318,lacewing
train/n02264363/n02264363_9466.JPEG,318,lacewing
train/n02264363/n02264363_10100.JPEG,318,lacewing
train/n02264363/n02264363_7146.JPEG,318,lacewing
train/n02264363/n02264363_15379.JPEG,318,lacewing
train/n02264363/n02264363_8342.JPEG,318,lacewing
train/n02264363/n02264363_12827.JPEG,318,lacewing
train/n02264363/n02264363_14035.JPEG,318,lacewing
train/n02264363/n02264363_6167.JPEG,318,lacewing
train/n02264363/n02264363_5754.JPEG,318,lacewing
train/n02268443/n02268443_23210.JPEG,319,dragonfly
train/n02268443/n02268443_6966.JPEG,319,dragonfly
train/n02268443/n02268443_35155.JPEG,319,dragonfly
train/n02268443/n02268443_64567.JPEG,319,dragonfly
train/n02268443/n02268443_32193.JPEG,319,dragonfly
train/n02268443/n02268443_7390.JPEG,319,dragonfly
train/n02268443/n02268443_8619.JPEG,319,dragonfly
train/n02268443/n02268443_22424.JPEG,319,dragonfly
train/n02268443/n02268443_29507.JPEG,319,dragonfly
train/n02268443/n02268443_38378.JPEG,319,dragonfly
train/n02268443/n02268443_38896.JPEG,319,dragonfly
train/n02268443/n02268443_44219.JPEG,319,dragonfly
train/n02268443/n02268443_40169.JPEG,319,dragonfly
train/n02268443/n02268443_57017.JPEG,319,dragonfly
train/n02268443/n02268443_34449.JPEG,319,dragonfly
train/n02268443/n02268443_21846.JPEG,319,dragonfly
train/n02268853/n02268853_1393.JPEG,320,damselfly
train/n02268853/n02268853_17437.JPEG,320,damselfly
train/n02268853/n02268853_13924.JPEG,320,damselfly
train/n02268853/n02268853_4034.JPEG,320,damselfly
train/n02268853/n02268853_1401.JPEG,320,damselfly
train/n02268853/n02268853_2667.JPEG,320,damselfly
train/n02268853/n02268853_83.JPEG,320,damselfly
train/n02268853/n02268853_4883.JPEG,320,damselfly
train/n02268853/n02268853_9175.JPEG,320,damselfly
train/n02268853/n02268853_4306.JPEG,320,damselfly
train/n02268853/n02268853_2618.JPEG,320,damselfly
train/n02268853/n02268853_2597.JPEG,320,damselfly
train/n02268853/n02268853_417.JPEG,320,damselfly
train/n02268853/n02268853_9268.JPEG,320,damselfly
train/n02268853/n02268853_9264.JPEG,320,damselfly
train/n02268853/n02268853_5087.JPEG,320,damselfly
train/n02276258/n02276258_1199.JPEG,321,red admiral butterfly
train/n02276258/n02276258_11722.JPEG,321,red admiral butterfly
train/n02276258/n02276258_1269.JPEG,321,red admiral butterfly
train/n02276258/n02276258_2999.JPEG,321,red admiral butterfly
train/n02276258/n02276258_9181.JPEG,321,red admiral butterfly
train/n02276258/n02276258_1596.JPEG,321,red admiral butterfly
train/n02276258/n02276258_4818.JPEG,321,red admiral butterfly
train/n02276258/n02276258_5151.JPEG,321,red admiral butterfly
train/n02276258/n02276258_5767.JPEG,321,red admiral butterfly
train/n02276258/n02276258_6972.JPEG,321,red admiral butterfly
train/n02276258/n02276258_3518.JPEG,321,red admiral butterfly
train/n02276258/n02276258_7802.JPEG,321,red admiral butterfly
train/n02276258/n02276258_7032.JPEG,321,red admiral butterfly
train/n02276258/n02276258_4931.JPEG,321,red admiral butterfly
train/n02276258/n02276258_5554.JPEG,321,red admiral butterfly
train/n02276258/n02276258_9322.JPEG,321,red admiral butterfly
train/n02277742/n02277742_37260.JPEG,322,ringlet butterfly
train/n02277742/n02277742_18029.JPEG,322,ringlet butterfly
train/n02277742/n02277742_11702.JPEG,322,ringlet butterfly
train/n02277742/n02277742_20844.JPEG,322,ringlet butterfly
train/n02277742/n02277742_17782.JPEG,322,ringlet butterfly
train/n02277742/n02277742_17626.JPEG,322,ringlet butterfly
train/n02277742/n02277742_10965.JPEG,322,ringlet butterfly
train/n02277742/n02277742_24665.JPEG,322,ringlet butterfly
train/n02277742/n02277742_17094.JPEG,322,ringlet butterfly
train/n02277742/n02277742_21174.JPEG,322,ringlet butterfly
train/n02277742/n02277742_30420.JPEG,322,ringlet butterfly
train/n02277742/n02277742_9681.JPEG,322,ringlet butterfly
train/n02277742/n02277742_9533.JPEG,322,ringlet butterfly
train/n02277742/n02277742_49768.JPEG,322,ringlet butterfly
train/n02277742/n02277742_306.JPEG,322,ringlet butterfly
train/n02277742/n02277742_19997.JPEG,322,ringlet butterfly
train/n02279972/n02279972_631.JPEG,323,monarch butterfly
train/n02279972/n02279972_1773.JPEG,323,monarch butterfly
train/n02279972/n02279972_25359.JPEG,323,monarch butterfly
train/n02279972/n02279972_6268.JPEG,323,monarch butterfly
train/n02279972/n02279972_10157.JPEG,323,monarch butterfly
train/n02279972/n02279972_14178.JPEG,323,monarch butterfly
train/n02279972/n02279972_4311.JPEG,323,monarch butterfly
train/n02279972/n02279972_25271.JPEG,323,monarch butterfly
train/n02279972/n02279972_1304.JPEG,323,monarch butterfly
train/n02279972/n02279972_26710.JPEG,323,monarch butterfly
train/n02279972/n02279972_40561.JPEG,323,monarch butterfly
train/n02279972/n02279972_23627.JPEG,323,monarch butterfly
train/n02279972/n02279972_1093.JPEG,323,monarch butterfly
train/n02279972/n02279972_8000.JPEG,323,monarch butterfly
train/n02279972/n02279972_1348.JPEG,323,monarch butterfly
train/n02279972/n02279972_7269.JPEG,323,monarch butterfly
train/n02280649/n02280649_6823.JPEG,324,small white butterfly
train/n02280649/n02280649_9338.JPEG,324,small white butterfly
train/n02280649/n02280649_5505.JPEG,324,small white butterfly
train/n02280649/n02280649_6392.JPEG,324,small white butterfly
train/n02280649/n02280649_2040.JPEG,324,small white butterfly
train/n02280649/n02280649_3925.JPEG,324,small white butterfly
train/n02280649/n02280649_11629.JPEG,324,small white butterfly
train/n02280649/n02280649_15794.JPEG,324,small white butterfly
train/n02280649/n02280649_4134.JPEG,324,small white butterfly
train/n02280649/n02280649_14840.JPEG,324,small white butterfly
train/n02280649/n02280649_995.JPEG,324,small white butterfly
train/n02280649/n02280649_3109.JPEG,324,small white butterfly
train/n02280649/n02280649_12504.JPEG,324,small white butterfly
train/n02280649/n02280649_7870.JPEG,324,small white butterfly
train/n02280649/n02280649_6435.JPEG,324,small white butterfly
train/n02280649/n02280649_10198.JPEG,324,small white butterfly
train/n02281406/n02281406_6192.JPEG,325,sulphur butterfly
train/n02281406/n02281406_2874.JPEG,325,sulphur butterfly
train/n02281406/n02281406_2170.JPEG,325,sulphur butterfly
train/n02281406/n02281406_8601.JPEG,325,sulphur butterfly
train/n02281406/n02281406_4545.JPEG,325,sulphur butterfly
train/n02281406/n02281406_8461.JPEG,325,sulphur butterfly
train/n02281406/n02281406_15721.JPEG,325,sulphur butterfly
train/n02281406/n02281406_9184.JPEG,325,sulphur butterfly
train/n02281406/n02281406_5946.JPEG,325,sulphur butterfly
train/n02281406/n02281406_362.JPEG,325,sulphur butterfly
train/n02281406/n02281406_7595.JPEG,325,sulphur butterfly
train/n02281406/n02281406_15277.JPEG,325,sulphur butterfly
train/n02281406/n02281406_15832.JPEG,325,sulphur butterfly
train/n02281406/n02281406_8049.JPEG,325,sulphur butterfly
train/n02281406/n02281406_15389.JPEG,325,sulphur butterfly
train/n02281406/n02281406_12227.JPEG,325,sulphur butterfly
train/n02281787/n02281787_4130.JPEG,326,gossamer-winged butterfly
train/n02281787/n02281787_5939.JPEG,326,gossamer-winged butterfly
train/n02281787/n02281787_1821.JPEG,326,gossamer-winged butterfly
train/n02281787/n02281787_4367.JPEG,326,gossamer-winged butterfly
train/n02281787/n02281787_872.JPEG,326,gossamer-winged butterfly
train/n02281787/n02281787_5777.JPEG,326,gossamer-winged butterfly
train/n02281787/n02281787_2461.JPEG,326,gossamer-winged butterfly
train/n02281787/n02281787_4173.JPEG,326,gossamer-winged butterfly
train/n02281787/n02281787_7668.JPEG,326,gossamer-winged butterfly
train/n02281787/n02281787_5267.JPEG,326,gossamer-winged butterfly
train/n02281787/n02281787_5543.JPEG,326,gossamer-winged butterfly
train/n02281787/n02281787_2344.JPEG,326,gossamer-winged butterfly
train/n02281787/n02281787_5726.JPEG,326,gossamer-winged butterfly
train/n02281787/n02281787_4674.JPEG,326,gossamer-winged butterfly
train/n02281787/n02281787_2687.JPEG,326,gossamer-winged butterfly
train/n02281787/n02281787_2420.JPEG,326,gossamer-winged butterfly
train/n02317335/n02317335_17816.JPEG,327,starfish
train/n02317335/n02317335_12975.JPEG,327,starfish
train/n02317335/n02317335_6905.JPEG,327,starfish
train/n02317335/n02317335_21278.JPEG,327,starfish
train/n02317335/n02317335_23340.JPEG,327,starfish
train/n02317335/n02317335_8178.JPEG,327,starfish
train/n02317335/n02317335_1240.JPEG,327,starfish
train/n02317335/n02317335_17021.JPEG,327,starfish
train/n02317335/n02317335_356.JPEG,327,starfish
train/n02317335/n02317335_17740.JPEG,327,starfish
train/n02317335/n02317335_24002.JPEG,327,starfish
train/n02317335/n02317335_17443.JPEG,327,starfish
train/n02317335/n02317335_41573.JPEG,327,starfish
train/n02317335/n02317335_5749.JPEG,327,starfish
train/n02317335/n02317335_17973.JPEG,327,starfish
train/n02317335/n02317335_17188.JPEG,327,starfish
train/n02319095/n02319095_5873.JPEG,328,sea urchin
train/n02319095/n02319095_8577.JPEG,328,sea urchin
train/n02319095/n02319095_2086.JPEG,328,sea urchin
train/n02319095/n02319095_32.JPEG,328,sea urchin
train/n02319095/n02319095_9855.JPEG,328,sea urchin
train/n02319095/n02319095_6586.JPEG,328,sea urchin
train/n02319095/n02319095_3840.JPEG,328,sea urchin
train/n02319095/n02319095_562.JPEG,328,sea urchin
train/n02319095/n02319095_7578.JPEG,328,sea urchin
train/n02319095/n02319095_8616.JPEG,328,sea urchin
train/n02319095/n02319095_7047.JPEG,328,sea urchin
train/n02319095/n02319095_3155.JPEG,328,sea urchin
train/n02319095/n02319095_16674.JPEG,328,sea urchin
train/n02319095/n02319095_4636.JPEG,328,sea urchin
train/n02319095/n02319095_8540.JPEG,328,sea urchin
train/n02319095/n02319095_1398.JPEG,328,sea urchin
train/n02321529/n02321529_2437.JPEG,329,sea cucumber
train/n02321529/n02321529_2762.JPEG,329,sea cucumber
train/n02321529/n02321529_1807.JPEG,329,sea cucumber
train/n02321529/n02321529_18669.JPEG,329,sea cucumber
train/n02321529/n02321529_10761.JPEG,329,sea cucumber
train/n02321529/n02321529_4575.JPEG,329,sea cucumber
train/n02321529/n02321529_2920.JPEG,329,sea cucumber
train/n02321529/n02321529_2581.JPEG,329,sea cucumber
train/n02321529/n02321529_973.JPEG,329,sea cucumber
train/n02321529/n02321529_3068.JPEG,329,sea cucumber
train/n02321529/n02321529_184.JPEG,329,sea cucumber
train/n02321529/n02321529_943.JPEG,329,sea cucumber
train/n02321529/n02321529_5531.JPEG,329,sea cucumber
train/n02321529/n02321529_2992.JPEG,329,sea cucumber
train/n02321529/n02321529_4884.JPEG,329,sea cucumber
train/n02321529/n02321529_6963.JPEG,329,sea cucumber
train/n02325366/n02325366_1213.JPEG,330,cottontail rabbit
train/n02325366/n02325366_8280.JPEG,330,cottontail rabbit
train/n02325366/n02325366_3299.JPEG,330,cottontail rabbit
train/n02325366/n02325366_20926.JPEG,330,cottontail rabbit
train/n02325366/n02325366_5464.JPEG,330,cottontail rabbit
train/n02325366/n02325366_6470.JPEG,330,cottontail rabbit
train/n02325366/n02325366_7075.JPEG,330,cottontail rabbit
train/n02325366/n02325366_4082.JPEG,330,cottontail rabbit
train/n02325366/n02325366_6840.JPEG,330,cottontail rabbit
train/n02325366/n02325366_10255.JPEG,330,cottontail rabbit
train/n02325366/n02325366_6801.JPEG,330,cottontail rabbit
train/n02325366/n02325366_3369.JPEG,330,cottontail rabbit
train/n02325366/n02325366_7699.JPEG,330,cottontail rabbit
train/n02325366/n02325366_9175.JPEG,330,cottontail rabbit
train/n02325366/n02325366_5245.JPEG,330,cottontail rabbit
train/n02325366/n02325366_2964.JPEG,330,cottontail rabbit
train/n02326432/n02326432_42385.JPEG,331,hare
train/n02326432/n02326432_12313.JPEG,331,hare
train/n02326432/n02326432_991.JPEG,331,hare
train/n02326432/n02326432_8971.JPEG,331,hare
train/n02326432/n02326432_19558.JPEG,331,hare
train/n02326432/n02326432_33318.JPEG,331,hare
train/n02326432/n02326432_8951.JPEG,331,hare
train/n02326432/n02326432_15552.JPEG,331,hare
train/n02326432/n02326432_11265.JPEG,331,hare
train/n02326432/n02326432_32603.JPEG,331,hare
train/n02326432/n02326432_26650.JPEG,331,hare
train/n02326432/n02326432_6874.JPEG,331,hare
train/n02326432/n02326432_41683.JPEG,331,hare
train/n02326432/n02326432_20674.JPEG,331,hare
train/n02326432/n02326432_26440.JPEG,331,hare
train/n02326432/n02326432_30726.JPEG,331,hare
train/n02328150/n02328150_9577.JPEG,332,Angora rabbit
train/n02328150/n02328150_2335.JPEG,332,Angora rabbit
train/n02328150/n02328150_16336.JPEG,332,Angora rabbit
train/n02328150/n02328150_16031.JPEG,332,Angora rabbit
train/n02328150/n02328150_5917.JPEG,332,Angora rabbit
train/n02328150/n02328150_3363.JPEG,332,Angora rabbit
train/n02328150/n02328150_3796.JPEG,332,Angora rabbit
train/n02328150/n02328150_3906.JPEG,332,Angora rabbit
train/n02328150/n02328150_12877.JPEG,332,Angora rabbit
train/n02328150/n02328150_17538.JPEG,332,Angora rabbit
train/n02328150/n02328150_9715.JPEG,332,Angora rabbit
train/n02328150/n02328150_13100.JPEG,332,Angora rabbit
train/n02328150/n02328150_10277.JPEG,332,Angora rabbit
train/n02328150/n02328150_19015.JPEG,332,Angora rabbit
train/n02328150/n02328150_1843.JPEG,332,Angora rabbit
train/n02328150/n02328150_7955.JPEG,332,Angora rabbit
train/n02342885/n02342885_3254.JPEG,333,hamster
train/n02342885/n02342885_10561.JPEG,333,hamster
train/n02342885/n02342885_84.JPEG,333,hamster
train/n02342885/n02342885_5401.JPEG,333,hamster
train/n02342885/n02342885_8893.JPEG,333,hamster
train/n02342885/n02342885_6306.JPEG,333,hamster
train/n02342885/n02342885_4668.JPEG,333,hamster
train/n02342885/n02342885_9377.JPEG,333,hamster
train/n02342885/n02342885_7393.JPEG,333,hamster
train/n02342885/n02342885_10630.JPEG,333,hamster
train/n02342885/n02342885_4174.JPEG,333,hamster
train/n02342885/n02342885_9296.JPEG,333,hamster
train/n02342885/n02342885_3279.JPEG,333,hamster
train/n02342885/n02342885_2363.JPEG,333,hamster
train/n02342885/n02342885_3818.JPEG,333,hamster
train/n02342885/n02342885_9263.JPEG,333,hamster
train/n02346627/n02346627_7762.JPEG,334,porcupine
train/n02346627/n02346627_44509.JPEG,334,porcupine
train/n02346627/n02346627_11528.JPEG,334,porcupine
train/n02346627/n02346627_4957.JPEG,334,porcupine
train/n02346627/n02346627_6022.JPEG,334,porcupine
train/n02346627/n02346627_17150.JPEG,334,porcupine
train/n02346627/n02346627_3115.JPEG,334,porcupine
train/n02346627/n02346627_14658.JPEG,334,porcupine
train/n02346627/n02346627_8982.JPEG,334,porcupine
train/n02346627/n02346627_4120.JPEG,334,porcupine
train/n02346627/n02346627_14408.JPEG,334,porcupine
train/n02346627/n02346627_14748.JPEG,334,porcupine
train/n02346627/n02346627_5576.JPEG,334,porcupine
train/n02346627/n02346627_8459.JPEG,334,porcupine
train/n02346627/n02346627_11862.JPEG,334,porcupine
train/n02346627/n02346627_6770.JPEG,334,porcupine
train/n02356798/n02356798_3486.JPEG,335,fox squirrel
train/n02356798/n02356798_4082.JPEG,335,fox squirrel
train/n02356798/n02356798_864.JPEG,335,fox squirrel
train/n02356798/n02356798_1322.JPEG,335,fox squirrel
train/n02356798/n02356798_1348.JPEG,335,fox squirrel
train/n02356798/n02356798_3863.JPEG,335,fox squirrel
train/n02356798/n02356798_2314.JPEG,335,fox squirrel
train/n02356798/n02356798_673.JPEG,335,fox squirrel
train/n02356798/n02356798_2161.JPEG,335,fox squirrel
train/n02356798/n02356798_6048.JPEG,335,fox squirrel
train/n02356798/n02356798_82.JPEG,335,fox squirrel
train/n02356798/n02356798_19.JPEG,335,fox squirrel
train/n02356798/n02356798_1868.JPEG,335,fox squirrel
train/n02356798/n02356798_3812.JPEG,335,fox squirrel
train/n02356798/n02356798_3584.JPEG,335,fox squirrel
train/n02356798/n02356798_382.JPEG,335,fox squirrel
train/n02361337/n02361337_5941.JPEG,336,marmot
train/n02361337/n02361337_971.JPEG,336,marmot
train/n02361337/n02361337_5547.JPEG,336,marmot
train/n02361337/n02361337_8281.JPEG,336,marmot
train/n02361337/n02361337_4090.JPEG,336,marmot
train/n02361337/n02361337_9908.JPEG,336,marmot
train/n02361337/n02361337_8890.JPEG,336,marmot
train/n02361337/n02361337_5832.JPEG,336,marmot
train/n02361337/n02361337_7605.JPEG,336,marmot
train/n02361337/n02361337_5718.JPEG,336,marmot
train/n02361337/n02361337_9984.JPEG,336,marmot
train/n02361337/n02361337_7417.JPEG,336,marmot
train/n02361337/n02361337_6453.JPEG,336,marmot
train/n02361337/n02361337_4228.JPEG,336,marmot
train/n02361337/n02361337_767.JPEG,336,marmot
train/n02361337/n02361337_6472.JPEG,336,marmot
train/n02363005/n02363005_22881.JPEG,337,beaver
train/n02363005/n02363005_11102.JPEG,337,beaver
train/n02363005/n02363005_5695.JPEG,337,beaver
train/n02363005/n02363005_1781.JPEG,337,beaver
train/n02363005/n02363005_20922.JPEG,337,beaver
train/n02363005/n02363005_12412.JPEG,337,beaver
train/n02363005/n02363005_2186.JPEG,337,beaver
train/n02363005/n02363005_25421.JPEG,337,beaver
train/n02363005/n02363005_20725.JPEG,337,beaver
train/n02363005/n02363005_17332.JPEG,337,beaver
train/n02363005/n02363005_4984.JPEG,337,beaver
train/n02363005/n02363005_328.JPEG,337,beaver
train/n02363005/n02363005_40240.JPEG,337,beaver
train/n02363005/n02363005_1845.JPEG,337,beaver
train/n02363005/n02363005_19765.JPEG,337,beaver
train/n02363005/n02363005_12399.JPEG,337,beaver
train/n02364673/n02364673_2375.JPEG,338,guinea pig
train/n02364673/n02364673_4796.JPEG,338,guinea pig
train/n02364673/n02364673_4587.JPEG,338,guinea pig
train/n02364673/n02364673_46365.JPEG,338,guinea pig
train/n02364673/n02364673_5126.JPEG,338,guinea pig
train/n02364673/n02364673_19004.JPEG,338,guinea pig
train/n02364673/n02364673_48935.JPEG,338,guinea pig
train/n02364673/n02364673_9349.JPEG,338,guinea pig
train/n02364673/n02364673_1249.JPEG,338,guinea pig
train/n02364673/n02364673_13746.JPEG,338,guinea pig
train/n02364673/n02364673_5195.JPEG,338,guinea pig
train/n02364673/n02364673_3658.JPEG,338,guinea pig
train/n02364673/n02364673_6488.JPEG,338,guinea pig
train/n02364673/n02364673_13788.JPEG,338,guinea pig
train/n02364673/n02364673_20114.JPEG,338,guinea pig
train/n02364673/n02364673_6173.JPEG,338,guinea pig
train/n02389026/n02389026_23553.JPEG,339,common sorrel horse
train/n02389026/n02389026_5166.JPEG,339,common sorrel horse
train/n02389026/n02389026_5845.JPEG,339,common sorrel horse
train/n02389026/n02389026_19864.JPEG,339,common sorrel horse
train/n02389026/n02389026_4297.JPEG,339,common sorrel horse
train/n02389026/n02389026_6921.JPEG,339,common sorrel horse
train/n02389026/n02389026_1123.JPEG,339,common sorrel horse
train/n02389026/n02389026_16601.JPEG,339,common sorrel horse
train/n02389026/n02389026_6411.JPEG,339,common sorrel horse
train/n02389026/n02389026_19500.JPEG,339,common sorrel horse
train/n02389026/n02389026_4193.JPEG,339,common sorrel horse
train/n02389026/n02389026_8689.JPEG,339,common sorrel horse
train/n02389026/n02389026_724.JPEG,339,common sorrel horse
train/n02389026/n02389026_4378.JPEG,339,common sorrel horse
train/n02389026/n02389026_3775.JPEG,339,common sorrel horse
train/n02389026/n02389026_26634.JPEG,339,common sorrel horse
train/n02391049/n02391049_8929.JPEG,340,zebra
train/n02391049/n02391049_2166.JPEG,340,zebra
train/n02391049/n02391049_9160.JPEG,340,zebra
train/n02391049/n02391049_8340.JPEG,340,zebra
train/n02391049/n02391049_3253.JPEG,340,zebra
train/n02391049/n02391049_3436.JPEG,340,zebra
train/n02391049/n02391049_232.JPEG,340,zebra
train/n02391049/n02391049_2507.JPEG,340,zebra
train/n02391049/n02391049_8149.JPEG,340,zebra
train/n02391049/n02391049_166.JPEG,340,zebra
train/n02391049/n02391049_2356.JPEG,340,zebra
train/n02391049/n02391049_6775.JPEG,340,zebra
train/n02391049/n02391049_1156.JPEG,340,zebra
train/n02391049/n02391049_2380.JPEG,340,zebra
train/n02391049/n02391049_1404.JPEG,340,zebra
train/n02391049/n02391049_3771.JPEG,340,zebra
train/n02395406/n02395406_9200.JPEG,341,pig
train/n02395406/n02395406_942.JPEG,341,pig
train/n02395406/n02395406_6162.JPEG,341,pig
train/n02395406/n02395406_29766.JPEG,341,pig
train/n02395406/n02395406_7942.JPEG,341,pig
train/n02395406/n02395406_7231.JPEG,341,pig
train/n02395406/n02395406_8446.JPEG,341,pig
train/n02395406/n02395406_15716.JPEG,341,pig
train/n02395406/n02395406_11115.JPEG,341,pig
train/n02395406/n02395406_6767.JPEG,341,pig
train/n02395406/n02395406_2628.JPEG,341,pig
train/n02395406/n02395406_3507.JPEG,341,pig
train/n02395406/n02395406_23973.JPEG,341,pig
train/n02395406/n02395406_27016.JPEG,341,pig
train/n02395406/n02395406_90798.JPEG,341,pig
train/n02395406/n02395406_13674.JPEG,341,pig
train/n02396427/n02396427_3676.JPEG,342,wild boar
train/n02396427/n02396427_17877.JPEG,342,wild boar
train/n02396427/n02396427_1496.JPEG,342,wild boar
train/n02396427/n02396427_40371.JPEG,342,wild boar
train/n02396427/n02396427_35706.JPEG,342,wild boar
train/n02396427/n02396427_8772.JPEG,342,wild boar
train/n02396427/n02396427_1810.JPEG,342,wild boar
train/n02396427/n02396427_16043.JPEG,342,wild boar
train/n02396427/n02396427_52072.JPEG,342,wild boar
train/n02396427/n02396427_22054.JPEG,342,wild boar
train/n02396427/n02396427_5702.JPEG,342,wild boar
train/n02396427/n02396427_29278.JPEG,342,wild boar
train/n02396427/n02396427_16844.JPEG,342,wild boar
train/n02396427/n02396427_3079.JPEG,342,wild boar
train/n02396427/n02396427_3669.JPEG,342,wild boar
train/n02396427/n02396427_14415.JPEG,342,wild boar
train/n02397096/n02397096_1133.JPEG,343,warthog
train/n02397096/n02397096_5424.JPEG,343,warthog
train/n02397096/n02397096_5404.JPEG,343,warthog
train/n02397096/n02397096_4644.JPEG,343,warthog
train/n02397096/n02397096_3148.JPEG,343,warthog
train/n02397096/n02397096_4197.JPEG,343,warthog
train/n02397096/n02397096_2206.JPEG,343,warthog
train/n02397096/n02397096_5439.JPEG,343,warthog
train/n02397096/n02397096_11492.JPEG,343,warthog
train/n02397096/n02397096_3574.JPEG,343,warthog
train/n02397096/n02397096_12338.JPEG,343,warthog
train/n02397096/n02397096_23448.JPEG,343,warthog
train/n02397096/n02397096_2900.JPEG,343,warthog
train/n02397096/n02397096_85.JPEG,343,warthog
train/n02397096/n02397096_17451.JPEG,343,warthog
train/n02397096/n02397096_2882.JPEG,343,warthog
train/n02398521/n02398521_6029.JPEG,344,hippopotamus
train/n02398521/n02398521_22337.JPEG,344,hippopotamus
train/n02398521/n02398521_98343.JPEG,344,hippopotamus
train/n02398521/n02398521_19833.JPEG,344,hippopotamus
train/n02398521/n02398521_23101.JPEG,344,hippopotamus
train/n02398521/n02398521_25809.JPEG,344,hippopotamus
train/n02398521/n02398521_23231.JPEG,344,hippopotamus
train/n02398521/n02398521_10674.JPEG,344,hippopotamus
train/n02398521/n02398521_12217.JPEG,344,hippopotamus
train/n02398521/n02398521_4647.JPEG,344,hippopotamus
train/n02398521/n02398521_11884.JPEG,344,hippopotamus
train/n02398521/n02398521_23901.JPEG,344,hippopotamus
train/n02398521/n02398521_9581.JPEG,344,hippopotamus
train/n02398521/n02398521_20734.JPEG,344,hippopotamus
train/n02398521/n02398521_11208.JPEG,344,hippopotamus
train/n02398521/n02398521_4491.JPEG,344,hippopotamus
train/n02403003/n02403003_3752.JPEG,345,ox
train/n02403003/n02403003_3051.JPEG,345,ox
train/n02403003/n02403003_6396.JPEG,345,ox
train/n02403003/n02403003_2662.JPEG,345,ox
train/n02403003/n02403003_4130.JPEG,345,ox
train/n02403003/n02403003_5161.JPEG,345,ox
train/n02403003/n02403003_1674.JPEG,345,ox
train/n02403003/n02403003_85.JPEG,345,ox
train/n02403003/n02403003_10544.JPEG,345,ox
train/n02403003/n02403003_8838.JPEG,345,ox
train/n02403003/n02403003_26504.JPEG,345,ox
train/n02403003/n02403003_7411.JPEG,345,ox
train/n02403003/n02403003_3761.JPEG,345,ox
train/n02403003/n02403003_6498.JPEG,345,ox
train/n02403003/n02403003_3878.JPEG,345,ox
train/n02403003/n02403003_5528.JPEG,345,ox
train/n02408429/n02408429_12227.JPEG,346,water buffalo
train/n02408429/n02408429_4517.JPEG,346,water buffalo
train/n02408429/n02408429_10951.JPEG,346,water buffalo
train/n02408429/n02408429_17471.JPEG,346,water buffalo
train/n02408429/n02408429_1245.JPEG,346,water buffalo
train/n02408429/n02408429_17222.JPEG,346,water buffalo
train/n02408429/n02408429_1155.JPEG,346,water buffalo
train/n02408429/n02408429_1140.JPEG,346,water buffalo
train/n02408429/n02408429_4308.JPEG,346,water buffalo
train/n02408429/n02408429_3300.JPEG,346,water buffalo
train/n02408429/n02408429_4387.JPEG,346,water buffalo
train/n02408429/n02408429_13635.JPEG,346,water buffalo
train/n02408429/n02408429_5796.JPEG,346,water buffalo
train/n02408429/n02408429_5640.JPEG,346,water buffalo
train/n02408429/n02408429_6135.JPEG,346,water buffalo
train/n02408429/n02408429_1137.JPEG,346,water buffalo
train/n02410509/n02410509_5726.JPEG,347,bison
train/n02410509/n02410509_2949.JPEG,347,bison
train/n02410509/n02410509_1930.JPEG,347,bison
train/n02410509/n02410509_1316.JPEG,347,bison
train/n02410509/n02410509_5615.JPEG,347,bison
train/n02410509/n02410509_2564.JPEG,347,bison
train/n02410509/n02410509_6008.JPEG,347,bison
train/n02410509/n02410509_2088.JPEG,347,bison
train/n02410509/n02410509_420.JPEG,347,bison
train/n02410509/n02410509_2989.JPEG,347,bison
train/n02410509/n02410509_35653.JPEG,347,bison
train/n02410509/n02410509_8138.JPEG,347,bison
train/n02410509/n02410509_5675.JPEG,347,bison
train/n02410509/n02410509_5259.JPEG,347,bison
train/n02410509/n02410509_14715.JPEG,347,bison
train/n02410509/n02410509_15403.JPEG,347,bison
train/n02412080/n02412080_3139.JPEG,348,ram (adult male sheep)
train/n02412080/n02412080_20382.JPEG,348,ram (adult male sheep)
train/n02412080/n02412080_9570.JPEG,348,ram (adult male sheep)
train/n02412080/n02412080_9993.JPEG,348,ram (adult male sheep)
train/n02412080/n02412080_5992.JPEG,348,ram (adult male sheep)
train/n02412080/n02412080_9130.JPEG,348,ram (adult male sheep)
train/n02412080/n02412080_8265.JPEG,348,ram (adult male sheep)
train/n02412080/n02412080_9341.JPEG,348,ram (adult male sheep)
train/n02412080/n02412080_2833.JPEG,348,ram (adult male sheep)
train/n02412080/n02412080_14016.JPEG,348,ram (adult male sheep)
train/n02412080/n02412080_17477.JPEG,348,ram (adult male sheep)
train/n02412080/n02412080_14601.JPEG,348,ram (adult male sheep)
train/n02412080/n02412080_3699.JPEG,348,ram (adult male sheep)
train/n02412080/n02412080_11337.JPEG,348,ram (adult male sheep)
train/n02412080/n02412080_14232.JPEG,348,ram (adult male sheep)
train/n02412080/n02412080_9384.JPEG,348,ram (adult male sheep)
train/n02415577/n02415577_1391.JPEG,349,bighorn sheep
train/n02415577/n02415577_28563.JPEG,349,bighorn sheep
train/n02415577/n02415577_1386.JPEG,349,bighorn sheep
train/n02415577/n02415577_2551.JPEG,349,bighorn sheep
train/n02415577/n02415577_7053.JPEG,349,bighorn sheep
train/n02415577/n02415577_3111.JPEG,349,bighorn sheep
train/n02415577/n02415577_16052.JPEG,349,bighorn sheep
train/n02415577/n02415577_79.JPEG,349,bighorn sheep
train/n02415577/n02415577_6776.JPEG,349,bighorn sheep
train/n02415577/n02415577_2626.JPEG,349,bighorn sheep
train/n02415577/n02415577_60856.JPEG,349,bighorn sheep
train/n02415577/n02415577_133.JPEG,349,bighorn sheep
train/n02415577/n02415577_5383.JPEG,349,bighorn sheep
train/n02415577/n02415577_9226.JPEG,349,bighorn sheep
train/n02415577/n02415577_8601.JPEG,349,bighorn sheep
train/n02415577/n02415577_54352.JPEG,349,bighorn sheep
train/n02417914/n02417914_9310.JPEG,350,Alpine ibex
train/n02417914/n02417914_7761.JPEG,350,Alpine ibex
train/n02417914/n02417914_6612.JPEG,350,Alpine ibex
train/n02417914/n02417914_12698.JPEG,350,Alpine ibex
train/n02417914/n02417914_4452.JPEG,350,Alpine ibex
train/n02417914/n02417914_1420.JPEG,350,Alpine ibex
train/n02417914/n02417914_11238.JPEG,350,Alpine ibex
train/n02417914/n02417914_11174.JPEG,350,Alpine ibex
train/n02417914/n02417914_41110.JPEG,350,Alpine ibex
train/n02417914/n02417914_3995.JPEG,350,Alpine ibex
train/n02417914/n02417914_2416.JPEG,350,Alpine ibex
train/n02417914/n02417914_9776.JPEG,350,Alpine ibex
train/n02417914/n02417914_4512.JPEG,350,Alpine ibex
train/n02417914/n02417914_13125.JPEG,350,Alpine ibex
train/n02417914/n02417914_434.JPEG,350,Alpine ibex
train/n02417914/n02417914_3543.JPEG,350,Alpine ibex
train/n02422106/n02422106_311.JPEG,351,hartebeest
train/n02422106/n02422106_334.JPEG,351,hartebeest
train/n02422106/n02422106_564.JPEG,351,hartebeest
train/n02422106/n02422106_4873.JPEG,351,hartebeest
train/n02422106/n02422106_4049.JPEG,351,hartebeest
train/n02422106/n02422106_4111.JPEG,351,hartebeest
train/n02422106/n02422106_4269.JPEG,351,hartebeest
train/n02422106/n02422106_4925.JPEG,351,hartebeest
train/n02422106/n02422106_1748.JPEG,351,hartebeest
train/n02422106/n02422106_1655.JPEG,351,hartebeest
train/n02422106/n02422106_4255.JPEG,351,hartebeest
train/n02422106/n02422106_1023.JPEG,351,hartebeest
train/n02422106/n02422106_7339.JPEG,351,hartebeest
train/n02422106/n02422106_8664.JPEG,351,hartebeest
train/n02422106/n02422106_6610.JPEG,351,hartebeest
train/n02422106/n02422106_3881.JPEG,351,hartebeest
train/n02422699/n02422699_3653.JPEG,352,impala (antelope)
train/n02422699/n02422699_1321.JPEG,352,impala (antelope)
train/n02422699/n02422699_123.JPEG,352,impala (antelope)
train/n02422699/n02422699_6313.JPEG,352,impala (antelope)
train/n02422699/n02422699_3048.JPEG,352,impala (antelope)
train/n02422699/n02422699_22739.JPEG,352,impala (antelope)
train/n02422699/n02422699_444.JPEG,352,impala (antelope)
train/n02422699/n02422699_24476.JPEG,352,impala (antelope)
train/n02422699/n02422699_4924.JPEG,352,impala (antelope)
train/n02422699/n02422699_303.JPEG,352,impala (antelope)
train/n02422699/n02422699_33416.JPEG,352,impala (antelope)
train/n02422699/n02422699_756.JPEG,352,impala (antelope)
train/n02422699/n02422699_1956.JPEG,352,impala (antelope)
train/n02422699/n02422699_33110.JPEG,352,impala (antelope)
train/n02422699/n02422699_1498.JPEG,352,impala (antelope)
train/n02422699/n02422699_6672.JPEG,352,impala (antelope)
train/n02423022/n02423022_7314.JPEG,353,gazelle
train/n02423022/n02423022_2113.JPEG,353,gazelle
train/n02423022/n02423022_2728.JPEG,353,gazelle
train/n02423022/n02423022_5762.JPEG,353,gazelle
train/n02423022/n02423022_1021.JPEG,353,gazelle
train/n02423022/n02423022_6421.JPEG,353,gazelle
train/n02423022/n02423022_1993.JPEG,353,gazelle
train/n02423022/n02423022_3321.JPEG,353,gazelle
train/n02423022/n02423022_2327.JPEG,353,gazelle
train/n02423022/n02423022_4912.JPEG,353,gazelle
train/n02423022/n02423022_7095.JPEG,353,gazelle
train/n02423022/n02423022_2929.JPEG,353,gazelle
train/n02423022/n02423022_669.JPEG,353,gazelle
train/n02423022/n02423022_18615.JPEG,353,gazelle
train/n02423022/n02423022_7710.JPEG,353,gazelle
train/n02423022/n02423022_10949.JPEG,353,gazelle
train/n02437312/n02437312_7537.JPEG,354,arabian camel
train/n02437312/n02437312_12651.JPEG,354,arabian camel
train/n02437312/n02437312_12686.JPEG,354,arabian camel
train/n02437312/n02437312_21932.JPEG,354,arabian camel
train/n02437312/n02437312_11314.JPEG,354,arabian camel
train/n02437312/n02437312_4015.JPEG,354,arabian camel
train/n02437312/n02437312_5237.JPEG,354,arabian camel
train/n02437312/n02437312_7006.JPEG,354,arabian camel
train/n02437312/n02437312_6029.JPEG,354,arabian camel
train/n02437312/n02437312_42.JPEG,354,arabian camel
train/n02437312/n02437312_9496.JPEG,354,arabian camel
train/n02437312/n02437312_7805.JPEG,354,arabian camel
train/n02437312/n02437312_3195.JPEG,354,arabian camel
train/n02437312/n02437312_3834.JPEG,354,arabian camel
train/n02437312/n02437312_11540.JPEG,354,arabian camel
train/n02437312/n02437312_3639.JPEG,354,arabian camel
train/n02437616/n02437616_2351.JPEG,355,llama
train/n02437616/n02437616_16204.JPEG,355,llama
train/n02437616/n02437616_8786.JPEG,355,llama
train/n02437616/n02437616_1477.JPEG,355,llama
train/n02437616/n02437616_802.JPEG,355,llama
train/n02437616/n02437616_29743.JPEG,355,llama
train/n02437616/n02437616_10968.JPEG,355,llama
train/n02437616/n02437616_42.JPEG,355,llama
train/n02437616/n02437616_15166.JPEG,355,llama
train/n02437616/n02437616_4866.JPEG,355,llama
train/n02437616/n02437616_16073.JPEG,355,llama
train/n02437616/n02437616_13007.JPEG,355,llama
train/n02437616/n02437616_466.JPEG,355,llama
train/n02437616/n02437616_893.JPEG,355,llama
train/n02437616/n02437616_221.JPEG,355,llama
train/n02437616/n02437616_4036.JPEG,355,llama
train/n02441942/n02441942_23455.JPEG,356,weasel
train/n02441942/n02441942_22048.JPEG,356,weasel
train/n02441942/n02441942_20799.JPEG,356,weasel
train/n02441942/n02441942_938.JPEG,356,weasel
train/n02441942/n02441942_8223.JPEG,356,weasel
train/n02441942/n02441942_218.JPEG,356,weasel
train/n02441942/n02441942_12568.JPEG,356,weasel
train/n02441942/n02441942_10345.JPEG,356,weasel
train/n02441942/n02441942_11420.JPEG,356,weasel
train/n02441942/n02441942_23200.JPEG,356,weasel
train/n02441942/n02441942_6714.JPEG,356,weasel
train/n02441942/n02441942_1089.JPEG,356,weasel
train/n02441942/n02441942_6448.JPEG,356,weasel
train/n02441942/n02441942_8092.JPEG,356,weasel
train/n02441942/n02441942_5851.JPEG,356,weasel
train/n02441942/n02441942_21900.JPEG,356,weasel
train/n02442845/n02442845_32391.JPEG,357,mink
train/n02442845/n02442845_21232.JPEG,357,mink
train/n02442845/n02442845_11057.JPEG,357,mink
train/n02442845/n02442845_33135.JPEG,357,mink
train/n02442845/n02442845_10381.JPEG,357,mink
train/n02442845/n02442845_25252.JPEG,357,mink
train/n02442845/n02442845_24850.JPEG,357,mink
train/n02442845/n02442845_23025.JPEG,357,mink
train/n02442845/n02442845_22555.JPEG,357,mink
train/n02442845/n02442845_6062.JPEG,357,mink
train/n02442845/n02442845_14295.JPEG,357,mink
train/n02442845/n02442845_30107.JPEG,357,mink
train/n02442845/n02442845_905.JPEG,357,mink
train/n02442845/n02442845_532.JPEG,357,mink
train/n02442845/n02442845_18886.JPEG,357,mink
train/n02442845/n02442845_26695.JPEG,357,mink
train/n02443114/n02443114_19078.JPEG,358,European polecat
train/n02443114/n02443114_16541.JPEG,358,European polecat
train/n02443114/n02443114_9092.JPEG,358,European polecat
train/n02443114/n02443114_1037.JPEG,358,European polecat
train/n02443114/n02443114_42628.JPEG,358,European polecat
train/n02443114/n02443114_2293.JPEG,358,European polecat
train/n02443114/n02443114_29396.JPEG,358,European polecat
train/n02443114/n02443114_22903.JPEG,358,European polecat
train/n02443114/n02443114_19131.JPEG,358,European polecat
train/n02443114/n02443114_38182.JPEG,358,European polecat
train/n02443114/n02443114_46009.JPEG,358,European polecat
train/n02443114/n02443114_623.JPEG,358,European polecat
train/n02443114/n02443114_5355.JPEG,358,European polecat
train/n02443114/n02443114_447.JPEG,358,European polecat
train/n02443114/n02443114_10687.JPEG,358,European polecat
train/n02443114/n02443114_2402.JPEG,358,European polecat
train/n02443484/n02443484_15766.JPEG,359,black-footed ferret
train/n02443484/n02443484_15131.JPEG,359,black-footed ferret
train/n02443484/n02443484_12996.JPEG,359,black-footed ferret
train/n02443484/n02443484_3350.JPEG,359,black-footed ferret
train/n02443484/n02443484_126.JPEG,359,black-footed ferret
train/n02443484/n02443484_4023.JPEG,359,black-footed ferret
train/n02443484/n02443484_5541.JPEG,359,black-footed ferret
train/n02443484/n02443484_7012.JPEG,359,black-footed ferret
train/n02443484/n02443484_6376.JPEG,359,black-footed ferret
train/n02443484/n02443484_1036.JPEG,359,black-footed ferret
train/n02443484/n02443484_187.JPEG,359,black-footed ferret
train/n02443484/n02443484_1484.JPEG,359,black-footed ferret
train/n02443484/n02443484_9886.JPEG,359,black-footed ferret
train/n02443484/n02443484_9580.JPEG,359,black-footed ferret
train/n02443484/n02443484_13146.JPEG,359,black-footed ferret
train/n02443484/n02443484_2123.JPEG,359,black-footed ferret
train/n02444819/n02444819_10511.JPEG,360,otter
train/n02444819/n02444819_1526.JPEG,360,otter
train/n02444819/n02444819_5187.JPEG,360,otter
train/n02444819/n02444819_6016.JPEG,360,otter
train/n02444819/n02444819_9259.JPEG,360,otter
train/n02444819/n02444819_10291.JPEG,360,otter
train/n02444819/n02444819_8294.JPEG,360,otter
train/n02444819/n02444819_5403.JPEG,360,otter
train/n02444819/n02444819_1567.JPEG,360,otter
train/n02444819/n02444819_3724.JPEG,360,otter
train/n02444819/n02444819_5355.JPEG,360,otter
train/n02444819/n02444819_2768.JPEG,360,otter
train/n02444819/n02444819_10869.JPEG,360,otter
train/n02444819/n02444819_9324.JPEG,360,otter
train/n02444819/n02444819_402.JPEG,360,otter
train/n02444819/n02444819_1486.JPEG,360,otter
train/n02445715/n02445715_13503.JPEG,361,skunk
train/n02445715/n02445715_14568.JPEG,361,skunk
train/n02445715/n02445715_2727.JPEG,361,skunk
train/n02445715/n02445715_42180.JPEG,361,skunk
train/n02445715/n02445715_33683.JPEG,361,skunk
train/n02445715/n02445715_4395.JPEG,361,skunk
train/n02445715/n02445715_12617.JPEG,361,skunk
train/n02445715/n02445715_13835.JPEG,361,skunk
train/n02445715/n02445715_11478.JPEG,361,skunk
train/n02445715/n02445715_8317.JPEG,361,skunk
train/n02445715/n02445715_9402.JPEG,361,skunk
train/n02445715/n02445715_7764.JPEG,361,skunk
train/n02445715/n02445715_9849.JPEG,361,skunk
train/n02445715/n02445715_19875.JPEG,361,skunk
train/n02445715/n02445715_17338.JPEG,361,skunk
train/n02445715/n02445715_6967.JPEG,361,skunk
train/n02447366/n02447366_28910.JPEG,362,badger
train/n02447366/n02447366_9862.JPEG,362,badger
train/n02447366/n02447366_14675.JPEG,362,badger
train/n02447366/n02447366_30528.JPEG,362,badger
train/n02447366/n02447366_7309.JPEG,362,badger
train/n02447366/n02447366_758.JPEG,362,badger
train/n02447366/n02447366_10699.JPEG,362,badger
train/n02447366/n02447366_901.JPEG,362,badger
train/n02447366/n02447366_8495.JPEG,362,badger
train/n02447366/n02447366_3949.JPEG,362,badger
train/n02447366/n02447366_3024.JPEG,362,badger
train/n02447366/n02447366_13906.JPEG,362,badger
train/n02447366/n02447366_18016.JPEG,362,badger
train/n02447366/n02447366_11737.JPEG,362,badger
train/n02447366/n02447366_10348.JPEG,362,badger
train/n02447366/n02447366_2149.JPEG,362,badger
train/n02454379/n02454379_10825.JPEG,363,armadillo
train/n02454379/n02454379_6294.JPEG,363,armadillo
train/n02454379/n02454379_3421.JPEG,363,armadillo
train/n02454379/n02454379_6116.JPEG,363,armadillo
train/n02454379/n02454379_12587.JPEG,363,armadillo
train/n02454379/n02454379_9154.JPEG,363,armadillo
train/n02454379/n02454379_7897.JPEG,363,armadillo
train/n02454379/n02454379_19859.JPEG,363,armadillo
train/n02454379/n02454379_4539.JPEG,363,armadillo
train/n02454379/n02454379_1043.JPEG,363,armadillo
train/n02454379/n02454379_11818.JPEG,363,armadillo
train/n02454379/n02454379_2870.JPEG,363,armadillo
train/n02454379/n02454379_6362.JPEG,363,armadillo
train/n02454379/n02454379_1697.JPEG,363,armadillo
train/n02454379/n02454379_11160.JPEG,363,armadillo
train/n02454379/n02454379_1888.JPEG,363,armadillo
train/n02457408/n02457408_22183.JPEG,364,three-toed sloth
train/n02457408/n02457408_9981.JPEG,364,three-toed sloth
train/n02457408/n02457408_20681.JPEG,364,three-toed sloth
train/n02457408/n02457408_1033.JPEG,364,three-toed sloth
train/n02457408/n02457408_3764.JPEG,364,three-toed sloth
train/n02457408/n02457408_17276.JPEG,364,three-toed sloth
train/n02457408/n02457408_1310.JPEG,364,three-toed sloth
train/n02457408/n02457408_28956.JPEG,364,three-toed sloth
train/n02457408/n02457408_9987.JPEG,364,three-toed sloth
train/n02457408/n02457408_27513.JPEG,364,three-toed sloth
train/n02457408/n02457408_3995.JPEG,364,three-toed sloth
train/n02457408/n02457408_4999.JPEG,364,three-toed sloth
train/n02457408/n02457408_5569.JPEG,364,three-toed sloth
train/n02457408/n02457408_2050.JPEG,364,three-toed sloth
train/n02457408/n02457408_16468.JPEG,364,three-toed sloth
train/n02457408/n02457408_27959.JPEG,364,three-toed sloth
train/n02480495/n02480495_1127.JPEG,365,orangutan
train/n02480495/n02480495_6594.JPEG,365,orangutan
train/n02480495/n02480495_23892.JPEG,365,orangutan
train/n02480495/n02480495_7864.JPEG,365,orangutan
train/n02480495/n02480495_18163.JPEG,365,orangutan
train/n02480495/n02480495_17124.JPEG,365,orangutan
train/n02480495/n02480495_21483.JPEG,365,orangutan
train/n02480495/n02480495_18305.JPEG,365,orangutan
train/n02480495/n02480495_29636.JPEG,365,orangutan
train/n02480495/n02480495_22735.JPEG,365,orangutan
train/n02480495/n02480495_16003.JPEG,365,orangutan
train/n02480495/n02480495_26161.JPEG,365,orangutan
train/n02480495/n02480495_2318.JPEG,365,orangutan
train/n02480495/n02480495_17759.JPEG,365,orangutan
train/n02480495/n02480495_1378.JPEG,365,orangutan
train/n02480495/n02480495_6062.JPEG,365,orangutan
train/n02480855/n02480855_14894.JPEG,366,gorilla
train/n02480855/n02480855_15197.JPEG,366,gorilla
train/n02480855/n02480855_1109.JPEG,366,gorilla
train/n02480855/n02480855_3952.JPEG,366,gorilla
train/n02480855/n02480855_5435.JPEG,366,gorilla
train/n02480855/n02480855_39219.JPEG,366,gorilla
train/n02480855/n02480855_9067.JPEG,366,gorilla
train/n02480855/n02480855_3357.JPEG,366,gorilla
train/n02480855/n02480855_2396.JPEG,366,gorilla
train/n02480855/n02480855_9144.JPEG,366,gorilla
train/n02480855/n02480855_19533.JPEG,366,gorilla
train/n02480855/n02480855_1013.JPEG,366,gorilla
train/n02480855/n02480855_14625.JPEG,366,gorilla
train/n02480855/n02480855_13669.JPEG,366,gorilla
train/n02480855/n02480855_3051.JPEG,366,gorilla
train/n02480855/n02480855_15738.JPEG,366,gorilla
train/n02481823/n02481823_657.JPEG,367,chimpanzee
train/n02481823/n02481823_7447.JPEG,367,chimpanzee
train/n02481823/n02481823_1594.JPEG,367,chimpanzee
train/n02481823/n02481823_13269.JPEG,367,chimpanzee
train/n02481823/n02481823_11300.JPEG,367,chimpanzee
train/n02481823/n02481823_599.JPEG,367,chimpanzee
train/n02481823/n02481823_5684.JPEG,367,chimpanzee
train/n02481823/n02481823_13985.JPEG,367,chimpanzee
train/n02481823/n02481823_14750.JPEG,367,chimpanzee
train/n02481823/n02481823_11280.JPEG,367,chimpanzee
train/n02481823/n02481823_1013.JPEG,367,chimpanzee
train/n02481823/n02481823_3083.JPEG,367,chimpanzee
train/n02481823/n02481823_5324.JPEG,367,chimpanzee
train/n02481823/n02481823_1654.JPEG,367,chimpanzee
train/n02481823/n02481823_15157.JPEG,367,chimpanzee
train/n02481823/n02481823_6046.JPEG,367,chimpanzee
train/n02483362/n02483362_7244.JPEG,368,gibbon
train/n02483362/n02483362_25678.JPEG,368,gibbon
train/n02483362/n02483362_2946.JPEG,368,gibbon
train/n02483362/n02483362_1463.JPEG,368,gibbon
train/n02483362/n02483362_6321.JPEG,368,gibbon
train/n02483362/n02483362_2297.JPEG,368,gibbon
train/n02483362/n02483362_2092.JPEG,368,gibbon
train/n02483362/n02483362_3349.JPEG,368,gibbon
train/n02483362/n02483362_11038.JPEG,368,gibbon
train/n02483362/n02483362_20211.JPEG,368,gibbon
train/n02483362/n02483362_8294.JPEG,368,gibbon
train/n02483362/n02483362_1622.JPEG,368,gibbon
train/n02483362/n02483362_1451.JPEG,368,gibbon
train/n02483362/n02483362_10818.JPEG,368,gibbon
train/n02483362/n02483362_11984.JPEG,368,gibbon
train/n02483362/n02483362_5957.JPEG,368,gibbon
train/n02483708/n02483708_1726.JPEG,369,siamang
train/n02483708/n02483708_3459.JPEG,369,siamang
train/n02483708/n02483708_853.JPEG,369,siamang
train/n02483708/n02483708_3448.JPEG,369,siamang
train/n02483708/n02483708_1497.JPEG,369,siamang
train/n02483708/n02483708_9546.JPEG,369,siamang
train/n02483708/n02483708_6059.JPEG,369,siamang
train/n02483708/n02483708_1263.JPEG,369,siamang
train/n02483708/n02483708_5865.JPEG,369,siamang
train/n02483708/n02483708_7277.JPEG,369,siamang
train/n02483708/n02483708_3226.JPEG,369,siamang
train/n02483708/n02483708_1825.JPEG,369,siamang
train/n02483708/n02483708_7061.JPEG,369,siamang
train/n02483708/n02483708_8875.JPEG,369,siamang
train/n02483708/n02483708_2746.JPEG,369,siamang
train/n02483708/n02483708_3641.JPEG,369,siamang
train/n02484975/n02484975_5462.JPEG,370,guenon
train/n02484975/n02484975_1506.JPEG,370,guenon
train/n02484975/n02484975_6567.JPEG,370,guenon
train/n02484975/n02484975_9722.JPEG,370,guenon
train/n02484975/n02484975_9641.JPEG,370,guenon
train/n02484975/n02484975_13440.JPEG,370,guenon
train/n02484975/n02484975_10748.JPEG,370,guenon
train/n02484975/n02484975_10275.JPEG,370,guenon
train/n02484975/n02484975_7699.JPEG,370,guenon
train/n02484975/n02484975_3856.JPEG,370,guenon
train/n02484975/n02484975_10734.JPEG,370,guenon
train/n02484975/n02484975_1974.JPEG,370,guenon
train/n02484975/n02484975_13013.JPEG,370,guenon
train/n02484975/n02484975_7606.JPEG,370,guenon
train/n02484975/n02484975_11557.JPEG,370,guenon
train/n02484975/n02484975_10996.JPEG,370,guenon
train/n02486261/n02486261_2360.JPEG,371,patas monkey
train/n02486261/n02486261_1068.JPEG,371,patas monkey
train/n02486261/n02486261_11691.JPEG,371,patas monkey
train/n02486261/n02486261_528.JPEG,371,patas monkey
train/n02486261/n02486261_818.JPEG,371,patas monkey
train/n02486261/n02486261_4332.JPEG,371,patas monkey
train/n02486261/n02486261_18419.JPEG,371,patas monkey
train/n02486261/n02486261_4152.JPEG,371,patas monkey
train/n02486261/n02486261_6828.JPEG,371,patas monkey
train/n02486261/n02486261_11595.JPEG,371,patas monkey
train/n02486261/n02486261_13099.JPEG,371,patas monkey
train/n02486261/n02486261_20309.JPEG,371,patas monkey
train/n02486261/n02486261_11856.JPEG,371,patas monkey
train/n02486261/n02486261_12920.JPEG,371,patas monkey
train/n02486261/n02486261_7495.JPEG,371,patas monkey
train/n02486261/n02486261_13273.JPEG,371,patas monkey
train/n02486410/n02486410_10876.JPEG,372,baboon
train/n02486410/n02486410_5385.JPEG,372,baboon
train/n02486410/n02486410_3463.JPEG,372,baboon
train/n02486410/n02486410_2740.JPEG,372,baboon
train/n02486410/n02486410_15205.JPEG,372,baboon
train/n02486410/n02486410_3253.JPEG,372,baboon
train/n02486410/n02486410_4624.JPEG,372,baboon
train/n02486410/n02486410_13797.JPEG,372,baboon
train/n02486410/n02486410_4449.JPEG,372,baboon
train/n02486410/n02486410_1873.JPEG,372,baboon
train/n02486410/n02486410_14765.JPEG,372,baboon
train/n02486410/n02486410_5727.JPEG,372,baboon
train/n02486410/n02486410_1986.JPEG,372,baboon
train/n02486410/n02486410_970.JPEG,372,baboon
train/n02486410/n02486410_7817.JPEG,372,baboon
train/n02486410/n02486410_16092.JPEG,372,baboon
train/n02487347/n02487347_2528.JPEG,373,macaque
train/n02487347/n02487347_2584.JPEG,373,macaque
train/n02487347/n02487347_7383.JPEG,373,macaque
train/n02487347/n02487347_5642.JPEG,373,macaque
train/n02487347/n02487347_112.JPEG,373,macaque
train/n02487347/n02487347_7119.JPEG,373,macaque
train/n02487347/n02487347_3337.JPEG,373,macaque
train/n02487347/n02487347_5696.JPEG,373,macaque
train/n02487347/n02487347_12095.JPEG,373,macaque
train/n02487347/n02487347_10423.JPEG,373,macaque
train/n02487347/n02487347_2817.JPEG,373,macaque
train/n02487347/n02487347_2198.JPEG,373,macaque
train/n02487347/n02487347_10768.JPEG,373,macaque
train/n02487347/n02487347_1183.JPEG,373,macaque
train/n02487347/n02487347_11986.JPEG,373,macaque
train/n02487347/n02487347_11925.JPEG,373,macaque
train/n02488291/n02488291_6468.JPEG,374,langur
train/n02488291/n02488291_5282.JPEG,374,langur
train/n02488291/n02488291_5766.JPEG,374,langur
train/n02488291/n02488291_1191.JPEG,374,langur
train/n02488291/n02488291_994.JPEG,374,langur
train/n02488291/n02488291_873.JPEG,374,langur
train/n02488291/n02488291_3886.JPEG,374,langur
train/n02488291/n02488291_1076.JPEG,374,langur
train/n02488291/n02488291_298.JPEG,374,langur
train/n02488291/n02488291_4071.JPEG,374,langur
train/n02488291/n02488291_4810.JPEG,374,langur
train/n02488291/n02488291_935.JPEG,374,langur
train/n02488291/n02488291_4995.JPEG,374,langur
train/n02488291/n02488291_4526.JPEG,374,langur
train/n02488291/n02488291_2968.JPEG,374,langur
train/n02488291/n02488291_2980.JPEG,374,langur
train/n02488702/n02488702_2371.JPEG,375,black-and-white colobus
train/n02488702/n02488702_352.JPEG,375,black-and-white colobus
train/n02488702/n02488702_4641.JPEG,375,black-and-white colobus
train/n02488702/n02488702_5736.JPEG,375,black-and-white colobus
train/n02488702/n02488702_1685.JPEG,375,black-and-white colobus
train/n02488702/n02488702_5685.JPEG,375,black-and-white colobus
train/n02488702/n02488702_2252.JPEG,375,black-and-white colobus
train/n02488702/n02488702_5699.JPEG,375,black-and-white colobus
train/n02488702/n02488702_1945.JPEG,375,black-and-white colobus
train/n02488702/n02488702_1828.JPEG,375,black-and-white colobus
train/n02488702/n02488702_4888.JPEG,375,black-and-white colobus
train/n02488702/n02488702_3043.JPEG,375,black-and-white colobus
train/n02488702/n02488702_2873.JPEG,375,black-and-white colobus
train/n02488702/n02488702_5365.JPEG,375,black-and-white colobus
train/n02488702/n02488702_3736.JPEG,375,black-and-white colobus
train/n02488702/n02488702_4692.JPEG,375,black-and-white colobus
train/n02489166/n02489166_11987.JPEG,376,proboscis monkey
train/n02489166/n02489166_903.JPEG,376,proboscis monkey
train/n02489166/n02489166_2638.JPEG,376,proboscis monkey
train/n02489166/n02489166_11135.JPEG,376,proboscis monkey
train/n02489166/n02489166_8619.JPEG,376,proboscis monkey
train/n02489166/n02489166_3309.JPEG,376,proboscis monkey
train/n02489166/n02489166_3070.JPEG,376,proboscis monkey
train/n02489166/n02489166_7420.JPEG,376,proboscis monkey
train/n02489166/n02489166_10738.JPEG,376,proboscis monkey
train/n02489166/n02489166_10671.JPEG,376,proboscis monkey
train/n02489166/n02489166_54.JPEG,376,proboscis monkey
train/n02489166/n02489166_11655.JPEG,376,proboscis monkey
train/n02489166/n02489166_1768.JPEG,376,proboscis monkey
train/n02489166/n02489166_9021.JPEG,376,proboscis monkey
train/n02489166/n02489166_11149.JPEG,376,proboscis monkey
train/n02489166/n02489166_5012.JPEG,376,proboscis monkey
train/n02490219/n02490219_1428.JPEG,377,marmoset
train/n02490219/n02490219_5417.JPEG,377,marmoset
train/n02490219/n02490219_4101.JPEG,377,marmoset
train/n02490219/n02490219_6589.JPEG,377,marmoset
train/n02490219/n02490219_2777.JPEG,377,marmoset
train/n02490219/n02490219_3182.JPEG,377,marmoset
train/n02490219/n02490219_4262.JPEG,377,marmoset
train/n02490219/n02490219_4293.JPEG,377,marmoset
train/n02490219/n02490219_2266.JPEG,377,marmoset
train/n02490219/n02490219_1238.JPEG,377,marmoset
train/n02490219/n02490219_7356.JPEG,377,marmoset
train/n02490219/n02490219_15140.JPEG,377,marmoset
train/n02490219/n02490219_5482.JPEG,377,marmoset
train/n02490219/n02490219_2017.JPEG,377,marmoset
train/n02490219/n02490219_2773.JPEG,377,marmoset
train/n02490219/n02490219_346.JPEG,377,marmoset
train/n02492035/n02492035_9106.JPEG,378,white-headed capuchin
train/n02492035/n02492035_5977.JPEG,378,white-headed capuchin
train/n02492035/n02492035_13820.JPEG,378,white-headed capuchin
train/n02492035/n02492035_2806.JPEG,378,white-headed capuchin
train/n02492035/n02492035_7874.JPEG,378,white-headed capuchin
train/n02492035/n02492035_14206.JPEG,378,white-headed capuchin
train/n02492035/n02492035_27090.JPEG,378,white-headed capuchin
train/n02492035/n02492035_5568.JPEG,378,white-headed capuchin
train/n02492035/n02492035_6468.JPEG,378,white-headed capuchin
train/n02492035/n02492035_3496.JPEG,378,white-headed capuchin
train/n02492035/n02492035_3637.JPEG,378,white-headed capuchin
train/n02492035/n02492035_5835.JPEG,378,white-headed capuchin
train/n02492035/n02492035_6495.JPEG,378,white-headed capuchin
train/n02492035/n02492035_6023.JPEG,378,white-headed capuchin
train/n02492035/n02492035_17353.JPEG,378,white-headed capuchin
train/n02492035/n02492035_13459.JPEG,378,white-headed capuchin
train/n02492660/n02492660_1164.JPEG,379,howler monkey
train/n02492660/n02492660_12188.JPEG,379,howler monkey
train/n02492660/n02492660_2111.JPEG,379,howler monkey
train/n02492660/n02492660_10869.JPEG,379,howler monkey
train/n02492660/n02492660_4234.JPEG,379,howler monkey
train/n02492660/n02492660_11557.JPEG,379,howler monkey
train/n02492660/n02492660_8331.JPEG,379,howler monkey
train/n02492660/n02492660_1165.JPEG,379,howler monkey
train/n02492660/n02492660_21716.JPEG,379,howler monkey
train/n02492660/n02492660_12061.JPEG,379,howler monkey
train/n02492660/n02492660_4266.JPEG,379,howler monkey
train/n02492660/n02492660_4481.JPEG,379,howler monkey
train/n02492660/n02492660_8929.JPEG,379,howler monkey
train/n02492660/n02492660_6236.JPEG,379,howler monkey
train/n02492660/n02492660_12019.JPEG,379,howler monkey
train/n02492660/n02492660_1705.JPEG,379,howler monkey
train/n02493509/n02493509_15121.JPEG,380,titi monkey
train/n02493509/n02493509_16988.JPEG,380,titi monkey
train/n02493509/n02493509_8606.JPEG,380,titi monkey
train/n02493509/n02493509_13734.JPEG,380,titi monkey
train/n02493509/n02493509_12828.JPEG,380,titi monkey
train/n02493509/n02493509_16567.JPEG,380,titi monkey
train/n02493509/n02493509_9419.JPEG,380,titi monkey
train/n02493509/n02493509_12879.JPEG,380,titi monkey
train/n02493509/n02493509_11886.JPEG,380,titi monkey
train/n02493509/n02493509_11473.JPEG,380,titi monkey
train/n02493509/n02493509_21488.JPEG,380,titi monkey
train/n02493509/n02493509_7169.JPEG,380,titi monkey
train/n02493509/n02493509_10619.JPEG,380,titi monkey
train/n02493509/n02493509_8979.JPEG,380,titi monkey
train/n02493509/n02493509_3977.JPEG,380,titi monkey
train/n02493509/n02493509_17281.JPEG,380,titi monkey
train/n02493793/n02493793_1775.JPEG,381,Geoffroy's spider monkey
train/n02493793/n02493793_2531.JPEG,381,Geoffroy's spider monkey
train/n02493793/n02493793_7336.JPEG,381,Geoffroy's spider monkey
train/n02493793/n02493793_602.JPEG,381,Geoffroy's spider monkey
train/n02493793/n02493793_5653.JPEG,381,Geoffroy's spider monkey
train/n02493793/n02493793_9842.JPEG,381,Geoffroy's spider monkey
train/n02493793/n02493793_5685.JPEG,381,Geoffroy's spider monkey
train/n02493793/n02493793_4025.JPEG,381,Geoffroy's spider monkey
train/n02493793/n02493793_3515.JPEG,381,Geoffroy's spider monkey
train/n02493793/n02493793_5436.JPEG,381,Geoffroy's spider monkey
train/n02493793/n02493793_6426.JPEG,381,Geoffroy's spider monkey
train/n02493793/n02493793_6431.JPEG,381,Geoffroy's spider monkey
train/n02493793/n02493793_16331.JPEG,381,Geoffroy's spider monkey
train/n02493793/n02493793_4199.JPEG,381,Geoffroy's spider monkey
train/n02493793/n02493793_4539.JPEG,381,Geoffroy's spider monkey
train/n02493793/n02493793_367.JPEG,381,Geoffroy's spider monkey
train/n02494079/n02494079_1004.JPEG,382,common squirrel monkey
train/n02494079/n02494079_6008.JPEG,382,common squirrel monkey
train/n02494079/n02494079_2764.JPEG,382,common squirrel monkey
train/n02494079/n02494079_6194.JPEG,382,common squirrel monkey
train/n02494079/n02494079_3782.JPEG,382,common squirrel monkey
train/n02494079/n02494079_2424.JPEG,382,common squirrel monkey
train/n02494079/n02494079_1669.JPEG,382,common squirrel monkey
train/n02494079/n02494079_6470.JPEG,382,common squirrel monkey
train/n02494079/n02494079_2903.JPEG,382,common squirrel monkey
train/n02494079/n02494079_1044.JPEG,382,common squirrel monkey
train/n02494079/n02494079_4248.JPEG,382,common squirrel monkey
train/n02494079/n02494079_1882.JPEG,382,common squirrel monkey
train/n02494079/n02494079_8205.JPEG,382,common squirrel monkey
train/n02494079/n02494079_5573.JPEG,382,common squirrel monkey
train/n02494079/n02494079_489.JPEG,382,common squirrel monkey
train/n02494079/n02494079_3082.JPEG,382,common squirrel monkey
train/n02497673/n02497673_3600.JPEG,383,ring-tailed lemur
train/n02497673/n02497673_1314.JPEG,383,ring-tailed lemur
train/n02497673/n02497673_5705.JPEG,383,ring-tailed lemur
train/n02497673/n02497673_5145.JPEG,383,ring-tailed lemur
train/n02497673/n02497673_3595.JPEG,383,ring-tailed lemur
train/n02497673/n02497673_4009.JPEG,383,ring-tailed lemur
train/n02497673/n02497673_5082.JPEG,383,ring-tailed lemur
train/n02497673/n02497673_8242.JPEG,383,ring-tailed lemur
train/n02497673/n02497673_3783.JPEG,383,ring-tailed lemur
train/n02497673/n02497673_5405.JPEG,383,ring-tailed lemur
train/n02497673/n02497673_6541.JPEG,383,ring-tailed lemur
train/n02497673/n02497673_10008.JPEG,383,ring-tailed lemur
train/n02497673/n02497673_6980.JPEG,383,ring-tailed lemur
train/n02497673/n02497673_4316.JPEG,383,ring-tailed lemur
train/n02497673/n02497673_859.JPEG,383,ring-tailed lemur
train/n02497673/n02497673_9979.JPEG,383,ring-tailed lemur
train/n02500267/n02500267_12105.JPEG,384,indri
train/n02500267/n02500267_3096.JPEG,384,indri
train/n02500267/n02500267_6974.JPEG,384,indri
train/n02500267/n02500267_8108.JPEG,384,indri
train/n02500267/n02500267_11563.JPEG,384,indri
train/n02500267/n02500267_12775.JPEG,384,indri
train/n02500267/n02500267_8606.JPEG,384,indri
train/n02500267/n02500267_4561.JPEG,384,indri
train/n02500267/n02500267_8242.JPEG,384,indri
train/n02500267/n02500267_7941.JPEG,384,indri
train/n02500267/n02500267_12453.JPEG,384,indri
train/n02500267/n02500267_9664.JPEG,384,indri
train/n02500267/n02500267_3030.JPEG,384,indri
train/n02500267/n02500267_3728.JPEG,384,indri
train/n02500267/n02500267_1093.JPEG,384,indri
train/n02500267/n02500267_207.JPEG,384,indri
train/n02504013/n02504013_6544.JPEG,385,Asian elephant
train/n02504013/n02504013_1386.JPEG,385,Asian elephant
train/n02504013/n02504013_22773.JPEG,385,Asian elephant
train/n02504013/n02504013_6737.JPEG,385,Asian elephant
train/n02504013/n02504013_6118.JPEG,385,Asian elephant
train/n02504013/n02504013_18005.JPEG,385,Asian elephant
train/n02504013/n02504013_1644.JPEG,385,Asian elephant
train/n02504013/n02504013_9396.JPEG,385,Asian elephant
train/n02504013/n02504013_4794.JPEG,385,Asian elephant
train/n02504013/n02504013_3169.JPEG,385,Asian elephant
train/n02504013/n02504013_693.JPEG,385,Asian elephant
train/n02504013/n02504013_6606.JPEG,385,Asian elephant
train/n02504013/n02504013_2594.JPEG,385,Asian elephant
train/n02504013/n02504013_3809.JPEG,385,Asian elephant
train/n02504013/n02504013_5774.JPEG,385,Asian elephant
train/n02504013/n02504013_4590.JPEG,385,Asian elephant
train/n02504458/n02504458_3114.JPEG,386,African bush elephant
train/n02504458/n02504458_6120.JPEG,386,African bush elephant
train/n02504458/n02504458_9835.JPEG,386,African bush elephant
train/n02504458/n02504458_935.JPEG,386,African bush elephant
train/n02504458/n02504458_1323.JPEG,386,African bush elephant
train/n02504458/n02504458_2037.JPEG,386,African bush elephant
train/n02504458/n02504458_7827.JPEG,386,African bush elephant
train/n02504458/n02504458_6874.JPEG,386,African bush elephant
train/n02504458/n02504458_11382.JPEG,386,African bush elephant
train/n02504458/n02504458_5211.JPEG,386,African bush elephant
train/n02504458/n02504458_3261.JPEG,386,African bush elephant
train/n02504458/n02504458_6799.JPEG,386,African bush elephant
train/n02504458/n02504458_6132.JPEG,386,African bush elephant
train/n02504458/n02504458_5337.JPEG,386,African bush elephant
train/n02504458/n02504458_1333.JPEG,386,African bush elephant
train/n02504458/n02504458_6736.JPEG,386,African bush elephant
train/n02509815/n02509815_14511.JPEG,387,red panda
train/n02509815/n02509815_10105.JPEG,387,red panda
train/n02509815/n02509815_3946.JPEG,387,red panda
train/n02509815/n02509815_288.JPEG,387,red panda
train/n02509815/n02509815_3580.JPEG,387,red panda
train/n02509815/n02509815_6772.JPEG,387,red panda
train/n02509815/n02509815_12794.JPEG,387,red panda
train/n02509815/n02509815_20968.JPEG,387,red panda
train/n02509815/n02509815_681.JPEG,387,red panda
train/n02509815/n02509815_13432.JPEG,387,red panda
train/n02509815/n02509815_34448.JPEG,387,red panda
train/n02509815/n02509815_17214.JPEG,387,red panda
train/n02509815/n02509815_4545.JPEG,387,red panda
train/n02509815/n02509815_14601.JPEG,387,red panda
train/n02509815/n02509815_1470.JPEG,387,red panda
train/n02509815/n02509815_14506.JPEG,387,red panda
train/n02510455/n02510455_1325.JPEG,388,giant panda
train/n02510455/n02510455_7435.JPEG,388,giant panda
train/n02510455/n02510455_86556.JPEG,388,giant panda
train/n02510455/n02510455_15424.JPEG,388,giant panda
train/n02510455/n02510455_3252.JPEG,388,giant panda
train/n02510455/n02510455_5126.JPEG,388,giant panda
train/n02510455/n02510455_102216.JPEG,388,giant panda
train/n02510455/n02510455_3793.JPEG,388,giant panda
train/n02510455/n02510455_9296.JPEG,388,giant panda
train/n02510455/n02510455_12115.JPEG,388,giant panda
train/n02510455/n02510455_15046.JPEG,388,giant panda
train/n02510455/n02510455_5546.JPEG,388,giant panda
train/n02510455/n02510455_12383.JPEG,388,giant panda
train/n02510455/n02510455_5524.JPEG,388,giant panda
train/n02510455/n02510455_12359.JPEG,388,giant panda
train/n02510455/n02510455_7075.JPEG,388,giant panda
train/n02514041/n02514041_7580.JPEG,389,snoek fish
train/n02514041/n02514041_6900.JPEG,389,snoek fish
train/n02514041/n02514041_6911.JPEG,389,snoek fish
train/n02514041/n02514041_3190.JPEG,389,snoek fish
train/n02514041/n02514041_6603.JPEG,389,snoek fish
train/n02514041/n02514041_12828.JPEG,389,snoek fish
train/n02514041/n02514041_7011.JPEG,389,snoek fish
train/n02514041/n02514041_4783.JPEG,389,snoek fish
train/n02514041/n02514041_2999.JPEG,389,snoek fish
train/n02514041/n02514041_475.JPEG,389,snoek fish
train/n02514041/n02514041_2954.JPEG,389,snoek fish
train/n02514041/n02514041_7435.JPEG,389,snoek fish
train/n02514041/n02514041_14719.JPEG,389,snoek fish
train/n02514041/n02514041_6745.JPEG,389,snoek fish
train/n02514041/n02514041_9419.JPEG,389,snoek fish
train/n02514041/n02514041_2549.JPEG,389,snoek fish
train/n02526121/n02526121_27306.JPEG,390,eel
train/n02526121/n02526121_9112.JPEG,390,eel
train/n02526121/n02526121_4573.JPEG,390,eel
train/n02526121/n02526121_31215.JPEG,390,eel
train/n02526121/n02526121_18930.JPEG,390,eel
train/n02526121/n02526121_32672.JPEG,390,eel
train/n02526121/n02526121_6390.JPEG,390,eel
train/n02526121/n02526121_4846.JPEG,390,eel
train/n02526121/n02526121_6664.JPEG,390,eel
train/n02526121/n02526121_33342.JPEG,390,eel
train/n02526121/n02526121_6824.JPEG,390,eel
train/n02526121/n02526121_4098.JPEG,390,eel
train/n02526121/n02526121_6842.JPEG,390,eel
train/n02526121/n02526121_30446.JPEG,390,eel
train/n02526121/n02526121_4797.JPEG,390,eel
train/n02526121/n02526121_7626.JPEG,390,eel
train/n02536864/n02536864_8711.JPEG,391,silver salmon
train/n02536864/n02536864_24490.JPEG,391,silver salmon
train/n02536864/n02536864_35296.JPEG,391,silver salmon
train/n02536864/n02536864_692.JPEG,391,silver salmon
train/n02536864/n02536864_28540.JPEG,391,silver salmon
train/n02536864/n02536864_12807.JPEG,391,silver salmon
train/n02536864/n02536864_19330.JPEG,391,silver salmon
train/n02536864/n02536864_7605.JPEG,391,silver salmon
train/n02536864/n02536864_38385.JPEG,391,silver salmon
train/n02536864/n02536864_42507.JPEG,391,silver salmon
train/n02536864/n02536864_37062.JPEG,391,silver salmon
train/n02536864/n02536864_11126.JPEG,391,silver salmon
train/n02536864/n02536864_16994.JPEG,391,silver salmon
train/n02536864/n02536864_7717.JPEG,391,silver salmon
train/n02536864/n02536864_4943.JPEG,391,silver salmon
train/n02536864/n02536864_36072.JPEG,391,silver salmon
train/n02606052/n02606052_4497.JPEG,392,rock beauty fish
train/n02606052/n02606052_13061.JPEG,392,rock beauty fish
train/n02606052/n02606052_13343.JPEG,392,rock beauty fish
train/n02606052/n02606052_22650.JPEG,392,rock beauty fish
train/n02606052/n02606052_15668.JPEG,392,rock beauty fish
train/n02606052/n02606052_18931.JPEG,392,rock beauty fish
train/n02606052/n02606052_10802.JPEG,392,rock beauty fish
train/n02606052/n02606052_10196.JPEG,392,rock beauty fish
train/n02606052/n02606052_7733.JPEG,392,rock beauty fish
train/n02606052/n02606052_18446.JPEG,392,rock beauty fish
train/n02606052/n02606052_6132.JPEG,392,rock beauty fish
train/n02606052/n02606052_9172.JPEG,392,rock beauty fish
train/n02606052/n02606052_6724.JPEG,392,rock beauty fish
train/n02606052/n02606052_17217.JPEG,392,rock beauty fish
train/n02606052/n02606052_13332.JPEG,392,rock beauty fish
train/n02606052/n02606052_8985.JPEG,392,rock beauty fish
train/n02607072/n02607072_574.JPEG,393,clownfish
train/n02607072/n02607072_3604.JPEG,393,clownfish
train/n02607072/n02607072_3356.JPEG,393,clownfish
train/n02607072/n02607072_3479.JPEG,393,clownfish
train/n02607072/n02607072_1041.JPEG,393,clownfish
train/n02607072/n02607072_3630.JPEG,393,clownfish
train/n02607072/n02607072_5132.JPEG,393,clownfish
train/n02607072/n02607072_6828.JPEG,393,clownfish
train/n02607072/n02607072_988.JPEG,393,clownfish
train/n02607072/n02607072_148.JPEG,393,clownfish
train/n02607072/n02607072_6171.JPEG,393,clownfish
train/n02607072/n02607072_4903.JPEG,393,clownfish
train/n02607072/n02607072_2193.JPEG,393,clownfish
train/n02607072/n02607072_2501.JPEG,393,clownfish
train/n02607072/n02607072_258.JPEG,393,clownfish
train/n02607072/n02607072_3281.JPEG,393,clownfish
train/n02640242/n02640242_18829.JPEG,394,sturgeon
train/n02640242/n02640242_6286.JPEG,394,sturgeon
train/n02640242/n02640242_158.JPEG,394,sturgeon
train/n02640242/n02640242_14380.JPEG,394,sturgeon
train/n02640242/n02640242_6345.JPEG,394,sturgeon
train/n02640242/n02640242_3524.JPEG,394,sturgeon
train/n02640242/n02640242_4146.JPEG,394,sturgeon
train/n02640242/n02640242_43303.JPEG,394,sturgeon
train/n02640242/n02640242_3154.JPEG,394,sturgeon
train/n02640242/n02640242_30241.JPEG,394,sturgeon
train/n02640242/n02640242_33210.JPEG,394,sturgeon
train/n02640242/n02640242_26508.JPEG,394,sturgeon
train/n02640242/n02640242_1853.JPEG,394,sturgeon
train/n02640242/n02640242_37716.JPEG,394,sturgeon
train/n02640242/n02640242_41394.JPEG,394,sturgeon
train/n02640242/n02640242_28715.JPEG,394,sturgeon
train/n02641379/n02641379_5919.JPEG,395,gar fish
train/n02641379/n02641379_15267.JPEG,395,gar fish
train/n02641379/n02641379_18495.JPEG,395,gar fish
train/n02641379/n02641379_13716.JPEG,395,gar fish
train/n02641379/n02641379_20947.JPEG,395,gar fish
train/n02641379/n02641379_2537.JPEG,395,gar fish
train/n02641379/n02641379_29101.JPEG,395,gar fish
train/n02641379/n02641379_17697.JPEG,395,gar fish
train/n02641379/n02641379_10449.JPEG,395,gar fish
train/n02641379/n02641379_38718.JPEG,395,gar fish
train/n02641379/n02641379_47922.JPEG,395,gar fish
train/n02641379/n02641379_8247.JPEG,395,gar fish
train/n02641379/n02641379_1807.JPEG,395,gar fish
train/n02641379/n02641379_3463.JPEG,395,gar fish
train/n02641379/n02641379_7867.JPEG,395,gar fish
train/n02641379/n02641379_26943.JPEG,395,gar fish
train/n02643566/n02643566_909.JPEG,396,lionfish
train/n02643566/n02643566_222.JPEG,396,lionfish
train/n02643566/n02643566_1301.JPEG,396,lionfish
train/n02643566/n02643566_7242.JPEG,396,lionfish
train/n02643566/n02643566_1356.JPEG,396,lionfish
train/n02643566/n02643566_1339.JPEG,396,lionfish
train/n02643566/n02643566_169.JPEG,396,lionfish
train/n02643566/n02643566_3653.JPEG,396,lionfish
train/n02643566/n02643566_2801.JPEG,396,lionfish
train/n02643566/n02643566_427.JPEG,396,lionfish
train/n02643566/n02643566_1506.JPEG,396,lionfish
train/n02643566/n02643566_10017.JPEG,396,lionfish
train/n02643566/n02643566_114.JPEG,396,lionfish
train/n02643566/n02643566_1181.JPEG,396,lionfish
train/n02643566/n02643566_2898.JPEG,396,lionfish
train/n02643566/n02643566_4233.JPEG,396,lionfish
train/n02655020/n02655020_33805.JPEG,397,pufferfish
train/n02655020/n02655020_719.JPEG,397,pufferfish
train/n02655020/n02655020_12104.JPEG,397,pufferfish
train/n02655020/n02655020_4181.JPEG,397,pufferfish
train/n02655020/n02655020_1496.JPEG,397,pufferfish
train/n02655020/n02655020_16899.JPEG,397,pufferfish
train/n02655020/n02655020_9549.JPEG,397,pufferfish
train/n02655020/n02655020_16858.JPEG,397,pufferfish
train/n02655020/n02655020_222.JPEG,397,pufferfish
train/n02655020/n02655020_18303.JPEG,397,pufferfish
train/n02655020/n02655020_18704.JPEG,397,pufferfish
train/n02655020/n02655020_18401.JPEG,397,pufferfish
train/n02655020/n02655020_10590.JPEG,397,pufferfish
train/n02655020/n02655020_11289.JPEG,397,pufferfish
train/n02655020/n02655020_10427.JPEG,397,pufferfish
train/n02655020/n02655020_3563.JPEG,397,pufferfish
train/n02666196/n02666196_20110.JPEG,398,abacus
train/n02666196/n02666196_3893.JPEG,398,abacus
train/n02666196/n02666196_15144.JPEG,398,abacus
train/n02666196/n02666196_10391.JPEG,398,abacus
train/n02666196/n02666196_15654.JPEG,398,abacus
train/n02666196/n02666196_9151.JPEG,398,abacus
train/n02666196/n02666196_22952.JPEG,398,abacus
train/n02666196/n02666196_11128.JPEG,398,abacus
train/n02666196/n02666196_11198.JPEG,398,abacus
train/n02666196/n02666196_13946.JPEG,398,abacus
train/n02666196/n02666196_14113.JPEG,398,abacus
train/n02666196/n02666196_22292.JPEG,398,abacus
train/n02666196/n02666196_7562.JPEG,398,abacus
train/n02666196/n02666196_22713.JPEG,398,abacus
train/n02666196/n02666196_10519.JPEG,398,abacus
train/n02666196/n02666196_23486.JPEG,398,abacus
train/n02667093/n02667093_1022.JPEG,399,abaya
train/n02667093/n02667093_6870.JPEG,399,abaya
train/n02667093/n02667093_5445.JPEG,399,abaya
train/n02667093/n02667093_8665.JPEG,399,abaya
train/n02667093/n02667093_3779.JPEG,399,abaya
train/n02667093/n02667093_10274.JPEG,399,abaya
train/n02667093/n02667093_5074.JPEG,399,abaya
train/n02667093/n02667093_3436.JPEG,399,abaya
train/n02667093/n02667093_8003.JPEG,399,abaya
train/n02667093/n02667093_9708.JPEG,399,abaya
train/n02667093/n02667093_9124.JPEG,399,abaya
train/n02667093/n02667093_5630.JPEG,399,abaya
train/n02667093/n02667093_6584.JPEG,399,abaya
train/n02667093/n02667093_2290.JPEG,399,abaya
train/n02667093/n02667093_5965.JPEG,399,abaya
train/n02667093/n02667093_326.JPEG,399,abaya
train/n02669723/n02669723_12965.JPEG,400,academic gown
train/n02669723/n02669723_884.JPEG,400,academic gown
train/n02669723/n02669723_3416.JPEG,400,academic gown
train/n02669723/n02669723_6120.JPEG,400,academic gown
train/n02669723/n02669723_693.JPEG,400,academic gown
train/n02669723/n02669723_12824.JPEG,400,academic gown
train/n02669723/n02669723_6935.JPEG,400,academic gown
train/n02669723/n02669723_9367.JPEG,400,academic gown
train/n02669723/n02669723_10566.JPEG,400,academic gown
train/n02669723/n02669723_3538.JPEG,400,academic gown
train/n02669723/n02669723_1221.JPEG,400,academic gown
train/n02669723/n02669723_3501.JPEG,400,academic gown
train/n02669723/n02669723_2717.JPEG,400,academic gown
train/n02669723/n02669723_7043.JPEG,400,academic gown
train/n02669723/n02669723_8770.JPEG,400,academic gown
train/n02669723/n02669723_3015.JPEG,400,academic gown
train/n02672831/n02672831_19896.JPEG,401,accordion
train/n02672831/n02672831_12657.JPEG,401,accordion
train/n02672831/n02672831_62530.JPEG,401,accordion
train/n02672831/n02672831_2765.JPEG,401,accordion
train/n02672831/n02672831_2717.JPEG,401,accordion
train/n02672831/n02672831_62498.JPEG,401,accordion
train/n02672831/n02672831_15953.JPEG,401,accordion
train/n02672831/n02672831_2822.JPEG,401,accordion
train/n02672831/n02672831_13388.JPEG,401,accordion
train/n02672831/n02672831_21677.JPEG,401,accordion
train/n02672831/n02672831_3441.JPEG,401,accordion
train/n02672831/n02672831_13169.JPEG,401,accordion
train/n02672831/n02672831_24770.JPEG,401,accordion
train/n02672831/n02672831_9238.JPEG,401,accordion
train/n02672831/n02672831_2850.JPEG,401,accordion
train/n02672831/n02672831_20475.JPEG,401,accordion
train/n02676566/n02676566_8111.JPEG,402,acoustic guitar
train/n02676566/n02676566_9438.JPEG,402,acoustic guitar
train/n02676566/n02676566_1136.JPEG,402,acoustic guitar
train/n02676566/n02676566_4425.JPEG,402,acoustic guitar
train/n02676566/n02676566_6531.JPEG,402,acoustic guitar
train/n02676566/n02676566_4236.JPEG,402,acoustic guitar
train/n02676566/n02676566_4605.JPEG,402,acoustic guitar
train/n02676566/n02676566_6740.JPEG,402,acoustic guitar
train/n02676566/n02676566_9022.JPEG,402,acoustic guitar
train/n02676566/n02676566_7470.JPEG,402,acoustic guitar
train/n02676566/n02676566_4377.JPEG,402,acoustic guitar
train/n02676566/n02676566_12820.JPEG,402,acoustic guitar
train/n02676566/n02676566_5001.JPEG,402,acoustic guitar
train/n02676566/n02676566_6729.JPEG,402,acoustic guitar
train/n02676566/n02676566_4602.JPEG,402,acoustic guitar
train/n02676566/n02676566_889.JPEG,402,acoustic guitar
train/n02687172/n02687172_40528.JPEG,403,aircraft carrier
train/n02687172/n02687172_89337.JPEG,403,aircraft carrier
train/n02687172/n02687172_29084.JPEG,403,aircraft carrier
train/n02687172/n02687172_61047.JPEG,403,aircraft carrier
train/n02687172/n02687172_42309.JPEG,403,aircraft carrier
train/n02687172/n02687172_52603.JPEG,403,aircraft carrier
train/n02687172/n02687172_30315.JPEG,403,aircraft carrier
train/n02687172/n02687172_54404.JPEG,403,aircraft carrier
train/n02687172/n02687172_18167.JPEG,403,aircraft carrier
train/n02687172/n02687172_40401.JPEG,403,aircraft carrier
train/n02687172/n02687172_13924.JPEG,403,aircraft carrier
train/n02687172/n02687172_11095.JPEG,403,aircraft carrier
train/n02687172/n02687172_24633.JPEG,403,aircraft carrier
train/n02687172/n02687172_4228.JPEG,403,aircraft carrier
train/n02687172/n02687172_34791.JPEG,403,aircraft carrier
train/n02687172/n02687172_2107.JPEG,403,aircraft carrier
train/n02690373/n02690373_5130.JPEG,404,airliner
train/n02690373/n02690373_18468.JPEG,404,airliner
train/n02690373/n02690373_3726.JPEG,404,airliner
train/n02690373/n02690373_1996.JPEG,404,airliner
train/n02690373/n02690373_5824.JPEG,404,airliner
train/n02690373/n02690373_4310.JPEG,404,airliner
train/n02690373/n02690373_7229.JPEG,404,airliner
train/n02690373/n02690373_8714.JPEG,404,airliner
train/n02690373/n02690373_4706.JPEG,404,airliner
train/n02690373/n02690373_7105.JPEG,404,airliner
train/n02690373/n02690373_3440.JPEG,404,airliner
train/n02690373/n02690373_12121.JPEG,404,airliner
train/n02690373/n02690373_17044.JPEG,404,airliner
train/n02690373/n02690373_5960.JPEG,404,airliner
train/n02690373/n02690373_10210.JPEG,404,airliner
train/n02690373/n02690373_2865.JPEG,404,airliner
train/n02692877/n02692877_1642.JPEG,405,airship
train/n02692877/n02692877_5690.JPEG,405,airship
train/n02692877/n02692877_2067.JPEG,405,airship
train/n02692877/n02692877_23127.JPEG,405,airship
train/n02692877/n02692877_8490.JPEG,405,airship
train/n02692877/n02692877_3815.JPEG,405,airship
train/n02692877/n02692877_28793.JPEG,405,airship
train/n02692877/n02692877_2852.JPEG,405,airship
train/n02692877/n02692877_15478.JPEG,405,airship
train/n02692877/n02692877_33424.JPEG,405,airship
train/n02692877/n02692877_13145.JPEG,405,airship
train/n02692877/n02692877_33900.JPEG,405,airship
train/n02692877/n02692877_43411.JPEG,405,airship
train/n02692877/n02692877_36600.JPEG,405,airship
train/n02692877/n02692877_9522.JPEG,405,airship
train/n02692877/n02692877_21098.JPEG,405,airship
train/n02699494/n02699494_5455.JPEG,406,altar
train/n02699494/n02699494_5535.JPEG,406,altar
train/n02699494/n02699494_16983.JPEG,406,altar
train/n02699494/n02699494_14929.JPEG,406,altar
train/n02699494/n02699494_9704.JPEG,406,altar
train/n02699494/n02699494_18072.JPEG,406,altar
train/n02699494/n02699494_11984.JPEG,406,altar
train/n02699494/n02699494_2738.JPEG,406,altar
train/n02699494/n02699494_9085.JPEG,406,altar
train/n02699494/n02699494_151.JPEG,406,altar
train/n02699494/n02699494_13036.JPEG,406,altar
train/n02699494/n02699494_23553.JPEG,406,altar
train/n02699494/n02699494_13248.JPEG,406,altar
train/n02699494/n02699494_4218.JPEG,406,altar
train/n02699494/n02699494_5506.JPEG,406,altar
train/n02699494/n02699494_16340.JPEG,406,altar
train/n02701002/n02701002_5898.JPEG,407,ambulance
train/n02701002/n02701002_19562.JPEG,407,ambulance
train/n02701002/n02701002_13273.JPEG,407,ambulance
train/n02701002/n02701002_20.JPEG,407,ambulance
train/n02701002/n02701002_25271.JPEG,407,ambulance
train/n02701002/n02701002_18839.JPEG,407,ambulance
train/n02701002/n02701002_6996.JPEG,407,ambulance
train/n02701002/n02701002_21411.JPEG,407,ambulance
train/n02701002/n02701002_5241.JPEG,407,ambulance
train/n02701002/n02701002_6108.JPEG,407,ambulance
train/n02701002/n02701002_1252.JPEG,407,ambulance
train/n02701002/n02701002_1020.JPEG,407,ambulance
train/n02701002/n02701002_24.JPEG,407,ambulance
train/n02701002/n02701002_15197.JPEG,407,ambulance
train/n02701002/n02701002_3372.JPEG,407,ambulance
train/n02701002/n02701002_11426.JPEG,407,ambulance
train/n02704792/n02704792_21378.JPEG,408,amphibious vehicle
train/n02704792/n02704792_18403.JPEG,408,amphibious vehicle
train/n02704792/n02704792_4237.JPEG,408,amphibious vehicle
train/n02704792/n02704792_9071.JPEG,408,amphibious vehicle
train/n02704792/n02704792_33345.JPEG,408,amphibious vehicle
train/n02704792/n02704792_8550.JPEG,408,amphibious vehicle
train/n02704792/n02704792_3820.JPEG,408,amphibious vehicle
train/n02704792/n02704792_19283.JPEG,408,amphibious vehicle
train/n02704792/n02704792_7334.JPEG,408,amphibious vehicle
train/n02704792/n02704792_13254.JPEG,408,amphibious vehicle
train/n02704792/n02704792_13665.JPEG,408,amphibious vehicle
train/n02704792/n02704792_2832.JPEG,408,amphibious vehicle
train/n02704792/n02704792_15771.JPEG,408,amphibious vehicle
train/n02704792/n02704792_19345.JPEG,408,amphibious vehicle
train/n02704792/n02704792_17296.JPEG,408,amphibious vehicle
train/n02704792/n02704792_8561.JPEG,408,amphibious vehicle
train/n02708093/n02708093_9.JPEG,409,analog clock
train/n02708093/n02708093_435.JPEG,409,analog clock
train/n02708093/n02708093_6352.JPEG,409,analog clock
train/n02708093/n02708093_710.JPEG,409,analog clock
train/n02708093/n02708093_5188.JPEG,409,analog clock
train/n02708093/n02708093_2612.JPEG,409,analog clock
train/n02708093/n02708093_5169.JPEG,409,analog clock
train/n02708093/n02708093_7935.JPEG,409,analog clock
train/n02708093/n02708093_6629.JPEG,409,analog clock
train/n02708093/n02708093_7007.JPEG,409,analog clock
train/n02708093/n02708093_8051.JPEG,409,analog clock
train/n02708093/n02708093_8003.JPEG,409,analog clock
train/n02708093/n02708093_3504.JPEG,409,analog clock
train/n02708093/n02708093_5084.JPEG,409,analog clock
train/n02708093/n02708093_7026.JPEG,409,analog clock
train/n02708093/n02708093_4495.JPEG,409,analog clock
train/n02727426/n02727426_26436.JPEG,410,apiary
train/n02727426/n02727426_21627.JPEG,410,apiary
train/n02727426/n02727426_16148.JPEG,410,apiary
train/n02727426/n02727426_38067.JPEG,410,apiary
train/n02727426/n02727426_18034.JPEG,410,apiary
train/n02727426/n02727426_26509.JPEG,410,apiary
train/n02727426/n02727426_16916.JPEG,410,apiary
train/n02727426/n02727426_29008.JPEG,410,apiary
train/n02727426/n02727426_3330.JPEG,410,apiary
train/n02727426/n02727426_12504.JPEG,410,apiary
train/n02727426/n02727426_5872.JPEG,410,apiary
train/n02727426/n02727426_12496.JPEG,410,apiary
train/n02727426/n02727426_19940.JPEG,410,apiary
train/n02727426/n02727426_21629.JPEG,410,apiary
train/n02727426/n02727426_4795.JPEG,410,apiary
train/n02727426/n02727426_43429.JPEG,410,apiary
train/n02730930/n02730930_23951.JPEG,411,apron
train/n02730930/n02730930_18523.JPEG,411,apron
train/n02730930/n02730930_3255.JPEG,411,apron
train/n02730930/n02730930_7732.JPEG,411,apron
train/n02730930/n02730930_11293.JPEG,411,apron
train/n02730930/n02730930_25177.JPEG,411,apron
train/n02730930/n02730930_7157.JPEG,411,apron
train/n02730930/n02730930_1809.JPEG,411,apron
train/n02730930/n02730930_5054.JPEG,411,apron
train/n02730930/n02730930_24007.JPEG,411,apron
train/n02730930/n02730930_17839.JPEG,411,apron
train/n02730930/n02730930_1442.JPEG,411,apron
train/n02730930/n02730930_22057.JPEG,411,apron
train/n02730930/n02730930_244.JPEG,411,apron
train/n02730930/n02730930_26250.JPEG,411,apron
train/n02730930/n02730930_3275.JPEG,411,apron
train/n02747177/n02747177_24245.JPEG,412,trash can
train/n02747177/n02747177_16938.JPEG,412,trash can
train/n02747177/n02747177_27597.JPEG,412,trash can
train/n02747177/n02747177_5452.JPEG,412,trash can
train/n02747177/n02747177_16835.JPEG,412,trash can
train/n02747177/n02747177_14742.JPEG,412,trash can
train/n02747177/n02747177_4406.JPEG,412,trash can
train/n02747177/n02747177_13702.JPEG,412,trash can
train/n02747177/n02747177_15334.JPEG,412,trash can
train/n02747177/n02747177_36899.JPEG,412,trash can
train/n02747177/n02747177_6119.JPEG,412,trash can
train/n02747177/n02747177_2409.JPEG,412,trash can
train/n02747177/n02747177_7516.JPEG,412,trash can
train/n02747177/n02747177_12879.JPEG,412,trash can
train/n02747177/n02747177_32985.JPEG,412,trash can
train/n02747177/n02747177_12178.JPEG,412,trash can
train/n02749479/n02749479_3581.JPEG,413,assault rifle
train/n02749479/n02749479_2323.JPEG,413,assault rifle
train/n02749479/n02749479_1001.JPEG,413,assault rifle
train/n02749479/n02749479_25427.JPEG,413,assault rifle
train/n02749479/n02749479_3335.JPEG,413,assault rifle
train/n02749479/n02749479_3070.JPEG,413,assault rifle
train/n02749479/n02749479_3509.JPEG,413,assault rifle
train/n02749479/n02749479_5033.JPEG,413,assault rifle
train/n02749479/n02749479_1432.JPEG,413,assault rifle
train/n02749479/n02749479_1470.JPEG,413,assault rifle
train/n02749479/n02749479_2820.JPEG,413,assault rifle
train/n02749479/n02749479_6501.JPEG,413,assault rifle
train/n02749479/n02749479_3585.JPEG,413,assault rifle
train/n02749479/n02749479_20764.JPEG,413,assault rifle
train/n02749479/n02749479_5108.JPEG,413,assault rifle
train/n02749479/n02749479_5803.JPEG,413,assault rifle
train/n02769748/n02769748_58876.JPEG,414,backpack
train/n02769748/n02769748_10714.JPEG,414,backpack
train/n02769748/n02769748_43309.JPEG,414,backpack
train/n02769748/n02769748_1651.JPEG,414,backpack
train/n02769748/n02769748_5191.JPEG,414,backpack
train/n02769748/n02769748_9505.JPEG,414,backpack
train/n02769748/n02769748_101083.JPEG,414,backpack
train/n02769748/n02769748_79483.JPEG,414,backpack
train/n02769748/n02769748_4329.JPEG,414,backpack
train/n02769748/n02769748_12149.JPEG,414,backpack
train/n02769748/n02769748_26073.JPEG,414,backpack
train/n02769748/n02769748_32831.JPEG,414,backpack
train/n02769748/n02769748_16712.JPEG,414,backpack
train/n02769748/n02769748_23987.JPEG,414,backpack
train/n02769748/n02769748_3250.JPEG,414,backpack
train/n02769748/n02769748_7422.JPEG,414,backpack
train/n02776631/n02776631_10998.JPEG,415,bakery
train/n02776631/n02776631_244.JPEG,415,bakery
train/n02776631/n02776631_25147.JPEG,415,bakery
train/n02776631/n02776631_71615.JPEG,415,bakery
train/n02776631/n02776631_36591.JPEG,415,bakery
train/n02776631/n02776631_18683.JPEG,415,bakery
train/n02776631/n02776631_5410.JPEG,415,bakery
train/n02776631/n02776631_5740.JPEG,415,bakery
train/n02776631/n02776631_96897.JPEG,415,bakery
train/n02776631/n02776631_19279.JPEG,415,bakery
train/n02776631/n02776631_71902.JPEG,415,bakery
train/n02776631/n02776631_30997.JPEG,415,bakery
train/n02776631/n02776631_25663.JPEG,415,bakery
train/n02776631/n02776631_70951.JPEG,415,bakery
train/n02776631/n02776631_18755.JPEG,415,bakery
train/n02776631/n02776631_26682.JPEG,415,bakery
train/n02777292/n02777292_9239.JPEG,416,balance beam
train/n02777292/n02777292_14309.JPEG,416,balance beam
train/n02777292/n02777292_20719.JPEG,416,balance beam
train/n02777292/n02777292_26598.JPEG,416,balance beam
train/n02777292/n02777292_5114.JPEG,416,balance beam
train/n02777292/n02777292_28150.JPEG,416,balance beam
train/n02777292/n02777292_22052.JPEG,416,balance beam
train/n02777292/n02777292_19940.JPEG,416,balance beam
train/n02777292/n02777292_702.JPEG,416,balance beam
train/n02777292/n02777292_13953.JPEG,416,balance beam
train/n02777292/n02777292_20402.JPEG,416,balance beam
train/n02777292/n02777292_13344.JPEG,416,balance beam
train/n02777292/n02777292_5989.JPEG,416,balance beam
train/n02777292/n02777292_1245.JPEG,416,balance beam
train/n02777292/n02777292_24649.JPEG,416,balance beam
train/n02777292/n02777292_13873.JPEG,416,balance beam
train/n02782093/n02782093_18422.JPEG,417,balloon
train/n02782093/n02782093_686.JPEG,417,balloon
train/n02782093/n02782093_35865.JPEG,417,balloon
train/n02782093/n02782093_3167.JPEG,417,balloon
train/n02782093/n02782093_3787.JPEG,417,balloon
train/n02782093/n02782093_4972.JPEG,417,balloon
train/n02782093/n02782093_20702.JPEG,417,balloon
train/n02782093/n02782093_3874.JPEG,417,balloon
train/n02782093/n02782093_1804.JPEG,417,balloon
train/n02782093/n02782093_2044.JPEG,417,balloon
train/n02782093/n02782093_866.JPEG,417,balloon
train/n02782093/n02782093_975.JPEG,417,balloon
train/n02782093/n02782093_1991.JPEG,417,balloon
train/n02782093/n02782093_27054.JPEG,417,balloon
train/n02782093/n02782093_5422.JPEG,417,balloon
train/n02782093/n02782093_229.JPEG,417,balloon
train/n02783161/n02783161_29599.JPEG,418,ballpoint pen
train/n02783161/n02783161_9214.JPEG,418,ballpoint pen
train/n02783161/n02783161_3387.JPEG,418,ballpoint pen
train/n02783161/n02783161_13710.JPEG,418,ballpoint pen
train/n02783161/n02783161_4967.JPEG,418,ballpoint pen
train/n02783161/n02783161_9164.JPEG,418,ballpoint pen
train/n02783161/n02783161_27801.JPEG,418,ballpoint pen
train/n02783161/n02783161_3196.JPEG,418,ballpoint pen
train/n02783161/n02783161_548.JPEG,418,ballpoint pen
train/n02783161/n02783161_1155.JPEG,418,ballpoint pen
train/n02783161/n02783161_10436.JPEG,418,ballpoint pen
train/n02783161/n02783161_9456.JPEG,418,ballpoint pen
train/n02783161/n02783161_22916.JPEG,418,ballpoint pen
train/n02783161/n02783161_5294.JPEG,418,ballpoint pen
train/n02783161/n02783161_42140.JPEG,418,ballpoint pen
train/n02783161/n02783161_8851.JPEG,418,ballpoint pen
train/n02786058/n02786058_3327.JPEG,419,Band-Aid
train/n02786058/n02786058_11200.JPEG,419,Band-Aid
train/n02786058/n02786058_11742.JPEG,419,Band-Aid
train/n02786058/n02786058_14954.JPEG,419,Band-Aid
train/n02786058/n02786058_1513.JPEG,419,Band-Aid
train/n02786058/n02786058_9960.JPEG,419,Band-Aid
train/n02786058/n02786058_10055.JPEG,419,Band-Aid
train/n02786058/n02786058_11864.JPEG,419,Band-Aid
train/n02786058/n02786058_9886.JPEG,419,Band-Aid
train/n02786058/n02786058_10253.JPEG,419,Band-Aid
train/n02786058/n02786058_5408.JPEG,419,Band-Aid
train/n02786058/n02786058_16677.JPEG,419,Band-Aid
train/n02786058/n02786058_10160.JPEG,419,Band-Aid
train/n02786058/n02786058_8866.JPEG,419,Band-Aid
train/n02786058/n02786058_16553.JPEG,419,Band-Aid
train/n02786058/n02786058_525.JPEG,419,Band-Aid
train/n02787622/n02787622_5862.JPEG,420,banjo
train/n02787622/n02787622_6011.JPEG,420,banjo
train/n02787622/n02787622_1909.JPEG,420,banjo
train/n02787622/n02787622_5854.JPEG,420,banjo
train/n02787622/n02787622_7578.JPEG,420,banjo
train/n02787622/n02787622_5913.JPEG,420,banjo
train/n02787622/n02787622_20508.JPEG,420,banjo
train/n02787622/n02787622_7150.JPEG,420,banjo
train/n02787622/n02787622_14696.JPEG,420,banjo
train/n02787622/n02787622_7643.JPEG,420,banjo
train/n02787622/n02787622_9866.JPEG,420,banjo
train/n02787622/n02787622_12641.JPEG,420,banjo
train/n02787622/n02787622_5734.JPEG,420,banjo
train/n02787622/n02787622_11553.JPEG,420,banjo
train/n02787622/n02787622_5174.JPEG,420,banjo
train/n02787622/n02787622_528.JPEG,420,banjo
train/n02788148/n02788148_2176.JPEG,421,baluster / handrail
train/n02788148/n02788148_22998.JPEG,421,baluster / handrail
train/n02788148/n02788148_3923.JPEG,421,baluster / handrail
train/n02788148/n02788148_19534.JPEG,421,baluster / handrail
train/n02788148/n02788148_97877.JPEG,421,baluster / handrail
train/n02788148/n02788148_39557.JPEG,421,baluster / handrail
train/n02788148/n02788148_36038.JPEG,421,baluster / handrail
train/n02788148/n02788148_2596.JPEG,421,baluster / handrail
train/n02788148/n02788148_30457.JPEG,421,baluster / handrail
train/n02788148/n02788148_47570.JPEG,421,baluster / handrail
train/n02788148/n02788148_40651.JPEG,421,baluster / handrail
train/n02788148/n02788148_38560.JPEG,421,baluster / handrail
train/n02788148/n02788148_5237.JPEG,421,baluster / handrail
train/n02788148/n02788148_49545.JPEG,421,baluster / handrail
train/n02788148/n02788148_62219.JPEG,421,baluster / handrail
train/n02788148/n02788148_4772.JPEG,421,baluster / handrail
train/n02790996/n02790996_14309.JPEG,422,barbell
train/n02790996/n02790996_9854.JPEG,422,barbell
train/n02790996/n02790996_12115.JPEG,422,barbell
train/n02790996/n02790996_3331.JPEG,422,barbell
train/n02790996/n02790996_11659.JPEG,422,barbell
train/n02790996/n02790996_16090.JPEG,422,barbell
train/n02790996/n02790996_9367.JPEG,422,barbell
train/n02790996/n02790996_14286.JPEG,422,barbell
train/n02790996/n02790996_2336.JPEG,422,barbell
train/n02790996/n02790996_13302.JPEG,422,barbell
train/n02790996/n02790996_6284.JPEG,422,barbell
train/n02790996/n02790996_2738.JPEG,422,barbell
train/n02790996/n02790996_11002.JPEG,422,barbell
train/n02790996/n02790996_8935.JPEG,422,barbell
train/n02790996/n02790996_9894.JPEG,422,barbell
train/n02790996/n02790996_15332.JPEG,422,barbell
train/n02791124/n02791124_7019.JPEG,423,barber chair
train/n02791124/n02791124_15564.JPEG,423,barber chair
train/n02791124/n02791124_2380.JPEG,423,barber chair
train/n02791124/n02791124_6549.JPEG,423,barber chair
train/n02791124/n02791124_2463.JPEG,423,barber chair
train/n02791124/n02791124_8189.JPEG,423,barber chair
train/n02791124/n02791124_2301.JPEG,423,barber chair
train/n02791124/n02791124_10260.JPEG,423,barber chair
train/n02791124/n02791124_3781.JPEG,423,barber chair
train/n02791124/n02791124_2653.JPEG,423,barber chair
train/n02791124/n02791124_2322.JPEG,423,barber chair
train/n02791124/n02791124_7421.JPEG,423,barber chair
train/n02791124/n02791124_5777.JPEG,423,barber chair
train/n02791124/n02791124_583.JPEG,423,barber chair
train/n02791124/n02791124_5995.JPEG,423,barber chair
train/n02791124/n02791124_5075.JPEG,423,barber chair
train/n02791270/n02791270_27139.JPEG,424,barbershop
train/n02791270/n02791270_29002.JPEG,424,barbershop
train/n02791270/n02791270_15764.JPEG,424,barbershop
train/n02791270/n02791270_14232.JPEG,424,barbershop
train/n02791270/n02791270_27058.JPEG,424,barbershop
train/n02791270/n02791270_8490.JPEG,424,barbershop
train/n02791270/n02791270_28724.JPEG,424,barbershop
train/n02791270/n02791270_15376.JPEG,424,barbershop
train/n02791270/n02791270_15409.JPEG,424,barbershop
train/n02791270/n02791270_8807.JPEG,424,barbershop
train/n02791270/n02791270_12737.JPEG,424,barbershop
train/n02791270/n02791270_1665.JPEG,424,barbershop
train/n02791270/n02791270_4564.JPEG,424,barbershop
train/n02791270/n02791270_29581.JPEG,424,barbershop
train/n02791270/n02791270_21898.JPEG,424,barbershop
train/n02791270/n02791270_1489.JPEG,424,barbershop
train/n02793495/n02793495_14391.JPEG,425,barn
train/n02793495/n02793495_590.JPEG,425,barn
train/n02793495/n02793495_10862.JPEG,425,barn
train/n02793495/n02793495_18850.JPEG,425,barn
train/n02793495/n02793495_8781.JPEG,425,barn
train/n02793495/n02793495_1300.JPEG,425,barn
train/n02793495/n02793495_19979.JPEG,425,barn
train/n02793495/n02793495_20339.JPEG,425,barn
train/n02793495/n02793495_10488.JPEG,425,barn
train/n02793495/n02793495_14934.JPEG,425,barn
train/n02793495/n02793495_3986.JPEG,425,barn
train/n02793495/n02793495_5913.JPEG,425,barn
train/n02793495/n02793495_10688.JPEG,425,barn
train/n02793495/n02793495_14479.JPEG,425,barn
train/n02793495/n02793495_3711.JPEG,425,barn
train/n02793495/n02793495_7411.JPEG,425,barn
train/n02794156/n02794156_17210.JPEG,426,barometer
train/n02794156/n02794156_3429.JPEG,426,barometer
train/n02794156/n02794156_2877.JPEG,426,barometer
train/n02794156/n02794156_5463.JPEG,426,barometer
train/n02794156/n02794156_9267.JPEG,426,barometer
train/n02794156/n02794156_7728.JPEG,426,barometer
train/n02794156/n02794156_20345.JPEG,426,barometer
train/n02794156/n02794156_4859.JPEG,426,barometer
train/n02794156/n02794156_217.JPEG,426,barometer
train/n02794156/n02794156_4551.JPEG,426,barometer
train/n02794156/n02794156_561.JPEG,426,barometer
train/n02794156/n02794156_352.JPEG,426,barometer
train/n02794156/n02794156_17674.JPEG,426,barometer
train/n02794156/n02794156_4789.JPEG,426,barometer
train/n02794156/n02794156_10879.JPEG,426,barometer
train/n02794156/n02794156_16986.JPEG,426,barometer
train/n02795169/n02795169_35896.JPEG,427,barrel
train/n02795169/n02795169_21876.JPEG,427,barrel
train/n02795169/n02795169_9449.JPEG,427,barrel
train/n02795169/n02795169_60429.JPEG,427,barrel
train/n02795169/n02795169_5874.JPEG,427,barrel
train/n02795169/n02795169_28270.JPEG,427,barrel
train/n02795169/n02795169_15654.JPEG,427,barrel
train/n02795169/n02795169_45366.JPEG,427,barrel
train/n02795169/n02795169_16459.JPEG,427,barrel
train/n02795169/n02795169_45881.JPEG,427,barrel
train/n02795169/n02795169_88690.JPEG,427,barrel
train/n02795169/n02795169_20530.JPEG,427,barrel
train/n02795169/n02795169_44849.JPEG,427,barrel
train/n02795169/n02795169_381.JPEG,427,barrel
train/n02795169/n02795169_22086.JPEG,427,barrel
train/n02795169/n02795169_21795.JPEG,427,barrel
train/n02797295/n02797295_3333.JPEG,428,wheelbarrow
train/n02797295/n02797295_3426.JPEG,428,wheelbarrow
train/n02797295/n02797295_192.JPEG,428,wheelbarrow
train/n02797295/n02797295_329.JPEG,428,wheelbarrow
train/n02797295/n02797295_11573.JPEG,428,wheelbarrow
train/n02797295/n02797295_13235.JPEG,428,wheelbarrow
train/n02797295/n02797295_26616.JPEG,428,wheelbarrow
train/n02797295/n02797295_12427.JPEG,428,wheelbarrow
train/n02797295/n02797295_9282.JPEG,428,wheelbarrow
train/n02797295/n02797295_3907.JPEG,428,wheelbarrow
train/n02797295/n02797295_13567.JPEG,428,wheelbarrow
train/n02797295/n02797295_15459.JPEG,428,wheelbarrow
train/n02797295/n02797295_7624.JPEG,428,wheelbarrow
train/n02797295/n02797295_12175.JPEG,428,wheelbarrow
train/n02797295/n02797295_11772.JPEG,428,wheelbarrow
train/n02797295/n02797295_7859.JPEG,428,wheelbarrow
train/n02799071/n02799071_45417.JPEG,429,baseball
train/n02799071/n02799071_37486.JPEG,429,baseball
train/n02799071/n02799071_11379.JPEG,429,baseball
train/n02799071/n02799071_12822.JPEG,429,baseball
train/n02799071/n02799071_17454.JPEG,429,baseball
train/n02799071/n02799071_32864.JPEG,429,baseball
train/n02799071/n02799071_12440.JPEG,429,baseball
train/n02799071/n02799071_30369.JPEG,429,baseball
train/n02799071/n02799071_39199.JPEG,429,baseball
train/n02799071/n02799071_62602.JPEG,429,baseball
train/n02799071/n02799071_9212.JPEG,429,baseball
train/n02799071/n02799071_14372.JPEG,429,baseball
train/n02799071/n02799071_13049.JPEG,429,baseball
train/n02799071/n02799071_5624.JPEG,429,baseball
train/n02799071/n02799071_14695.JPEG,429,baseball
train/n02799071/n02799071_10802.JPEG,429,baseball
train/n02802426/n02802426_9349.JPEG,430,basketball
train/n02802426/n02802426_22750.JPEG,430,basketball
train/n02802426/n02802426_8606.JPEG,430,basketball
train/n02802426/n02802426_3096.JPEG,430,basketball
train/n02802426/n02802426_25411.JPEG,430,basketball
train/n02802426/n02802426_6669.JPEG,430,basketball
train/n02802426/n02802426_12883.JPEG,430,basketball
train/n02802426/n02802426_12693.JPEG,430,basketball
train/n02802426/n02802426_839.JPEG,430,basketball
train/n02802426/n02802426_2686.JPEG,430,basketball
train/n02802426/n02802426_649.JPEG,430,basketball
train/n02802426/n02802426_10842.JPEG,430,basketball
train/n02802426/n02802426_19650.JPEG,430,basketball
train/n02802426/n02802426_5160.JPEG,430,basketball
train/n02802426/n02802426_17286.JPEG,430,basketball
train/n02802426/n02802426_4147.JPEG,430,basketball
train/n02804414/n02804414_1276.JPEG,431,bassinet
train/n02804414/n02804414_1349.JPEG,431,bassinet
train/n02804414/n02804414_4815.JPEG,431,bassinet
train/n02804414/n02804414_1497.JPEG,431,bassinet
train/n02804414/n02804414_6581.JPEG,431,bassinet
train/n02804414/n02804414_4193.JPEG,431,bassinet
train/n02804414/n02804414_1845.JPEG,431,bassinet
train/n02804414/n02804414_2851.JPEG,431,bassinet
train/n02804414/n02804414_6950.JPEG,431,bassinet
train/n02804414/n02804414_9300.JPEG,431,bassinet
train/n02804414/n02804414_2629.JPEG,431,bassinet
train/n02804414/n02804414_9054.JPEG,431,bassinet
train/n02804414/n02804414_6659.JPEG,431,bassinet
train/n02804414/n02804414_4497.JPEG,431,bassinet
train/n02804414/n02804414_5124.JPEG,431,bassinet
train/n02804414/n02804414_5044.JPEG,431,bassinet
train/n02804610/n02804610_12699.JPEG,432,bassoon
train/n02804610/n02804610_20736.JPEG,432,bassoon
train/n02804610/n02804610_18692.JPEG,432,bassoon
train/n02804610/n02804610_17215.JPEG,432,bassoon
train/n02804610/n02804610_16866.JPEG,432,bassoon
train/n02804610/n02804610_13994.JPEG,432,bassoon
train/n02804610/n02804610_18579.JPEG,432,bassoon
train/n02804610/n02804610_21806.JPEG,432,bassoon
train/n02804610/n02804610_16191.JPEG,432,bassoon
train/n02804610/n02804610_18675.JPEG,432,bassoon
train/n02804610/n02804610_31826.JPEG,432,bassoon
train/n02804610/n02804610_20815.JPEG,432,bassoon
train/n02804610/n02804610_444.JPEG,432,bassoon
train/n02804610/n02804610_22435.JPEG,432,bassoon
train/n02804610/n02804610_15992.JPEG,432,bassoon
train/n02804610/n02804610_18089.JPEG,432,bassoon
train/n02807133/n02807133_520.JPEG,433,swimming cap
train/n02807133/n02807133_10215.JPEG,433,swimming cap
train/n02807133/n02807133_2204.JPEG,433,swimming cap
train/n02807133/n02807133_22759.JPEG,433,swimming cap
train/n02807133/n02807133_2556.JPEG,433,swimming cap
train/n02807133/n02807133_1754.JPEG,433,swimming cap
train/n02807133/n02807133_16557.JPEG,433,swimming cap
train/n02807133/n02807133_2781.JPEG,433,swimming cap
train/n02807133/n02807133_4533.JPEG,433,swimming cap
train/n02807133/n02807133_8906.JPEG,433,swimming cap
train/n02807133/n02807133_2206.JPEG,433,swimming cap
train/n02807133/n02807133_15966.JPEG,433,swimming cap
train/n02807133/n02807133_9935.JPEG,433,swimming cap
train/n02807133/n02807133_9106.JPEG,433,swimming cap
train/n02807133/n02807133_22942.JPEG,433,swimming cap
train/n02807133/n02807133_11549.JPEG,433,swimming cap
train/n02808304/n02808304_6784.JPEG,434,bath towel
train/n02808304/n02808304_274.JPEG,434,bath towel
train/n02808304/n02808304_4121.JPEG,434,bath towel
train/n02808304/n02808304_6643.JPEG,434,bath towel
train/n02808304/n02808304_17051.JPEG,434,bath towel
train/n02808304/n02808304_7566.JPEG,434,bath towel
train/n02808304/n02808304_13269.JPEG,434,bath towel
train/n02808304/n02808304_10803.JPEG,434,bath towel
train/n02808304/n02808304_6644.JPEG,434,bath towel
train/n02808304/n02808304_11473.JPEG,434,bath towel
train/n02808304/n02808304_13915.JPEG,434,bath towel
train/n02808304/n02808304_2969.JPEG,434,bath towel
train/n02808304/n02808304_2247.JPEG,434,bath towel
train/n02808304/n02808304_7449.JPEG,434,bath towel
train/n02808304/n02808304_2337.JPEG,434,bath towel
train/n02808304/n02808304_12128.JPEG,434,bath towel
train/n02808440/n02808440_81812.JPEG,435,bathtub
train/n02808440/n02808440_7797.JPEG,435,bathtub
train/n02808440/n02808440_67476.JPEG,435,bathtub
train/n02808440/n02808440_12189.JPEG,435,bathtub
train/n02808440/n02808440_47809.JPEG,435,bathtub
train/n02808440/n02808440_42551.JPEG,435,bathtub
train/n02808440/n02808440_48381.JPEG,435,bathtub
train/n02808440/n02808440_21260.JPEG,435,bathtub
train/n02808440/n02808440_46559.JPEG,435,bathtub
train/n02808440/n02808440_14127.JPEG,435,bathtub
train/n02808440/n02808440_27932.JPEG,435,bathtub
train/n02808440/n02808440_26162.JPEG,435,bathtub
train/n02808440/n02808440_73968.JPEG,435,bathtub
train/n02808440/n02808440_50868.JPEG,435,bathtub
train/n02808440/n02808440_40009.JPEG,435,bathtub
train/n02808440/n02808440_2611.JPEG,435,bathtub
train/n02814533/n02814533_34383.JPEG,436,station wagon
train/n02814533/n02814533_330.JPEG,436,station wagon
train/n02814533/n02814533_3195.JPEG,436,station wagon
train/n02814533/n02814533_2754.JPEG,436,station wagon
train/n02814533/n02814533_4491.JPEG,436,station wagon
train/n02814533/n02814533_45692.JPEG,436,station wagon
train/n02814533/n02814533_8055.JPEG,436,station wagon
train/n02814533/n02814533_42665.JPEG,436,station wagon
train/n02814533/n02814533_15544.JPEG,436,station wagon
train/n02814533/n02814533_41478.JPEG,436,station wagon
train/n02814533/n02814533_12311.JPEG,436,station wagon
train/n02814533/n02814533_96520.JPEG,436,station wagon
train/n02814533/n02814533_55326.JPEG,436,station wagon
train/n02814533/n02814533_77384.JPEG,436,station wagon
train/n02814533/n02814533_70354.JPEG,436,station wagon
train/n02814533/n02814533_17866.JPEG,436,station wagon
train/n02814860/n02814860_28568.JPEG,437,lighthouse
train/n02814860/n02814860_35883.JPEG,437,lighthouse
train/n02814860/n02814860_39565.JPEG,437,lighthouse
train/n02814860/n02814860_31395.JPEG,437,lighthouse
train/n02814860/n02814860_5588.JPEG,437,lighthouse
train/n02814860/n02814860_13134.JPEG,437,lighthouse
train/n02814860/n02814860_31716.JPEG,437,lighthouse
train/n02814860/n02814860_36744.JPEG,437,lighthouse
train/n02814860/n02814860_33427.JPEG,437,lighthouse
train/n02814860/n02814860_34187.JPEG,437,lighthouse
train/n02814860/n02814860_18377.JPEG,437,lighthouse
train/n02814860/n02814860_22584.JPEG,437,lighthouse
train/n02814860/n02814860_33095.JPEG,437,lighthouse
train/n02814860/n02814860_36417.JPEG,437,lighthouse
train/n02814860/n02814860_37151.JPEG,437,lighthouse
train/n02814860/n02814860_37846.JPEG,437,lighthouse
train/n02815834/n02815834_3097.JPEG,438,beaker
train/n02815834/n02815834_5425.JPEG,438,beaker
train/n02815834/n02815834_69.JPEG,438,beaker
train/n02815834/n02815834_13351.JPEG,438,beaker
train/n02815834/n02815834_3940.JPEG,438,beaker
train/n02815834/n02815834_2422.JPEG,438,beaker
train/n02815834/n02815834_13214.JPEG,438,beaker
train/n02815834/n02815834_1067.JPEG,438,beaker
train/n02815834/n02815834_3769.JPEG,438,beaker
train/n02815834/n02815834_14499.JPEG,438,beaker
train/n02815834/n02815834_1841.JPEG,438,beaker
train/n02815834/n02815834_2934.JPEG,438,beaker
train/n02815834/n02815834_4343.JPEG,438,beaker
train/n02815834/n02815834_10449.JPEG,438,beaker
train/n02815834/n02815834_11742.JPEG,438,beaker
train/n02815834/n02815834_13111.JPEG,438,beaker
train/n02817516/n02817516_41623.JPEG,439,military hat (bearskin or shako)
train/n02817516/n02817516_8868.JPEG,439,military hat (bearskin or shako)
train/n02817516/n02817516_55670.JPEG,439,military hat (bearskin or shako)
train/n02817516/n02817516_3630.JPEG,439,military hat (bearskin or shako)
train/n02817516/n02817516_28584.JPEG,439,military hat (bearskin or shako)
train/n02817516/n02817516_66053.JPEG,439,military hat (bearskin or shako)
train/n02817516/n02817516_4579.JPEG,439,military hat (bearskin or shako)
train/n02817516/n02817516_38989.JPEG,439,military hat (bearskin or shako)
train/n02817516/n02817516_19771.JPEG,439,military hat (bearskin or shako)
train/n02817516/n02817516_33162.JPEG,439,military hat (bearskin or shako)
train/n02817516/n02817516_11124.JPEG,439,military hat (bearskin or shako)
train/n02817516/n02817516_52737.JPEG,439,military hat (bearskin or shako)
train/n02817516/n02817516_58943.JPEG,439,military hat (bearskin or shako)
train/n02817516/n02817516_37377.JPEG,439,military hat (bearskin or shako)
train/n02817516/n02817516_60742.JPEG,439,military hat (bearskin or shako)
train/n02817516/n02817516_26876.JPEG,439,military hat (bearskin or shako)
train/n02823428/n02823428_5258.JPEG,440,beer bottle
train/n02823428/n02823428_5178.JPEG,440,beer bottle
train/n02823428/n02823428_5947.JPEG,440,beer bottle
train/n02823428/n02823428_2773.JPEG,440,beer bottle
train/n02823428/n02823428_3680.JPEG,440,beer bottle
train/n02823428/n02823428_3873.JPEG,440,beer bottle
train/n02823428/n02823428_11359.JPEG,440,beer bottle
train/n02823428/n02823428_8022.JPEG,440,beer bottle
train/n02823428/n02823428_2488.JPEG,440,beer bottle
train/n02823428/n02823428_6226.JPEG,440,beer bottle
train/n02823428/n02823428_993.JPEG,440,beer bottle
train/n02823428/n02823428_744.JPEG,440,beer bottle
train/n02823428/n02823428_2725.JPEG,440,beer bottle
train/n02823428/n02823428_5528.JPEG,440,beer bottle
train/n02823428/n02823428_8209.JPEG,440,beer bottle
train/n02823428/n02823428_10955.JPEG,440,beer bottle
train/n02823750/n02823750_4895.JPEG,441,beer glass
train/n02823750/n02823750_10134.JPEG,441,beer glass
train/n02823750/n02823750_248.JPEG,441,beer glass
train/n02823750/n02823750_4084.JPEG,441,beer glass
train/n02823750/n02823750_1666.JPEG,441,beer glass
train/n02823750/n02823750_6436.JPEG,441,beer glass
train/n02823750/n02823750_10009.JPEG,441,beer glass
train/n02823750/n02823750_2383.JPEG,441,beer glass
train/n02823750/n02823750_13541.JPEG,441,beer glass
train/n02823750/n02823750_3580.JPEG,441,beer glass
train/n02823750/n02823750_2817.JPEG,441,beer glass
train/n02823750/n02823750_3569.JPEG,441,beer glass
train/n02823750/n02823750_1483.JPEG,441,beer glass
train/n02823750/n02823750_2015.JPEG,441,beer glass
train/n02823750/n02823750_2846.JPEG,441,beer glass
train/n02823750/n02823750_11691.JPEG,441,beer glass
train/n02825657/n02825657_568.JPEG,442,bell tower
train/n02825657/n02825657_4568.JPEG,442,bell tower
train/n02825657/n02825657_9404.JPEG,442,bell tower
train/n02825657/n02825657_10108.JPEG,442,bell tower
train/n02825657/n02825657_932.JPEG,442,bell tower
train/n02825657/n02825657_9737.JPEG,442,bell tower
train/n02825657/n02825657_5565.JPEG,442,bell tower
train/n02825657/n02825657_7425.JPEG,442,bell tower
train/n02825657/n02825657_8505.JPEG,442,bell tower
train/n02825657/n02825657_13443.JPEG,442,bell tower
train/n02825657/n02825657_8034.JPEG,442,bell tower
train/n02825657/n02825657_17868.JPEG,442,bell tower
train/n02825657/n02825657_17195.JPEG,442,bell tower
train/n02825657/n02825657_15662.JPEG,442,bell tower
train/n02825657/n02825657_1827.JPEG,442,bell tower
train/n02825657/n02825657_4724.JPEG,442,bell tower
train/n02834397/n02834397_36810.JPEG,443,baby bib
train/n02834397/n02834397_22885.JPEG,443,baby bib
train/n02834397/n02834397_3621.JPEG,443,baby bib
train/n02834397/n02834397_8971.JPEG,443,baby bib
train/n02834397/n02834397_7189.JPEG,443,baby bib
train/n02834397/n02834397_15769.JPEG,443,baby bib
train/n02834397/n02834397_21799.JPEG,443,baby bib
train/n02834397/n02834397_8445.JPEG,443,baby bib
train/n02834397/n02834397_59.JPEG,443,baby bib
train/n02834397/n02834397_9435.JPEG,443,baby bib
train/n02834397/n02834397_20251.JPEG,443,baby bib
train/n02834397/n02834397_24227.JPEG,443,baby bib
train/n02834397/n02834397_20661.JPEG,443,baby bib
train/n02834397/n02834397_4193.JPEG,443,baby bib
train/n02834397/n02834397_4451.JPEG,443,baby bib
train/n02834397/n02834397_710.JPEG,443,baby bib
train/n02835271/n02835271_13328.JPEG,444,tandem bicycle
train/n02835271/n02835271_23939.JPEG,444,tandem bicycle
train/n02835271/n02835271_14567.JPEG,444,tandem bicycle
train/n02835271/n02835271_5774.JPEG,444,tandem bicycle
train/n02835271/n02835271_1432.JPEG,444,tandem bicycle
train/n02835271/n02835271_9106.JPEG,444,tandem bicycle
train/n02835271/n02835271_22739.JPEG,444,tandem bicycle
train/n02835271/n02835271_5751.JPEG,444,tandem bicycle
train/n02835271/n02835271_2491.JPEG,444,tandem bicycle
train/n02835271/n02835271_176.JPEG,444,tandem bicycle
train/n02835271/n02835271_11870.JPEG,444,tandem bicycle
train/n02835271/n02835271_8170.JPEG,444,tandem bicycle
train/n02835271/n02835271_6282.JPEG,444,tandem bicycle
train/n02835271/n02835271_10778.JPEG,444,tandem bicycle
train/n02835271/n02835271_7813.JPEG,444,tandem bicycle
train/n02835271/n02835271_6278.JPEG,444,tandem bicycle
train/n02837789/n02837789_22554.JPEG,445,bikini
train/n02837789/n02837789_17056.JPEG,445,bikini
train/n02837789/n02837789_13687.JPEG,445,bikini
train/n02837789/n02837789_15696.JPEG,445,bikini
train/n02837789/n02837789_12399.JPEG,445,bikini
train/n02837789/n02837789_6835.JPEG,445,bikini
train/n02837789/n02837789_20941.JPEG,445,bikini
train/n02837789/n02837789_23116.JPEG,445,bikini
train/n02837789/n02837789_23076.JPEG,445,bikini
train/n02837789/n02837789_11978.JPEG,445,bikini
train/n02837789/n02837789_2685.JPEG,445,bikini
train/n02837789/n02837789_3414.JPEG,445,bikini
train/n02837789/n02837789_4302.JPEG,445,bikini
train/n02837789/n02837789_3207.JPEG,445,bikini
train/n02837789/n02837789_19345.JPEG,445,bikini
train/n02837789/n02837789_2341.JPEG,445,bikini
train/n02840245/n02840245_9475.JPEG,446,ring binder
train/n02840245/n02840245_17068.JPEG,446,ring binder
train/n02840245/n02840245_552.JPEG,446,ring binder
train/n02840245/n02840245_18171.JPEG,446,ring binder
train/n02840245/n02840245_10320.JPEG,446,ring binder
train/n02840245/n02840245_8806.JPEG,446,ring binder
train/n02840245/n02840245_8849.JPEG,446,ring binder
train/n02840245/n02840245_18773.JPEG,446,ring binder
train/n02840245/n02840245_5087.JPEG,446,ring binder
train/n02840245/n02840245_47.JPEG,446,ring binder
train/n02840245/n02840245_7943.JPEG,446,ring binder
train/n02840245/n02840245_2561.JPEG,446,ring binder
train/n02840245/n02840245_16486.JPEG,446,ring binder
train/n02840245/n02840245_7479.JPEG,446,ring binder
train/n02840245/n02840245_931.JPEG,446,ring binder
train/n02840245/n02840245_14177.JPEG,446,ring binder
train/n02841315/n02841315_5800.JPEG,447,binoculars
train/n02841315/n02841315_23361.JPEG,447,binoculars
train/n02841315/n02841315_1862.JPEG,447,binoculars
train/n02841315/n02841315_18420.JPEG,447,binoculars
train/n02841315/n02841315_33339.JPEG,447,binoculars
train/n02841315/n02841315_25376.JPEG,447,binoculars
train/n02841315/n02841315_7538.JPEG,447,binoculars
train/n02841315/n02841315_20065.JPEG,447,binoculars
train/n02841315/n02841315_37387.JPEG,447,binoculars
train/n02841315/n02841315_23785.JPEG,447,binoculars
train/n02841315/n02841315_15464.JPEG,447,binoculars
train/n02841315/n02841315_24479.JPEG,447,binoculars
train/n02841315/n02841315_6223.JPEG,447,binoculars
train/n02841315/n02841315_4945.JPEG,447,binoculars
train/n02841315/n02841315_3370.JPEG,447,binoculars
train/n02841315/n02841315_2971.JPEG,447,binoculars
train/n02843684/n02843684_6050.JPEG,448,birdhouse
train/n02843684/n02843684_10806.JPEG,448,birdhouse
train/n02843684/n02843684_494.JPEG,448,birdhouse
train/n02843684/n02843684_9545.JPEG,448,birdhouse
train/n02843684/n02843684_2415.JPEG,448,birdhouse
train/n02843684/n02843684_5190.JPEG,448,birdhouse
train/n02843684/n02843684_17362.JPEG,448,birdhouse
train/n02843684/n02843684_9617.JPEG,448,birdhouse
train/n02843684/n02843684_23491.JPEG,448,birdhouse
train/n02843684/n02843684_1030.JPEG,448,birdhouse
train/n02843684/n02843684_3368.JPEG,448,birdhouse
train/n02843684/n02843684_3847.JPEG,448,birdhouse
train/n02843684/n02843684_7653.JPEG,448,birdhouse
train/n02843684/n02843684_21266.JPEG,448,birdhouse
train/n02843684/n02843684_708.JPEG,448,birdhouse
train/n02843684/n02843684_36881.JPEG,448,birdhouse
train/n02859443/n02859443_14492.JPEG,449,boathouse
train/n02859443/n02859443_8160.JPEG,449,boathouse
train/n02859443/n02859443_4872.JPEG,449,boathouse
train/n02859443/n02859443_3771.JPEG,449,boathouse
train/n02859443/n02859443_6504.JPEG,449,boathouse
train/n02859443/n02859443_37847.JPEG,449,boathouse
train/n02859443/n02859443_10491.JPEG,449,boathouse
train/n02859443/n02859443_11877.JPEG,449,boathouse
train/n02859443/n02859443_14233.JPEG,449,boathouse
train/n02859443/n02859443_11692.JPEG,449,boathouse
train/n02859443/n02859443_25498.JPEG,449,boathouse
train/n02859443/n02859443_4989.JPEG,449,boathouse
train/n02859443/n02859443_14667.JPEG,449,boathouse
train/n02859443/n02859443_4497.JPEG,449,boathouse
train/n02859443/n02859443_3421.JPEG,449,boathouse
train/n02859443/n02859443_9828.JPEG,449,boathouse
train/n02860847/n02860847_15452.JPEG,450,bobsleigh
train/n02860847/n02860847_8434.JPEG,450,bobsleigh
train/n02860847/n02860847_13091.JPEG,450,bobsleigh
train/n02860847/n02860847_40354.JPEG,450,bobsleigh
train/n02860847/n02860847_8531.JPEG,450,bobsleigh
train/n02860847/n02860847_14933.JPEG,450,bobsleigh
train/n02860847/n02860847_27246.JPEG,450,bobsleigh
train/n02860847/n02860847_10552.JPEG,450,bobsleigh
train/n02860847/n02860847_22282.JPEG,450,bobsleigh
train/n02860847/n02860847_10226.JPEG,450,bobsleigh
train/n02860847/n02860847_12452.JPEG,450,bobsleigh
train/n02860847/n02860847_7143.JPEG,450,bobsleigh
train/n02860847/n02860847_26892.JPEG,450,bobsleigh
train/n02860847/n02860847_17339.JPEG,450,bobsleigh
train/n02860847/n02860847_2186.JPEG,450,bobsleigh
train/n02860847/n02860847_3255.JPEG,450,bobsleigh
train/n02865351/n02865351_23327.JPEG,451,bolo tie
train/n02865351/n02865351_11747.JPEG,451,bolo tie
train/n02865351/n02865351_8791.JPEG,451,bolo tie
train/n02865351/n02865351_3173.JPEG,451,bolo tie
train/n02865351/n02865351_6295.JPEG,451,bolo tie
train/n02865351/n02865351_3695.JPEG,451,bolo tie
train/n02865351/n02865351_1323.JPEG,451,bolo tie
train/n02865351/n02865351_5020.JPEG,451,bolo tie
train/n02865351/n02865351_19736.JPEG,451,bolo tie
train/n02865351/n02865351_6749.JPEG,451,bolo tie
train/n02865351/n02865351_17442.JPEG,451,bolo tie
train/n02865351/n02865351_10496.JPEG,451,bolo tie
train/n02865351/n02865351_9962.JPEG,451,bolo tie
train/n02865351/n02865351_7265.JPEG,451,bolo tie
train/n02865351/n02865351_3737.JPEG,451,bolo tie
train/n02865351/n02865351_3892.JPEG,451,bolo tie
train/n02869837/n02869837_1878.JPEG,452,poke bonnet
train/n02869837/n02869837_12180.JPEG,452,poke bonnet
train/n02869837/n02869837_31498.JPEG,452,poke bonnet
train/n02869837/n02869837_26919.JPEG,452,poke bonnet
train/n02869837/n02869837_28710.JPEG,452,poke bonnet
train/n02869837/n02869837_764.JPEG,452,poke bonnet
train/n02869837/n02869837_15475.JPEG,452,poke bonnet
train/n02869837/n02869837_6766.JPEG,452,poke bonnet
train/n02869837/n02869837_30897.JPEG,452,poke bonnet
train/n02869837/n02869837_5630.JPEG,452,poke bonnet
train/n02869837/n02869837_26650.JPEG,452,poke bonnet
train/n02869837/n02869837_17211.JPEG,452,poke bonnet
train/n02869837/n02869837_22036.JPEG,452,poke bonnet
train/n02869837/n02869837_11244.JPEG,452,poke bonnet
train/n02869837/n02869837_7619.JPEG,452,poke bonnet
train/n02869837/n02869837_20838.JPEG,452,poke bonnet
train/n02870880/n02870880_16890.JPEG,453,bookcase
train/n02870880/n02870880_13864.JPEG,453,bookcase
train/n02870880/n02870880_9674.JPEG,453,bookcase
train/n02870880/n02870880_18825.JPEG,453,bookcase
train/n02870880/n02870880_3524.JPEG,453,bookcase
train/n02870880/n02870880_2266.JPEG,453,bookcase
train/n02870880/n02870880_12025.JPEG,453,bookcase
train/n02870880/n02870880_13754.JPEG,453,bookcase
train/n02870880/n02870880_22301.JPEG,453,bookcase
train/n02870880/n02870880_18667.JPEG,453,bookcase
train/n02870880/n02870880_3228.JPEG,453,bookcase
train/n02870880/n02870880_6627.JPEG,453,bookcase
train/n02870880/n02870880_1120.JPEG,453,bookcase
train/n02870880/n02870880_9864.JPEG,453,bookcase
train/n02870880/n02870880_479.JPEG,453,bookcase
train/n02870880/n02870880_12435.JPEG,453,bookcase
train/n02871525/n02871525_11784.JPEG,454,bookstore
train/n02871525/n02871525_10710.JPEG,454,bookstore
train/n02871525/n02871525_9875.JPEG,454,bookstore
train/n02871525/n02871525_17125.JPEG,454,bookstore
train/n02871525/n02871525_29943.JPEG,454,bookstore
train/n02871525/n02871525_4899.JPEG,454,bookstore
train/n02871525/n02871525_15901.JPEG,454,bookstore
train/n02871525/n02871525_28408.JPEG,454,bookstore
train/n02871525/n02871525_24333.JPEG,454,bookstore
train/n02871525/n02871525_30739.JPEG,454,bookstore
train/n02871525/n02871525_35504.JPEG,454,bookstore
train/n02871525/n02871525_4542.JPEG,454,bookstore
train/n02871525/n02871525_2564.JPEG,454,bookstore
train/n02871525/n02871525_12696.JPEG,454,bookstore
train/n02871525/n02871525_2852.JPEG,454,bookstore
train/n02871525/n02871525_33595.JPEG,454,bookstore
train/n02877765/n02877765_6541.JPEG,455,bottle cap
train/n02877765/n02877765_2446.JPEG,455,bottle cap
train/n02877765/n02877765_11485.JPEG,455,bottle cap
train/n02877765/n02877765_10012.JPEG,455,bottle cap
train/n02877765/n02877765_10165.JPEG,455,bottle cap
train/n02877765/n02877765_9876.JPEG,455,bottle cap
train/n02877765/n02877765_10625.JPEG,455,bottle cap
train/n02877765/n02877765_3982.JPEG,455,bottle cap
train/n02877765/n02877765_10615.JPEG,455,bottle cap
train/n02877765/n02877765_10507.JPEG,455,bottle cap
train/n02877765/n02877765_12364.JPEG,455,bottle cap
train/n02877765/n02877765_8857.JPEG,455,bottle cap
train/n02877765/n02877765_12494.JPEG,455,bottle cap
train/n02877765/n02877765_11337.JPEG,455,bottle cap
train/n02877765/n02877765_7645.JPEG,455,bottle cap
train/n02877765/n02877765_13337.JPEG,455,bottle cap
train/n02879718/n02879718_8390.JPEG,456,hunting bow
train/n02879718/n02879718_4708.JPEG,456,hunting bow
train/n02879718/n02879718_2935.JPEG,456,hunting bow
train/n02879718/n02879718_4057.JPEG,456,hunting bow
train/n02879718/n02879718_30280.JPEG,456,hunting bow
train/n02879718/n02879718_16332.JPEG,456,hunting bow
train/n02879718/n02879718_14970.JPEG,456,hunting bow
train/n02879718/n02879718_27374.JPEG,456,hunting bow
train/n02879718/n02879718_14386.JPEG,456,hunting bow
train/n02879718/n02879718_22568.JPEG,456,hunting bow
train/n02879718/n02879718_24092.JPEG,456,hunting bow
train/n02879718/n02879718_30869.JPEG,456,hunting bow
train/n02879718/n02879718_8247.JPEG,456,hunting bow
train/n02879718/n02879718_36598.JPEG,456,hunting bow
train/n02879718/n02879718_9243.JPEG,456,hunting bow
train/n02879718/n02879718_30355.JPEG,456,hunting bow
train/n02883205/n02883205_25226.JPEG,457,bow tie
train/n02883205/n02883205_12241.JPEG,457,bow tie
train/n02883205/n02883205_2426.JPEG,457,bow tie
train/n02883205/n02883205_6231.JPEG,457,bow tie
train/n02883205/n02883205_5802.JPEG,457,bow tie
train/n02883205/n02883205_8368.JPEG,457,bow tie
train/n02883205/n02883205_2288.JPEG,457,bow tie
train/n02883205/n02883205_48738.JPEG,457,bow tie
train/n02883205/n02883205_3773.JPEG,457,bow tie
train/n02883205/n02883205_3055.JPEG,457,bow tie
train/n02883205/n02883205_23446.JPEG,457,bow tie
train/n02883205/n02883205_6965.JPEG,457,bow tie
train/n02883205/n02883205_4676.JPEG,457,bow tie
train/n02883205/n02883205_3964.JPEG,457,bow tie
train/n02883205/n02883205_9056.JPEG,457,bow tie
train/n02883205/n02883205_8776.JPEG,457,bow tie
train/n02892201/n02892201_40.JPEG,458,brass memorial plaque
train/n02892201/n02892201_23350.JPEG,458,brass memorial plaque
train/n02892201/n02892201_18153.JPEG,458,brass memorial plaque
train/n02892201/n02892201_30273.JPEG,458,brass memorial plaque
train/n02892201/n02892201_15509.JPEG,458,brass memorial plaque
train/n02892201/n02892201_19423.JPEG,458,brass memorial plaque
train/n02892201/n02892201_34325.JPEG,458,brass memorial plaque
train/n02892201/n02892201_6831.JPEG,458,brass memorial plaque
train/n02892201/n02892201_13289.JPEG,458,brass memorial plaque
train/n02892201/n02892201_47787.JPEG,458,brass memorial plaque
train/n02892201/n02892201_24791.JPEG,458,brass memorial plaque
train/n02892201/n02892201_55298.JPEG,458,brass memorial plaque
train/n02892201/n02892201_30296.JPEG,458,brass memorial plaque
train/n02892201/n02892201_1674.JPEG,458,brass memorial plaque
train/n02892201/n02892201_5841.JPEG,458,brass memorial plaque
train/n02892201/n02892201_2369.JPEG,458,brass memorial plaque
train/n02892767/n02892767_1273.JPEG,459,bra
train/n02892767/n02892767_289.JPEG,459,bra
train/n02892767/n02892767_7413.JPEG,459,bra
train/n02892767/n02892767_28444.JPEG,459,bra
train/n02892767/n02892767_26598.JPEG,459,bra
train/n02892767/n02892767_38570.JPEG,459,bra
train/n02892767/n02892767_30110.JPEG,459,bra
train/n02892767/n02892767_21938.JPEG,459,bra
train/n02892767/n02892767_22378.JPEG,459,bra
train/n02892767/n02892767_13412.JPEG,459,bra
train/n02892767/n02892767_10307.JPEG,459,bra
train/n02892767/n02892767_117.JPEG,459,bra
train/n02892767/n02892767_29522.JPEG,459,bra
train/n02892767/n02892767_19031.JPEG,459,bra
train/n02892767/n02892767_847.JPEG,459,bra
train/n02892767/n02892767_23444.JPEG,459,bra
train/n02894605/n02894605_33202.JPEG,460,breakwater
train/n02894605/n02894605_22885.JPEG,460,breakwater
train/n02894605/n02894605_21659.JPEG,460,breakwater
train/n02894605/n02894605_73757.JPEG,460,breakwater
train/n02894605/n02894605_27023.JPEG,460,breakwater
train/n02894605/n02894605_71106.JPEG,460,breakwater
train/n02894605/n02894605_44782.JPEG,460,breakwater
train/n02894605/n02894605_490.JPEG,460,breakwater
train/n02894605/n02894605_1087.JPEG,460,breakwater
train/n02894605/n02894605_26115.JPEG,460,breakwater
train/n02894605/n02894605_36024.JPEG,460,breakwater
train/n02894605/n02894605_2211.JPEG,460,breakwater
train/n02894605/n02894605_15540.JPEG,460,breakwater
train/n02894605/n02894605_77284.JPEG,460,breakwater
train/n02894605/n02894605_9261.JPEG,460,breakwater
train/n02894605/n02894605_79925.JPEG,460,breakwater
train/n02895154/n02895154_15319.JPEG,461,breastplate
train/n02895154/n02895154_37494.JPEG,461,breastplate
train/n02895154/n02895154_32456.JPEG,461,breastplate
train/n02895154/n02895154_30148.JPEG,461,breastplate
train/n02895154/n02895154_22950.JPEG,461,breastplate
train/n02895154/n02895154_7640.JPEG,461,breastplate
train/n02895154/n02895154_9523.JPEG,461,breastplate
train/n02895154/n02895154_10555.JPEG,461,breastplate
train/n02895154/n02895154_31646.JPEG,461,breastplate
train/n02895154/n02895154_32086.JPEG,461,breastplate
train/n02895154/n02895154_1845.JPEG,461,breastplate
train/n02895154/n02895154_14803.JPEG,461,breastplate
train/n02895154/n02895154_6325.JPEG,461,breastplate
train/n02895154/n02895154_18069.JPEG,461,breastplate
train/n02895154/n02895154_19209.JPEG,461,breastplate
train/n02895154/n02895154_6215.JPEG,461,breastplate
train/n02906734/n02906734_6305.JPEG,462,broom
train/n02906734/n02906734_8220.JPEG,462,broom
train/n02906734/n02906734_7390.JPEG,462,broom
train/n02906734/n02906734_16831.JPEG,462,broom
train/n02906734/n02906734_27502.JPEG,462,broom
train/n02906734/n02906734_20932.JPEG,462,broom
train/n02906734/n02906734_22064.JPEG,462,broom
train/n02906734/n02906734_27303.JPEG,462,broom
train/n02906734/n02906734_22039.JPEG,462,broom
train/n02906734/n02906734_15443.JPEG,462,broom
train/n02906734/n02906734_15521.JPEG,462,broom
train/n02906734/n02906734_23041.JPEG,462,broom
train/n02906734/n02906734_6550.JPEG,462,broom
train/n02906734/n02906734_444.JPEG,462,broom
train/n02906734/n02906734_31239.JPEG,462,broom
train/n02906734/n02906734_13028.JPEG,462,broom
train/n02909870/n02909870_50725.JPEG,463,bucket
train/n02909870/n02909870_49679.JPEG,463,bucket
train/n02909870/n02909870_588.JPEG,463,bucket
train/n02909870/n02909870_44574.JPEG,463,bucket
train/n02909870/n02909870_17093.JPEG,463,bucket
train/n02909870/n02909870_58144.JPEG,463,bucket
train/n02909870/n02909870_24649.JPEG,463,bucket
train/n02909870/n02909870_54896.JPEG,463,bucket
train/n02909870/n02909870_1567.JPEG,463,bucket
train/n02909870/n02909870_16270.JPEG,463,bucket
train/n02909870/n02909870_25480.JPEG,463,bucket
train/n02909870/n02909870_1322.JPEG,463,bucket
train/n02909870/n02909870_37394.JPEG,463,bucket
train/n02909870/n02909870_19054.JPEG,463,bucket
train/n02909870/n02909870_2476.JPEG,463,bucket
train/n02909870/n02909870_23270.JPEG,463,bucket
train/n02910353/n02910353_9267.JPEG,464,buckle
train/n02910353/n02910353_13482.JPEG,464,buckle
train/n02910353/n02910353_7496.JPEG,464,buckle
train/n02910353/n02910353_9974.JPEG,464,buckle
train/n02910353/n02910353_9301.JPEG,464,buckle
train/n02910353/n02910353_10950.JPEG,464,buckle
train/n02910353/n02910353_9474.JPEG,464,buckle
train/n02910353/n02910353_26095.JPEG,464,buckle
train/n02910353/n02910353_14777.JPEG,464,buckle
train/n02910353/n02910353_9458.JPEG,464,buckle
train/n02910353/n02910353_6687.JPEG,464,buckle
train/n02910353/n02910353_3812.JPEG,464,buckle
train/n02910353/n02910353_14056.JPEG,464,buckle
train/n02910353/n02910353_10723.JPEG,464,buckle
train/n02910353/n02910353_6575.JPEG,464,buckle
train/n02910353/n02910353_22817.JPEG,464,buckle
train/n02916936/n02916936_3438.JPEG,465,bulletproof vest
train/n02916936/n02916936_8986.JPEG,465,bulletproof vest
train/n02916936/n02916936_6954.JPEG,465,bulletproof vest
train/n02916936/n02916936_3546.JPEG,465,bulletproof vest
train/n02916936/n02916936_6124.JPEG,465,bulletproof vest
train/n02916936/n02916936_3800.JPEG,465,bulletproof vest
train/n02916936/n02916936_10070.JPEG,465,bulletproof vest
train/n02916936/n02916936_178.JPEG,465,bulletproof vest
train/n02916936/n02916936_11039.JPEG,465,bulletproof vest
train/n02916936/n02916936_7864.JPEG,465,bulletproof vest
train/n02916936/n02916936_4423.JPEG,465,bulletproof vest
train/n02916936/n02916936_3999.JPEG,465,bulletproof vest
train/n02916936/n02916936_10615.JPEG,465,bulletproof vest
train/n02916936/n02916936_730.JPEG,465,bulletproof vest
train/n02916936/n02916936_444.JPEG,465,bulletproof vest
train/n02916936/n02916936_6923.JPEG,465,bulletproof vest
train/n02917067/n02917067_16187.JPEG,466,high-speed train
train/n02917067/n02917067_537.JPEG,466,high-speed train
train/n02917067/n02917067_8146.JPEG,466,high-speed train
train/n02917067/n02917067_13624.JPEG,466,high-speed train
train/n02917067/n02917067_16075.JPEG,466,high-speed train
train/n02917067/n02917067_1375.JPEG,466,high-speed train
train/n02917067/n02917067_4542.JPEG,466,high-speed train
train/n02917067/n02917067_14917.JPEG,466,high-speed train
train/n02917067/n02917067_2022.JPEG,466,high-speed train
train/n02917067/n02917067_11301.JPEG,466,high-speed train
train/n02917067/n02917067_2911.JPEG,466,high-speed train
train/n02917067/n02917067_30177.JPEG,466,high-speed train
train/n02917067/n02917067_6080.JPEG,466,high-speed train
train/n02917067/n02917067_8695.JPEG,466,high-speed train
train/n02917067/n02917067_6353.JPEG,466,high-speed train
train/n02917067/n02917067_16115.JPEG,466,high-speed train
train/n02927161/n02927161_21301.JPEG,467,butcher shop
train/n02927161/n02927161_2093.JPEG,467,butcher shop
train/n02927161/n02927161_12283.JPEG,467,butcher shop
train/n02927161/n02927161_6768.JPEG,467,butcher shop
train/n02927161/n02927161_788.JPEG,467,butcher shop
train/n02927161/n02927161_28151.JPEG,467,butcher shop
train/n02927161/n02927161_2084.JPEG,467,butcher shop
train/n02927161/n02927161_19604.JPEG,467,butcher shop
train/n02927161/n02927161_2397.JPEG,467,butcher shop
train/n02927161/n02927161_42319.JPEG,467,butcher shop
train/n02927161/n02927161_14082.JPEG,467,butcher shop
train/n02927161/n02927161_1549.JPEG,467,butcher shop
train/n02927161/n02927161_15971.JPEG,467,butcher shop
train/n02927161/n02927161_37929.JPEG,467,butcher shop
train/n02927161/n02927161_23248.JPEG,467,butcher shop
train/n02927161/n02927161_7227.JPEG,467,butcher shop
train/n02930766/n02930766_20190.JPEG,468,taxicab
train/n02930766/n02930766_18833.JPEG,468,taxicab
train/n02930766/n02930766_45977.JPEG,468,taxicab
train/n02930766/n02930766_13462.JPEG,468,taxicab
train/n02930766/n02930766_28048.JPEG,468,taxicab
train/n02930766/n02930766_57.JPEG,468,taxicab
train/n02930766/n02930766_51179.JPEG,468,taxicab
train/n02930766/n02930766_59141.JPEG,468,taxicab
train/n02930766/n02930766_42714.JPEG,468,taxicab
train/n02930766/n02930766_12868.JPEG,468,taxicab
train/n02930766/n02930766_11917.JPEG,468,taxicab
train/n02930766/n02930766_7960.JPEG,468,taxicab
train/n02930766/n02930766_20997.JPEG,468,taxicab
train/n02930766/n02930766_57584.JPEG,468,taxicab
train/n02930766/n02930766_2111.JPEG,468,taxicab
train/n02930766/n02930766_41890.JPEG,468,taxicab
train/n02939185/n02939185_5962.JPEG,469,cauldron
train/n02939185/n02939185_7612.JPEG,469,cauldron
train/n02939185/n02939185_1624.JPEG,469,cauldron
train/n02939185/n02939185_2030.JPEG,469,cauldron
train/n02939185/n02939185_23638.JPEG,469,cauldron
train/n02939185/n02939185_32441.JPEG,469,cauldron
train/n02939185/n02939185_24372.JPEG,469,cauldron
train/n02939185/n02939185_19039.JPEG,469,cauldron
train/n02939185/n02939185_14246.JPEG,469,cauldron
train/n02939185/n02939185_40598.JPEG,469,cauldron
train/n02939185/n02939185_18027.JPEG,469,cauldron
train/n02939185/n02939185_14138.JPEG,469,cauldron
train/n02939185/n02939185_20355.JPEG,469,cauldron
train/n02939185/n02939185_14179.JPEG,469,cauldron
train/n02939185/n02939185_3003.JPEG,469,cauldron
train/n02939185/n02939185_38561.JPEG,469,cauldron
train/n02948072/n02948072_53700.JPEG,470,candle
train/n02948072/n02948072_2128.JPEG,470,candle
train/n02948072/n02948072_2105.JPEG,470,candle
train/n02948072/n02948072_33432.JPEG,470,candle
train/n02948072/n02948072_38266.JPEG,470,candle
train/n02948072/n02948072_33475.JPEG,470,candle
train/n02948072/n02948072_6444.JPEG,470,candle
train/n02948072/n02948072_21230.JPEG,470,candle
train/n02948072/n02948072_9334.JPEG,470,candle
train/n02948072/n02948072_11971.JPEG,470,candle
train/n02948072/n02948072_10144.JPEG,470,candle
train/n02948072/n02948072_22740.JPEG,470,candle
train/n02948072/n02948072_46137.JPEG,470,candle
train/n02948072/n02948072_33789.JPEG,470,candle
train/n02948072/n02948072_7991.JPEG,470,candle
train/n02948072/n02948072_31472.JPEG,470,candle
train/n02950826/n02950826_1558.JPEG,471,cannon
train/n02950826/n02950826_41547.JPEG,471,cannon
train/n02950826/n02950826_11471.JPEG,471,cannon
train/n02950826/n02950826_8684.JPEG,471,cannon
train/n02950826/n02950826_11520.JPEG,471,cannon
train/n02950826/n02950826_10502.JPEG,471,cannon
train/n02950826/n02950826_39416.JPEG,471,cannon
train/n02950826/n02950826_16683.JPEG,471,cannon
train/n02950826/n02950826_9471.JPEG,471,cannon
train/n02950826/n02950826_28692.JPEG,471,cannon
train/n02950826/n02950826_5559.JPEG,471,cannon
train/n02950826/n02950826_13498.JPEG,471,cannon
train/n02950826/n02950826_13019.JPEG,471,cannon
train/n02950826/n02950826_13113.JPEG,471,cannon
train/n02950826/n02950826_6484.JPEG,471,cannon
train/n02950826/n02950826_9650.JPEG,471,cannon
train/n02951358/n02951358_31517.JPEG,472,canoe
train/n02951358/n02951358_3046.JPEG,472,canoe
train/n02951358/n02951358_10219.JPEG,472,canoe
train/n02951358/n02951358_13741.JPEG,472,canoe
train/n02951358/n02951358_29756.JPEG,472,canoe
train/n02951358/n02951358_8277.JPEG,472,canoe
train/n02951358/n02951358_23544.JPEG,472,canoe
train/n02951358/n02951358_6432.JPEG,472,canoe
train/n02951358/n02951358_2441.JPEG,472,canoe
train/n02951358/n02951358_853.JPEG,472,canoe
train/n02951358/n02951358_4551.JPEG,472,canoe
train/n02951358/n02951358_20379.JPEG,472,canoe
train/n02951358/n02951358_34926.JPEG,472,canoe
train/n02951358/n02951358_17867.JPEG,472,canoe
train/n02951358/n02951358_4810.JPEG,472,canoe
train/n02951358/n02951358_3323.JPEG,472,canoe
train/n02951585/n02951585_21658.JPEG,473,can opener
train/n02951585/n02951585_25713.JPEG,473,can opener
train/n02951585/n02951585_2462.JPEG,473,can opener
train/n02951585/n02951585_1793.JPEG,473,can opener
train/n02951585/n02951585_10803.JPEG,473,can opener
train/n02951585/n02951585_8277.JPEG,473,can opener
train/n02951585/n02951585_12272.JPEG,473,can opener
train/n02951585/n02951585_20742.JPEG,473,can opener
train/n02951585/n02951585_8122.JPEG,473,can opener
train/n02951585/n02951585_5907.JPEG,473,can opener
train/n02951585/n02951585_5148.JPEG,473,can opener
train/n02951585/n02951585_7391.JPEG,473,can opener
train/n02951585/n02951585_22442.JPEG,473,can opener
train/n02951585/n02951585_91.JPEG,473,can opener
train/n02951585/n02951585_18460.JPEG,473,can opener
train/n02951585/n02951585_17623.JPEG,473,can opener
train/n02963159/n02963159_20136.JPEG,474,cardigan
train/n02963159/n02963159_12964.JPEG,474,cardigan
train/n02963159/n02963159_10329.JPEG,474,cardigan
train/n02963159/n02963159_8184.JPEG,474,cardigan
train/n02963159/n02963159_2525.JPEG,474,cardigan
train/n02963159/n02963159_2262.JPEG,474,cardigan
train/n02963159/n02963159_7650.JPEG,474,cardigan
train/n02963159/n02963159_20407.JPEG,474,cardigan
train/n02963159/n02963159_1635.JPEG,474,cardigan
train/n02963159/n02963159_7843.JPEG,474,cardigan
train/n02963159/n02963159_10413.JPEG,474,cardigan
train/n02963159/n02963159_19863.JPEG,474,cardigan
train/n02963159/n02963159_28095.JPEG,474,cardigan
train/n02963159/n02963159_10731.JPEG,474,cardigan
train/n02963159/n02963159_1186.JPEG,474,cardigan
train/n02963159/n02963159_4178.JPEG,474,cardigan
train/n02965783/n02965783_1886.JPEG,475,car mirror
train/n02965783/n02965783_960.JPEG,475,car mirror
train/n02965783/n02965783_13773.JPEG,475,car mirror
train/n02965783/n02965783_4110.JPEG,475,car mirror
train/n02965783/n02965783_5445.JPEG,475,car mirror
train/n02965783/n02965783_10441.JPEG,475,car mirror
train/n02965783/n02965783_5778.JPEG,475,car mirror
train/n02965783/n02965783_5059.JPEG,475,car mirror
train/n02965783/n02965783_7393.JPEG,475,car mirror
train/n02965783/n02965783_642.JPEG,475,car mirror
train/n02965783/n02965783_53.JPEG,475,car mirror
train/n02965783/n02965783_4376.JPEG,475,car mirror
train/n02965783/n02965783_7475.JPEG,475,car mirror
train/n02965783/n02965783_6410.JPEG,475,car mirror
train/n02965783/n02965783_4521.JPEG,475,car mirror
train/n02965783/n02965783_7035.JPEG,475,car mirror
train/n02966193/n02966193_4345.JPEG,476,carousel
train/n02966193/n02966193_17313.JPEG,476,carousel
train/n02966193/n02966193_26651.JPEG,476,carousel
train/n02966193/n02966193_41621.JPEG,476,carousel
train/n02966193/n02966193_13919.JPEG,476,carousel
train/n02966193/n02966193_21362.JPEG,476,carousel
train/n02966193/n02966193_36258.JPEG,476,carousel
train/n02966193/n02966193_37958.JPEG,476,carousel
train/n02966193/n02966193_36406.JPEG,476,carousel
train/n02966193/n02966193_32292.JPEG,476,carousel
train/n02966193/n02966193_21780.JPEG,476,carousel
train/n02966193/n02966193_31727.JPEG,476,carousel
train/n02966193/n02966193_21294.JPEG,476,carousel
train/n02966193/n02966193_21734.JPEG,476,carousel
train/n02966193/n02966193_3531.JPEG,476,carousel
train/n02966193/n02966193_42175.JPEG,476,carousel
train/n02966687/n02966687_10997.JPEG,477,tool kit
train/n02966687/n02966687_5635.JPEG,477,tool kit
train/n02966687/n02966687_8480.JPEG,477,tool kit
train/n02966687/n02966687_6042.JPEG,477,tool kit
train/n02966687/n02966687_1155.JPEG,477,tool kit
train/n02966687/n02966687_16824.JPEG,477,tool kit
train/n02966687/n02966687_4246.JPEG,477,tool kit
train/n02966687/n02966687_8402.JPEG,477,tool kit
train/n02966687/n02966687_13650.JPEG,477,tool kit
train/n02966687/n02966687_7200.JPEG,477,tool kit
train/n02966687/n02966687_10883.JPEG,477,tool kit
train/n02966687/n02966687_13538.JPEG,477,tool kit
train/n02966687/n02966687_10015.JPEG,477,tool kit
train/n02966687/n02966687_666.JPEG,477,tool kit
train/n02966687/n02966687_580.JPEG,477,tool kit
train/n02966687/n02966687_13632.JPEG,477,tool kit
train/n02971356/n02971356_7694.JPEG,478,cardboard box / carton
train/n02971356/n02971356_25735.JPEG,478,cardboard box / carton
train/n02971356/n02971356_6646.JPEG,478,cardboard box / carton
train/n02971356/n02971356_23051.JPEG,478,cardboard box / carton
train/n02971356/n02971356_36326.JPEG,478,cardboard box / carton
train/n02971356/n02971356_26258.JPEG,478,cardboard box / carton
train/n02971356/n02971356_28838.JPEG,478,cardboard box / carton
train/n02971356/n02971356_12906.JPEG,478,cardboard box / carton
train/n02971356/n02971356_3441.JPEG,478,cardboard box / carton
train/n02971356/n02971356_10670.JPEG,478,cardboard box / carton
train/n02971356/n02971356_10412.JPEG,478,cardboard box / carton
train/n02971356/n02971356_17865.JPEG,478,cardboard box / carton
train/n02971356/n02971356_2965.JPEG,478,cardboard box / carton
train/n02971356/n02971356_32330.JPEG,478,cardboard box / carton
train/n02971356/n02971356_3650.JPEG,478,cardboard box / carton
train/n02971356/n02971356_8019.JPEG,478,cardboard box / carton
train/n02974003/n02974003_745.JPEG,479,car wheel
train/n02974003/n02974003_514.JPEG,479,car wheel
train/n02974003/n02974003_4727.JPEG,479,car wheel
train/n02974003/n02974003_1118.JPEG,479,car wheel
train/n02974003/n02974003_7898.JPEG,479,car wheel
train/n02974003/n02974003_392.JPEG,479,car wheel
train/n02974003/n02974003_4836.JPEG,479,car wheel
train/n02974003/n02974003_10125.JPEG,479,car wheel
train/n02974003/n02974003_8999.JPEG,479,car wheel
train/n02974003/n02974003_6336.JPEG,479,car wheel
train/n02974003/n02974003_5312.JPEG,479,car wheel
train/n02974003/n02974003_7965.JPEG,479,car wheel
train/n02974003/n02974003_8609.JPEG,479,car wheel
train/n02974003/n02974003_2052.JPEG,479,car wheel
train/n02974003/n02974003_9129.JPEG,479,car wheel
train/n02974003/n02974003_11979.JPEG,479,car wheel
train/n02977058/n02977058_19707.JPEG,480,automated teller machine
train/n02977058/n02977058_16601.JPEG,480,automated teller machine
train/n02977058/n02977058_4700.JPEG,480,automated teller machine
train/n02977058/n02977058_24868.JPEG,480,automated teller machine
train/n02977058/n02977058_45455.JPEG,480,automated teller machine
train/n02977058/n02977058_8423.JPEG,480,automated teller machine
train/n02977058/n02977058_26279.JPEG,480,automated teller machine
train/n02977058/n02977058_22970.JPEG,480,automated teller machine
train/n02977058/n02977058_24059.JPEG,480,automated teller machine
train/n02977058/n02977058_5041.JPEG,480,automated teller machine
train/n02977058/n02977058_20140.JPEG,480,automated teller machine
train/n02977058/n02977058_5572.JPEG,480,automated teller machine
train/n02977058/n02977058_27335.JPEG,480,automated teller machine
train/n02977058/n02977058_9918.JPEG,480,automated teller machine
train/n02977058/n02977058_19918.JPEG,480,automated teller machine
train/n02977058/n02977058_18324.JPEG,480,automated teller machine
train/n02978881/n02978881_10142.JPEG,481,cassette
train/n02978881/n02978881_1367.JPEG,481,cassette
train/n02978881/n02978881_13603.JPEG,481,cassette
train/n02978881/n02978881_15116.JPEG,481,cassette
train/n02978881/n02978881_12877.JPEG,481,cassette
train/n02978881/n02978881_7629.JPEG,481,cassette
train/n02978881/n02978881_6946.JPEG,481,cassette
train/n02978881/n02978881_8444.JPEG,481,cassette
train/n02978881/n02978881_8629.JPEG,481,cassette
train/n02978881/n02978881_10393.JPEG,481,cassette
train/n02978881/n02978881_498.JPEG,481,cassette
train/n02978881/n02978881_2972.JPEG,481,cassette
train/n02978881/n02978881_12658.JPEG,481,cassette
train/n02978881/n02978881_5958.JPEG,481,cassette
train/n02978881/n02978881_20930.JPEG,481,cassette
train/n02978881/n02978881_607.JPEG,481,cassette
train/n02979186/n02979186_25159.JPEG,482,cassette player
train/n02979186/n02979186_16077.JPEG,482,cassette player
train/n02979186/n02979186_19582.JPEG,482,cassette player
train/n02979186/n02979186_22845.JPEG,482,cassette player
train/n02979186/n02979186_5079.JPEG,482,cassette player
train/n02979186/n02979186_40.JPEG,482,cassette player
train/n02979186/n02979186_2552.JPEG,482,cassette player
train/n02979186/n02979186_6558.JPEG,482,cassette player
train/n02979186/n02979186_2548.JPEG,482,cassette player
train/n02979186/n02979186_8092.JPEG,482,cassette player
train/n02979186/n02979186_15777.JPEG,482,cassette player
train/n02979186/n02979186_17757.JPEG,482,cassette player
train/n02979186/n02979186_3716.JPEG,482,cassette player
train/n02979186/n02979186_78.JPEG,482,cassette player
train/n02979186/n02979186_2029.JPEG,482,cassette player
train/n02979186/n02979186_10111.JPEG,482,cassette player
train/n02980441/n02980441_4477.JPEG,483,castle
train/n02980441/n02980441_6087.JPEG,483,castle
train/n02980441/n02980441_18340.JPEG,483,castle
train/n02980441/n02980441_13125.JPEG,483,castle
train/n02980441/n02980441_14884.JPEG,483,castle
train/n02980441/n02980441_25031.JPEG,483,castle
train/n02980441/n02980441_1405.JPEG,483,castle
train/n02980441/n02980441_18189.JPEG,483,castle
train/n02980441/n02980441_6736.JPEG,483,castle
train/n02980441/n02980441_10567.JPEG,483,castle
train/n02980441/n02980441_9896.JPEG,483,castle
train/n02980441/n02980441_540.JPEG,483,castle
train/n02980441/n02980441_5612.JPEG,483,castle
train/n02980441/n02980441_5026.JPEG,483,castle
train/n02980441/n02980441_5739.JPEG,483,castle
train/n02980441/n02980441_14056.JPEG,483,castle
train/n02981792/n02981792_18114.JPEG,484,catamaran
train/n02981792/n02981792_4295.JPEG,484,catamaran
train/n02981792/n02981792_3595.JPEG,484,catamaran
train/n02981792/n02981792_26927.JPEG,484,catamaran
train/n02981792/n02981792_3226.JPEG,484,catamaran
train/n02981792/n02981792_25348.JPEG,484,catamaran
train/n02981792/n02981792_12624.JPEG,484,catamaran
train/n02981792/n02981792_2982.JPEG,484,catamaran
train/n02981792/n02981792_14844.JPEG,484,catamaran
train/n02981792/n02981792_17458.JPEG,484,catamaran
train/n02981792/n02981792_12653.JPEG,484,catamaran
train/n02981792/n02981792_5709.JPEG,484,catamaran
train/n02981792/n02981792_10980.JPEG,484,catamaran
train/n02981792/n02981792_1916.JPEG,484,catamaran
train/n02981792/n02981792_2304.JPEG,484,catamaran
train/n02981792/n02981792_3514.JPEG,484,catamaran
train/n02988304/n02988304_14942.JPEG,485,CD player
train/n02988304/n02988304_4175.JPEG,485,CD player
train/n02988304/n02988304_7505.JPEG,485,CD player
train/n02988304/n02988304_8125.JPEG,485,CD player
train/n02988304/n02988304_6462.JPEG,485,CD player
train/n02988304/n02988304_1905.JPEG,485,CD player
train/n02988304/n02988304_14601.JPEG,485,CD player
train/n02988304/n02988304_3035.JPEG,485,CD player
train/n02988304/n02988304_16541.JPEG,485,CD player
train/n02988304/n02988304_1092.JPEG,485,CD player
train/n02988304/n02988304_2155.JPEG,485,CD player
train/n02988304/n02988304_8715.JPEG,485,CD player
train/n02988304/n02988304_1208.JPEG,485,CD player
train/n02988304/n02988304_11538.JPEG,485,CD player
train/n02988304/n02988304_115.JPEG,485,CD player
train/n02988304/n02988304_1192.JPEG,485,CD player
train/n02992211/n02992211_16728.JPEG,486,cello
train/n02992211/n02992211_30407.JPEG,486,cello
train/n02992211/n02992211_3049.JPEG,486,cello
train/n02992211/n02992211_13504.JPEG,486,cello
train/n02992211/n02992211_26007.JPEG,486,cello
train/n02992211/n02992211_1799.JPEG,486,cello
train/n02992211/n02992211_26721.JPEG,486,cello
train/n02992211/n02992211_21550.JPEG,486,cello
train/n02992211/n02992211_27902.JPEG,486,cello
train/n02992211/n02992211_15897.JPEG,486,cello
train/n02992211/n02992211_29093.JPEG,486,cello
train/n02992211/n02992211_33847.JPEG,486,cello
train/n02992211/n02992211_38870.JPEG,486,cello
train/n02992211/n02992211_34888.JPEG,486,cello
train/n02992211/n02992211_29619.JPEG,486,cello
train/n02992211/n02992211_24156.JPEG,486,cello
train/n02992529/n02992529_39445.JPEG,487,mobile phone
train/n02992529/n02992529_47852.JPEG,487,mobile phone
train/n02992529/n02992529_1905.JPEG,487,mobile phone
train/n02992529/n02992529_16825.JPEG,487,mobile phone
train/n02992529/n02992529_48049.JPEG,487,mobile phone
train/n02992529/n02992529_517.JPEG,487,mobile phone
train/n02992529/n02992529_35730.JPEG,487,mobile phone
train/n02992529/n02992529_24385.JPEG,487,mobile phone
train/n02992529/n02992529_1322.JPEG,487,mobile phone
train/n02992529/n02992529_12707.JPEG,487,mobile phone
train/n02992529/n02992529_13213.JPEG,487,mobile phone
train/n02992529/n02992529_21318.JPEG,487,mobile phone
train/n02992529/n02992529_28057.JPEG,487,mobile phone
train/n02992529/n02992529_16021.JPEG,487,mobile phone
train/n02992529/n02992529_6991.JPEG,487,mobile phone
train/n02992529/n02992529_54460.JPEG,487,mobile phone
train/n02999410/n02999410_25005.JPEG,488,chain
train/n02999410/n02999410_15904.JPEG,488,chain
train/n02999410/n02999410_3383.JPEG,488,chain
train/n02999410/n02999410_12021.JPEG,488,chain
train/n02999410/n02999410_7718.JPEG,488,chain
train/n02999410/n02999410_6245.JPEG,488,chain
train/n02999410/n02999410_25681.JPEG,488,chain
train/n02999410/n02999410_37554.JPEG,488,chain
train/n02999410/n02999410_12566.JPEG,488,chain
train/n02999410/n02999410_9545.JPEG,488,chain
train/n02999410/n02999410_3242.JPEG,488,chain
train/n02999410/n02999410_11738.JPEG,488,chain
train/n02999410/n02999410_11894.JPEG,488,chain
train/n02999410/n02999410_46875.JPEG,488,chain
train/n02999410/n02999410_8250.JPEG,488,chain
train/n02999410/n02999410_12361.JPEG,488,chain
train/n03000134/n03000134_3752.JPEG,489,chain-link fence
train/n03000134/n03000134_2635.JPEG,489,chain-link fence
train/n03000134/n03000134_482.JPEG,489,chain-link fence
train/n03000134/n03000134_881.JPEG,489,chain-link fence
train/n03000134/n03000134_2557.JPEG,489,chain-link fence
train/n03000134/n03000134_2957.JPEG,489,chain-link fence
train/n03000134/n03000134_2870.JPEG,489,chain-link fence
train/n03000134/n03000134_2108.JPEG,489,chain-link fence
train/n03000134/n03000134_873.JPEG,489,chain-link fence
train/n03000134/n03000134_1753.JPEG,489,chain-link fence
train/n03000134/n03000134_721.JPEG,489,chain-link fence
train/n03000134/n03000134_5016.JPEG,489,chain-link fence
train/n03000134/n03000134_1198.JPEG,489,chain-link fence
train/n03000134/n03000134_1838.JPEG,489,chain-link fence
train/n03000134/n03000134_411.JPEG,489,chain-link fence
train/n03000134/n03000134_1453.JPEG,489,chain-link fence
train/n03000247/n03000247_35350.JPEG,490,chain mail
train/n03000247/n03000247_64511.JPEG,490,chain mail
train/n03000247/n03000247_7484.JPEG,490,chain mail
train/n03000247/n03000247_38180.JPEG,490,chain mail
train/n03000247/n03000247_21162.JPEG,490,chain mail
train/n03000247/n03000247_17252.JPEG,490,chain mail
train/n03000247/n03000247_10746.JPEG,490,chain mail
train/n03000247/n03000247_21246.JPEG,490,chain mail
train/n03000247/n03000247_30511.JPEG,490,chain mail
train/n03000247/n03000247_17705.JPEG,490,chain mail
train/n03000247/n03000247_16618.JPEG,490,chain mail
train/n03000247/n03000247_11462.JPEG,490,chain mail
train/n03000247/n03000247_24845.JPEG,490,chain mail
train/n03000247/n03000247_20483.JPEG,490,chain mail
train/n03000247/n03000247_42356.JPEG,490,chain mail
train/n03000247/n03000247_69912.JPEG,490,chain mail
train/n03000684/n03000684_1126.JPEG,491,chainsaw
train/n03000684/n03000684_20985.JPEG,491,chainsaw
train/n03000684/n03000684_16374.JPEG,491,chainsaw
train/n03000684/n03000684_3359.JPEG,491,chainsaw
train/n03000684/n03000684_1818.JPEG,491,chainsaw
train/n03000684/n03000684_1148.JPEG,491,chainsaw
train/n03000684/n03000684_1310.JPEG,491,chainsaw
train/n03000684/n03000684_29900.JPEG,491,chainsaw
train/n03000684/n03000684_12848.JPEG,491,chainsaw
train/n03000684/n03000684_25409.JPEG,491,chainsaw
train/n03000684/n03000684_15034.JPEG,491,chainsaw
train/n03000684/n03000684_29062.JPEG,491,chainsaw
train/n03000684/n03000684_3135.JPEG,491,chainsaw
train/n03000684/n03000684_14740.JPEG,491,chainsaw
train/n03000684/n03000684_29697.JPEG,491,chainsaw
train/n03000684/n03000684_25406.JPEG,491,chainsaw
train/n03014705/n03014705_5983.JPEG,492,storage chest
train/n03014705/n03014705_16344.JPEG,492,storage chest
train/n03014705/n03014705_1430.JPEG,492,storage chest
train/n03014705/n03014705_63287.JPEG,492,storage chest
train/n03014705/n03014705_11597.JPEG,492,storage chest
train/n03014705/n03014705_4012.JPEG,492,storage chest
train/n03014705/n03014705_1706.JPEG,492,storage chest
train/n03014705/n03014705_19821.JPEG,492,storage chest
train/n03014705/n03014705_17720.JPEG,492,storage chest
train/n03014705/n03014705_67.JPEG,492,storage chest
train/n03014705/n03014705_22356.JPEG,492,storage chest
train/n03014705/n03014705_60958.JPEG,492,storage chest
train/n03014705/n03014705_39986.JPEG,492,storage chest
train/n03014705/n03014705_16370.JPEG,492,storage chest
train/n03014705/n03014705_17705.JPEG,492,storage chest
train/n03014705/n03014705_9769.JPEG,492,storage chest
train/n03016953/n03016953_2785.JPEG,493,chiffonier
train/n03016953/n03016953_3528.JPEG,493,chiffonier
train/n03016953/n03016953_2230.JPEG,493,chiffonier
train/n03016953/n03016953_14971.JPEG,493,chiffonier
train/n03016953/n03016953_3281.JPEG,493,chiffonier
train/n03016953/n03016953_384.JPEG,493,chiffonier
train/n03016953/n03016953_37263.JPEG,493,chiffonier
train/n03016953/n03016953_10915.JPEG,493,chiffonier
train/n03016953/n03016953_11882.JPEG,493,chiffonier
train/n03016953/n03016953_4714.JPEG,493,chiffonier
train/n03016953/n03016953_41743.JPEG,493,chiffonier
train/n03016953/n03016953_15909.JPEG,493,chiffonier
train/n03016953/n03016953_31944.JPEG,493,chiffonier
train/n03016953/n03016953_14008.JPEG,493,chiffonier
train/n03016953/n03016953_6637.JPEG,493,chiffonier
train/n03016953/n03016953_9450.JPEG,493,chiffonier
train/n03017168/n03017168_7785.JPEG,494,bell or wind chime
train/n03017168/n03017168_3154.JPEG,494,bell or wind chime
train/n03017168/n03017168_35626.JPEG,494,bell or wind chime
train/n03017168/n03017168_79179.JPEG,494,bell or wind chime
train/n03017168/n03017168_1644.JPEG,494,bell or wind chime
train/n03017168/n03017168_11742.JPEG,494,bell or wind chime
train/n03017168/n03017168_46008.JPEG,494,bell or wind chime
train/n03017168/n03017168_29612.JPEG,494,bell or wind chime
train/n03017168/n03017168_15719.JPEG,494,bell or wind chime
train/n03017168/n03017168_4348.JPEG,494,bell or wind chime
train/n03017168/n03017168_9003.JPEG,494,bell or wind chime
train/n03017168/n03017168_50246.JPEG,494,bell or wind chime
train/n03017168/n03017168_34544.JPEG,494,bell or wind chime
train/n03017168/n03017168_27566.JPEG,494,bell or wind chime
train/n03017168/n03017168_22114.JPEG,494,bell or wind chime
train/n03017168/n03017168_8001.JPEG,494,bell or wind chime
train/n03018349/n03018349_20316.JPEG,495,china cabinet
train/n03018349/n03018349_17548.JPEG,495,china cabinet
train/n03018349/n03018349_4235.JPEG,495,china cabinet
train/n03018349/n03018349_2714.JPEG,495,china cabinet
train/n03018349/n03018349_5980.JPEG,495,china cabinet
train/n03018349/n03018349_4252.JPEG,495,china cabinet
train/n03018349/n03018349_3785.JPEG,495,china cabinet
train/n03018349/n03018349_5055.JPEG,495,china cabinet
train/n03018349/n03018349_20845.JPEG,495,china cabinet
train/n03018349/n03018349_12364.JPEG,495,china cabinet
train/n03018349/n03018349_1247.JPEG,495,china cabinet
train/n03018349/n03018349_9961.JPEG,495,china cabinet
train/n03018349/n03018349_8864.JPEG,495,china cabinet
train/n03018349/n03018349_17558.JPEG,495,china cabinet
train/n03018349/n03018349_7300.JPEG,495,china cabinet
train/n03018349/n03018349_7576.JPEG,495,china cabinet
train/n03026506/n03026506_1089.JPEG,496,Christmas stocking
train/n03026506/n03026506_4637.JPEG,496,Christmas stocking
train/n03026506/n03026506_1157.JPEG,496,Christmas stocking
train/n03026506/n03026506_883.JPEG,496,Christmas stocking
train/n03026506/n03026506_5669.JPEG,496,Christmas stocking
train/n03026506/n03026506_1937.JPEG,496,Christmas stocking
train/n03026506/n03026506_7261.JPEG,496,Christmas stocking
train/n03026506/n03026506_3519.JPEG,496,Christmas stocking
train/n03026506/n03026506_3098.JPEG,496,Christmas stocking
train/n03026506/n03026506_4848.JPEG,496,Christmas stocking
train/n03026506/n03026506_474.JPEG,496,Christmas stocking
train/n03026506/n03026506_6199.JPEG,496,Christmas stocking
train/n03026506/n03026506_5938.JPEG,496,Christmas stocking
train/n03026506/n03026506_1403.JPEG,496,Christmas stocking
train/n03026506/n03026506_2145.JPEG,496,Christmas stocking
train/n03026506/n03026506_6182.JPEG,496,Christmas stocking
train/n03028079/n03028079_1075.JPEG,497,church
train/n03028079/n03028079_8599.JPEG,497,church
train/n03028079/n03028079_28521.JPEG,497,church
train/n03028079/n03028079_36686.JPEG,497,church
train/n03028079/n03028079_13439.JPEG,497,church
train/n03028079/n03028079_4727.JPEG,497,church
train/n03028079/n03028079_9283.JPEG,497,church
train/n03028079/n03028079_11276.JPEG,497,church
train/n03028079/n03028079_6373.JPEG,497,church
train/n03028079/n03028079_12426.JPEG,497,church
train/n03028079/n03028079_3497.JPEG,497,church
train/n03028079/n03028079_30503.JPEG,497,church
train/n03028079/n03028079_12827.JPEG,497,church
train/n03028079/n03028079_43123.JPEG,497,church
train/n03028079/n03028079_5619.JPEG,497,church
train/n03028079/n03028079_29963.JPEG,497,church
train/n03032252/n03032252_17433.JPEG,498,movie theater
train/n03032252/n03032252_2529.JPEG,498,movie theater
train/n03032252/n03032252_8858.JPEG,498,movie theater
train/n03032252/n03032252_25295.JPEG,498,movie theater
train/n03032252/n03032252_90057.JPEG,498,movie theater
train/n03032252/n03032252_57924.JPEG,498,movie theater
train/n03032252/n03032252_4474.JPEG,498,movie theater
train/n03032252/n03032252_94652.JPEG,498,movie theater
train/n03032252/n03032252_20088.JPEG,498,movie theater
train/n03032252/n03032252_30367.JPEG,498,movie theater
train/n03032252/n03032252_2451.JPEG,498,movie theater
train/n03032252/n03032252_33766.JPEG,498,movie theater
train/n03032252/n03032252_80931.JPEG,498,movie theater
train/n03032252/n03032252_20354.JPEG,498,movie theater
train/n03032252/n03032252_31011.JPEG,498,movie theater
train/n03032252/n03032252_10141.JPEG,498,movie theater
train/n03041632/n03041632_21170.JPEG,499,cleaver
train/n03041632/n03041632_7380.JPEG,499,cleaver
train/n03041632/n03041632_81004.JPEG,499,cleaver
train/n03041632/n03041632_35039.JPEG,499,cleaver
train/n03041632/n03041632_27681.JPEG,499,cleaver
train/n03041632/n03041632_36834.JPEG,499,cleaver
train/n03041632/n03041632_41348.JPEG,499,cleaver
train/n03041632/n03041632_45547.JPEG,499,cleaver
train/n03041632/n03041632_41406.JPEG,499,cleaver
train/n03041632/n03041632_49606.JPEG,499,cleaver
train/n03041632/n03041632_13612.JPEG,499,cleaver
train/n03041632/n03041632_40109.JPEG,499,cleaver
train/n03041632/n03041632_49588.JPEG,499,cleaver
train/n03041632/n03041632_27409.JPEG,499,cleaver
train/n03041632/n03041632_29037.JPEG,499,cleaver
train/n03041632/n03041632_51744.JPEG,499,cleaver
train/n03042490/n03042490_11411.JPEG,500,cliff dwelling
train/n03042490/n03042490_8178.JPEG,500,cliff dwelling
train/n03042490/n03042490_7325.JPEG,500,cliff dwelling
train/n03042490/n03042490_1855.JPEG,500,cliff dwelling
train/n03042490/n03042490_1558.JPEG,500,cliff dwelling
train/n03042490/n03042490_3646.JPEG,500,cliff dwelling
train/n03042490/n03042490_15038.JPEG,500,cliff dwelling
train/n03042490/n03042490_5512.JPEG,500,cliff dwelling
train/n03042490/n03042490_10804.JPEG,500,cliff dwelling
train/n03042490/n03042490_5904.JPEG,500,cliff dwelling
train/n03042490/n03042490_3750.JPEG,500,cliff dwelling
train/n03042490/n03042490_307.JPEG,500,cliff dwelling
train/n03042490/n03042490_2634.JPEG,500,cliff dwelling
train/n03042490/n03042490_4175.JPEG,500,cliff dwelling
train/n03042490/n03042490_3679.JPEG,500,cliff dwelling
train/n03042490/n03042490_1602.JPEG,500,cliff dwelling
train/n03045698/n03045698_6666.JPEG,501,cloak
train/n03045698/n03045698_4084.JPEG,501,cloak
train/n03045698/n03045698_923.JPEG,501,cloak
train/n03045698/n03045698_6338.JPEG,501,cloak
train/n03045698/n03045698_581.JPEG,501,cloak
train/n03045698/n03045698_1763.JPEG,501,cloak
train/n03045698/n03045698_870.JPEG,501,cloak
train/n03045698/n03045698_3318.JPEG,501,cloak
train/n03045698/n03045698_10594.JPEG,501,cloak
train/n03045698/n03045698_6463.JPEG,501,cloak
train/n03045698/n03045698_7403.JPEG,501,cloak
train/n03045698/n03045698_1249.JPEG,501,cloak
train/n03045698/n03045698_6307.JPEG,501,cloak
train/n03045698/n03045698_17165.JPEG,501,cloak
train/n03045698/n03045698_3719.JPEG,501,cloak
train/n03045698/n03045698_3560.JPEG,501,cloak
train/n03047690/n03047690_20413.JPEG,502,clogs
train/n03047690/n03047690_25464.JPEG,502,clogs
train/n03047690/n03047690_3278.JPEG,502,clogs
train/n03047690/n03047690_17851.JPEG,502,clogs
train/n03047690/n03047690_12883.JPEG,502,clogs
train/n03047690/n03047690_22280.JPEG,502,clogs
train/n03047690/n03047690_40933.JPEG,502,clogs
train/n03047690/n03047690_21013.JPEG,502,clogs
train/n03047690/n03047690_29414.JPEG,502,clogs
train/n03047690/n03047690_46100.JPEG,502,clogs
train/n03047690/n03047690_30935.JPEG,502,clogs
train/n03047690/n03047690_15795.JPEG,502,clogs
train/n03047690/n03047690_21599.JPEG,502,clogs
train/n03047690/n03047690_21500.JPEG,502,clogs
train/n03047690/n03047690_30680.JPEG,502,clogs
train/n03047690/n03047690_11025.JPEG,502,clogs
train/n03062245/n03062245_15409.JPEG,503,cocktail shaker
train/n03062245/n03062245_14804.JPEG,503,cocktail shaker
train/n03062245/n03062245_12807.JPEG,503,cocktail shaker
train/n03062245/n03062245_3123.JPEG,503,cocktail shaker
train/n03062245/n03062245_9587.JPEG,503,cocktail shaker
train/n03062245/n03062245_1186.JPEG,503,cocktail shaker
train/n03062245/n03062245_6595.JPEG,503,cocktail shaker
train/n03062245/n03062245_11234.JPEG,503,cocktail shaker
train/n03062245/n03062245_2112.JPEG,503,cocktail shaker
train/n03062245/n03062245_780.JPEG,503,cocktail shaker
train/n03062245/n03062245_14989.JPEG,503,cocktail shaker
train/n03062245/n03062245_13608.JPEG,503,cocktail shaker
train/n03062245/n03062245_4050.JPEG,503,cocktail shaker
train/n03062245/n03062245_15914.JPEG,503,cocktail shaker
train/n03062245/n03062245_305.JPEG,503,cocktail shaker
train/n03062245/n03062245_4078.JPEG,503,cocktail shaker
train/n03063599/n03063599_1960.JPEG,504,coffee mug
train/n03063599/n03063599_723.JPEG,504,coffee mug
train/n03063599/n03063599_2975.JPEG,504,coffee mug
train/n03063599/n03063599_3204.JPEG,504,coffee mug
train/n03063599/n03063599_2259.JPEG,504,coffee mug
train/n03063599/n03063599_371.JPEG,504,coffee mug
train/n03063599/n03063599_2210.JPEG,504,coffee mug
train/n03063599/n03063599_4075.JPEG,504,coffee mug
train/n03063599/n03063599_3770.JPEG,504,coffee mug
train/n03063599/n03063599_594.JPEG,504,coffee mug
train/n03063599/n03063599_3729.JPEG,504,coffee mug
train/n03063599/n03063599_3904.JPEG,504,coffee mug
train/n03063599/n03063599_4875.JPEG,504,coffee mug
train/n03063599/n03063599_3945.JPEG,504,coffee mug
train/n03063599/n03063599_2423.JPEG,504,coffee mug
train/n03063599/n03063599_3743.JPEG,504,coffee mug
train/n03063689/n03063689_12787.JPEG,505,coffeemaker
train/n03063689/n03063689_25246.JPEG,505,coffeemaker
train/n03063689/n03063689_9928.JPEG,505,coffeemaker
train/n03063689/n03063689_7296.JPEG,505,coffeemaker
train/n03063689/n03063689_9318.JPEG,505,coffeemaker
train/n03063689/n03063689_10542.JPEG,505,coffeemaker
train/n03063689/n03063689_13281.JPEG,505,coffeemaker
train/n03063689/n03063689_5147.JPEG,505,coffeemaker
train/n03063689/n03063689_3610.JPEG,505,coffeemaker
train/n03063689/n03063689_2175.JPEG,505,coffeemaker
train/n03063689/n03063689_16551.JPEG,505,coffeemaker
train/n03063689/n03063689_9459.JPEG,505,coffeemaker
train/n03063689/n03063689_14044.JPEG,505,coffeemaker
train/n03063689/n03063689_16045.JPEG,505,coffeemaker
train/n03063689/n03063689_21083.JPEG,505,coffeemaker
train/n03063689/n03063689_177.JPEG,505,coffeemaker
train/n03065424/n03065424_14028.JPEG,506,spiral or coil
train/n03065424/n03065424_14398.JPEG,506,spiral or coil
train/n03065424/n03065424_32888.JPEG,506,spiral or coil
train/n03065424/n03065424_20596.JPEG,506,spiral or coil
train/n03065424/n03065424_40739.JPEG,506,spiral or coil
train/n03065424/n03065424_37872.JPEG,506,spiral or coil
train/n03065424/n03065424_38923.JPEG,506,spiral or coil
train/n03065424/n03065424_45772.JPEG,506,spiral or coil
train/n03065424/n03065424_7658.JPEG,506,spiral or coil
train/n03065424/n03065424_40489.JPEG,506,spiral or coil
train/n03065424/n03065424_30637.JPEG,506,spiral or coil
train/n03065424/n03065424_3816.JPEG,506,spiral or coil
train/n03065424/n03065424_77005.JPEG,506,spiral or coil
train/n03065424/n03065424_11186.JPEG,506,spiral or coil
train/n03065424/n03065424_26113.JPEG,506,spiral or coil
train/n03065424/n03065424_30673.JPEG,506,spiral or coil
train/n03075370/n03075370_594.JPEG,507,combination lock
train/n03075370/n03075370_6208.JPEG,507,combination lock
train/n03075370/n03075370_8129.JPEG,507,combination lock
train/n03075370/n03075370_4284.JPEG,507,combination lock
train/n03075370/n03075370_10331.JPEG,507,combination lock
train/n03075370/n03075370_20606.JPEG,507,combination lock
train/n03075370/n03075370_11325.JPEG,507,combination lock
train/n03075370/n03075370_17515.JPEG,507,combination lock
train/n03075370/n03075370_10607.JPEG,507,combination lock
train/n03075370/n03075370_1389.JPEG,507,combination lock
train/n03075370/n03075370_15409.JPEG,507,combination lock
train/n03075370/n03075370_3128.JPEG,507,combination lock
train/n03075370/n03075370_10218.JPEG,507,combination lock
train/n03075370/n03075370_19613.JPEG,507,combination lock
train/n03075370/n03075370_4510.JPEG,507,combination lock
train/n03075370/n03075370_6360.JPEG,507,combination lock
train/n03085013/n03085013_24793.JPEG,508,computer keyboard
train/n03085013/n03085013_23648.JPEG,508,computer keyboard
train/n03085013/n03085013_24402.JPEG,508,computer keyboard
train/n03085013/n03085013_23658.JPEG,508,computer keyboard
train/n03085013/n03085013_2254.JPEG,508,computer keyboard
train/n03085013/n03085013_21148.JPEG,508,computer keyboard
train/n03085013/n03085013_24455.JPEG,508,computer keyboard
train/n03085013/n03085013_20608.JPEG,508,computer keyboard
train/n03085013/n03085013_20727.JPEG,508,computer keyboard
train/n03085013/n03085013_22027.JPEG,508,computer keyboard
train/n03085013/n03085013_20712.JPEG,508,computer keyboard
train/n03085013/n03085013_6303.JPEG,508,computer keyboard
train/n03085013/n03085013_22728.JPEG,508,computer keyboard
train/n03085013/n03085013_2073.JPEG,508,computer keyboard
train/n03085013/n03085013_19203.JPEG,508,computer keyboard
train/n03085013/n03085013_23697.JPEG,508,computer keyboard
train/n03089624/n03089624_25001.JPEG,509,candy store
train/n03089624/n03089624_14442.JPEG,509,candy store
train/n03089624/n03089624_1650.JPEG,509,candy store
train/n03089624/n03089624_541.JPEG,509,candy store
train/n03089624/n03089624_31678.JPEG,509,candy store
train/n03089624/n03089624_78402.JPEG,509,candy store
train/n03089624/n03089624_40237.JPEG,509,candy store
train/n03089624/n03089624_25763.JPEG,509,candy store
train/n03089624/n03089624_15723.JPEG,509,candy store
train/n03089624/n03089624_71576.JPEG,509,candy store
train/n03089624/n03089624_22858.JPEG,509,candy store
train/n03089624/n03089624_26821.JPEG,509,candy store
train/n03089624/n03089624_66661.JPEG,509,candy store
train/n03089624/n03089624_2316.JPEG,509,candy store
train/n03089624/n03089624_9992.JPEG,509,candy store
train/n03089624/n03089624_18512.JPEG,509,candy store
train/n03095699/n03095699_19732.JPEG,510,container ship
train/n03095699/n03095699_10453.JPEG,510,container ship
train/n03095699/n03095699_4334.JPEG,510,container ship
train/n03095699/n03095699_107.JPEG,510,container ship
train/n03095699/n03095699_12293.JPEG,510,container ship
train/n03095699/n03095699_9667.JPEG,510,container ship
train/n03095699/n03095699_12084.JPEG,510,container ship
train/n03095699/n03095699_15496.JPEG,510,container ship
train/n03095699/n03095699_11817.JPEG,510,container ship
train/n03095699/n03095699_7755.JPEG,510,container ship
train/n03095699/n03095699_12946.JPEG,510,container ship
train/n03095699/n03095699_23727.JPEG,510,container ship
train/n03095699/n03095699_4209.JPEG,510,container ship
train/n03095699/n03095699_31726.JPEG,510,container ship
train/n03095699/n03095699_1658.JPEG,510,container ship
train/n03095699/n03095699_29093.JPEG,510,container ship
train/n03100240/n03100240_3927.JPEG,511,convertible
train/n03100240/n03100240_12968.JPEG,511,convertible
train/n03100240/n03100240_10410.JPEG,511,convertible
train/n03100240/n03100240_7843.JPEG,511,convertible
train/n03100240/n03100240_9639.JPEG,511,convertible
train/n03100240/n03100240_15531.JPEG,511,convertible
train/n03100240/n03100240_5979.JPEG,511,convertible
train/n03100240/n03100240_3161.JPEG,511,convertible
train/n03100240/n03100240_11514.JPEG,511,convertible
train/n03100240/n03100240_14174.JPEG,511,convertible
train/n03100240/n03100240_17041.JPEG,511,convertible
train/n03100240/n03100240_20185.JPEG,511,convertible
train/n03100240/n03100240_2932.JPEG,511,convertible
train/n03100240/n03100240_21971.JPEG,511,convertible
train/n03100240/n03100240_1435.JPEG,511,convertible
train/n03100240/n03100240_21821.JPEG,511,convertible
train/n03109150/n03109150_3288.JPEG,512,corkscrew
train/n03109150/n03109150_2041.JPEG,512,corkscrew
train/n03109150/n03109150_13532.JPEG,512,corkscrew
train/n03109150/n03109150_24511.JPEG,512,corkscrew
train/n03109150/n03109150_11177.JPEG,512,corkscrew
train/n03109150/n03109150_16794.JPEG,512,corkscrew
train/n03109150/n03109150_18834.JPEG,512,corkscrew
train/n03109150/n03109150_13080.JPEG,512,corkscrew
train/n03109150/n03109150_7116.JPEG,512,corkscrew
train/n03109150/n03109150_9173.JPEG,512,corkscrew
train/n03109150/n03109150_8921.JPEG,512,corkscrew
train/n03109150/n03109150_40545.JPEG,512,corkscrew
train/n03109150/n03109150_1141.JPEG,512,corkscrew
train/n03109150/n03109150_15591.JPEG,512,corkscrew
train/n03109150/n03109150_13580.JPEG,512,corkscrew
train/n03109150/n03109150_24957.JPEG,512,corkscrew
train/n03110669/n03110669_57312.JPEG,513,cornet
train/n03110669/n03110669_68990.JPEG,513,cornet
train/n03110669/n03110669_88711.JPEG,513,cornet
train/n03110669/n03110669_76450.JPEG,513,cornet
train/n03110669/n03110669_97084.JPEG,513,cornet
train/n03110669/n03110669_79273.JPEG,513,cornet
train/n03110669/n03110669_82972.JPEG,513,cornet
train/n03110669/n03110669_62039.JPEG,513,cornet
train/n03110669/n03110669_98594.JPEG,513,cornet
train/n03110669/n03110669_95416.JPEG,513,cornet
train/n03110669/n03110669_30491.JPEG,513,cornet
train/n03110669/n03110669_127341.JPEG,513,cornet
train/n03110669/n03110669_55552.JPEG,513,cornet
train/n03110669/n03110669_51452.JPEG,513,cornet
train/n03110669/n03110669_77895.JPEG,513,cornet
train/n03110669/n03110669_63520.JPEG,513,cornet
train/n03124043/n03124043_24071.JPEG,514,cowboy boot
train/n03124043/n03124043_5240.JPEG,514,cowboy boot
train/n03124043/n03124043_103.JPEG,514,cowboy boot
train/n03124043/n03124043_23466.JPEG,514,cowboy boot
train/n03124043/n03124043_4452.JPEG,514,cowboy boot
train/n03124043/n03124043_17653.JPEG,514,cowboy boot
train/n03124043/n03124043_3608.JPEG,514,cowboy boot
train/n03124043/n03124043_2601.JPEG,514,cowboy boot
train/n03124043/n03124043_1352.JPEG,514,cowboy boot
train/n03124043/n03124043_1348.JPEG,514,cowboy boot
train/n03124043/n03124043_8051.JPEG,514,cowboy boot
train/n03124043/n03124043_26566.JPEG,514,cowboy boot
train/n03124043/n03124043_7936.JPEG,514,cowboy boot
train/n03124043/n03124043_1420.JPEG,514,cowboy boot
train/n03124043/n03124043_4434.JPEG,514,cowboy boot
train/n03124043/n03124043_5589.JPEG,514,cowboy boot
train/n03124170/n03124170_13140.JPEG,515,cowboy hat
train/n03124170/n03124170_9434.JPEG,515,cowboy hat
train/n03124170/n03124170_6459.JPEG,515,cowboy hat
train/n03124170/n03124170_6033.JPEG,515,cowboy hat
train/n03124170/n03124170_14066.JPEG,515,cowboy hat
train/n03124170/n03124170_4996.JPEG,515,cowboy hat
train/n03124170/n03124170_5617.JPEG,515,cowboy hat
train/n03124170/n03124170_9821.JPEG,515,cowboy hat
train/n03124170/n03124170_8035.JPEG,515,cowboy hat
train/n03124170/n03124170_8060.JPEG,515,cowboy hat
train/n03124170/n03124170_4788.JPEG,515,cowboy hat
train/n03124170/n03124170_7679.JPEG,515,cowboy hat
train/n03124170/n03124170_1668.JPEG,515,cowboy hat
train/n03124170/n03124170_7885.JPEG,515,cowboy hat
train/n03124170/n03124170_7749.JPEG,515,cowboy hat
train/n03124170/n03124170_3144.JPEG,515,cowboy hat
train/n03125729/n03125729_14062.JPEG,516,cradle
train/n03125729/n03125729_15012.JPEG,516,cradle
train/n03125729/n03125729_1583.JPEG,516,cradle
train/n03125729/n03125729_14572.JPEG,516,cradle
train/n03125729/n03125729_22980.JPEG,516,cradle
train/n03125729/n03125729_1144.JPEG,516,cradle
train/n03125729/n03125729_7932.JPEG,516,cradle
train/n03125729/n03125729_13763.JPEG,516,cradle
train/n03125729/n03125729_14824.JPEG,516,cradle
train/n03125729/n03125729_7012.JPEG,516,cradle
train/n03125729/n03125729_4873.JPEG,516,cradle
train/n03125729/n03125729_7211.JPEG,516,cradle
train/n03125729/n03125729_26812.JPEG,516,cradle
train/n03125729/n03125729_2136.JPEG,516,cradle
train/n03125729/n03125729_9891.JPEG,516,cradle
train/n03125729/n03125729_13323.JPEG,516,cradle
train/n03126707/n03126707_1937.JPEG,517,construction crane
train/n03126707/n03126707_5531.JPEG,517,construction crane
train/n03126707/n03126707_16873.JPEG,517,construction crane
train/n03126707/n03126707_7794.JPEG,517,construction crane
train/n03126707/n03126707_6730.JPEG,517,construction crane
train/n03126707/n03126707_26483.JPEG,517,construction crane
train/n03126707/n03126707_5391.JPEG,517,construction crane
train/n03126707/n03126707_10739.JPEG,517,construction crane
train/n03126707/n03126707_17092.JPEG,517,construction crane
train/n03126707/n03126707_24328.JPEG,517,construction crane
train/n03126707/n03126707_17101.JPEG,517,construction crane
train/n03126707/n03126707_11509.JPEG,517,construction crane
train/n03126707/n03126707_16062.JPEG,517,construction crane
train/n03126707/n03126707_1045.JPEG,517,construction crane
train/n03126707/n03126707_7630.JPEG,517,construction crane
train/n03126707/n03126707_8116.JPEG,517,construction crane
train/n03127747/n03127747_2986.JPEG,518,crash helmet
train/n03127747/n03127747_2311.JPEG,518,crash helmet
train/n03127747/n03127747_4516.JPEG,518,crash helmet
train/n03127747/n03127747_2741.JPEG,518,crash helmet
train/n03127747/n03127747_7065.JPEG,518,crash helmet
train/n03127747/n03127747_13871.JPEG,518,crash helmet
train/n03127747/n03127747_6616.JPEG,518,crash helmet
train/n03127747/n03127747_9187.JPEG,518,crash helmet
train/n03127747/n03127747_7829.JPEG,518,crash helmet
train/n03127747/n03127747_15894.JPEG,518,crash helmet
train/n03127747/n03127747_12576.JPEG,518,crash helmet
train/n03127747/n03127747_862.JPEG,518,crash helmet
train/n03127747/n03127747_2375.JPEG,518,crash helmet
train/n03127747/n03127747_4837.JPEG,518,crash helmet
train/n03127747/n03127747_7487.JPEG,518,crash helmet
train/n03127747/n03127747_8190.JPEG,518,crash helmet
train/n03127925/n03127925_1604.JPEG,519,crate
train/n03127925/n03127925_7292.JPEG,519,crate
train/n03127925/n03127925_7117.JPEG,519,crate
train/n03127925/n03127925_21787.JPEG,519,crate
train/n03127925/n03127925_22955.JPEG,519,crate
train/n03127925/n03127925_10678.JPEG,519,crate
train/n03127925/n03127925_9648.JPEG,519,crate
train/n03127925/n03127925_22462.JPEG,519,crate
train/n03127925/n03127925_923.JPEG,519,crate
train/n03127925/n03127925_9753.JPEG,519,crate
train/n03127925/n03127925_26306.JPEG,519,crate
train/n03127925/n03127925_11160.JPEG,519,crate
train/n03127925/n03127925_3022.JPEG,519,crate
train/n03127925/n03127925_13082.JPEG,519,crate
train/n03127925/n03127925_8929.JPEG,519,crate
train/n03127925/n03127925_28560.JPEG,519,crate
train/n03131574/n03131574_29226.JPEG,520,infant bed
train/n03131574/n03131574_77602.JPEG,520,infant bed
train/n03131574/n03131574_25481.JPEG,520,infant bed
train/n03131574/n03131574_68056.JPEG,520,infant bed
train/n03131574/n03131574_7603.JPEG,520,infant bed
train/n03131574/n03131574_9493.JPEG,520,infant bed
train/n03131574/n03131574_46350.JPEG,520,infant bed
train/n03131574/n03131574_34494.JPEG,520,infant bed
train/n03131574/n03131574_59200.JPEG,520,infant bed
train/n03131574/n03131574_6774.JPEG,520,infant bed
train/n03131574/n03131574_22885.JPEG,520,infant bed
train/n03131574/n03131574_15860.JPEG,520,infant bed
train/n03131574/n03131574_27575.JPEG,520,infant bed
train/n03131574/n03131574_15640.JPEG,520,infant bed
train/n03131574/n03131574_16788.JPEG,520,infant bed
train/n03131574/n03131574_1969.JPEG,520,infant bed
train/n03133878/n03133878_9.JPEG,521,Crock Pot
train/n03133878/n03133878_2565.JPEG,521,Crock Pot
train/n03133878/n03133878_8384.JPEG,521,Crock Pot
train/n03133878/n03133878_3217.JPEG,521,Crock Pot
train/n03133878/n03133878_6370.JPEG,521,Crock Pot
train/n03133878/n03133878_295.JPEG,521,Crock Pot
train/n03133878/n03133878_2225.JPEG,521,Crock Pot
train/n03133878/n03133878_2551.JPEG,521,Crock Pot
train/n03133878/n03133878_6136.JPEG,521,Crock Pot
train/n03133878/n03133878_9811.JPEG,521,Crock Pot
train/n03133878/n03133878_8184.JPEG,521,Crock Pot
train/n03133878/n03133878_147.JPEG,521,Crock Pot
train/n03133878/n03133878_5664.JPEG,521,Crock Pot
train/n03133878/n03133878_13858.JPEG,521,Crock Pot
train/n03133878/n03133878_6300.JPEG,521,Crock Pot
train/n03133878/n03133878_6942.JPEG,521,Crock Pot
train/n03134739/n03134739_654.JPEG,522,croquet ball
train/n03134739/n03134739_1137.JPEG,522,croquet ball
train/n03134739/n03134739_10240.JPEG,522,croquet ball
train/n03134739/n03134739_8621.JPEG,522,croquet ball
train/n03134739/n03134739_8352.JPEG,522,croquet ball
train/n03134739/n03134739_8781.JPEG,522,croquet ball
train/n03134739/n03134739_714.JPEG,522,croquet ball
train/n03134739/n03134739_6088.JPEG,522,croquet ball
train/n03134739/n03134739_744.JPEG,522,croquet ball
train/n03134739/n03134739_1009.JPEG,522,croquet ball
train/n03134739/n03134739_3933.JPEG,522,croquet ball
train/n03134739/n03134739_4004.JPEG,522,croquet ball
train/n03134739/n03134739_2207.JPEG,522,croquet ball
train/n03134739/n03134739_1580.JPEG,522,croquet ball
train/n03134739/n03134739_1385.JPEG,522,croquet ball
train/n03134739/n03134739_8803.JPEG,522,croquet ball
train/n03141823/n03141823_5864.JPEG,523,crutch
train/n03141823/n03141823_6070.JPEG,523,crutch
train/n03141823/n03141823_4509.JPEG,523,crutch
train/n03141823/n03141823_9885.JPEG,523,crutch
train/n03141823/n03141823_217.JPEG,523,crutch
train/n03141823/n03141823_17226.JPEG,523,crutch
train/n03141823/n03141823_3877.JPEG,523,crutch
train/n03141823/n03141823_5040.JPEG,523,crutch
train/n03141823/n03141823_1362.JPEG,523,crutch
train/n03141823/n03141823_4280.JPEG,523,crutch
train/n03141823/n03141823_10044.JPEG,523,crutch
train/n03141823/n03141823_11156.JPEG,523,crutch
train/n03141823/n03141823_12120.JPEG,523,crutch
train/n03141823/n03141823_3095.JPEG,523,crutch
train/n03141823/n03141823_7784.JPEG,523,crutch
train/n03141823/n03141823_15337.JPEG,523,crutch
train/n03146219/n03146219_12248.JPEG,524,cuirass
train/n03146219/n03146219_26510.JPEG,524,cuirass
train/n03146219/n03146219_10662.JPEG,524,cuirass
train/n03146219/n03146219_4420.JPEG,524,cuirass
train/n03146219/n03146219_5534.JPEG,524,cuirass
train/n03146219/n03146219_16091.JPEG,524,cuirass
train/n03146219/n03146219_14041.JPEG,524,cuirass
train/n03146219/n03146219_16506.JPEG,524,cuirass
train/n03146219/n03146219_11317.JPEG,524,cuirass
train/n03146219/n03146219_13774.JPEG,524,cuirass
train/n03146219/n03146219_5412.JPEG,524,cuirass
train/n03146219/n03146219_4862.JPEG,524,cuirass
train/n03146219/n03146219_5314.JPEG,524,cuirass
train/n03146219/n03146219_19468.JPEG,524,cuirass
train/n03146219/n03146219_22429.JPEG,524,cuirass
train/n03146219/n03146219_231.JPEG,524,cuirass
train/n03160309/n03160309_3104.JPEG,525,dam
train/n03160309/n03160309_62681.JPEG,525,dam
train/n03160309/n03160309_36076.JPEG,525,dam
train/n03160309/n03160309_47729.JPEG,525,dam
train/n03160309/n03160309_16883.JPEG,525,dam
train/n03160309/n03160309_15430.JPEG,525,dam
train/n03160309/n03160309_35156.JPEG,525,dam
train/n03160309/n03160309_6420.JPEG,525,dam
train/n03160309/n03160309_33129.JPEG,525,dam
train/n03160309/n03160309_67946.JPEG,525,dam
train/n03160309/n03160309_109668.JPEG,525,dam
train/n03160309/n03160309_12783.JPEG,525,dam
train/n03160309/n03160309_19758.JPEG,525,dam
train/n03160309/n03160309_42341.JPEG,525,dam
train/n03160309/n03160309_105565.JPEG,525,dam
train/n03160309/n03160309_34743.JPEG,525,dam
train/n03179701/n03179701_937.JPEG,526,desk
train/n03179701/n03179701_482.JPEG,526,desk
train/n03179701/n03179701_2699.JPEG,526,desk
train/n03179701/n03179701_76243.JPEG,526,desk
train/n03179701/n03179701_11159.JPEG,526,desk
train/n03179701/n03179701_69962.JPEG,526,desk
train/n03179701/n03179701_10618.JPEG,526,desk
train/n03179701/n03179701_8407.JPEG,526,desk
train/n03179701/n03179701_392.JPEG,526,desk
train/n03179701/n03179701_4389.JPEG,526,desk
train/n03179701/n03179701_23012.JPEG,526,desk
train/n03179701/n03179701_8510.JPEG,526,desk
train/n03179701/n03179701_31700.JPEG,526,desk
train/n03179701/n03179701_1165.JPEG,526,desk
train/n03179701/n03179701_1349.JPEG,526,desk
train/n03179701/n03179701_43292.JPEG,526,desk
train/n03180011/n03180011_2065.JPEG,527,desktop computer
train/n03180011/n03180011_282.JPEG,527,desktop computer
train/n03180011/n03180011_8927.JPEG,527,desktop computer
train/n03180011/n03180011_324.JPEG,527,desktop computer
train/n03180011/n03180011_13269.JPEG,527,desktop computer
train/n03180011/n03180011_2858.JPEG,527,desktop computer
train/n03180011/n03180011_1529.JPEG,527,desktop computer
train/n03180011/n03180011_10312.JPEG,527,desktop computer
train/n03180011/n03180011_10530.JPEG,527,desktop computer
train/n03180011/n03180011_10433.JPEG,527,desktop computer
train/n03180011/n03180011_10980.JPEG,527,desktop computer
train/n03180011/n03180011_9680.JPEG,527,desktop computer
train/n03180011/n03180011_22532.JPEG,527,desktop computer
train/n03180011/n03180011_8993.JPEG,527,desktop computer
train/n03180011/n03180011_7288.JPEG,527,desktop computer
train/n03180011/n03180011_1636.JPEG,527,desktop computer
train/n03187595/n03187595_6157.JPEG,528,rotary dial telephone
train/n03187595/n03187595_16696.JPEG,528,rotary dial telephone
train/n03187595/n03187595_12735.JPEG,528,rotary dial telephone
train/n03187595/n03187595_17670.JPEG,528,rotary dial telephone
train/n03187595/n03187595_4148.JPEG,528,rotary dial telephone
train/n03187595/n03187595_1231.JPEG,528,rotary dial telephone
train/n03187595/n03187595_886.JPEG,528,rotary dial telephone
train/n03187595/n03187595_13177.JPEG,528,rotary dial telephone
train/n03187595/n03187595_3289.JPEG,528,rotary dial telephone
train/n03187595/n03187595_16063.JPEG,528,rotary dial telephone
train/n03187595/n03187595_14580.JPEG,528,rotary dial telephone
train/n03187595/n03187595_14519.JPEG,528,rotary dial telephone
train/n03187595/n03187595_2951.JPEG,528,rotary dial telephone
train/n03187595/n03187595_6987.JPEG,528,rotary dial telephone
train/n03187595/n03187595_4970.JPEG,528,rotary dial telephone
train/n03187595/n03187595_18089.JPEG,528,rotary dial telephone
train/n03188531/n03188531_34229.JPEG,529,diaper
train/n03188531/n03188531_23418.JPEG,529,diaper
train/n03188531/n03188531_33081.JPEG,529,diaper
train/n03188531/n03188531_28269.JPEG,529,diaper
train/n03188531/n03188531_8529.JPEG,529,diaper
train/n03188531/n03188531_1012.JPEG,529,diaper
train/n03188531/n03188531_35663.JPEG,529,diaper
train/n03188531/n03188531_11295.JPEG,529,diaper
train/n03188531/n03188531_8770.JPEG,529,diaper
train/n03188531/n03188531_10673.JPEG,529,diaper
train/n03188531/n03188531_3910.JPEG,529,diaper
train/n03188531/n03188531_42814.JPEG,529,diaper
train/n03188531/n03188531_2965.JPEG,529,diaper
train/n03188531/n03188531_683.JPEG,529,diaper
train/n03188531/n03188531_42494.JPEG,529,diaper
train/n03188531/n03188531_5337.JPEG,529,diaper
train/n03196217/n03196217_1168.JPEG,530,digital clock
train/n03196217/n03196217_4009.JPEG,530,digital clock
train/n03196217/n03196217_8713.JPEG,530,digital clock
train/n03196217/n03196217_4528.JPEG,530,digital clock
train/n03196217/n03196217_6289.JPEG,530,digital clock
train/n03196217/n03196217_6108.JPEG,530,digital clock
train/n03196217/n03196217_10992.JPEG,530,digital clock
train/n03196217/n03196217_10947.JPEG,530,digital clock
train/n03196217/n03196217_6042.JPEG,530,digital clock
train/n03196217/n03196217_1637.JPEG,530,digital clock
train/n03196217/n03196217_714.JPEG,530,digital clock
train/n03196217/n03196217_1517.JPEG,530,digital clock
train/n03196217/n03196217_5568.JPEG,530,digital clock
train/n03196217/n03196217_6348.JPEG,530,digital clock
train/n03196217/n03196217_1923.JPEG,530,digital clock
train/n03196217/n03196217_4130.JPEG,530,digital clock
train/n03197337/n03197337_7865.JPEG,531,digital watch
train/n03197337/n03197337_10360.JPEG,531,digital watch
train/n03197337/n03197337_5499.JPEG,531,digital watch
train/n03197337/n03197337_2382.JPEG,531,digital watch
train/n03197337/n03197337_1999.JPEG,531,digital watch
train/n03197337/n03197337_785.JPEG,531,digital watch
train/n03197337/n03197337_2914.JPEG,531,digital watch
train/n03197337/n03197337_2751.JPEG,531,digital watch
train/n03197337/n03197337_3531.JPEG,531,digital watch
train/n03197337/n03197337_1522.JPEG,531,digital watch
train/n03197337/n03197337_9213.JPEG,531,digital watch
train/n03197337/n03197337_909.JPEG,531,digital watch
train/n03197337/n03197337_4983.JPEG,531,digital watch
train/n03197337/n03197337_10292.JPEG,531,digital watch
train/n03197337/n03197337_9340.JPEG,531,digital watch
train/n03197337/n03197337_267.JPEG,531,digital watch
train/n03201208/n03201208_3093.JPEG,532,dining table
train/n03201208/n03201208_28201.JPEG,532,dining table
train/n03201208/n03201208_10752.JPEG,532,dining table
train/n03201208/n03201208_6339.JPEG,532,dining table
train/n03201208/n03201208_3618.JPEG,532,dining table
train/n03201208/n03201208_23028.JPEG,532,dining table
train/n03201208/n03201208_28578.JPEG,532,dining table
train/n03201208/n03201208_43647.JPEG,532,dining table
train/n03201208/n03201208_12342.JPEG,532,dining table
train/n03201208/n03201208_9174.JPEG,532,dining table
train/n03201208/n03201208_62883.JPEG,532,dining table
train/n03201208/n03201208_44222.JPEG,532,dining table
train/n03201208/n03201208_8383.JPEG,532,dining table
train/n03201208/n03201208_29909.JPEG,532,dining table
train/n03201208/n03201208_29288.JPEG,532,dining table
train/n03201208/n03201208_3233.JPEG,532,dining table
train/n03207743/n03207743_8129.JPEG,533,dishcloth
train/n03207743/n03207743_3613.JPEG,533,dishcloth
train/n03207743/n03207743_5462.JPEG,533,dishcloth
train/n03207743/n03207743_14077.JPEG,533,dishcloth
train/n03207743/n03207743_7389.JPEG,533,dishcloth
train/n03207743/n03207743_7277.JPEG,533,dishcloth
train/n03207743/n03207743_30402.JPEG,533,dishcloth
train/n03207743/n03207743_9278.JPEG,533,dishcloth
train/n03207743/n03207743_25200.JPEG,533,dishcloth
train/n03207743/n03207743_10759.JPEG,533,dishcloth
train/n03207743/n03207743_1541.JPEG,533,dishcloth
train/n03207743/n03207743_5931.JPEG,533,dishcloth
train/n03207743/n03207743_8165.JPEG,533,dishcloth
train/n03207743/n03207743_16498.JPEG,533,dishcloth
train/n03207743/n03207743_9794.JPEG,533,dishcloth
train/n03207743/n03207743_2451.JPEG,533,dishcloth
train/n03207941/n03207941_9306.JPEG,534,dishwasher
train/n03207941/n03207941_21908.JPEG,534,dishwasher
train/n03207941/n03207941_8997.JPEG,534,dishwasher
train/n03207941/n03207941_3799.JPEG,534,dishwasher
train/n03207941/n03207941_10736.JPEG,534,dishwasher
train/n03207941/n03207941_10978.JPEG,534,dishwasher
train/n03207941/n03207941_1576.JPEG,534,dishwasher
train/n03207941/n03207941_6505.JPEG,534,dishwasher
train/n03207941/n03207941_21020.JPEG,534,dishwasher
train/n03207941/n03207941_2542.JPEG,534,dishwasher
train/n03207941/n03207941_4059.JPEG,534,dishwasher
train/n03207941/n03207941_4254.JPEG,534,dishwasher
train/n03207941/n03207941_12275.JPEG,534,dishwasher
train/n03207941/n03207941_6452.JPEG,534,dishwasher
train/n03207941/n03207941_15103.JPEG,534,dishwasher
train/n03207941/n03207941_7631.JPEG,534,dishwasher
train/n03208938/n03208938_9167.JPEG,535,disc brake
train/n03208938/n03208938_14975.JPEG,535,disc brake
train/n03208938/n03208938_9615.JPEG,535,disc brake
train/n03208938/n03208938_11300.JPEG,535,disc brake
train/n03208938/n03208938_37580.JPEG,535,disc brake
train/n03208938/n03208938_13730.JPEG,535,disc brake
train/n03208938/n03208938_5546.JPEG,535,disc brake
train/n03208938/n03208938_21086.JPEG,535,disc brake
train/n03208938/n03208938_13722.JPEG,535,disc brake
train/n03208938/n03208938_14999.JPEG,535,disc brake
train/n03208938/n03208938_4580.JPEG,535,disc brake
train/n03208938/n03208938_11459.JPEG,535,disc brake
train/n03208938/n03208938_12819.JPEG,535,disc brake
train/n03208938/n03208938_3641.JPEG,535,disc brake
train/n03208938/n03208938_22627.JPEG,535,disc brake
train/n03208938/n03208938_7769.JPEG,535,disc brake
train/n03216828/n03216828_28007.JPEG,536,dock
train/n03216828/n03216828_39936.JPEG,536,dock
train/n03216828/n03216828_11018.JPEG,536,dock
train/n03216828/n03216828_18410.JPEG,536,dock
train/n03216828/n03216828_10637.JPEG,536,dock
train/n03216828/n03216828_23447.JPEG,536,dock
train/n03216828/n03216828_35437.JPEG,536,dock
train/n03216828/n03216828_593.JPEG,536,dock
train/n03216828/n03216828_26643.JPEG,536,dock
train/n03216828/n03216828_50747.JPEG,536,dock
train/n03216828/n03216828_9527.JPEG,536,dock
train/n03216828/n03216828_60156.JPEG,536,dock
train/n03216828/n03216828_29908.JPEG,536,dock
train/n03216828/n03216828_42434.JPEG,536,dock
train/n03216828/n03216828_19302.JPEG,536,dock
train/n03216828/n03216828_2495.JPEG,536,dock
train/n03218198/n03218198_4201.JPEG,537,dog sled
train/n03218198/n03218198_9074.JPEG,537,dog sled
train/n03218198/n03218198_1371.JPEG,537,dog sled
train/n03218198/n03218198_20697.JPEG,537,dog sled
train/n03218198/n03218198_1234.JPEG,537,dog sled
train/n03218198/n03218198_25473.JPEG,537,dog sled
train/n03218198/n03218198_6146.JPEG,537,dog sled
train/n03218198/n03218198_6916.JPEG,537,dog sled
train/n03218198/n03218198_24679.JPEG,537,dog sled
train/n03218198/n03218198_6289.JPEG,537,dog sled
train/n03218198/n03218198_8125.JPEG,537,dog sled
train/n03218198/n03218198_391.JPEG,537,dog sled
train/n03218198/n03218198_4186.JPEG,537,dog sled
train/n03218198/n03218198_8040.JPEG,537,dog sled
train/n03218198/n03218198_10904.JPEG,537,dog sled
train/n03218198/n03218198_10373.JPEG,537,dog sled
train/n03220513/n03220513_16046.JPEG,538,dome
train/n03220513/n03220513_2072.JPEG,538,dome
train/n03220513/n03220513_17655.JPEG,538,dome
train/n03220513/n03220513_41128.JPEG,538,dome
train/n03220513/n03220513_7071.JPEG,538,dome
train/n03220513/n03220513_15160.JPEG,538,dome
train/n03220513/n03220513_38186.JPEG,538,dome
train/n03220513/n03220513_8821.JPEG,538,dome
train/n03220513/n03220513_14859.JPEG,538,dome
train/n03220513/n03220513_36399.JPEG,538,dome
train/n03220513/n03220513_9597.JPEG,538,dome
train/n03220513/n03220513_3235.JPEG,538,dome
train/n03220513/n03220513_11372.JPEG,538,dome
train/n03220513/n03220513_13968.JPEG,538,dome
train/n03220513/n03220513_5671.JPEG,538,dome
train/n03220513/n03220513_15270.JPEG,538,dome
train/n03223299/n03223299_7375.JPEG,539,doormat
train/n03223299/n03223299_4124.JPEG,539,doormat
train/n03223299/n03223299_6068.JPEG,539,doormat
train/n03223299/n03223299_10966.JPEG,539,doormat
train/n03223299/n03223299_1459.JPEG,539,doormat
train/n03223299/n03223299_7817.JPEG,539,doormat
train/n03223299/n03223299_17757.JPEG,539,doormat
train/n03223299/n03223299_11818.JPEG,539,doormat
train/n03223299/n03223299_6417.JPEG,539,doormat
train/n03223299/n03223299_8840.JPEG,539,doormat
train/n03223299/n03223299_7627.JPEG,539,doormat
train/n03223299/n03223299_3682.JPEG,539,doormat
train/n03223299/n03223299_9199.JPEG,539,doormat
train/n03223299/n03223299_30659.JPEG,539,doormat
train/n03223299/n03223299_10020.JPEG,539,doormat
train/n03223299/n03223299_7572.JPEG,539,doormat
train/n03240683/n03240683_13227.JPEG,540,drilling rig
train/n03240683/n03240683_12328.JPEG,540,drilling rig
train/n03240683/n03240683_13114.JPEG,540,drilling rig
train/n03240683/n03240683_19693.JPEG,540,drilling rig
train/n03240683/n03240683_13338.JPEG,540,drilling rig
train/n03240683/n03240683_8516.JPEG,540,drilling rig
train/n03240683/n03240683_14983.JPEG,540,drilling rig
train/n03240683/n03240683_786.JPEG,540,drilling rig
train/n03240683/n03240683_11474.JPEG,540,drilling rig
train/n03240683/n03240683_8076.JPEG,540,drilling rig
train/n03240683/n03240683_1400.JPEG,540,drilling rig
train/n03240683/n03240683_23175.JPEG,540,drilling rig
train/n03240683/n03240683_19038.JPEG,540,drilling rig
train/n03240683/n03240683_1532.JPEG,540,drilling rig
train/n03240683/n03240683_7703.JPEG,540,drilling rig
train/n03240683/n03240683_8190.JPEG,540,drilling rig
train/n03249569/n03249569_28525.JPEG,541,drum
train/n03249569/n03249569_42285.JPEG,541,drum
train/n03249569/n03249569_59485.JPEG,541,drum
train/n03249569/n03249569_25541.JPEG,541,drum
train/n03249569/n03249569_35012.JPEG,541,drum
train/n03249569/n03249569_48164.JPEG,541,drum
train/n03249569/n03249569_27632.JPEG,541,drum
train/n03249569/n03249569_1321.JPEG,541,drum
train/n03249569/n03249569_42802.JPEG,541,drum
train/n03249569/n03249569_37946.JPEG,541,drum
train/n03249569/n03249569_33103.JPEG,541,drum
train/n03249569/n03249569_21060.JPEG,541,drum
train/n03249569/n03249569_39763.JPEG,541,drum
train/n03249569/n03249569_22134.JPEG,541,drum
train/n03249569/n03249569_45986.JPEG,541,drum
train/n03249569/n03249569_36668.JPEG,541,drum
train/n03250847/n03250847_5547.JPEG,542,drumstick
train/n03250847/n03250847_3974.JPEG,542,drumstick
train/n03250847/n03250847_2429.JPEG,542,drumstick
train/n03250847/n03250847_5614.JPEG,542,drumstick
train/n03250847/n03250847_16201.JPEG,542,drumstick
train/n03250847/n03250847_9328.JPEG,542,drumstick
train/n03250847/n03250847_22940.JPEG,542,drumstick
train/n03250847/n03250847_2827.JPEG,542,drumstick
train/n03250847/n03250847_1026.JPEG,542,drumstick
train/n03250847/n03250847_6174.JPEG,542,drumstick
train/n03250847/n03250847_2244.JPEG,542,drumstick
train/n03250847/n03250847_3067.JPEG,542,drumstick
train/n03250847/n03250847_9373.JPEG,542,drumstick
train/n03250847/n03250847_9290.JPEG,542,drumstick
train/n03250847/n03250847_5962.JPEG,542,drumstick
train/n03250847/n03250847_10825.JPEG,542,drumstick
train/n03255030/n03255030_3032.JPEG,543,dumbbell
train/n03255030/n03255030_11287.JPEG,543,dumbbell
train/n03255030/n03255030_3037.JPEG,543,dumbbell
train/n03255030/n03255030_8961.JPEG,543,dumbbell
train/n03255030/n03255030_2809.JPEG,543,dumbbell
train/n03255030/n03255030_2171.JPEG,543,dumbbell
train/n03255030/n03255030_9373.JPEG,543,dumbbell
train/n03255030/n03255030_21022.JPEG,543,dumbbell
train/n03255030/n03255030_14419.JPEG,543,dumbbell
train/n03255030/n03255030_8198.JPEG,543,dumbbell
train/n03255030/n03255030_2617.JPEG,543,dumbbell
train/n03255030/n03255030_3466.JPEG,543,dumbbell
train/n03255030/n03255030_9882.JPEG,543,dumbbell
train/n03255030/n03255030_2234.JPEG,543,dumbbell
train/n03255030/n03255030_9011.JPEG,543,dumbbell
train/n03255030/n03255030_5354.JPEG,543,dumbbell
train/n03259280/n03259280_11629.JPEG,544,Dutch oven
train/n03259280/n03259280_9135.JPEG,544,Dutch oven
train/n03259280/n03259280_9060.JPEG,544,Dutch oven
train/n03259280/n03259280_4288.JPEG,544,Dutch oven
train/n03259280/n03259280_5963.JPEG,544,Dutch oven
train/n03259280/n03259280_5434.JPEG,544,Dutch oven
train/n03259280/n03259280_10718.JPEG,544,Dutch oven
train/n03259280/n03259280_4769.JPEG,544,Dutch oven
train/n03259280/n03259280_2162.JPEG,544,Dutch oven
train/n03259280/n03259280_542.JPEG,544,Dutch oven
train/n03259280/n03259280_7840.JPEG,544,Dutch oven
train/n03259280/n03259280_6938.JPEG,544,Dutch oven
train/n03259280/n03259280_2536.JPEG,544,Dutch oven
train/n03259280/n03259280_3995.JPEG,544,Dutch oven
train/n03259280/n03259280_9052.JPEG,544,Dutch oven
train/n03259280/n03259280_8596.JPEG,544,Dutch oven
train/n03271574/n03271574_29067.JPEG,545,electric fan
train/n03271574/n03271574_19610.JPEG,545,electric fan
train/n03271574/n03271574_1440.JPEG,545,electric fan
train/n03271574/n03271574_13399.JPEG,545,electric fan
train/n03271574/n03271574_15764.JPEG,545,electric fan
train/n03271574/n03271574_26208.JPEG,545,electric fan
train/n03271574/n03271574_26340.JPEG,545,electric fan
train/n03271574/n03271574_24047.JPEG,545,electric fan
train/n03271574/n03271574_26384.JPEG,545,electric fan
train/n03271574/n03271574_12530.JPEG,545,electric fan
train/n03271574/n03271574_6247.JPEG,545,electric fan
train/n03271574/n03271574_3185.JPEG,545,electric fan
train/n03271574/n03271574_2779.JPEG,545,electric fan
train/n03271574/n03271574_10770.JPEG,545,electric fan
train/n03271574/n03271574_9709.JPEG,545,electric fan
train/n03271574/n03271574_14822.JPEG,545,electric fan
train/n03272010/n03272010_189.JPEG,546,electric guitar
train/n03272010/n03272010_6.JPEG,546,electric guitar
train/n03272010/n03272010_7384.JPEG,546,electric guitar
train/n03272010/n03272010_7014.JPEG,546,electric guitar
train/n03272010/n03272010_3538.JPEG,546,electric guitar
train/n03272010/n03272010_16133.JPEG,546,electric guitar
train/n03272010/n03272010_7639.JPEG,546,electric guitar
train/n03272010/n03272010_2210.JPEG,546,electric guitar
train/n03272010/n03272010_4135.JPEG,546,electric guitar
train/n03272010/n03272010_6737.JPEG,546,electric guitar
train/n03272010/n03272010_7721.JPEG,546,electric guitar
train/n03272010/n03272010_18007.JPEG,546,electric guitar
train/n03272010/n03272010_6554.JPEG,546,electric guitar
train/n03272010/n03272010_2020.JPEG,546,electric guitar
train/n03272010/n03272010_613.JPEG,546,electric guitar
train/n03272010/n03272010_3228.JPEG,546,electric guitar
train/n03272562/n03272562_7452.JPEG,547,electric locomotive
train/n03272562/n03272562_11838.JPEG,547,electric locomotive
train/n03272562/n03272562_19582.JPEG,547,electric locomotive
train/n03272562/n03272562_4416.JPEG,547,electric locomotive
train/n03272562/n03272562_11167.JPEG,547,electric locomotive
train/n03272562/n03272562_9758.JPEG,547,electric locomotive
train/n03272562/n03272562_2973.JPEG,547,electric locomotive
train/n03272562/n03272562_15706.JPEG,547,electric locomotive
train/n03272562/n03272562_5735.JPEG,547,electric locomotive
train/n03272562/n03272562_6606.JPEG,547,electric locomotive
train/n03272562/n03272562_3186.JPEG,547,electric locomotive
train/n03272562/n03272562_10176.JPEG,547,electric locomotive
train/n03272562/n03272562_2677.JPEG,547,electric locomotive
train/n03272562/n03272562_21846.JPEG,547,electric locomotive
train/n03272562/n03272562_5473.JPEG,547,electric locomotive
train/n03272562/n03272562_942.JPEG,547,electric locomotive
train/n03290653/n03290653_2437.JPEG,548,entertainment center
train/n03290653/n03290653_8483.JPEG,548,entertainment center
train/n03290653/n03290653_7493.JPEG,548,entertainment center
train/n03290653/n03290653_22543.JPEG,548,entertainment center
train/n03290653/n03290653_11682.JPEG,548,entertainment center
train/n03290653/n03290653_88.JPEG,548,entertainment center
train/n03290653/n03290653_2329.JPEG,548,entertainment center
train/n03290653/n03290653_2991.JPEG,548,entertainment center
train/n03290653/n03290653_324.JPEG,548,entertainment center
train/n03290653/n03290653_2475.JPEG,548,entertainment center
train/n03290653/n03290653_258.JPEG,548,entertainment center
train/n03290653/n03290653_11812.JPEG,548,entertainment center
train/n03290653/n03290653_10468.JPEG,548,entertainment center
train/n03290653/n03290653_7875.JPEG,548,entertainment center
train/n03290653/n03290653_11211.JPEG,548,entertainment center
train/n03290653/n03290653_4243.JPEG,548,entertainment center
train/n03291819/n03291819_1795.JPEG,549,envelope
train/n03291819/n03291819_29708.JPEG,549,envelope
train/n03291819/n03291819_34995.JPEG,549,envelope
train/n03291819/n03291819_60391.JPEG,549,envelope
train/n03291819/n03291819_24908.JPEG,549,envelope
train/n03291819/n03291819_31713.JPEG,549,envelope
train/n03291819/n03291819_13815.JPEG,549,envelope
train/n03291819/n03291819_24521.JPEG,549,envelope
train/n03291819/n03291819_30240.JPEG,549,envelope
train/n03291819/n03291819_10233.JPEG,549,envelope
train/n03291819/n03291819_11420.JPEG,549,envelope
train/n03291819/n03291819_10185.JPEG,549,envelope
train/n03291819/n03291819_1206.JPEG,549,envelope
train/n03291819/n03291819_80491.JPEG,549,envelope
train/n03291819/n03291819_39001.JPEG,549,envelope
train/n03291819/n03291819_14238.JPEG,549,envelope
train/n03297495/n03297495_1131.JPEG,550,espresso machine
train/n03297495/n03297495_6742.JPEG,550,espresso machine
train/n03297495/n03297495_119.JPEG,550,espresso machine
train/n03297495/n03297495_5977.JPEG,550,espresso machine
train/n03297495/n03297495_5162.JPEG,550,espresso machine
train/n03297495/n03297495_815.JPEG,550,espresso machine
train/n03297495/n03297495_5867.JPEG,550,espresso machine
train/n03297495/n03297495_720.JPEG,550,espresso machine
train/n03297495/n03297495_6004.JPEG,550,espresso machine
train/n03297495/n03297495_6499.JPEG,550,espresso machine
train/n03297495/n03297495_24258.JPEG,550,espresso machine
train/n03297495/n03297495_2786.JPEG,550,espresso machine
train/n03297495/n03297495_827.JPEG,550,espresso machine
train/n03297495/n03297495_11991.JPEG,550,espresso machine
train/n03297495/n03297495_7890.JPEG,550,espresso machine
train/n03297495/n03297495_74.JPEG,550,espresso machine
train/n03314780/n03314780_9850.JPEG,551,face powder
train/n03314780/n03314780_18142.JPEG,551,face powder
train/n03314780/n03314780_10214.JPEG,551,face powder
train/n03314780/n03314780_6248.JPEG,551,face powder
train/n03314780/n03314780_109.JPEG,551,face powder
train/n03314780/n03314780_17525.JPEG,551,face powder
train/n03314780/n03314780_6332.JPEG,551,face powder
train/n03314780/n03314780_6889.JPEG,551,face powder
train/n03314780/n03314780_18659.JPEG,551,face powder
train/n03314780/n03314780_8297.JPEG,551,face powder
train/n03314780/n03314780_8253.JPEG,551,face powder
train/n03314780/n03314780_421.JPEG,551,face powder
train/n03314780/n03314780_7053.JPEG,551,face powder
train/n03314780/n03314780_12054.JPEG,551,face powder
train/n03314780/n03314780_12275.JPEG,551,face powder
train/n03314780/n03314780_1336.JPEG,551,face powder
train/n03325584/n03325584_18973.JPEG,552,feather boa
train/n03325584/n03325584_16656.JPEG,552,feather boa
train/n03325584/n03325584_513.JPEG,552,feather boa
train/n03325584/n03325584_4252.JPEG,552,feather boa
train/n03325584/n03325584_1346.JPEG,552,feather boa
train/n03325584/n03325584_24364.JPEG,552,feather boa
train/n03325584/n03325584_13193.JPEG,552,feather boa
train/n03325584/n03325584_19036.JPEG,552,feather boa
train/n03325584/n03325584_1058.JPEG,552,feather boa
train/n03325584/n03325584_4300.JPEG,552,feather boa
train/n03325584/n03325584_17960.JPEG,552,feather boa
train/n03325584/n03325584_14571.JPEG,552,feather boa
train/n03325584/n03325584_23433.JPEG,552,feather boa
train/n03325584/n03325584_11486.JPEG,552,feather boa
train/n03325584/n03325584_14101.JPEG,552,feather boa
train/n03325584/n03325584_25879.JPEG,552,feather boa
train/n03337140/n03337140_41760.JPEG,553,filing cabinet
train/n03337140/n03337140_44430.JPEG,553,filing cabinet
train/n03337140/n03337140_70.JPEG,553,filing cabinet
train/n03337140/n03337140_16040.JPEG,553,filing cabinet
train/n03337140/n03337140_5590.JPEG,553,filing cabinet
train/n03337140/n03337140_8021.JPEG,553,filing cabinet
train/n03337140/n03337140_40068.JPEG,553,filing cabinet
train/n03337140/n03337140_49480.JPEG,553,filing cabinet
train/n03337140/n03337140_24079.JPEG,553,filing cabinet
train/n03337140/n03337140_25553.JPEG,553,filing cabinet
train/n03337140/n03337140_38337.JPEG,553,filing cabinet
train/n03337140/n03337140_5572.JPEG,553,filing cabinet
train/n03337140/n03337140_20707.JPEG,553,filing cabinet
train/n03337140/n03337140_20633.JPEG,553,filing cabinet
train/n03337140/n03337140_5315.JPEG,553,filing cabinet
train/n03337140/n03337140_33301.JPEG,553,filing cabinet
train/n03344393/n03344393_9863.JPEG,554,fireboat
train/n03344393/n03344393_274.JPEG,554,fireboat
train/n03344393/n03344393_7976.JPEG,554,fireboat
train/n03344393/n03344393_2394.JPEG,554,fireboat
train/n03344393/n03344393_278.JPEG,554,fireboat
train/n03344393/n03344393_9291.JPEG,554,fireboat
train/n03344393/n03344393_3355.JPEG,554,fireboat
train/n03344393/n03344393_3189.JPEG,554,fireboat
train/n03344393/n03344393_6703.JPEG,554,fireboat
train/n03344393/n03344393_8044.JPEG,554,fireboat
train/n03344393/n03344393_1484.JPEG,554,fireboat
train/n03344393/n03344393_3495.JPEG,554,fireboat
train/n03344393/n03344393_3339.JPEG,554,fireboat
train/n03344393/n03344393_726.JPEG,554,fireboat
train/n03344393/n03344393_3354.JPEG,554,fireboat
train/n03344393/n03344393_7574.JPEG,554,fireboat
train/n03345487/n03345487_4773.JPEG,555,fire truck
train/n03345487/n03345487_1804.JPEG,555,fire truck
train/n03345487/n03345487_29025.JPEG,555,fire truck
train/n03345487/n03345487_410.JPEG,555,fire truck
train/n03345487/n03345487_15792.JPEG,555,fire truck
train/n03345487/n03345487_17360.JPEG,555,fire truck
train/n03345487/n03345487_7931.JPEG,555,fire truck
train/n03345487/n03345487_9546.JPEG,555,fire truck
train/n03345487/n03345487_11923.JPEG,555,fire truck
train/n03345487/n03345487_4879.JPEG,555,fire truck
train/n03345487/n03345487_8413.JPEG,555,fire truck
train/n03345487/n03345487_21592.JPEG,555,fire truck
train/n03345487/n03345487_7500.JPEG,555,fire truck
train/n03345487/n03345487_4944.JPEG,555,fire truck
train/n03345487/n03345487_15745.JPEG,555,fire truck
train/n03345487/n03345487_15206.JPEG,555,fire truck
train/n03347037/n03347037_27666.JPEG,556,fire screen
train/n03347037/n03347037_19660.JPEG,556,fire screen
train/n03347037/n03347037_9609.JPEG,556,fire screen
train/n03347037/n03347037_6551.JPEG,556,fire screen
train/n03347037/n03347037_23949.JPEG,556,fire screen
train/n03347037/n03347037_15860.JPEG,556,fire screen
train/n03347037/n03347037_20982.JPEG,556,fire screen
train/n03347037/n03347037_16825.JPEG,556,fire screen
train/n03347037/n03347037_6207.JPEG,556,fire screen
train/n03347037/n03347037_22954.JPEG,556,fire screen
train/n03347037/n03347037_24356.JPEG,556,fire screen
train/n03347037/n03347037_15361.JPEG,556,fire screen
train/n03347037/n03347037_18055.JPEG,556,fire screen
train/n03347037/n03347037_5034.JPEG,556,fire screen
train/n03347037/n03347037_12231.JPEG,556,fire screen
train/n03347037/n03347037_12054.JPEG,556,fire screen
train/n03355925/n03355925_501.JPEG,557,flagpole
train/n03355925/n03355925_601.JPEG,557,flagpole
train/n03355925/n03355925_16346.JPEG,557,flagpole
train/n03355925/n03355925_103.JPEG,557,flagpole
train/n03355925/n03355925_23239.JPEG,557,flagpole
train/n03355925/n03355925_9215.JPEG,557,flagpole
train/n03355925/n03355925_7913.JPEG,557,flagpole
train/n03355925/n03355925_8103.JPEG,557,flagpole
train/n03355925/n03355925_15626.JPEG,557,flagpole
train/n03355925/n03355925_7723.JPEG,557,flagpole
train/n03355925/n03355925_10654.JPEG,557,flagpole
train/n03355925/n03355925_7708.JPEG,557,flagpole
train/n03355925/n03355925_11364.JPEG,557,flagpole
train/n03355925/n03355925_13428.JPEG,557,flagpole
train/n03355925/n03355925_253.JPEG,557,flagpole
train/n03355925/n03355925_7497.JPEG,557,flagpole
train/n03372029/n03372029_15416.JPEG,558,flute
train/n03372029/n03372029_67166.JPEG,558,flute
train/n03372029/n03372029_40289.JPEG,558,flute
train/n03372029/n03372029_44071.JPEG,558,flute
train/n03372029/n03372029_13994.JPEG,558,flute
train/n03372029/n03372029_50970.JPEG,558,flute
train/n03372029/n03372029_22147.JPEG,558,flute
train/n03372029/n03372029_3315.JPEG,558,flute
train/n03372029/n03372029_41327.JPEG,558,flute
train/n03372029/n03372029_69012.JPEG,558,flute
train/n03372029/n03372029_42224.JPEG,558,flute
train/n03372029/n03372029_34117.JPEG,558,flute
train/n03372029/n03372029_5237.JPEG,558,flute
train/n03372029/n03372029_37818.JPEG,558,flute
train/n03372029/n03372029_1028.JPEG,558,flute
train/n03372029/n03372029_20739.JPEG,558,flute
train/n03376595/n03376595_5388.JPEG,559,folding chair
train/n03376595/n03376595_6003.JPEG,559,folding chair
train/n03376595/n03376595_8917.JPEG,559,folding chair
train/n03376595/n03376595_6099.JPEG,559,folding chair
train/n03376595/n03376595_5302.JPEG,559,folding chair
train/n03376595/n03376595_505.JPEG,559,folding chair
train/n03376595/n03376595_3169.JPEG,559,folding chair
train/n03376595/n03376595_9846.JPEG,559,folding chair
train/n03376595/n03376595_3854.JPEG,559,folding chair
train/n03376595/n03376595_18299.JPEG,559,folding chair
train/n03376595/n03376595_455.JPEG,559,folding chair
train/n03376595/n03376595_6137.JPEG,559,folding chair
train/n03376595/n03376595_7035.JPEG,559,folding chair
train/n03376595/n03376595_10827.JPEG,559,folding chair
train/n03376595/n03376595_3508.JPEG,559,folding chair
train/n03376595/n03376595_6873.JPEG,559,folding chair
train/n03379051/n03379051_1364.JPEG,560,football helmet
train/n03379051/n03379051_8758.JPEG,560,football helmet
train/n03379051/n03379051_5995.JPEG,560,football helmet
train/n03379051/n03379051_7588.JPEG,560,football helmet
train/n03379051/n03379051_4682.JPEG,560,football helmet
train/n03379051/n03379051_3388.JPEG,560,football helmet
train/n03379051/n03379051_9278.JPEG,560,football helmet
train/n03379051/n03379051_7944.JPEG,560,football helmet
train/n03379051/n03379051_2452.JPEG,560,football helmet
train/n03379051/n03379051_4834.JPEG,560,football helmet
train/n03379051/n03379051_7979.JPEG,560,football helmet
train/n03379051/n03379051_7051.JPEG,560,football helmet
train/n03379051/n03379051_2782.JPEG,560,football helmet
train/n03379051/n03379051_4703.JPEG,560,football helmet
train/n03379051/n03379051_4704.JPEG,560,football helmet
train/n03379051/n03379051_5490.JPEG,560,football helmet
train/n03384352/n03384352_18375.JPEG,561,forklift
train/n03384352/n03384352_7614.JPEG,561,forklift
train/n03384352/n03384352_6679.JPEG,561,forklift
train/n03384352/n03384352_5294.JPEG,561,forklift
train/n03384352/n03384352_5369.JPEG,561,forklift
train/n03384352/n03384352_13625.JPEG,561,forklift
train/n03384352/n03384352_17629.JPEG,561,forklift
train/n03384352/n03384352_19360.JPEG,561,forklift
train/n03384352/n03384352_5831.JPEG,561,forklift
train/n03384352/n03384352_6150.JPEG,561,forklift
train/n03384352/n03384352_5653.JPEG,561,forklift
train/n03384352/n03384352_18176.JPEG,561,forklift
train/n03384352/n03384352_3523.JPEG,561,forklift
train/n03384352/n03384352_7258.JPEG,561,forklift
train/n03384352/n03384352_11683.JPEG,561,forklift
train/n03384352/n03384352_3347.JPEG,561,forklift
train/n03388043/n03388043_8404.JPEG,562,fountain
train/n03388043/n03388043_15283.JPEG,562,fountain
train/n03388043/n03388043_19765.JPEG,562,fountain
train/n03388043/n03388043_15689.JPEG,562,fountain
train/n03388043/n03388043_7336.JPEG,562,fountain
train/n03388043/n03388043_7307.JPEG,562,fountain
train/n03388043/n03388043_14151.JPEG,562,fountain
train/n03388043/n03388043_847.JPEG,562,fountain
train/n03388043/n03388043_3960.JPEG,562,fountain
train/n03388043/n03388043_4694.JPEG,562,fountain
train/n03388043/n03388043_9625.JPEG,562,fountain
train/n03388043/n03388043_19106.JPEG,562,fountain
train/n03388043/n03388043_10332.JPEG,562,fountain
train/n03388043/n03388043_11909.JPEG,562,fountain
train/n03388043/n03388043_689.JPEG,562,fountain
train/n03388043/n03388043_9872.JPEG,562,fountain
train/n03388183/n03388183_5590.JPEG,563,fountain pen
train/n03388183/n03388183_3798.JPEG,563,fountain pen
train/n03388183/n03388183_3012.JPEG,563,fountain pen
train/n03388183/n03388183_21471.JPEG,563,fountain pen
train/n03388183/n03388183_20944.JPEG,563,fountain pen
train/n03388183/n03388183_22911.JPEG,563,fountain pen
train/n03388183/n03388183_1033.JPEG,563,fountain pen
train/n03388183/n03388183_10850.JPEG,563,fountain pen
train/n03388183/n03388183_41.JPEG,563,fountain pen
train/n03388183/n03388183_4021.JPEG,563,fountain pen
train/n03388183/n03388183_5115.JPEG,563,fountain pen
train/n03388183/n03388183_1409.JPEG,563,fountain pen
train/n03388183/n03388183_66.JPEG,563,fountain pen
train/n03388183/n03388183_882.JPEG,563,fountain pen
train/n03388183/n03388183_23244.JPEG,563,fountain pen
train/n03388183/n03388183_888.JPEG,563,fountain pen
train/n03388549/n03388549_5619.JPEG,564,four-poster bed
train/n03388549/n03388549_768.JPEG,564,four-poster bed
train/n03388549/n03388549_9051.JPEG,564,four-poster bed
train/n03388549/n03388549_9689.JPEG,564,four-poster bed
train/n03388549/n03388549_248.JPEG,564,four-poster bed
train/n03388549/n03388549_9342.JPEG,564,four-poster bed
train/n03388549/n03388549_9347.JPEG,564,four-poster bed
train/n03388549/n03388549_91.JPEG,564,four-poster bed
train/n03388549/n03388549_6222.JPEG,564,four-poster bed
train/n03388549/n03388549_11349.JPEG,564,four-poster bed
train/n03388549/n03388549_8474.JPEG,564,four-poster bed
train/n03388549/n03388549_11306.JPEG,564,four-poster bed
train/n03388549/n03388549_4198.JPEG,564,four-poster bed
train/n03388549/n03388549_9171.JPEG,564,four-poster bed
train/n03388549/n03388549_7960.JPEG,564,four-poster bed
train/n03388549/n03388549_9459.JPEG,564,four-poster bed
train/n03393912/n03393912_4788.JPEG,565,freight car
train/n03393912/n03393912_8252.JPEG,565,freight car
train/n03393912/n03393912_2096.JPEG,565,freight car
train/n03393912/n03393912_2758.JPEG,565,freight car
train/n03393912/n03393912_11227.JPEG,565,freight car
train/n03393912/n03393912_2377.JPEG,565,freight car
train/n03393912/n03393912_4426.JPEG,565,freight car
train/n03393912/n03393912_6025.JPEG,565,freight car
train/n03393912/n03393912_2705.JPEG,565,freight car
train/n03393912/n03393912_11033.JPEG,565,freight car
train/n03393912/n03393912_6142.JPEG,565,freight car
train/n03393912/n03393912_8404.JPEG,565,freight car
train/n03393912/n03393912_8076.JPEG,565,freight car
train/n03393912/n03393912_8227.JPEG,565,freight car
train/n03393912/n03393912_4350.JPEG,565,freight car
train/n03393912/n03393912_1522.JPEG,565,freight car
train/n03394916/n03394916_4035.JPEG,566,French horn
train/n03394916/n03394916_15755.JPEG,566,French horn
train/n03394916/n03394916_40265.JPEG,566,French horn
train/n03394916/n03394916_47119.JPEG,566,French horn
train/n03394916/n03394916_28590.JPEG,566,French horn
train/n03394916/n03394916_37614.JPEG,566,French horn
train/n03394916/n03394916_6118.JPEG,566,French horn
train/n03394916/n03394916_38196.JPEG,566,French horn
train/n03394916/n03394916_40614.JPEG,566,French horn
train/n03394916/n03394916_7547.JPEG,566,French horn
train/n03394916/n03394916_32997.JPEG,566,French horn
train/n03394916/n03394916_21327.JPEG,566,French horn
train/n03394916/n03394916_47852.JPEG,566,French horn
train/n03394916/n03394916_4747.JPEG,566,French horn
train/n03394916/n03394916_42732.JPEG,566,French horn
train/n03394916/n03394916_48904.JPEG,566,French horn
train/n03400231/n03400231_10979.JPEG,567,frying pan
train/n03400231/n03400231_4497.JPEG,567,frying pan
train/n03400231/n03400231_2810.JPEG,567,frying pan
train/n03400231/n03400231_6239.JPEG,567,frying pan
train/n03400231/n03400231_3563.JPEG,567,frying pan
train/n03400231/n03400231_1615.JPEG,567,frying pan
train/n03400231/n03400231_8215.JPEG,567,frying pan
train/n03400231/n03400231_3113.JPEG,567,frying pan
train/n03400231/n03400231_7585.JPEG,567,frying pan
train/n03400231/n03400231_18160.JPEG,567,frying pan
train/n03400231/n03400231_9264.JPEG,567,frying pan
train/n03400231/n03400231_12523.JPEG,567,frying pan
train/n03400231/n03400231_1231.JPEG,567,frying pan
train/n03400231/n03400231_6598.JPEG,567,frying pan
train/n03400231/n03400231_2820.JPEG,567,frying pan
train/n03400231/n03400231_2337.JPEG,567,frying pan
train/n03404251/n03404251_15241.JPEG,568,fur coat
train/n03404251/n03404251_13289.JPEG,568,fur coat
train/n03404251/n03404251_2673.JPEG,568,fur coat
train/n03404251/n03404251_8206.JPEG,568,fur coat
train/n03404251/n03404251_19000.JPEG,568,fur coat
train/n03404251/n03404251_11315.JPEG,568,fur coat
train/n03404251/n03404251_9975.JPEG,568,fur coat
train/n03404251/n03404251_14324.JPEG,568,fur coat
train/n03404251/n03404251_8161.JPEG,568,fur coat
train/n03404251/n03404251_10500.JPEG,568,fur coat
train/n03404251/n03404251_908.JPEG,568,fur coat
train/n03404251/n03404251_11682.JPEG,568,fur coat
train/n03404251/n03404251_8855.JPEG,568,fur coat
train/n03404251/n03404251_21307.JPEG,568,fur coat
train/n03404251/n03404251_7459.JPEG,568,fur coat
train/n03404251/n03404251_15619.JPEG,568,fur coat
train/n03417042/n03417042_6903.JPEG,569,garbage truck
train/n03417042/n03417042_13279.JPEG,569,garbage truck
train/n03417042/n03417042_835.JPEG,569,garbage truck
train/n03417042/n03417042_4485.JPEG,569,garbage truck
train/n03417042/n03417042_3390.JPEG,569,garbage truck
train/n03417042/n03417042_21210.JPEG,569,garbage truck
train/n03417042/n03417042_18116.JPEG,569,garbage truck
train/n03417042/n03417042_17099.JPEG,569,garbage truck
train/n03417042/n03417042_16000.JPEG,569,garbage truck
train/n03417042/n03417042_26816.JPEG,569,garbage truck
train/n03417042/n03417042_25224.JPEG,569,garbage truck
train/n03417042/n03417042_6623.JPEG,569,garbage truck
train/n03417042/n03417042_4647.JPEG,569,garbage truck
train/n03417042/n03417042_11552.JPEG,569,garbage truck
train/n03417042/n03417042_27151.JPEG,569,garbage truck
train/n03417042/n03417042_27907.JPEG,569,garbage truck
train/n03424325/n03424325_3091.JPEG,570,gas mask or respirator
train/n03424325/n03424325_21602.JPEG,570,gas mask or respirator
train/n03424325/n03424325_5991.JPEG,570,gas mask or respirator
train/n03424325/n03424325_2964.JPEG,570,gas mask or respirator
train/n03424325/n03424325_22296.JPEG,570,gas mask or respirator
train/n03424325/n03424325_9995.JPEG,570,gas mask or respirator
train/n03424325/n03424325_14166.JPEG,570,gas mask or respirator
train/n03424325/n03424325_7634.JPEG,570,gas mask or respirator
train/n03424325/n03424325_3180.JPEG,570,gas mask or respirator
train/n03424325/n03424325_14014.JPEG,570,gas mask or respirator
train/n03424325/n03424325_10693.JPEG,570,gas mask or respirator
train/n03424325/n03424325_25944.JPEG,570,gas mask or respirator
train/n03424325/n03424325_18994.JPEG,570,gas mask or respirator
train/n03424325/n03424325_236.JPEG,570,gas mask or respirator
train/n03424325/n03424325_8823.JPEG,570,gas mask or respirator
train/n03424325/n03424325_21499.JPEG,570,gas mask or respirator
train/n03425413/n03425413_17098.JPEG,571,gas pump
train/n03425413/n03425413_4249.JPEG,571,gas pump
train/n03425413/n03425413_4400.JPEG,571,gas pump
train/n03425413/n03425413_15019.JPEG,571,gas pump
train/n03425413/n03425413_18325.JPEG,571,gas pump
train/n03425413/n03425413_16920.JPEG,571,gas pump
train/n03425413/n03425413_10387.JPEG,571,gas pump
train/n03425413/n03425413_21151.JPEG,571,gas pump
train/n03425413/n03425413_20371.JPEG,571,gas pump
train/n03425413/n03425413_14464.JPEG,571,gas pump
train/n03425413/n03425413_18830.JPEG,571,gas pump
train/n03425413/n03425413_13623.JPEG,571,gas pump
train/n03425413/n03425413_15009.JPEG,571,gas pump
train/n03425413/n03425413_14363.JPEG,571,gas pump
train/n03425413/n03425413_2671.JPEG,571,gas pump
train/n03425413/n03425413_15497.JPEG,571,gas pump
train/n03443371/n03443371_9475.JPEG,572,goblet
train/n03443371/n03443371_823.JPEG,572,goblet
train/n03443371/n03443371_2127.JPEG,572,goblet
train/n03443371/n03443371_7322.JPEG,572,goblet
train/n03443371/n03443371_4965.JPEG,572,goblet
train/n03443371/n03443371_16202.JPEG,572,goblet
train/n03443371/n03443371_8091.JPEG,572,goblet
train/n03443371/n03443371_5506.JPEG,572,goblet
train/n03443371/n03443371_12458.JPEG,572,goblet
train/n03443371/n03443371_470.JPEG,572,goblet
train/n03443371/n03443371_12374.JPEG,572,goblet
train/n03443371/n03443371_540.JPEG,572,goblet
train/n03443371/n03443371_8432.JPEG,572,goblet
train/n03443371/n03443371_4720.JPEG,572,goblet
train/n03443371/n03443371_13916.JPEG,572,goblet
train/n03443371/n03443371_880.JPEG,572,goblet
train/n03444034/n03444034_4310.JPEG,573,go-kart
train/n03444034/n03444034_6589.JPEG,573,go-kart
train/n03444034/n03444034_4650.JPEG,573,go-kart
train/n03444034/n03444034_5704.JPEG,573,go-kart
train/n03444034/n03444034_15526.JPEG,573,go-kart
train/n03444034/n03444034_22236.JPEG,573,go-kart
train/n03444034/n03444034_5438.JPEG,573,go-kart
train/n03444034/n03444034_2167.JPEG,573,go-kart
train/n03444034/n03444034_822.JPEG,573,go-kart
train/n03444034/n03444034_8744.JPEG,573,go-kart
train/n03444034/n03444034_22896.JPEG,573,go-kart
train/n03444034/n03444034_10339.JPEG,573,go-kart
train/n03444034/n03444034_1797.JPEG,573,go-kart
train/n03444034/n03444034_7915.JPEG,573,go-kart
train/n03444034/n03444034_11214.JPEG,573,go-kart
train/n03444034/n03444034_2276.JPEG,573,go-kart
train/n03445777/n03445777_9844.JPEG,574,golf ball
train/n03445777/n03445777_5916.JPEG,574,golf ball
train/n03445777/n03445777_4198.JPEG,574,golf ball
train/n03445777/n03445777_4367.JPEG,574,golf ball
train/n03445777/n03445777_10655.JPEG,574,golf ball
train/n03445777/n03445777_6854.JPEG,574,golf ball
train/n03445777/n03445777_1203.JPEG,574,golf ball
train/n03445777/n03445777_3919.JPEG,574,golf ball
train/n03445777/n03445777_6637.JPEG,574,golf ball
train/n03445777/n03445777_1338.JPEG,574,golf ball
train/n03445777/n03445777_3463.JPEG,574,golf ball
train/n03445777/n03445777_15131.JPEG,574,golf ball
train/n03445777/n03445777_3928.JPEG,574,golf ball
train/n03445777/n03445777_7228.JPEG,574,golf ball
train/n03445777/n03445777_3291.JPEG,574,golf ball
train/n03445777/n03445777_16399.JPEG,574,golf ball
train/n03445924/n03445924_5251.JPEG,575,golf cart
train/n03445924/n03445924_21402.JPEG,575,golf cart
train/n03445924/n03445924_17295.JPEG,575,golf cart
train/n03445924/n03445924_5039.JPEG,575,golf cart
train/n03445924/n03445924_567.JPEG,575,golf cart
train/n03445924/n03445924_1126.JPEG,575,golf cart
train/n03445924/n03445924_8183.JPEG,575,golf cart
train/n03445924/n03445924_12419.JPEG,575,golf cart
train/n03445924/n03445924_4266.JPEG,575,golf cart
train/n03445924/n03445924_3196.JPEG,575,golf cart
train/n03445924/n03445924_27219.JPEG,575,golf cart
train/n03445924/n03445924_23711.JPEG,575,golf cart
train/n03445924/n03445924_7220.JPEG,575,golf cart
train/n03445924/n03445924_31451.JPEG,575,golf cart
train/n03445924/n03445924_8409.JPEG,575,golf cart
train/n03445924/n03445924_1614.JPEG,575,golf cart
train/n03447447/n03447447_12787.JPEG,576,gondola
train/n03447447/n03447447_13120.JPEG,576,gondola
train/n03447447/n03447447_11130.JPEG,576,gondola
train/n03447447/n03447447_4552.JPEG,576,gondola
train/n03447447/n03447447_5303.JPEG,576,gondola
train/n03447447/n03447447_1641.JPEG,576,gondola
train/n03447447/n03447447_10893.JPEG,576,gondola
train/n03447447/n03447447_13591.JPEG,576,gondola
train/n03447447/n03447447_1103.JPEG,576,gondola
train/n03447447/n03447447_1980.JPEG,576,gondola
train/n03447447/n03447447_13599.JPEG,576,gondola
train/n03447447/n03447447_7424.JPEG,576,gondola
train/n03447447/n03447447_8624.JPEG,576,gondola
train/n03447447/n03447447_1544.JPEG,576,gondola
train/n03447447/n03447447_8369.JPEG,576,gondola
train/n03447447/n03447447_4265.JPEG,576,gondola
train/n03447721/n03447721_52319.JPEG,577,gong
train/n03447721/n03447721_20724.JPEG,577,gong
train/n03447721/n03447721_40060.JPEG,577,gong
train/n03447721/n03447721_23345.JPEG,577,gong
train/n03447721/n03447721_3200.JPEG,577,gong
train/n03447721/n03447721_20690.JPEG,577,gong
train/n03447721/n03447721_6070.JPEG,577,gong
train/n03447721/n03447721_52112.JPEG,577,gong
train/n03447721/n03447721_13426.JPEG,577,gong
train/n03447721/n03447721_16247.JPEG,577,gong
train/n03447721/n03447721_21865.JPEG,577,gong
train/n03447721/n03447721_14312.JPEG,577,gong
train/n03447721/n03447721_13442.JPEG,577,gong
train/n03447721/n03447721_16852.JPEG,577,gong
train/n03447721/n03447721_29335.JPEG,577,gong
train/n03447721/n03447721_23604.JPEG,577,gong
train/n03450230/n03450230_9127.JPEG,578,gown
train/n03450230/n03450230_8446.JPEG,578,gown
train/n03450230/n03450230_8966.JPEG,578,gown
train/n03450230/n03450230_21076.JPEG,578,gown
train/n03450230/n03450230_29173.JPEG,578,gown
train/n03450230/n03450230_11131.JPEG,578,gown
train/n03450230/n03450230_2808.JPEG,578,gown
train/n03450230/n03450230_2160.JPEG,578,gown
train/n03450230/n03450230_12610.JPEG,578,gown
train/n03450230/n03450230_23055.JPEG,578,gown
train/n03450230/n03450230_36428.JPEG,578,gown
train/n03450230/n03450230_11846.JPEG,578,gown
train/n03450230/n03450230_33976.JPEG,578,gown
train/n03450230/n03450230_34674.JPEG,578,gown
train/n03450230/n03450230_11986.JPEG,578,gown
train/n03450230/n03450230_38688.JPEG,578,gown
train/n03452741/n03452741_16198.JPEG,579,grand piano
train/n03452741/n03452741_3884.JPEG,579,grand piano
train/n03452741/n03452741_1356.JPEG,579,grand piano
train/n03452741/n03452741_2911.JPEG,579,grand piano
train/n03452741/n03452741_7535.JPEG,579,grand piano
train/n03452741/n03452741_9132.JPEG,579,grand piano
train/n03452741/n03452741_21439.JPEG,579,grand piano
train/n03452741/n03452741_19952.JPEG,579,grand piano
train/n03452741/n03452741_20318.JPEG,579,grand piano
train/n03452741/n03452741_6577.JPEG,579,grand piano
train/n03452741/n03452741_16890.JPEG,579,grand piano
train/n03452741/n03452741_25408.JPEG,579,grand piano
train/n03452741/n03452741_12132.JPEG,579,grand piano
train/n03452741/n03452741_9848.JPEG,579,grand piano
train/n03452741/n03452741_7295.JPEG,579,grand piano
train/n03452741/n03452741_3289.JPEG,579,grand piano
train/n03457902/n03457902_34445.JPEG,580,greenhouse
train/n03457902/n03457902_68632.JPEG,580,greenhouse
train/n03457902/n03457902_26350.JPEG,580,greenhouse
train/n03457902/n03457902_28906.JPEG,580,greenhouse
train/n03457902/n03457902_24799.JPEG,580,greenhouse
train/n03457902/n03457902_28004.JPEG,580,greenhouse
train/n03457902/n03457902_17751.JPEG,580,greenhouse
train/n03457902/n03457902_32380.JPEG,580,greenhouse
train/n03457902/n03457902_25060.JPEG,580,greenhouse
train/n03457902/n03457902_18526.JPEG,580,greenhouse
train/n03457902/n03457902_68895.JPEG,580,greenhouse
train/n03457902/n03457902_1504.JPEG,580,greenhouse
train/n03457902/n03457902_30648.JPEG,580,greenhouse
train/n03457902/n03457902_94434.JPEG,580,greenhouse
train/n03457902/n03457902_42900.JPEG,580,greenhouse
train/n03457902/n03457902_43404.JPEG,580,greenhouse
train/n03459775/n03459775_918.JPEG,581,radiator grille
train/n03459775/n03459775_17256.JPEG,581,radiator grille
train/n03459775/n03459775_8620.JPEG,581,radiator grille
train/n03459775/n03459775_22316.JPEG,581,radiator grille
train/n03459775/n03459775_21875.JPEG,581,radiator grille
train/n03459775/n03459775_20007.JPEG,581,radiator grille
train/n03459775/n03459775_4024.JPEG,581,radiator grille
train/n03459775/n03459775_2054.JPEG,581,radiator grille
train/n03459775/n03459775_20022.JPEG,581,radiator grille
train/n03459775/n03459775_17246.JPEG,581,radiator grille
train/n03459775/n03459775_8924.JPEG,581,radiator grille
train/n03459775/n03459775_5056.JPEG,581,radiator grille
train/n03459775/n03459775_2436.JPEG,581,radiator grille
train/n03459775/n03459775_10050.JPEG,581,radiator grille
train/n03459775/n03459775_7772.JPEG,581,radiator grille
train/n03459775/n03459775_11326.JPEG,581,radiator grille
train/n03461385/n03461385_39166.JPEG,582,grocery store
train/n03461385/n03461385_32324.JPEG,582,grocery store
train/n03461385/n03461385_115649.JPEG,582,grocery store
train/n03461385/n03461385_1250.JPEG,582,grocery store
train/n03461385/n03461385_36039.JPEG,582,grocery store
train/n03461385/n03461385_43472.JPEG,582,grocery store
train/n03461385/n03461385_43572.JPEG,582,grocery store
train/n03461385/n03461385_57395.JPEG,582,grocery store
train/n03461385/n03461385_42026.JPEG,582,grocery store
train/n03461385/n03461385_73121.JPEG,582,grocery store
train/n03461385/n03461385_56051.JPEG,582,grocery store
train/n03461385/n03461385_110652.JPEG,582,grocery store
train/n03461385/n03461385_51525.JPEG,582,grocery store
train/n03461385/n03461385_16977.JPEG,582,grocery store
train/n03461385/n03461385_57301.JPEG,582,grocery store
train/n03461385/n03461385_23909.JPEG,582,grocery store
train/n03467068/n03467068_15942.JPEG,583,guillotine
train/n03467068/n03467068_8171.JPEG,583,guillotine
train/n03467068/n03467068_5437.JPEG,583,guillotine
train/n03467068/n03467068_8865.JPEG,583,guillotine
train/n03467068/n03467068_19733.JPEG,583,guillotine
train/n03467068/n03467068_23780.JPEG,583,guillotine
train/n03467068/n03467068_3397.JPEG,583,guillotine
train/n03467068/n03467068_10491.JPEG,583,guillotine
train/n03467068/n03467068_8323.JPEG,583,guillotine
train/n03467068/n03467068_247.JPEG,583,guillotine
train/n03467068/n03467068_6930.JPEG,583,guillotine
train/n03467068/n03467068_8885.JPEG,583,guillotine
train/n03467068/n03467068_7542.JPEG,583,guillotine
train/n03467068/n03467068_9160.JPEG,583,guillotine
train/n03467068/n03467068_643.JPEG,583,guillotine
train/n03467068/n03467068_30655.JPEG,583,guillotine
train/n03476684/n03476684_234.JPEG,584,hair clip
train/n03476684/n03476684_5358.JPEG,584,hair clip
train/n03476684/n03476684_6843.JPEG,584,hair clip
train/n03476684/n03476684_3358.JPEG,584,hair clip
train/n03476684/n03476684_2606.JPEG,584,hair clip
train/n03476684/n03476684_10820.JPEG,584,hair clip
train/n03476684/n03476684_11469.JPEG,584,hair clip
train/n03476684/n03476684_1470.JPEG,584,hair clip
train/n03476684/n03476684_25931.JPEG,584,hair clip
train/n03476684/n03476684_14626.JPEG,584,hair clip
train/n03476684/n03476684_30930.JPEG,584,hair clip
train/n03476684/n03476684_11647.JPEG,584,hair clip
train/n03476684/n03476684_21070.JPEG,584,hair clip
train/n03476684/n03476684_3755.JPEG,584,hair clip
train/n03476684/n03476684_5528.JPEG,584,hair clip
train/n03476684/n03476684_5030.JPEG,584,hair clip
train/n03476991/n03476991_28592.JPEG,585,hair spray
train/n03476991/n03476991_666.JPEG,585,hair spray
train/n03476991/n03476991_8974.JPEG,585,hair spray
train/n03476991/n03476991_21449.JPEG,585,hair spray
train/n03476991/n03476991_24544.JPEG,585,hair spray
train/n03476991/n03476991_6881.JPEG,585,hair spray
train/n03476991/n03476991_33299.JPEG,585,hair spray
train/n03476991/n03476991_44347.JPEG,585,hair spray
train/n03476991/n03476991_15685.JPEG,585,hair spray
train/n03476991/n03476991_39420.JPEG,585,hair spray
train/n03476991/n03476991_1856.JPEG,585,hair spray
train/n03476991/n03476991_27994.JPEG,585,hair spray
train/n03476991/n03476991_23130.JPEG,585,hair spray
train/n03476991/n03476991_6030.JPEG,585,hair spray
train/n03476991/n03476991_13419.JPEG,585,hair spray
train/n03476991/n03476991_7772.JPEG,585,hair spray
train/n03478589/n03478589_2353.JPEG,586,half-track
train/n03478589/n03478589_15652.JPEG,586,half-track
train/n03478589/n03478589_17929.JPEG,586,half-track
train/n03478589/n03478589_2297.JPEG,586,half-track
train/n03478589/n03478589_661.JPEG,586,half-track
train/n03478589/n03478589_12552.JPEG,586,half-track
train/n03478589/n03478589_18694.JPEG,586,half-track
train/n03478589/n03478589_11112.JPEG,586,half-track
train/n03478589/n03478589_7880.JPEG,586,half-track
train/n03478589/n03478589_13709.JPEG,586,half-track
train/n03478589/n03478589_141.JPEG,586,half-track
train/n03478589/n03478589_17991.JPEG,586,half-track
train/n03478589/n03478589_6775.JPEG,586,half-track
train/n03478589/n03478589_5315.JPEG,586,half-track
train/n03478589/n03478589_10965.JPEG,586,half-track
train/n03478589/n03478589_1637.JPEG,586,half-track
train/n03481172/n03481172_13640.JPEG,587,hammer
train/n03481172/n03481172_18881.JPEG,587,hammer
train/n03481172/n03481172_3821.JPEG,587,hammer
train/n03481172/n03481172_17581.JPEG,587,hammer
train/n03481172/n03481172_41995.JPEG,587,hammer
train/n03481172/n03481172_14179.JPEG,587,hammer
train/n03481172/n03481172_6731.JPEG,587,hammer
train/n03481172/n03481172_32589.JPEG,587,hammer
train/n03481172/n03481172_15211.JPEG,587,hammer
train/n03481172/n03481172_10930.JPEG,587,hammer
train/n03481172/n03481172_41821.JPEG,587,hammer
train/n03481172/n03481172_26511.JPEG,587,hammer
train/n03481172/n03481172_9783.JPEG,587,hammer
train/n03481172/n03481172_6141.JPEG,587,hammer
train/n03481172/n03481172_15293.JPEG,587,hammer
train/n03481172/n03481172_3112.JPEG,587,hammer
train/n03482405/n03482405_27134.JPEG,588,hamper
train/n03482405/n03482405_24706.JPEG,588,hamper
train/n03482405/n03482405_26930.JPEG,588,hamper
train/n03482405/n03482405_18255.JPEG,588,hamper
train/n03482405/n03482405_5158.JPEG,588,hamper
train/n03482405/n03482405_11186.JPEG,588,hamper
train/n03482405/n03482405_31134.JPEG,588,hamper
train/n03482405/n03482405_30459.JPEG,588,hamper
train/n03482405/n03482405_3790.JPEG,588,hamper
train/n03482405/n03482405_6845.JPEG,588,hamper
train/n03482405/n03482405_26555.JPEG,588,hamper
train/n03482405/n03482405_6678.JPEG,588,hamper
train/n03482405/n03482405_3894.JPEG,588,hamper
train/n03482405/n03482405_5849.JPEG,588,hamper
train/n03482405/n03482405_6912.JPEG,588,hamper
train/n03482405/n03482405_12225.JPEG,588,hamper
train/n03483316/n03483316_46701.JPEG,589,hair dryer
train/n03483316/n03483316_21537.JPEG,589,hair dryer
train/n03483316/n03483316_10722.JPEG,589,hair dryer
train/n03483316/n03483316_28674.JPEG,589,hair dryer
train/n03483316/n03483316_46126.JPEG,589,hair dryer
train/n03483316/n03483316_14043.JPEG,589,hair dryer
train/n03483316/n03483316_2938.JPEG,589,hair dryer
train/n03483316/n03483316_29788.JPEG,589,hair dryer
train/n03483316/n03483316_9920.JPEG,589,hair dryer
train/n03483316/n03483316_20287.JPEG,589,hair dryer
train/n03483316/n03483316_17588.JPEG,589,hair dryer
train/n03483316/n03483316_42314.JPEG,589,hair dryer
train/n03483316/n03483316_11733.JPEG,589,hair dryer
train/n03483316/n03483316_10715.JPEG,589,hair dryer
train/n03483316/n03483316_47745.JPEG,589,hair dryer
train/n03483316/n03483316_21536.JPEG,589,hair dryer
train/n03485407/n03485407_1035.JPEG,590,hand-held computer
train/n03485407/n03485407_10916.JPEG,590,hand-held computer
train/n03485407/n03485407_9092.JPEG,590,hand-held computer
train/n03485407/n03485407_1082.JPEG,590,hand-held computer
train/n03485407/n03485407_7379.JPEG,590,hand-held computer
train/n03485407/n03485407_12808.JPEG,590,hand-held computer
train/n03485407/n03485407_4381.JPEG,590,hand-held computer
train/n03485407/n03485407_11496.JPEG,590,hand-held computer
train/n03485407/n03485407_3078.JPEG,590,hand-held computer
train/n03485407/n03485407_3054.JPEG,590,hand-held computer
train/n03485407/n03485407_10577.JPEG,590,hand-held computer
train/n03485407/n03485407_3749.JPEG,590,hand-held computer
train/n03485407/n03485407_3839.JPEG,590,hand-held computer
train/n03485407/n03485407_2854.JPEG,590,hand-held computer
train/n03485407/n03485407_1453.JPEG,590,hand-held computer
train/n03485407/n03485407_18996.JPEG,590,hand-held computer
train/n03485794/n03485794_12882.JPEG,591,handkerchief
train/n03485794/n03485794_44940.JPEG,591,handkerchief
train/n03485794/n03485794_43275.JPEG,591,handkerchief
train/n03485794/n03485794_9725.JPEG,591,handkerchief
train/n03485794/n03485794_2473.JPEG,591,handkerchief
train/n03485794/n03485794_2162.JPEG,591,handkerchief
train/n03485794/n03485794_17303.JPEG,591,handkerchief
train/n03485794/n03485794_27904.JPEG,591,handkerchief
train/n03485794/n03485794_36221.JPEG,591,handkerchief
train/n03485794/n03485794_43437.JPEG,591,handkerchief
train/n03485794/n03485794_21460.JPEG,591,handkerchief
train/n03485794/n03485794_2010.JPEG,591,handkerchief
train/n03485794/n03485794_28536.JPEG,591,handkerchief
train/n03485794/n03485794_17452.JPEG,591,handkerchief
train/n03485794/n03485794_60311.JPEG,591,handkerchief
train/n03485794/n03485794_14236.JPEG,591,handkerchief
train/n03492542/n03492542_21740.JPEG,592,hard disk drive
train/n03492542/n03492542_14923.JPEG,592,hard disk drive
train/n03492542/n03492542_47339.JPEG,592,hard disk drive
train/n03492542/n03492542_23588.JPEG,592,hard disk drive
train/n03492542/n03492542_14297.JPEG,592,hard disk drive
train/n03492542/n03492542_769.JPEG,592,hard disk drive
train/n03492542/n03492542_6403.JPEG,592,hard disk drive
train/n03492542/n03492542_16992.JPEG,592,hard disk drive
train/n03492542/n03492542_30512.JPEG,592,hard disk drive
train/n03492542/n03492542_34677.JPEG,592,hard disk drive
train/n03492542/n03492542_35073.JPEG,592,hard disk drive
train/n03492542/n03492542_8864.JPEG,592,hard disk drive
train/n03492542/n03492542_20832.JPEG,592,hard disk drive
train/n03492542/n03492542_31229.JPEG,592,hard disk drive
train/n03492542/n03492542_46394.JPEG,592,hard disk drive
train/n03492542/n03492542_21042.JPEG,592,hard disk drive
train/n03494278/n03494278_42925.JPEG,593,harmonica
train/n03494278/n03494278_52278.JPEG,593,harmonica
train/n03494278/n03494278_28771.JPEG,593,harmonica
train/n03494278/n03494278_40471.JPEG,593,harmonica
train/n03494278/n03494278_27435.JPEG,593,harmonica
train/n03494278/n03494278_40223.JPEG,593,harmonica
train/n03494278/n03494278_16176.JPEG,593,harmonica
train/n03494278/n03494278_11575.JPEG,593,harmonica
train/n03494278/n03494278_38908.JPEG,593,harmonica
train/n03494278/n03494278_4149.JPEG,593,harmonica
train/n03494278/n03494278_6851.JPEG,593,harmonica
train/n03494278/n03494278_15652.JPEG,593,harmonica
train/n03494278/n03494278_8765.JPEG,593,harmonica
train/n03494278/n03494278_28988.JPEG,593,harmonica
train/n03494278/n03494278_42867.JPEG,593,harmonica
train/n03494278/n03494278_38452.JPEG,593,harmonica
train/n03495258/n03495258_6813.JPEG,594,harp
train/n03495258/n03495258_10787.JPEG,594,harp
train/n03495258/n03495258_5143.JPEG,594,harp
train/n03495258/n03495258_7618.JPEG,594,harp
train/n03495258/n03495258_2663.JPEG,594,harp
train/n03495258/n03495258_9193.JPEG,594,harp
train/n03495258/n03495258_21017.JPEG,594,harp
train/n03495258/n03495258_11227.JPEG,594,harp
train/n03495258/n03495258_12479.JPEG,594,harp
train/n03495258/n03495258_16449.JPEG,594,harp
train/n03495258/n03495258_12538.JPEG,594,harp
train/n03495258/n03495258_29442.JPEG,594,harp
train/n03495258/n03495258_5120.JPEG,594,harp
train/n03495258/n03495258_21754.JPEG,594,harp
train/n03495258/n03495258_4437.JPEG,594,harp
train/n03495258/n03495258_4447.JPEG,594,harp
train/n03496892/n03496892_21541.JPEG,595,combine harvester
train/n03496892/n03496892_36274.JPEG,595,combine harvester
train/n03496892/n03496892_8615.JPEG,595,combine harvester
train/n03496892/n03496892_20493.JPEG,595,combine harvester
train/n03496892/n03496892_34463.JPEG,595,combine harvester
train/n03496892/n03496892_20537.JPEG,595,combine harvester
train/n03496892/n03496892_18350.JPEG,595,combine harvester
train/n03496892/n03496892_21741.JPEG,595,combine harvester
train/n03496892/n03496892_1352.JPEG,595,combine harvester
train/n03496892/n03496892_21035.JPEG,595,combine harvester
train/n03496892/n03496892_21540.JPEG,595,combine harvester
train/n03496892/n03496892_9151.JPEG,595,combine harvester
train/n03496892/n03496892_6680.JPEG,595,combine harvester
train/n03496892/n03496892_2565.JPEG,595,combine harvester
train/n03496892/n03496892_23210.JPEG,595,combine harvester
train/n03496892/n03496892_21288.JPEG,595,combine harvester
train/n03498962/n03498962_430.JPEG,596,hatchet
train/n03498962/n03498962_3963.JPEG,596,hatchet
train/n03498962/n03498962_8490.JPEG,596,hatchet
train/n03498962/n03498962_9958.JPEG,596,hatchet
train/n03498962/n03498962_5965.JPEG,596,hatchet
train/n03498962/n03498962_32644.JPEG,596,hatchet
train/n03498962/n03498962_7324.JPEG,596,hatchet
train/n03498962/n03498962_14105.JPEG,596,hatchet
train/n03498962/n03498962_59587.JPEG,596,hatchet
train/n03498962/n03498962_8538.JPEG,596,hatchet
train/n03498962/n03498962_48915.JPEG,596,hatchet
train/n03498962/n03498962_1300.JPEG,596,hatchet
train/n03498962/n03498962_98.JPEG,596,hatchet
train/n03498962/n03498962_14317.JPEG,596,hatchet
train/n03498962/n03498962_8395.JPEG,596,hatchet
train/n03498962/n03498962_31911.JPEG,596,hatchet
train/n03527444/n03527444_4798.JPEG,597,holster
train/n03527444/n03527444_1752.JPEG,597,holster
train/n03527444/n03527444_22499.JPEG,597,holster
train/n03527444/n03527444_25156.JPEG,597,holster
train/n03527444/n03527444_30.JPEG,597,holster
train/n03527444/n03527444_16614.JPEG,597,holster
train/n03527444/n03527444_14667.JPEG,597,holster
train/n03527444/n03527444_3873.JPEG,597,holster
train/n03527444/n03527444_13223.JPEG,597,holster
train/n03527444/n03527444_17803.JPEG,597,holster
train/n03527444/n03527444_5918.JPEG,597,holster
train/n03527444/n03527444_13370.JPEG,597,holster
train/n03527444/n03527444_2571.JPEG,597,holster
train/n03527444/n03527444_21482.JPEG,597,holster
train/n03527444/n03527444_15791.JPEG,597,holster
train/n03527444/n03527444_17925.JPEG,597,holster
train/n03529860/n03529860_9541.JPEG,598,home theater
train/n03529860/n03529860_2432.JPEG,598,home theater
train/n03529860/n03529860_10596.JPEG,598,home theater
train/n03529860/n03529860_14164.JPEG,598,home theater
train/n03529860/n03529860_12754.JPEG,598,home theater
train/n03529860/n03529860_1781.JPEG,598,home theater
train/n03529860/n03529860_11375.JPEG,598,home theater
train/n03529860/n03529860_12340.JPEG,598,home theater
train/n03529860/n03529860_2316.JPEG,598,home theater
train/n03529860/n03529860_5894.JPEG,598,home theater
train/n03529860/n03529860_1027.JPEG,598,home theater
train/n03529860/n03529860_4324.JPEG,598,home theater
train/n03529860/n03529860_3719.JPEG,598,home theater
train/n03529860/n03529860_1142.JPEG,598,home theater
train/n03529860/n03529860_9344.JPEG,598,home theater
train/n03529860/n03529860_7859.JPEG,598,home theater
train/n03530642/n03530642_13248.JPEG,599,honeycomb
train/n03530642/n03530642_22445.JPEG,599,honeycomb
train/n03530642/n03530642_10006.JPEG,599,honeycomb
train/n03530642/n03530642_13741.JPEG,599,honeycomb
train/n03530642/n03530642_52861.JPEG,599,honeycomb
train/n03530642/n03530642_16461.JPEG,599,honeycomb
train/n03530642/n03530642_30596.JPEG,599,honeycomb
train/n03530642/n03530642_19401.JPEG,599,honeycomb
train/n03530642/n03530642_15512.JPEG,599,honeycomb
train/n03530642/n03530642_34029.JPEG,599,honeycomb
train/n03530642/n03530642_52777.JPEG,599,honeycomb
train/n03530642/n03530642_3444.JPEG,599,honeycomb
train/n03530642/n03530642_27411.JPEG,599,honeycomb
train/n03530642/n03530642_18773.JPEG,599,honeycomb
train/n03530642/n03530642_10904.JPEG,599,honeycomb
train/n03530642/n03530642_12021.JPEG,599,honeycomb
train/n03532672/n03532672_28670.JPEG,600,hook
train/n03532672/n03532672_18553.JPEG,600,hook
train/n03532672/n03532672_17258.JPEG,600,hook
train/n03532672/n03532672_68788.JPEG,600,hook
train/n03532672/n03532672_30170.JPEG,600,hook
train/n03532672/n03532672_45283.JPEG,600,hook
train/n03532672/n03532672_36049.JPEG,600,hook
train/n03532672/n03532672_3091.JPEG,600,hook
train/n03532672/n03532672_16047.JPEG,600,hook
train/n03532672/n03532672_38164.JPEG,600,hook
train/n03532672/n03532672_27472.JPEG,600,hook
train/n03532672/n03532672_746.JPEG,600,hook
train/n03532672/n03532672_2322.JPEG,600,hook
train/n03532672/n03532672_33634.JPEG,600,hook
train/n03532672/n03532672_39915.JPEG,600,hook
train/n03532672/n03532672_40942.JPEG,600,hook
train/n03534580/n03534580_3493.JPEG,601,hoop skirt
train/n03534580/n03534580_7477.JPEG,601,hoop skirt
train/n03534580/n03534580_16676.JPEG,601,hoop skirt
train/n03534580/n03534580_3347.JPEG,601,hoop skirt
train/n03534580/n03534580_2104.JPEG,601,hoop skirt
train/n03534580/n03534580_9812.JPEG,601,hoop skirt
train/n03534580/n03534580_5131.JPEG,601,hoop skirt
train/n03534580/n03534580_19986.JPEG,601,hoop skirt
train/n03534580/n03534580_943.JPEG,601,hoop skirt
train/n03534580/n03534580_15759.JPEG,601,hoop skirt
train/n03534580/n03534580_9170.JPEG,601,hoop skirt
train/n03534580/n03534580_5890.JPEG,601,hoop skirt
train/n03534580/n03534580_17195.JPEG,601,hoop skirt
train/n03534580/n03534580_502.JPEG,601,hoop skirt
train/n03534580/n03534580_17764.JPEG,601,hoop skirt
train/n03534580/n03534580_12710.JPEG,601,hoop skirt
train/n03535780/n03535780_12876.JPEG,602,gymnastic horizontal bar
train/n03535780/n03535780_12794.JPEG,602,gymnastic horizontal bar
train/n03535780/n03535780_16404.JPEG,602,gymnastic horizontal bar
train/n03535780/n03535780_13025.JPEG,602,gymnastic horizontal bar
train/n03535780/n03535780_18076.JPEG,602,gymnastic horizontal bar
train/n03535780/n03535780_42212.JPEG,602,gymnastic horizontal bar
train/n03535780/n03535780_41073.JPEG,602,gymnastic horizontal bar
train/n03535780/n03535780_11788.JPEG,602,gymnastic horizontal bar
train/n03535780/n03535780_42680.JPEG,602,gymnastic horizontal bar
train/n03535780/n03535780_8998.JPEG,602,gymnastic horizontal bar
train/n03535780/n03535780_47065.JPEG,602,gymnastic horizontal bar
train/n03535780/n03535780_17598.JPEG,602,gymnastic horizontal bar
train/n03535780/n03535780_10325.JPEG,602,gymnastic horizontal bar
train/n03535780/n03535780_3786.JPEG,602,gymnastic horizontal bar
train/n03535780/n03535780_8181.JPEG,602,gymnastic horizontal bar
train/n03535780/n03535780_7467.JPEG,602,gymnastic horizontal bar
train/n03538406/n03538406_6300.JPEG,603,horse-drawn vehicle
train/n03538406/n03538406_4618.JPEG,603,horse-drawn vehicle
train/n03538406/n03538406_3652.JPEG,603,horse-drawn vehicle
train/n03538406/n03538406_8691.JPEG,603,horse-drawn vehicle
train/n03538406/n03538406_6747.JPEG,603,horse-drawn vehicle
train/n03538406/n03538406_8913.JPEG,603,horse-drawn vehicle
train/n03538406/n03538406_3072.JPEG,603,horse-drawn vehicle
train/n03538406/n03538406_2894.JPEG,603,horse-drawn vehicle
train/n03538406/n03538406_8509.JPEG,603,horse-drawn vehicle
train/n03538406/n03538406_13144.JPEG,603,horse-drawn vehicle
train/n03538406/n03538406_7592.JPEG,603,horse-drawn vehicle
train/n03538406/n03538406_3229.JPEG,603,horse-drawn vehicle
train/n03538406/n03538406_13191.JPEG,603,horse-drawn vehicle
train/n03538406/n03538406_7952.JPEG,603,horse-drawn vehicle
train/n03538406/n03538406_3134.JPEG,603,horse-drawn vehicle
train/n03538406/n03538406_10737.JPEG,603,horse-drawn vehicle
train/n03544143/n03544143_19292.JPEG,604,hourglass
train/n03544143/n03544143_7517.JPEG,604,hourglass
train/n03544143/n03544143_6359.JPEG,604,hourglass
train/n03544143/n03544143_2368.JPEG,604,hourglass
train/n03544143/n03544143_19068.JPEG,604,hourglass
train/n03544143/n03544143_18723.JPEG,604,hourglass
train/n03544143/n03544143_13946.JPEG,604,hourglass
train/n03544143/n03544143_13905.JPEG,604,hourglass
train/n03544143/n03544143_22136.JPEG,604,hourglass
train/n03544143/n03544143_2477.JPEG,604,hourglass
train/n03544143/n03544143_1630.JPEG,604,hourglass
train/n03544143/n03544143_11901.JPEG,604,hourglass
train/n03544143/n03544143_4597.JPEG,604,hourglass
train/n03544143/n03544143_13913.JPEG,604,hourglass
train/n03544143/n03544143_14147.JPEG,604,hourglass
train/n03544143/n03544143_13011.JPEG,604,hourglass
train/n03584254/n03584254_759.JPEG,605,iPod
train/n03584254/n03584254_6706.JPEG,605,iPod
train/n03584254/n03584254_1255.JPEG,605,iPod
train/n03584254/n03584254_137.JPEG,605,iPod
train/n03584254/n03584254_518.JPEG,605,iPod
train/n03584254/n03584254_892.JPEG,605,iPod
train/n03584254/n03584254_2569.JPEG,605,iPod
train/n03584254/n03584254_1888.JPEG,605,iPod
train/n03584254/n03584254_2290.JPEG,605,iPod
train/n03584254/n03584254_4720.JPEG,605,iPod
train/n03584254/n03584254_1450.JPEG,605,iPod
train/n03584254/n03584254_1076.JPEG,605,iPod
train/n03584254/n03584254_1322.JPEG,605,iPod
train/n03584254/n03584254_3907.JPEG,605,iPod
train/n03584254/n03584254_2981.JPEG,605,iPod
train/n03584254/n03584254_2992.JPEG,605,iPod
train/n03584829/n03584829_35434.JPEG,606,clothes iron
train/n03584829/n03584829_49598.JPEG,606,clothes iron
train/n03584829/n03584829_5030.JPEG,606,clothes iron
train/n03584829/n03584829_46048.JPEG,606,clothes iron
train/n03584829/n03584829_15000.JPEG,606,clothes iron
train/n03584829/n03584829_3694.JPEG,606,clothes iron
train/n03584829/n03584829_10466.JPEG,606,clothes iron
train/n03584829/n03584829_18804.JPEG,606,clothes iron
train/n03584829/n03584829_30098.JPEG,606,clothes iron
train/n03584829/n03584829_38330.JPEG,606,clothes iron
train/n03584829/n03584829_20719.JPEG,606,clothes iron
train/n03584829/n03584829_19991.JPEG,606,clothes iron
train/n03584829/n03584829_2639.JPEG,606,clothes iron
train/n03584829/n03584829_52887.JPEG,606,clothes iron
train/n03584829/n03584829_41061.JPEG,606,clothes iron
train/n03584829/n03584829_35663.JPEG,606,clothes iron
train/n03590841/n03590841_7215.JPEG,607,carved pumpkin
train/n03590841/n03590841_5810.JPEG,607,carved pumpkin
train/n03590841/n03590841_6181.JPEG,607,carved pumpkin
train/n03590841/n03590841_14290.JPEG,607,carved pumpkin
train/n03590841/n03590841_1326.JPEG,607,carved pumpkin
train/n03590841/n03590841_6074.JPEG,607,carved pumpkin
train/n03590841/n03590841_5450.JPEG,607,carved pumpkin
train/n03590841/n03590841_7070.JPEG,607,carved pumpkin
train/n03590841/n03590841_4238.JPEG,607,carved pumpkin
train/n03590841/n03590841_1439.JPEG,607,carved pumpkin
train/n03590841/n03590841_5324.JPEG,607,carved pumpkin
train/n03590841/n03590841_9774.JPEG,607,carved pumpkin
train/n03590841/n03590841_473.JPEG,607,carved pumpkin
train/n03590841/n03590841_5416.JPEG,607,carved pumpkin
train/n03590841/n03590841_7706.JPEG,607,carved pumpkin
train/n03590841/n03590841_6999.JPEG,607,carved pumpkin
train/n03594734/n03594734_45054.JPEG,608,jeans
train/n03594734/n03594734_3699.JPEG,608,jeans
train/n03594734/n03594734_40959.JPEG,608,jeans
train/n03594734/n03594734_15940.JPEG,608,jeans
train/n03594734/n03594734_38498.JPEG,608,jeans
train/n03594734/n03594734_11066.JPEG,608,jeans
train/n03594734/n03594734_2094.JPEG,608,jeans
train/n03594734/n03594734_33526.JPEG,608,jeans
train/n03594734/n03594734_51122.JPEG,608,jeans
train/n03594734/n03594734_58867.JPEG,608,jeans
train/n03594734/n03594734_9293.JPEG,608,jeans
train/n03594734/n03594734_61815.JPEG,608,jeans
train/n03594734/n03594734_9872.JPEG,608,jeans
train/n03594734/n03594734_45076.JPEG,608,jeans
train/n03594734/n03594734_29887.JPEG,608,jeans
train/n03594734/n03594734_38420.JPEG,608,jeans
train/n03594945/n03594945_11943.JPEG,609,jeep
train/n03594945/n03594945_7943.JPEG,609,jeep
train/n03594945/n03594945_27785.JPEG,609,jeep
train/n03594945/n03594945_5816.JPEG,609,jeep
train/n03594945/n03594945_17521.JPEG,609,jeep
train/n03594945/n03594945_28181.JPEG,609,jeep
train/n03594945/n03594945_14040.JPEG,609,jeep
train/n03594945/n03594945_13393.JPEG,609,jeep
train/n03594945/n03594945_21439.JPEG,609,jeep
train/n03594945/n03594945_19078.JPEG,609,jeep
train/n03594945/n03594945_35986.JPEG,609,jeep
train/n03594945/n03594945_8909.JPEG,609,jeep
train/n03594945/n03594945_12191.JPEG,609,jeep
train/n03594945/n03594945_31572.JPEG,609,jeep
train/n03594945/n03594945_42008.JPEG,609,jeep
train/n03594945/n03594945_5234.JPEG,609,jeep
train/n03595614/n03595614_6498.JPEG,610,T-shirt
train/n03595614/n03595614_3089.JPEG,610,T-shirt
train/n03595614/n03595614_9347.JPEG,610,T-shirt
train/n03595614/n03595614_21086.JPEG,610,T-shirt
train/n03595614/n03595614_5770.JPEG,610,T-shirt
train/n03595614/n03595614_18085.JPEG,610,T-shirt
train/n03595614/n03595614_8940.JPEG,610,T-shirt
train/n03595614/n03595614_10303.JPEG,610,T-shirt
train/n03595614/n03595614_15339.JPEG,610,T-shirt
train/n03595614/n03595614_3093.JPEG,610,T-shirt
train/n03595614/n03595614_1283.JPEG,610,T-shirt
train/n03595614/n03595614_10913.JPEG,610,T-shirt
train/n03595614/n03595614_26514.JPEG,610,T-shirt
train/n03595614/n03595614_24034.JPEG,610,T-shirt
train/n03595614/n03595614_31518.JPEG,610,T-shirt
train/n03595614/n03595614_31266.JPEG,610,T-shirt
train/n03598930/n03598930_4438.JPEG,611,jigsaw puzzle
train/n03598930/n03598930_3719.JPEG,611,jigsaw puzzle
train/n03598930/n03598930_3114.JPEG,611,jigsaw puzzle
train/n03598930/n03598930_651.JPEG,611,jigsaw puzzle
train/n03598930/n03598930_9041.JPEG,611,jigsaw puzzle
train/n03598930/n03598930_2306.JPEG,611,jigsaw puzzle
train/n03598930/n03598930_10225.JPEG,611,jigsaw puzzle
train/n03598930/n03598930_1770.JPEG,611,jigsaw puzzle
train/n03598930/n03598930_7247.JPEG,611,jigsaw puzzle
train/n03598930/n03598930_2430.JPEG,611,jigsaw puzzle
train/n03598930/n03598930_7176.JPEG,611,jigsaw puzzle
train/n03598930/n03598930_2036.JPEG,611,jigsaw puzzle
train/n03598930/n03598930_5882.JPEG,611,jigsaw puzzle
train/n03598930/n03598930_2215.JPEG,611,jigsaw puzzle
train/n03598930/n03598930_6640.JPEG,611,jigsaw puzzle
train/n03598930/n03598930_395.JPEG,611,jigsaw puzzle
train/n03599486/n03599486_13262.JPEG,612,rickshaw
train/n03599486/n03599486_29219.JPEG,612,rickshaw
train/n03599486/n03599486_19297.JPEG,612,rickshaw
train/n03599486/n03599486_4956.JPEG,612,rickshaw
train/n03599486/n03599486_4103.JPEG,612,rickshaw
train/n03599486/n03599486_2018.JPEG,612,rickshaw
train/n03599486/n03599486_20465.JPEG,612,rickshaw
train/n03599486/n03599486_16839.JPEG,612,rickshaw
train/n03599486/n03599486_1517.JPEG,612,rickshaw
train/n03599486/n03599486_8200.JPEG,612,rickshaw
train/n03599486/n03599486_27054.JPEG,612,rickshaw
train/n03599486/n03599486_13834.JPEG,612,rickshaw
train/n03599486/n03599486_18099.JPEG,612,rickshaw
train/n03599486/n03599486_27841.JPEG,612,rickshaw
train/n03599486/n03599486_5553.JPEG,612,rickshaw
train/n03599486/n03599486_24518.JPEG,612,rickshaw
train/n03602883/n03602883_5353.JPEG,613,joystick
train/n03602883/n03602883_11430.JPEG,613,joystick
train/n03602883/n03602883_15325.JPEG,613,joystick
train/n03602883/n03602883_7340.JPEG,613,joystick
train/n03602883/n03602883_10564.JPEG,613,joystick
train/n03602883/n03602883_14032.JPEG,613,joystick
train/n03602883/n03602883_777.JPEG,613,joystick
train/n03602883/n03602883_24565.JPEG,613,joystick
train/n03602883/n03602883_10059.JPEG,613,joystick
train/n03602883/n03602883_10455.JPEG,613,joystick
train/n03602883/n03602883_19486.JPEG,613,joystick
train/n03602883/n03602883_11063.JPEG,613,joystick
train/n03602883/n03602883_15644.JPEG,613,joystick
train/n03602883/n03602883_5880.JPEG,613,joystick
train/n03602883/n03602883_6737.JPEG,613,joystick
train/n03602883/n03602883_23651.JPEG,613,joystick
train/n03617480/n03617480_11192.JPEG,614,kimono
train/n03617480/n03617480_22149.JPEG,614,kimono
train/n03617480/n03617480_18691.JPEG,614,kimono
train/n03617480/n03617480_457.JPEG,614,kimono
train/n03617480/n03617480_5812.JPEG,614,kimono
train/n03617480/n03617480_5662.JPEG,614,kimono
train/n03617480/n03617480_6256.JPEG,614,kimono
train/n03617480/n03617480_16239.JPEG,614,kimono
train/n03617480/n03617480_10881.JPEG,614,kimono
train/n03617480/n03617480_4329.JPEG,614,kimono
train/n03617480/n03617480_3456.JPEG,614,kimono
train/n03617480/n03617480_10345.JPEG,614,kimono
train/n03617480/n03617480_20608.JPEG,614,kimono
train/n03617480/n03617480_6027.JPEG,614,kimono
train/n03617480/n03617480_7656.JPEG,614,kimono
train/n03617480/n03617480_16357.JPEG,614,kimono
train/n03623198/n03623198_3442.JPEG,615,knee pad
train/n03623198/n03623198_4576.JPEG,615,knee pad
train/n03623198/n03623198_14563.JPEG,615,knee pad
train/n03623198/n03623198_1895.JPEG,615,knee pad
train/n03623198/n03623198_16702.JPEG,615,knee pad
train/n03623198/n03623198_4659.JPEG,615,knee pad
train/n03623198/n03623198_605.JPEG,615,knee pad
train/n03623198/n03623198_12136.JPEG,615,knee pad
train/n03623198/n03623198_13943.JPEG,615,knee pad
train/n03623198/n03623198_13631.JPEG,615,knee pad
train/n03623198/n03623198_10466.JPEG,615,knee pad
train/n03623198/n03623198_8884.JPEG,615,knee pad
train/n03623198/n03623198_7780.JPEG,615,knee pad
train/n03623198/n03623198_3104.JPEG,615,knee pad
train/n03623198/n03623198_3114.JPEG,615,knee pad
train/n03623198/n03623198_2612.JPEG,615,knee pad
train/n03627232/n03627232_12462.JPEG,616,knot
train/n03627232/n03627232_320.JPEG,616,knot
train/n03627232/n03627232_40818.JPEG,616,knot
train/n03627232/n03627232_15188.JPEG,616,knot
train/n03627232/n03627232_13118.JPEG,616,knot
train/n03627232/n03627232_48844.JPEG,616,knot
train/n03627232/n03627232_20294.JPEG,616,knot
train/n03627232/n03627232_34521.JPEG,616,knot
train/n03627232/n03627232_14545.JPEG,616,knot
train/n03627232/n03627232_10404.JPEG,616,knot
train/n03627232/n03627232_25398.JPEG,616,knot
train/n03627232/n03627232_4206.JPEG,616,knot
train/n03627232/n03627232_28271.JPEG,616,knot
train/n03627232/n03627232_26642.JPEG,616,knot
train/n03627232/n03627232_5004.JPEG,616,knot
train/n03627232/n03627232_7280.JPEG,616,knot
train/n03630383/n03630383_3207.JPEG,617,lab coat
train/n03630383/n03630383_775.JPEG,617,lab coat
train/n03630383/n03630383_8973.JPEG,617,lab coat
train/n03630383/n03630383_2308.JPEG,617,lab coat
train/n03630383/n03630383_5958.JPEG,617,lab coat
train/n03630383/n03630383_2029.JPEG,617,lab coat
train/n03630383/n03630383_4130.JPEG,617,lab coat
train/n03630383/n03630383_9513.JPEG,617,lab coat
train/n03630383/n03630383_25.JPEG,617,lab coat
train/n03630383/n03630383_1642.JPEG,617,lab coat
train/n03630383/n03630383_7531.JPEG,617,lab coat
train/n03630383/n03630383_11246.JPEG,617,lab coat
train/n03630383/n03630383_5084.JPEG,617,lab coat
train/n03630383/n03630383_719.JPEG,617,lab coat
train/n03630383/n03630383_2763.JPEG,617,lab coat
train/n03630383/n03630383_3992.JPEG,617,lab coat
train/n03633091/n03633091_17748.JPEG,618,ladle
train/n03633091/n03633091_16736.JPEG,618,ladle
train/n03633091/n03633091_26755.JPEG,618,ladle
train/n03633091/n03633091_13992.JPEG,618,ladle
train/n03633091/n03633091_3276.JPEG,618,ladle
train/n03633091/n03633091_15545.JPEG,618,ladle
train/n03633091/n03633091_13532.JPEG,618,ladle
train/n03633091/n03633091_9235.JPEG,618,ladle
train/n03633091/n03633091_5109.JPEG,618,ladle
train/n03633091/n03633091_19918.JPEG,618,ladle
train/n03633091/n03633091_17856.JPEG,618,ladle
train/n03633091/n03633091_15265.JPEG,618,ladle
train/n03633091/n03633091_17909.JPEG,618,ladle
train/n03633091/n03633091_16601.JPEG,618,ladle
train/n03633091/n03633091_21678.JPEG,618,ladle
train/n03633091/n03633091_1632.JPEG,618,ladle
train/n03637318/n03637318_406.JPEG,619,lampshade
train/n03637318/n03637318_12170.JPEG,619,lampshade
train/n03637318/n03637318_15635.JPEG,619,lampshade
train/n03637318/n03637318_37200.JPEG,619,lampshade
train/n03637318/n03637318_4544.JPEG,619,lampshade
train/n03637318/n03637318_3134.JPEG,619,lampshade
train/n03637318/n03637318_20716.JPEG,619,lampshade
train/n03637318/n03637318_17939.JPEG,619,lampshade
train/n03637318/n03637318_18504.JPEG,619,lampshade
train/n03637318/n03637318_9722.JPEG,619,lampshade
train/n03637318/n03637318_12386.JPEG,619,lampshade
train/n03637318/n03637318_21648.JPEG,619,lampshade
train/n03637318/n03637318_25863.JPEG,619,lampshade
train/n03637318/n03637318_2487.JPEG,619,lampshade
train/n03637318/n03637318_3217.JPEG,619,lampshade
train/n03637318/n03637318_9444.JPEG,619,lampshade
train/n03642806/n03642806_1554.JPEG,620,laptop computer
train/n03642806/n03642806_19130.JPEG,620,laptop computer
train/n03642806/n03642806_22431.JPEG,620,laptop computer
train/n03642806/n03642806_12711.JPEG,620,laptop computer
train/n03642806/n03642806_11716.JPEG,620,laptop computer
train/n03642806/n03642806_1543.JPEG,620,laptop computer
train/n03642806/n03642806_8136.JPEG,620,laptop computer
train/n03642806/n03642806_18705.JPEG,620,laptop computer
train/n03642806/n03642806_12652.JPEG,620,laptop computer
train/n03642806/n03642806_23693.JPEG,620,laptop computer
train/n03642806/n03642806_13153.JPEG,620,laptop computer
train/n03642806/n03642806_19061.JPEG,620,laptop computer
train/n03642806/n03642806_16520.JPEG,620,laptop computer
train/n03642806/n03642806_8123.JPEG,620,laptop computer
train/n03642806/n03642806_12191.JPEG,620,laptop computer
train/n03642806/n03642806_19053.JPEG,620,laptop computer
train/n03649909/n03649909_12832.JPEG,621,lawn mower
train/n03649909/n03649909_19434.JPEG,621,lawn mower
train/n03649909/n03649909_8226.JPEG,621,lawn mower
train/n03649909/n03649909_19023.JPEG,621,lawn mower
train/n03649909/n03649909_18673.JPEG,621,lawn mower
train/n03649909/n03649909_12915.JPEG,621,lawn mower
train/n03649909/n03649909_20210.JPEG,621,lawn mower
train/n03649909/n03649909_1131.JPEG,621,lawn mower
train/n03649909/n03649909_1305.JPEG,621,lawn mower
train/n03649909/n03649909_36624.JPEG,621,lawn mower
train/n03649909/n03649909_21339.JPEG,621,lawn mower
train/n03649909/n03649909_19915.JPEG,621,lawn mower
train/n03649909/n03649909_13035.JPEG,621,lawn mower
train/n03649909/n03649909_24260.JPEG,621,lawn mower
train/n03649909/n03649909_5880.JPEG,621,lawn mower
train/n03649909/n03649909_20840.JPEG,621,lawn mower
train/n03657121/n03657121_6390.JPEG,622,lens cap
train/n03657121/n03657121_6668.JPEG,622,lens cap
train/n03657121/n03657121_681.JPEG,622,lens cap
train/n03657121/n03657121_10031.JPEG,622,lens cap
train/n03657121/n03657121_8961.JPEG,622,lens cap
train/n03657121/n03657121_20631.JPEG,622,lens cap
train/n03657121/n03657121_24439.JPEG,622,lens cap
train/n03657121/n03657121_4695.JPEG,622,lens cap
train/n03657121/n03657121_5699.JPEG,622,lens cap
train/n03657121/n03657121_14026.JPEG,622,lens cap
train/n03657121/n03657121_20171.JPEG,622,lens cap
train/n03657121/n03657121_9692.JPEG,622,lens cap
train/n03657121/n03657121_5682.JPEG,622,lens cap
train/n03657121/n03657121_1344.JPEG,622,lens cap
train/n03657121/n03657121_9445.JPEG,622,lens cap
train/n03657121/n03657121_31949.JPEG,622,lens cap
train/n03658185/n03658185_12510.JPEG,623,letter opener
train/n03658185/n03658185_1994.JPEG,623,letter opener
train/n03658185/n03658185_6233.JPEG,623,letter opener
train/n03658185/n03658185_40925.JPEG,623,letter opener
train/n03658185/n03658185_11403.JPEG,623,letter opener
train/n03658185/n03658185_5323.JPEG,623,letter opener
train/n03658185/n03658185_51399.JPEG,623,letter opener
train/n03658185/n03658185_16771.JPEG,623,letter opener
train/n03658185/n03658185_13398.JPEG,623,letter opener
train/n03658185/n03658185_16291.JPEG,623,letter opener
train/n03658185/n03658185_4537.JPEG,623,letter opener
train/n03658185/n03658185_38181.JPEG,623,letter opener
train/n03658185/n03658185_47490.JPEG,623,letter opener
train/n03658185/n03658185_15935.JPEG,623,letter opener
train/n03658185/n03658185_11395.JPEG,623,letter opener
train/n03658185/n03658185_3677.JPEG,623,letter opener
train/n03661043/n03661043_14777.JPEG,624,library
train/n03661043/n03661043_10024.JPEG,624,library
train/n03661043/n03661043_2540.JPEG,624,library
train/n03661043/n03661043_590.JPEG,624,library
train/n03661043/n03661043_15649.JPEG,624,library
train/n03661043/n03661043_19953.JPEG,624,library
train/n03661043/n03661043_1953.JPEG,624,library
train/n03661043/n03661043_9610.JPEG,624,library
train/n03661043/n03661043_14932.JPEG,624,library
train/n03661043/n03661043_3274.JPEG,624,library
train/n03661043/n03661043_1679.JPEG,624,library
train/n03661043/n03661043_8528.JPEG,624,library
train/n03661043/n03661043_3603.JPEG,624,library
train/n03661043/n03661043_6496.JPEG,624,library
train/n03661043/n03661043_20653.JPEG,624,library
train/n03661043/n03661043_12402.JPEG,624,library
train/n03662601/n03662601_32803.JPEG,625,lifeboat
train/n03662601/n03662601_4450.JPEG,625,lifeboat
train/n03662601/n03662601_1010.JPEG,625,lifeboat
train/n03662601/n03662601_8757.JPEG,625,lifeboat
train/n03662601/n03662601_21711.JPEG,625,lifeboat
train/n03662601/n03662601_7056.JPEG,625,lifeboat
train/n03662601/n03662601_3922.JPEG,625,lifeboat
train/n03662601/n03662601_5395.JPEG,625,lifeboat
train/n03662601/n03662601_12226.JPEG,625,lifeboat
train/n03662601/n03662601_35396.JPEG,625,lifeboat
train/n03662601/n03662601_14034.JPEG,625,lifeboat
train/n03662601/n03662601_1561.JPEG,625,lifeboat
train/n03662601/n03662601_1565.JPEG,625,lifeboat
train/n03662601/n03662601_25461.JPEG,625,lifeboat
train/n03662601/n03662601_2584.JPEG,625,lifeboat
train/n03662601/n03662601_2048.JPEG,625,lifeboat
train/n03666591/n03666591_36792.JPEG,626,lighter
train/n03666591/n03666591_31086.JPEG,626,lighter
train/n03666591/n03666591_33251.JPEG,626,lighter
train/n03666591/n03666591_23509.JPEG,626,lighter
train/n03666591/n03666591_4891.JPEG,626,lighter
train/n03666591/n03666591_29439.JPEG,626,lighter
train/n03666591/n03666591_37902.JPEG,626,lighter
train/n03666591/n03666591_29281.JPEG,626,lighter
train/n03666591/n03666591_10686.JPEG,626,lighter
train/n03666591/n03666591_12787.JPEG,626,lighter
train/n03666591/n03666591_44971.JPEG,626,lighter
train/n03666591/n03666591_34988.JPEG,626,lighter
train/n03666591/n03666591_40993.JPEG,626,lighter
train/n03666591/n03666591_3039.JPEG,626,lighter
train/n03666591/n03666591_21834.JPEG,626,lighter
train/n03666591/n03666591_4794.JPEG,626,lighter
train/n03670208/n03670208_6510.JPEG,627,limousine
train/n03670208/n03670208_290.JPEG,627,limousine
train/n03670208/n03670208_17998.JPEG,627,limousine
train/n03670208/n03670208_10018.JPEG,627,limousine
train/n03670208/n03670208_5419.JPEG,627,limousine
train/n03670208/n03670208_10624.JPEG,627,limousine
train/n03670208/n03670208_40850.JPEG,627,limousine
train/n03670208/n03670208_34915.JPEG,627,limousine
train/n03670208/n03670208_36003.JPEG,627,limousine
train/n03670208/n03670208_8480.JPEG,627,limousine
train/n03670208/n03670208_39658.JPEG,627,limousine
train/n03670208/n03670208_6649.JPEG,627,limousine
train/n03670208/n03670208_14574.JPEG,627,limousine
train/n03670208/n03670208_45081.JPEG,627,limousine
train/n03670208/n03670208_6568.JPEG,627,limousine
train/n03670208/n03670208_34056.JPEG,627,limousine
train/n03673027/n03673027_42177.JPEG,628,ocean liner
train/n03673027/n03673027_8673.JPEG,628,ocean liner
train/n03673027/n03673027_19656.JPEG,628,ocean liner
train/n03673027/n03673027_42768.JPEG,628,ocean liner
train/n03673027/n03673027_10813.JPEG,628,ocean liner
train/n03673027/n03673027_24746.JPEG,628,ocean liner
train/n03673027/n03673027_16337.JPEG,628,ocean liner
train/n03673027/n03673027_3801.JPEG,628,ocean liner
train/n03673027/n03673027_6831.JPEG,628,ocean liner
train/n03673027/n03673027_17884.JPEG,628,ocean liner
train/n03673027/n03673027_15692.JPEG,628,ocean liner
train/n03673027/n03673027_19693.JPEG,628,ocean liner
train/n03673027/n03673027_36826.JPEG,628,ocean liner
train/n03673027/n03673027_20089.JPEG,628,ocean liner
train/n03673027/n03673027_2306.JPEG,628,ocean liner
train/n03673027/n03673027_120.JPEG,628,ocean liner
train/n03676483/n03676483_23908.JPEG,629,lipstick
train/n03676483/n03676483_8319.JPEG,629,lipstick
train/n03676483/n03676483_29617.JPEG,629,lipstick
train/n03676483/n03676483_16302.JPEG,629,lipstick
train/n03676483/n03676483_25362.JPEG,629,lipstick
train/n03676483/n03676483_2757.JPEG,629,lipstick
train/n03676483/n03676483_24567.JPEG,629,lipstick
train/n03676483/n03676483_1542.JPEG,629,lipstick
train/n03676483/n03676483_2957.JPEG,629,lipstick
train/n03676483/n03676483_596.JPEG,629,lipstick
train/n03676483/n03676483_41616.JPEG,629,lipstick
train/n03676483/n03676483_8132.JPEG,629,lipstick
train/n03676483/n03676483_18338.JPEG,629,lipstick
train/n03676483/n03676483_3822.JPEG,629,lipstick
train/n03676483/n03676483_4971.JPEG,629,lipstick
train/n03676483/n03676483_26537.JPEG,629,lipstick
train/n03680355/n03680355_5006.JPEG,630,slip-on shoe
train/n03680355/n03680355_6763.JPEG,630,slip-on shoe
train/n03680355/n03680355_20140.JPEG,630,slip-on shoe
train/n03680355/n03680355_20099.JPEG,630,slip-on shoe
train/n03680355/n03680355_469.JPEG,630,slip-on shoe
train/n03680355/n03680355_1236.JPEG,630,slip-on shoe
train/n03680355/n03680355_21060.JPEG,630,slip-on shoe
train/n03680355/n03680355_2279.JPEG,630,slip-on shoe
train/n03680355/n03680355_8502.JPEG,630,slip-on shoe
train/n03680355/n03680355_2386.JPEG,630,slip-on shoe
train/n03680355/n03680355_17355.JPEG,630,slip-on shoe
train/n03680355/n03680355_634.JPEG,630,slip-on shoe
train/n03680355/n03680355_23281.JPEG,630,slip-on shoe
train/n03680355/n03680355_22282.JPEG,630,slip-on shoe
train/n03680355/n03680355_1621.JPEG,630,slip-on shoe
train/n03680355/n03680355_238.JPEG,630,slip-on shoe
train/n03690938/n03690938_5018.JPEG,631,lotion
train/n03690938/n03690938_1789.JPEG,631,lotion
train/n03690938/n03690938_838.JPEG,631,lotion
train/n03690938/n03690938_13152.JPEG,631,lotion
train/n03690938/n03690938_1308.JPEG,631,lotion
train/n03690938/n03690938_7279.JPEG,631,lotion
train/n03690938/n03690938_1677.JPEG,631,lotion
train/n03690938/n03690938_7013.JPEG,631,lotion
train/n03690938/n03690938_13948.JPEG,631,lotion
train/n03690938/n03690938_7516.JPEG,631,lotion
train/n03690938/n03690938_11700.JPEG,631,lotion
train/n03690938/n03690938_3639.JPEG,631,lotion
train/n03690938/n03690938_6591.JPEG,631,lotion
train/n03690938/n03690938_88.JPEG,631,lotion
train/n03690938/n03690938_12692.JPEG,631,lotion
train/n03690938/n03690938_10823.JPEG,631,lotion
train/n03691459/n03691459_40403.JPEG,632,music speaker
train/n03691459/n03691459_13509.JPEG,632,music speaker
train/n03691459/n03691459_77545.JPEG,632,music speaker
train/n03691459/n03691459_16662.JPEG,632,music speaker
train/n03691459/n03691459_40799.JPEG,632,music speaker
train/n03691459/n03691459_46275.JPEG,632,music speaker
train/n03691459/n03691459_58767.JPEG,632,music speaker
train/n03691459/n03691459_42358.JPEG,632,music speaker
train/n03691459/n03691459_63426.JPEG,632,music speaker
train/n03691459/n03691459_45347.JPEG,632,music speaker
train/n03691459/n03691459_48250.JPEG,632,music speaker
train/n03691459/n03691459_41157.JPEG,632,music speaker
train/n03691459/n03691459_4913.JPEG,632,music speaker
train/n03691459/n03691459_50625.JPEG,632,music speaker
train/n03691459/n03691459_34320.JPEG,632,music speaker
train/n03691459/n03691459_13009.JPEG,632,music speaker
train/n03692522/n03692522_3755.JPEG,633,loupe magnifying glass
train/n03692522/n03692522_13369.JPEG,633,loupe magnifying glass
train/n03692522/n03692522_29749.JPEG,633,loupe magnifying glass
train/n03692522/n03692522_14559.JPEG,633,loupe magnifying glass
train/n03692522/n03692522_30527.JPEG,633,loupe magnifying glass
train/n03692522/n03692522_1870.JPEG,633,loupe magnifying glass
train/n03692522/n03692522_4592.JPEG,633,loupe magnifying glass
train/n03692522/n03692522_9024.JPEG,633,loupe magnifying glass
train/n03692522/n03692522_5723.JPEG,633,loupe magnifying glass
train/n03692522/n03692522_2173.JPEG,633,loupe magnifying glass
train/n03692522/n03692522_280.JPEG,633,loupe magnifying glass
train/n03692522/n03692522_16820.JPEG,633,loupe magnifying glass
train/n03692522/n03692522_12377.JPEG,633,loupe magnifying glass
train/n03692522/n03692522_270.JPEG,633,loupe magnifying glass
train/n03692522/n03692522_11899.JPEG,633,loupe magnifying glass
train/n03692522/n03692522_12672.JPEG,633,loupe magnifying glass
train/n03697007/n03697007_4226.JPEG,634,sawmill
train/n03697007/n03697007_5505.JPEG,634,sawmill
train/n03697007/n03697007_3994.JPEG,634,sawmill
train/n03697007/n03697007_18262.JPEG,634,sawmill
train/n03697007/n03697007_5617.JPEG,634,sawmill
train/n03697007/n03697007_10779.JPEG,634,sawmill
train/n03697007/n03697007_16697.JPEG,634,sawmill
train/n03697007/n03697007_28462.JPEG,634,sawmill
train/n03697007/n03697007_15490.JPEG,634,sawmill
train/n03697007/n03697007_20236.JPEG,634,sawmill
train/n03697007/n03697007_14176.JPEG,634,sawmill
train/n03697007/n03697007_2415.JPEG,634,sawmill
train/n03697007/n03697007_11586.JPEG,634,sawmill
train/n03697007/n03697007_9452.JPEG,634,sawmill
train/n03697007/n03697007_16633.JPEG,634,sawmill
train/n03697007/n03697007_23527.JPEG,634,sawmill
train/n03706229/n03706229_2634.JPEG,635,magnetic compass
train/n03706229/n03706229_6884.JPEG,635,magnetic compass
train/n03706229/n03706229_7423.JPEG,635,magnetic compass
train/n03706229/n03706229_4356.JPEG,635,magnetic compass
train/n03706229/n03706229_4332.JPEG,635,magnetic compass
train/n03706229/n03706229_289.JPEG,635,magnetic compass
train/n03706229/n03706229_1244.JPEG,635,magnetic compass
train/n03706229/n03706229_4502.JPEG,635,magnetic compass
train/n03706229/n03706229_3833.JPEG,635,magnetic compass
train/n03706229/n03706229_478.JPEG,635,magnetic compass
train/n03706229/n03706229_574.JPEG,635,magnetic compass
train/n03706229/n03706229_2086.JPEG,635,magnetic compass
train/n03706229/n03706229_5979.JPEG,635,magnetic compass
train/n03706229/n03706229_4375.JPEG,635,magnetic compass
train/n03706229/n03706229_1375.JPEG,635,magnetic compass
train/n03706229/n03706229_10147.JPEG,635,magnetic compass
train/n03709823/n03709823_6521.JPEG,636,messenger bag
train/n03709823/n03709823_2083.JPEG,636,messenger bag
train/n03709823/n03709823_16929.JPEG,636,messenger bag
train/n03709823/n03709823_2819.JPEG,636,messenger bag
train/n03709823/n03709823_5224.JPEG,636,messenger bag
train/n03709823/n03709823_27941.JPEG,636,messenger bag
train/n03709823/n03709823_8560.JPEG,636,messenger bag
train/n03709823/n03709823_19882.JPEG,636,messenger bag
train/n03709823/n03709823_15170.JPEG,636,messenger bag
train/n03709823/n03709823_11664.JPEG,636,messenger bag
train/n03709823/n03709823_16772.JPEG,636,messenger bag
train/n03709823/n03709823_29440.JPEG,636,messenger bag
train/n03709823/n03709823_12759.JPEG,636,messenger bag
train/n03709823/n03709823_28627.JPEG,636,messenger bag
train/n03709823/n03709823_18341.JPEG,636,messenger bag
train/n03709823/n03709823_1562.JPEG,636,messenger bag
train/n03710193/n03710193_14797.JPEG,637,mailbox
train/n03710193/n03710193_22483.JPEG,637,mailbox
train/n03710193/n03710193_3264.JPEG,637,mailbox
train/n03710193/n03710193_22361.JPEG,637,mailbox
train/n03710193/n03710193_13245.JPEG,637,mailbox
train/n03710193/n03710193_688.JPEG,637,mailbox
train/n03710193/n03710193_21238.JPEG,637,mailbox
train/n03710193/n03710193_25515.JPEG,637,mailbox
train/n03710193/n03710193_16106.JPEG,637,mailbox
train/n03710193/n03710193_5560.JPEG,637,mailbox
train/n03710193/n03710193_13812.JPEG,637,mailbox
train/n03710193/n03710193_11143.JPEG,637,mailbox
train/n03710193/n03710193_6954.JPEG,637,mailbox
train/n03710193/n03710193_23300.JPEG,637,mailbox
train/n03710193/n03710193_6256.JPEG,637,mailbox
train/n03710193/n03710193_4821.JPEG,637,mailbox
train/n03710637/n03710637_19342.JPEG,638,tights
train/n03710637/n03710637_4862.JPEG,638,tights
train/n03710637/n03710637_10786.JPEG,638,tights
train/n03710637/n03710637_2674.JPEG,638,tights
train/n03710637/n03710637_6959.JPEG,638,tights
train/n03710637/n03710637_9550.JPEG,638,tights
train/n03710637/n03710637_23820.JPEG,638,tights
train/n03710637/n03710637_25598.JPEG,638,tights
train/n03710637/n03710637_483.JPEG,638,tights
train/n03710637/n03710637_1678.JPEG,638,tights
train/n03710637/n03710637_1013.JPEG,638,tights
train/n03710637/n03710637_1707.JPEG,638,tights
train/n03710637/n03710637_7861.JPEG,638,tights
train/n03710637/n03710637_2169.JPEG,638,tights
train/n03710637/n03710637_736.JPEG,638,tights
train/n03710637/n03710637_10147.JPEG,638,tights
train/n03710721/n03710721_19049.JPEG,639,one-piece bathing suit
train/n03710721/n03710721_22975.JPEG,639,one-piece bathing suit
train/n03710721/n03710721_26405.JPEG,639,one-piece bathing suit
train/n03710721/n03710721_18457.JPEG,639,one-piece bathing suit
train/n03710721/n03710721_2900.JPEG,639,one-piece bathing suit
train/n03710721/n03710721_17109.JPEG,639,one-piece bathing suit
train/n03710721/n03710721_6847.JPEG,639,one-piece bathing suit
train/n03710721/n03710721_26048.JPEG,639,one-piece bathing suit
train/n03710721/n03710721_345.JPEG,639,one-piece bathing suit
train/n03710721/n03710721_8459.JPEG,639,one-piece bathing suit
train/n03710721/n03710721_16940.JPEG,639,one-piece bathing suit
train/n03710721/n03710721_3063.JPEG,639,one-piece bathing suit
train/n03710721/n03710721_30752.JPEG,639,one-piece bathing suit
train/n03710721/n03710721_25556.JPEG,639,one-piece bathing suit
train/n03710721/n03710721_4815.JPEG,639,one-piece bathing suit
train/n03710721/n03710721_27514.JPEG,639,one-piece bathing suit
train/n03717622/n03717622_6981.JPEG,640,manhole cover
train/n03717622/n03717622_8160.JPEG,640,manhole cover
train/n03717622/n03717622_370.JPEG,640,manhole cover
train/n03717622/n03717622_4991.JPEG,640,manhole cover
train/n03717622/n03717622_4680.JPEG,640,manhole cover
train/n03717622/n03717622_5273.JPEG,640,manhole cover
train/n03717622/n03717622_9620.JPEG,640,manhole cover
train/n03717622/n03717622_4453.JPEG,640,manhole cover
train/n03717622/n03717622_6709.JPEG,640,manhole cover
train/n03717622/n03717622_5199.JPEG,640,manhole cover
train/n03717622/n03717622_5157.JPEG,640,manhole cover
train/n03717622/n03717622_8687.JPEG,640,manhole cover
train/n03717622/n03717622_9111.JPEG,640,manhole cover
train/n03717622/n03717622_8800.JPEG,640,manhole cover
train/n03717622/n03717622_2521.JPEG,640,manhole cover
train/n03717622/n03717622_1384.JPEG,640,manhole cover
train/n03720891/n03720891_22685.JPEG,641,maraca
train/n03720891/n03720891_14781.JPEG,641,maraca
train/n03720891/n03720891_13459.JPEG,641,maraca
train/n03720891/n03720891_168.JPEG,641,maraca
train/n03720891/n03720891_12996.JPEG,641,maraca
train/n03720891/n03720891_2843.JPEG,641,maraca
train/n03720891/n03720891_825.JPEG,641,maraca
train/n03720891/n03720891_1445.JPEG,641,maraca
train/n03720891/n03720891_27513.JPEG,641,maraca
train/n03720891/n03720891_13484.JPEG,641,maraca
train/n03720891/n03720891_2773.JPEG,641,maraca
train/n03720891/n03720891_15415.JPEG,641,maraca
train/n03720891/n03720891_8150.JPEG,641,maraca
train/n03720891/n03720891_5159.JPEG,641,maraca
train/n03720891/n03720891_4786.JPEG,641,maraca
train/n03720891/n03720891_3051.JPEG,641,maraca
train/n03721384/n03721384_3810.JPEG,642,marimba
train/n03721384/n03721384_7349.JPEG,642,marimba
train/n03721384/n03721384_8578.JPEG,642,marimba
train/n03721384/n03721384_26238.JPEG,642,marimba
train/n03721384/n03721384_1445.JPEG,642,marimba
train/n03721384/n03721384_7660.JPEG,642,marimba
train/n03721384/n03721384_1223.JPEG,642,marimba
train/n03721384/n03721384_23521.JPEG,642,marimba
train/n03721384/n03721384_198.JPEG,642,marimba
train/n03721384/n03721384_13698.JPEG,642,marimba
train/n03721384/n03721384_36272.JPEG,642,marimba
train/n03721384/n03721384_28376.JPEG,642,marimba
train/n03721384/n03721384_10205.JPEG,642,marimba
train/n03721384/n03721384_5569.JPEG,642,marimba
train/n03721384/n03721384_30129.JPEG,642,marimba
train/n03721384/n03721384_16893.JPEG,642,marimba
train/n03724870/n03724870_9805.JPEG,643,mask
train/n03724870/n03724870_18896.JPEG,643,mask
train/n03724870/n03724870_16153.JPEG,643,mask
train/n03724870/n03724870_23705.JPEG,643,mask
train/n03724870/n03724870_52797.JPEG,643,mask
train/n03724870/n03724870_7406.JPEG,643,mask
train/n03724870/n03724870_35000.JPEG,643,mask
train/n03724870/n03724870_15657.JPEG,643,mask
train/n03724870/n03724870_16583.JPEG,643,mask
train/n03724870/n03724870_9576.JPEG,643,mask
train/n03724870/n03724870_17951.JPEG,643,mask
train/n03724870/n03724870_2747.JPEG,643,mask
train/n03724870/n03724870_27345.JPEG,643,mask
train/n03724870/n03724870_19611.JPEG,643,mask
train/n03724870/n03724870_54242.JPEG,643,mask
train/n03724870/n03724870_18054.JPEG,643,mask
train/n03729826/n03729826_2761.JPEG,644,matchstick
train/n03729826/n03729826_3804.JPEG,644,matchstick
train/n03729826/n03729826_25800.JPEG,644,matchstick
train/n03729826/n03729826_40356.JPEG,644,matchstick
train/n03729826/n03729826_479.JPEG,644,matchstick
train/n03729826/n03729826_2232.JPEG,644,matchstick
train/n03729826/n03729826_19757.JPEG,644,matchstick
train/n03729826/n03729826_12037.JPEG,644,matchstick
train/n03729826/n03729826_6505.JPEG,644,matchstick
train/n03729826/n03729826_15443.JPEG,644,matchstick
train/n03729826/n03729826_17177.JPEG,644,matchstick
train/n03729826/n03729826_7040.JPEG,644,matchstick
train/n03729826/n03729826_32589.JPEG,644,matchstick
train/n03729826/n03729826_15490.JPEG,644,matchstick
train/n03729826/n03729826_6836.JPEG,644,matchstick
train/n03729826/n03729826_25742.JPEG,644,matchstick
train/n03733131/n03733131_16506.JPEG,645,maypole
train/n03733131/n03733131_1705.JPEG,645,maypole
train/n03733131/n03733131_5584.JPEG,645,maypole
train/n03733131/n03733131_6407.JPEG,645,maypole
train/n03733131/n03733131_1306.JPEG,645,maypole
train/n03733131/n03733131_3642.JPEG,645,maypole
train/n03733131/n03733131_6851.JPEG,645,maypole
train/n03733131/n03733131_6443.JPEG,645,maypole
train/n03733131/n03733131_6455.JPEG,645,maypole
train/n03733131/n03733131_3370.JPEG,645,maypole
train/n03733131/n03733131_12116.JPEG,645,maypole
train/n03733131/n03733131_6399.JPEG,645,maypole
train/n03733131/n03733131_22773.JPEG,645,maypole
train/n03733131/n03733131_4045.JPEG,645,maypole
train/n03733131/n03733131_11429.JPEG,645,maypole
train/n03733131/n03733131_9761.JPEG,645,maypole
train/n03733281/n03733281_38130.JPEG,646,maze
train/n03733281/n03733281_5898.JPEG,646,maze
train/n03733281/n03733281_13069.JPEG,646,maze
train/n03733281/n03733281_10411.JPEG,646,maze
train/n03733281/n03733281_13194.JPEG,646,maze
train/n03733281/n03733281_380.JPEG,646,maze
train/n03733281/n03733281_3440.JPEG,646,maze
train/n03733281/n03733281_7100.JPEG,646,maze
train/n03733281/n03733281_54669.JPEG,646,maze
train/n03733281/n03733281_4053.JPEG,646,maze
train/n03733281/n03733281_4914.JPEG,646,maze
train/n03733281/n03733281_23544.JPEG,646,maze
train/n03733281/n03733281_9956.JPEG,646,maze
train/n03733281/n03733281_13245.JPEG,646,maze
train/n03733281/n03733281_40178.JPEG,646,maze
train/n03733281/n03733281_56829.JPEG,646,maze
train/n03733805/n03733805_17836.JPEG,647,measuring cup
train/n03733805/n03733805_374.JPEG,647,measuring cup
train/n03733805/n03733805_13992.JPEG,647,measuring cup
train/n03733805/n03733805_6477.JPEG,647,measuring cup
train/n03733805/n03733805_24570.JPEG,647,measuring cup
train/n03733805/n03733805_4977.JPEG,647,measuring cup
train/n03733805/n03733805_1325.JPEG,647,measuring cup
train/n03733805/n03733805_5096.JPEG,647,measuring cup
train/n03733805/n03733805_12313.JPEG,647,measuring cup
train/n03733805/n03733805_11216.JPEG,647,measuring cup
train/n03733805/n03733805_17505.JPEG,647,measuring cup
train/n03733805/n03733805_8721.JPEG,647,measuring cup
train/n03733805/n03733805_15606.JPEG,647,measuring cup
train/n03733805/n03733805_11663.JPEG,647,measuring cup
train/n03733805/n03733805_197.JPEG,647,measuring cup
train/n03733805/n03733805_11920.JPEG,647,measuring cup
train/n03742115/n03742115_2125.JPEG,648,medicine cabinet
train/n03742115/n03742115_15110.JPEG,648,medicine cabinet
train/n03742115/n03742115_5427.JPEG,648,medicine cabinet
train/n03742115/n03742115_22531.JPEG,648,medicine cabinet
train/n03742115/n03742115_15605.JPEG,648,medicine cabinet
train/n03742115/n03742115_11136.JPEG,648,medicine cabinet
train/n03742115/n03742115_16317.JPEG,648,medicine cabinet
train/n03742115/n03742115_16993.JPEG,648,medicine cabinet
train/n03742115/n03742115_30247.JPEG,648,medicine cabinet
train/n03742115/n03742115_362.JPEG,648,medicine cabinet
train/n03742115/n03742115_14475.JPEG,648,medicine cabinet
train/n03742115/n03742115_17527.JPEG,648,medicine cabinet
train/n03742115/n03742115_5572.JPEG,648,medicine cabinet
train/n03742115/n03742115_18822.JPEG,648,medicine cabinet
train/n03742115/n03742115_4678.JPEG,648,medicine cabinet
train/n03742115/n03742115_11484.JPEG,648,medicine cabinet
train/n03743016/n03743016_1685.JPEG,649,megalith
train/n03743016/n03743016_17823.JPEG,649,megalith
train/n03743016/n03743016_3891.JPEG,649,megalith
train/n03743016/n03743016_2324.JPEG,649,megalith
train/n03743016/n03743016_20003.JPEG,649,megalith
train/n03743016/n03743016_32921.JPEG,649,megalith
train/n03743016/n03743016_297.JPEG,649,megalith
train/n03743016/n03743016_16630.JPEG,649,megalith
train/n03743016/n03743016_33260.JPEG,649,megalith
train/n03743016/n03743016_29050.JPEG,649,megalith
train/n03743016/n03743016_6106.JPEG,649,megalith
train/n03743016/n03743016_3185.JPEG,649,megalith
train/n03743016/n03743016_20495.JPEG,649,megalith
train/n03743016/n03743016_16571.JPEG,649,megalith
train/n03743016/n03743016_3112.JPEG,649,megalith
train/n03743016/n03743016_32904.JPEG,649,megalith
train/n03759954/n03759954_24743.JPEG,650,microphone
train/n03759954/n03759954_9486.JPEG,650,microphone
train/n03759954/n03759954_3335.JPEG,650,microphone
train/n03759954/n03759954_18895.JPEG,650,microphone
train/n03759954/n03759954_21770.JPEG,650,microphone
train/n03759954/n03759954_19661.JPEG,650,microphone
train/n03759954/n03759954_27025.JPEG,650,microphone
train/n03759954/n03759954_1270.JPEG,650,microphone
train/n03759954/n03759954_3503.JPEG,650,microphone
train/n03759954/n03759954_22032.JPEG,650,microphone
train/n03759954/n03759954_17506.JPEG,650,microphone
train/n03759954/n03759954_95148.JPEG,650,microphone
train/n03759954/n03759954_20360.JPEG,650,microphone
train/n03759954/n03759954_1069.JPEG,650,microphone
train/n03759954/n03759954_1275.JPEG,650,microphone
train/n03759954/n03759954_19918.JPEG,650,microphone
train/n03761084/n03761084_11886.JPEG,651,microwave oven
train/n03761084/n03761084_59636.JPEG,651,microwave oven
train/n03761084/n03761084_14778.JPEG,651,microwave oven
train/n03761084/n03761084_27438.JPEG,651,microwave oven
train/n03761084/n03761084_34120.JPEG,651,microwave oven
train/n03761084/n03761084_19310.JPEG,651,microwave oven
train/n03761084/n03761084_8438.JPEG,651,microwave oven
train/n03761084/n03761084_9039.JPEG,651,microwave oven
train/n03761084/n03761084_5951.JPEG,651,microwave oven
train/n03761084/n03761084_32799.JPEG,651,microwave oven
train/n03761084/n03761084_814.JPEG,651,microwave oven
train/n03761084/n03761084_16494.JPEG,651,microwave oven
train/n03761084/n03761084_15625.JPEG,651,microwave oven
train/n03761084/n03761084_17204.JPEG,651,microwave oven
train/n03761084/n03761084_12443.JPEG,651,microwave oven
train/n03761084/n03761084_9305.JPEG,651,microwave oven
train/n03763968/n03763968_2309.JPEG,652,military uniform
train/n03763968/n03763968_13807.JPEG,652,military uniform
train/n03763968/n03763968_252.JPEG,652,military uniform
train/n03763968/n03763968_13284.JPEG,652,military uniform
train/n03763968/n03763968_6076.JPEG,652,military uniform
train/n03763968/n03763968_812.JPEG,652,military uniform
train/n03763968/n03763968_266.JPEG,652,military uniform
train/n03763968/n03763968_5645.JPEG,652,military uniform
train/n03763968/n03763968_2878.JPEG,652,military uniform
train/n03763968/n03763968_7002.JPEG,652,military uniform
train/n03763968/n03763968_5175.JPEG,652,military uniform
train/n03763968/n03763968_8016.JPEG,652,military uniform
train/n03763968/n03763968_4116.JPEG,652,military uniform
train/n03763968/n03763968_8212.JPEG,652,military uniform
train/n03763968/n03763968_6907.JPEG,652,military uniform
train/n03763968/n03763968_11044.JPEG,652,military uniform
train/n03764736/n03764736_9637.JPEG,653,milk can
train/n03764736/n03764736_1240.JPEG,653,milk can
train/n03764736/n03764736_6663.JPEG,653,milk can
train/n03764736/n03764736_12701.JPEG,653,milk can
train/n03764736/n03764736_21813.JPEG,653,milk can
train/n03764736/n03764736_12741.JPEG,653,milk can
train/n03764736/n03764736_2630.JPEG,653,milk can
train/n03764736/n03764736_11787.JPEG,653,milk can
train/n03764736/n03764736_676.JPEG,653,milk can
train/n03764736/n03764736_924.JPEG,653,milk can
train/n03764736/n03764736_530.JPEG,653,milk can
train/n03764736/n03764736_9970.JPEG,653,milk can
train/n03764736/n03764736_6532.JPEG,653,milk can
train/n03764736/n03764736_492.JPEG,653,milk can
train/n03764736/n03764736_3232.JPEG,653,milk can
train/n03764736/n03764736_5435.JPEG,653,milk can
train/n03769881/n03769881_8628.JPEG,654,minibus
train/n03769881/n03769881_7412.JPEG,654,minibus
train/n03769881/n03769881_2288.JPEG,654,minibus
train/n03769881/n03769881_7187.JPEG,654,minibus
train/n03769881/n03769881_10251.JPEG,654,minibus
train/n03769881/n03769881_10086.JPEG,654,minibus
train/n03769881/n03769881_6590.JPEG,654,minibus
train/n03769881/n03769881_3140.JPEG,654,minibus
train/n03769881/n03769881_14834.JPEG,654,minibus
train/n03769881/n03769881_15865.JPEG,654,minibus
train/n03769881/n03769881_1099.JPEG,654,minibus
train/n03769881/n03769881_8536.JPEG,654,minibus
train/n03769881/n03769881_3519.JPEG,654,minibus
train/n03769881/n03769881_1984.JPEG,654,minibus
train/n03769881/n03769881_1569.JPEG,654,minibus
train/n03769881/n03769881_3947.JPEG,654,minibus
train/n03770439/n03770439_17816.JPEG,655,miniskirt
train/n03770439/n03770439_1365.JPEG,655,miniskirt
train/n03770439/n03770439_9211.JPEG,655,miniskirt
train/n03770439/n03770439_5098.JPEG,655,miniskirt
train/n03770439/n03770439_11213.JPEG,655,miniskirt
train/n03770439/n03770439_3320.JPEG,655,miniskirt
train/n03770439/n03770439_9863.JPEG,655,miniskirt
train/n03770439/n03770439_12191.JPEG,655,miniskirt
train/n03770439/n03770439_14350.JPEG,655,miniskirt
train/n03770439/n03770439_2249.JPEG,655,miniskirt
train/n03770439/n03770439_18534.JPEG,655,miniskirt
train/n03770439/n03770439_246.JPEG,655,miniskirt
train/n03770439/n03770439_8891.JPEG,655,miniskirt
train/n03770439/n03770439_3751.JPEG,655,miniskirt
train/n03770439/n03770439_18596.JPEG,655,miniskirt
train/n03770439/n03770439_27958.JPEG,655,miniskirt
train/n03770679/n03770679_12921.JPEG,656,minivan
train/n03770679/n03770679_25919.JPEG,656,minivan
train/n03770679/n03770679_5714.JPEG,656,minivan
train/n03770679/n03770679_18653.JPEG,656,minivan
train/n03770679/n03770679_771.JPEG,656,minivan
train/n03770679/n03770679_9071.JPEG,656,minivan
train/n03770679/n03770679_7772.JPEG,656,minivan
train/n03770679/n03770679_30694.JPEG,656,minivan
train/n03770679/n03770679_2785.JPEG,656,minivan
train/n03770679/n03770679_28493.JPEG,656,minivan
train/n03770679/n03770679_9075.JPEG,656,minivan
train/n03770679/n03770679_16330.JPEG,656,minivan
train/n03770679/n03770679_16162.JPEG,656,minivan
train/n03770679/n03770679_14709.JPEG,656,minivan
train/n03770679/n03770679_6566.JPEG,656,minivan
train/n03770679/n03770679_459.JPEG,656,minivan
train/n03773504/n03773504_2962.JPEG,657,missile
train/n03773504/n03773504_11329.JPEG,657,missile
train/n03773504/n03773504_1089.JPEG,657,missile
train/n03773504/n03773504_17008.JPEG,657,missile
train/n03773504/n03773504_7754.JPEG,657,missile
train/n03773504/n03773504_9149.JPEG,657,missile
train/n03773504/n03773504_18283.JPEG,657,missile
train/n03773504/n03773504_5904.JPEG,657,missile
train/n03773504/n03773504_13061.JPEG,657,missile
train/n03773504/n03773504_708.JPEG,657,missile
train/n03773504/n03773504_26446.JPEG,657,missile
train/n03773504/n03773504_24311.JPEG,657,missile
train/n03773504/n03773504_12829.JPEG,657,missile
train/n03773504/n03773504_28542.JPEG,657,missile
train/n03773504/n03773504_8651.JPEG,657,missile
train/n03773504/n03773504_22972.JPEG,657,missile
train/n03775071/n03775071_18194.JPEG,658,mitten
train/n03775071/n03775071_10386.JPEG,658,mitten
train/n03775071/n03775071_1577.JPEG,658,mitten
train/n03775071/n03775071_8240.JPEG,658,mitten
train/n03775071/n03775071_255.JPEG,658,mitten
train/n03775071/n03775071_31554.JPEG,658,mitten
train/n03775071/n03775071_5438.JPEG,658,mitten
train/n03775071/n03775071_17682.JPEG,658,mitten
train/n03775071/n03775071_9880.JPEG,658,mitten
train/n03775071/n03775071_9460.JPEG,658,mitten
train/n03775071/n03775071_9475.JPEG,658,mitten
train/n03775071/n03775071_14818.JPEG,658,mitten
train/n03775071/n03775071_2391.JPEG,658,mitten
train/n03775071/n03775071_10952.JPEG,658,mitten
train/n03775071/n03775071_10451.JPEG,658,mitten
train/n03775071/n03775071_3361.JPEG,658,mitten
train/n03775546/n03775546_8047.JPEG,659,mixing bowl
train/n03775546/n03775546_18.JPEG,659,mixing bowl
train/n03775546/n03775546_2328.JPEG,659,mixing bowl
train/n03775546/n03775546_4475.JPEG,659,mixing bowl
train/n03775546/n03775546_8123.JPEG,659,mixing bowl
train/n03775546/n03775546_2357.JPEG,659,mixing bowl
train/n03775546/n03775546_10046.JPEG,659,mixing bowl
train/n03775546/n03775546_1962.JPEG,659,mixing bowl
train/n03775546/n03775546_2851.JPEG,659,mixing bowl
train/n03775546/n03775546_570.JPEG,659,mixing bowl
train/n03775546/n03775546_17936.JPEG,659,mixing bowl
train/n03775546/n03775546_1882.JPEG,659,mixing bowl
train/n03775546/n03775546_1009.JPEG,659,mixing bowl
train/n03775546/n03775546_2901.JPEG,659,mixing bowl
train/n03775546/n03775546_16117.JPEG,659,mixing bowl
train/n03775546/n03775546_5589.JPEG,659,mixing bowl
train/n03776460/n03776460_11739.JPEG,660,mobile home
train/n03776460/n03776460_50404.JPEG,660,mobile home
train/n03776460/n03776460_19811.JPEG,660,mobile home
train/n03776460/n03776460_8732.JPEG,660,mobile home
train/n03776460/n03776460_16121.JPEG,660,mobile home
train/n03776460/n03776460_23300.JPEG,660,mobile home
train/n03776460/n03776460_12936.JPEG,660,mobile home
train/n03776460/n03776460_2628.JPEG,660,mobile home
train/n03776460/n03776460_15501.JPEG,660,mobile home
train/n03776460/n03776460_10692.JPEG,660,mobile home
train/n03776460/n03776460_5370.JPEG,660,mobile home
train/n03776460/n03776460_6266.JPEG,660,mobile home
train/n03776460/n03776460_1815.JPEG,660,mobile home
train/n03776460/n03776460_22293.JPEG,660,mobile home
train/n03776460/n03776460_14034.JPEG,660,mobile home
train/n03776460/n03776460_13398.JPEG,660,mobile home
train/n03777568/n03777568_18417.JPEG,661,ford model t
train/n03777568/n03777568_11434.JPEG,661,ford model t
train/n03777568/n03777568_10204.JPEG,661,ford model t
train/n03777568/n03777568_5708.JPEG,661,ford model t
train/n03777568/n03777568_5660.JPEG,661,ford model t
train/n03777568/n03777568_6779.JPEG,661,ford model t
train/n03777568/n03777568_14504.JPEG,661,ford model t
train/n03777568/n03777568_4689.JPEG,661,ford model t
train/n03777568/n03777568_4638.JPEG,661,ford model t
train/n03777568/n03777568_11306.JPEG,661,ford model t
train/n03777568/n03777568_14413.JPEG,661,ford model t
train/n03777568/n03777568_12186.JPEG,661,ford model t
train/n03777568/n03777568_13041.JPEG,661,ford model t
train/n03777568/n03777568_16796.JPEG,661,ford model t
train/n03777568/n03777568_7581.JPEG,661,ford model t
train/n03777568/n03777568_3381.JPEG,661,ford model t
train/n03777754/n03777754_38435.JPEG,662,modem
train/n03777754/n03777754_2348.JPEG,662,modem
train/n03777754/n03777754_2297.JPEG,662,modem
train/n03777754/n03777754_9861.JPEG,662,modem
train/n03777754/n03777754_2289.JPEG,662,modem
train/n03777754/n03777754_5845.JPEG,662,modem
train/n03777754/n03777754_956.JPEG,662,modem
train/n03777754/n03777754_2271.JPEG,662,modem
train/n03777754/n03777754_1003.JPEG,662,modem
train/n03777754/n03777754_1818.JPEG,662,modem
train/n03777754/n03777754_2321.JPEG,662,modem
train/n03777754/n03777754_3718.JPEG,662,modem
train/n03777754/n03777754_8008.JPEG,662,modem
train/n03777754/n03777754_13201.JPEG,662,modem
train/n03777754/n03777754_5365.JPEG,662,modem
train/n03777754/n03777754_5103.JPEG,662,modem
train/n03781244/n03781244_16529.JPEG,663,monastery
train/n03781244/n03781244_5736.JPEG,663,monastery
train/n03781244/n03781244_63852.JPEG,663,monastery
train/n03781244/n03781244_87860.JPEG,663,monastery
train/n03781244/n03781244_1116.JPEG,663,monastery
train/n03781244/n03781244_16930.JPEG,663,monastery
train/n03781244/n03781244_74861.JPEG,663,monastery
train/n03781244/n03781244_15018.JPEG,663,monastery
train/n03781244/n03781244_8375.JPEG,663,monastery
train/n03781244/n03781244_20273.JPEG,663,monastery
train/n03781244/n03781244_17762.JPEG,663,monastery
train/n03781244/n03781244_19553.JPEG,663,monastery
train/n03781244/n03781244_18584.JPEG,663,monastery
train/n03781244/n03781244_9798.JPEG,663,monastery
train/n03781244/n03781244_17667.JPEG,663,monastery
train/n03781244/n03781244_6154.JPEG,663,monastery
train/n03782006/n03782006_16412.JPEG,664,monitor
train/n03782006/n03782006_2353.JPEG,664,monitor
train/n03782006/n03782006_17192.JPEG,664,monitor
train/n03782006/n03782006_13210.JPEG,664,monitor
train/n03782006/n03782006_5242.JPEG,664,monitor
train/n03782006/n03782006_3267.JPEG,664,monitor
train/n03782006/n03782006_1585.JPEG,664,monitor
train/n03782006/n03782006_13689.JPEG,664,monitor
train/n03782006/n03782006_12121.JPEG,664,monitor
train/n03782006/n03782006_18000.JPEG,664,monitor
train/n03782006/n03782006_6817.JPEG,664,monitor
train/n03782006/n03782006_3873.JPEG,664,monitor
train/n03782006/n03782006_7647.JPEG,664,monitor
train/n03782006/n03782006_17741.JPEG,664,monitor
train/n03782006/n03782006_16088.JPEG,664,monitor
train/n03782006/n03782006_2382.JPEG,664,monitor
train/n03785016/n03785016_418.JPEG,665,moped
train/n03785016/n03785016_15032.JPEG,665,moped
train/n03785016/n03785016_18811.JPEG,665,moped
train/n03785016/n03785016_6465.JPEG,665,moped
train/n03785016/n03785016_3019.JPEG,665,moped
train/n03785016/n03785016_24816.JPEG,665,moped
train/n03785016/n03785016_3364.JPEG,665,moped
train/n03785016/n03785016_2374.JPEG,665,moped
train/n03785016/n03785016_1894.JPEG,665,moped
train/n03785016/n03785016_4852.JPEG,665,moped
train/n03785016/n03785016_1602.JPEG,665,moped
train/n03785016/n03785016_10921.JPEG,665,moped
train/n03785016/n03785016_18046.JPEG,665,moped
train/n03785016/n03785016_36607.JPEG,665,moped
train/n03785016/n03785016_6672.JPEG,665,moped
train/n03785016/n03785016_3157.JPEG,665,moped
train/n03786901/n03786901_8194.JPEG,666,mortar and pestle
train/n03786901/n03786901_13331.JPEG,666,mortar and pestle
train/n03786901/n03786901_11731.JPEG,666,mortar and pestle
train/n03786901/n03786901_4850.JPEG,666,mortar and pestle
train/n03786901/n03786901_2562.JPEG,666,mortar and pestle
train/n03786901/n03786901_10096.JPEG,666,mortar and pestle
train/n03786901/n03786901_3791.JPEG,666,mortar and pestle
train/n03786901/n03786901_7462.JPEG,666,mortar and pestle
train/n03786901/n03786901_10763.JPEG,666,mortar and pestle
train/n03786901/n03786901_17903.JPEG,666,mortar and pestle
train/n03786901/n03786901_16378.JPEG,666,mortar and pestle
train/n03786901/n03786901_12392.JPEG,666,mortar and pestle
train/n03786901/n03786901_4929.JPEG,666,mortar and pestle
train/n03786901/n03786901_10131.JPEG,666,mortar and pestle
train/n03786901/n03786901_7577.JPEG,666,mortar and pestle
train/n03786901/n03786901_615.JPEG,666,mortar and pestle
train/n03787032/n03787032_8351.JPEG,667,graduation cap
train/n03787032/n03787032_1373.JPEG,667,graduation cap
train/n03787032/n03787032_9411.JPEG,667,graduation cap
train/n03787032/n03787032_9903.JPEG,667,graduation cap
train/n03787032/n03787032_11843.JPEG,667,graduation cap
train/n03787032/n03787032_9946.JPEG,667,graduation cap
train/n03787032/n03787032_7675.JPEG,667,graduation cap
train/n03787032/n03787032_11130.JPEG,667,graduation cap
train/n03787032/n03787032_9309.JPEG,667,graduation cap
train/n03787032/n03787032_7456.JPEG,667,graduation cap
train/n03787032/n03787032_6835.JPEG,667,graduation cap
train/n03787032/n03787032_5917.JPEG,667,graduation cap
train/n03787032/n03787032_13670.JPEG,667,graduation cap
train/n03787032/n03787032_6008.JPEG,667,graduation cap
train/n03787032/n03787032_4401.JPEG,667,graduation cap
train/n03787032/n03787032_2280.JPEG,667,graduation cap
train/n03788195/n03788195_2927.JPEG,668,mosque
train/n03788195/n03788195_3117.JPEG,668,mosque
train/n03788195/n03788195_4797.JPEG,668,mosque
train/n03788195/n03788195_8755.JPEG,668,mosque
train/n03788195/n03788195_13818.JPEG,668,mosque
train/n03788195/n03788195_7225.JPEG,668,mosque
train/n03788195/n03788195_30912.JPEG,668,mosque
train/n03788195/n03788195_10415.JPEG,668,mosque
train/n03788195/n03788195_41427.JPEG,668,mosque
train/n03788195/n03788195_24093.JPEG,668,mosque
train/n03788195/n03788195_9387.JPEG,668,mosque
train/n03788195/n03788195_8351.JPEG,668,mosque
train/n03788195/n03788195_23921.JPEG,668,mosque
train/n03788195/n03788195_32751.JPEG,668,mosque
train/n03788195/n03788195_12747.JPEG,668,mosque
train/n03788195/n03788195_51182.JPEG,668,mosque
train/n03788365/n03788365_17199.JPEG,669,mosquito net
train/n03788365/n03788365_621.JPEG,669,mosquito net
train/n03788365/n03788365_13617.JPEG,669,mosquito net
train/n03788365/n03788365_12872.JPEG,669,mosquito net
train/n03788365/n03788365_3831.JPEG,669,mosquito net
train/n03788365/n03788365_10161.JPEG,669,mosquito net
train/n03788365/n03788365_7826.JPEG,669,mosquito net
train/n03788365/n03788365_2663.JPEG,669,mosquito net
train/n03788365/n03788365_11834.JPEG,669,mosquito net
train/n03788365/n03788365_21244.JPEG,669,mosquito net
train/n03788365/n03788365_11763.JPEG,669,mosquito net
train/n03788365/n03788365_7221.JPEG,669,mosquito net
train/n03788365/n03788365_4108.JPEG,669,mosquito net
train/n03788365/n03788365_23766.JPEG,669,mosquito net
train/n03788365/n03788365_5521.JPEG,669,mosquito net
train/n03788365/n03788365_15363.JPEG,669,mosquito net
train/n03791053/n03791053_18236.JPEG,670,vespa
train/n03791053/n03791053_16461.JPEG,670,vespa
train/n03791053/n03791053_2508.JPEG,670,vespa
train/n03791053/n03791053_2200.JPEG,670,vespa
train/n03791053/n03791053_6213.JPEG,670,vespa
train/n03791053/n03791053_9160.JPEG,670,vespa
train/n03791053/n03791053_618.JPEG,670,vespa
train/n03791053/n03791053_7220.JPEG,670,vespa
train/n03791053/n03791053_19267.JPEG,670,vespa
train/n03791053/n03791053_12658.JPEG,670,vespa
train/n03791053/n03791053_9984.JPEG,670,vespa
train/n03791053/n03791053_324.JPEG,670,vespa
train/n03791053/n03791053_22277.JPEG,670,vespa
train/n03791053/n03791053_16146.JPEG,670,vespa
train/n03791053/n03791053_30084.JPEG,670,vespa
train/n03791053/n03791053_4832.JPEG,670,vespa
train/n03792782/n03792782_16111.JPEG,671,mountain bike
train/n03792782/n03792782_1030.JPEG,671,mountain bike
train/n03792782/n03792782_11345.JPEG,671,mountain bike
train/n03792782/n03792782_9609.JPEG,671,mountain bike
train/n03792782/n03792782_16034.JPEG,671,mountain bike
train/n03792782/n03792782_7745.JPEG,671,mountain bike
train/n03792782/n03792782_8684.JPEG,671,mountain bike
train/n03792782/n03792782_1344.JPEG,671,mountain bike
train/n03792782/n03792782_8078.JPEG,671,mountain bike
train/n03792782/n03792782_1982.JPEG,671,mountain bike
train/n03792782/n03792782_3202.JPEG,671,mountain bike
train/n03792782/n03792782_4067.JPEG,671,mountain bike
train/n03792782/n03792782_12991.JPEG,671,mountain bike
train/n03792782/n03792782_4516.JPEG,671,mountain bike
train/n03792782/n03792782_1225.JPEG,671,mountain bike
train/n03792782/n03792782_41513.JPEG,671,mountain bike
train/n03792972/n03792972_1220.JPEG,672,tent
train/n03792972/n03792972_9396.JPEG,672,tent
train/n03792972/n03792972_8557.JPEG,672,tent
train/n03792972/n03792972_9139.JPEG,672,tent
train/n03792972/n03792972_5212.JPEG,672,tent
train/n03792972/n03792972_7303.JPEG,672,tent
train/n03792972/n03792972_11562.JPEG,672,tent
train/n03792972/n03792972_1650.JPEG,672,tent
train/n03792972/n03792972_6276.JPEG,672,tent
train/n03792972/n03792972_5468.JPEG,672,tent
train/n03792972/n03792972_2849.JPEG,672,tent
train/n03792972/n03792972_4514.JPEG,672,tent
train/n03792972/n03792972_6078.JPEG,672,tent
train/n03792972/n03792972_5408.JPEG,672,tent
train/n03792972/n03792972_3410.JPEG,672,tent
train/n03792972/n03792972_5452.JPEG,672,tent
train/n03793489/n03793489_4155.JPEG,673,computer mouse
train/n03793489/n03793489_3683.JPEG,673,computer mouse
train/n03793489/n03793489_10003.JPEG,673,computer mouse
train/n03793489/n03793489_27702.JPEG,673,computer mouse
train/n03793489/n03793489_40004.JPEG,673,computer mouse
train/n03793489/n03793489_73502.JPEG,673,computer mouse
train/n03793489/n03793489_10994.JPEG,673,computer mouse
train/n03793489/n03793489_3525.JPEG,673,computer mouse
train/n03793489/n03793489_9231.JPEG,673,computer mouse
train/n03793489/n03793489_82132.JPEG,673,computer mouse
train/n03793489/n03793489_5878.JPEG,673,computer mouse
train/n03793489/n03793489_968.JPEG,673,computer mouse
train/n03793489/n03793489_11335.JPEG,673,computer mouse
train/n03793489/n03793489_6255.JPEG,673,computer mouse
train/n03793489/n03793489_1731.JPEG,673,computer mouse
train/n03793489/n03793489_24387.JPEG,673,computer mouse
train/n03794056/n03794056_10988.JPEG,674,mousetrap
train/n03794056/n03794056_16256.JPEG,674,mousetrap
train/n03794056/n03794056_606.JPEG,674,mousetrap
train/n03794056/n03794056_8550.JPEG,674,mousetrap
train/n03794056/n03794056_31476.JPEG,674,mousetrap
train/n03794056/n03794056_13263.JPEG,674,mousetrap
train/n03794056/n03794056_6028.JPEG,674,mousetrap
train/n03794056/n03794056_10985.JPEG,674,mousetrap
train/n03794056/n03794056_32459.JPEG,674,mousetrap
train/n03794056/n03794056_7545.JPEG,674,mousetrap
train/n03794056/n03794056_4101.JPEG,674,mousetrap
train/n03794056/n03794056_1141.JPEG,674,mousetrap
train/n03794056/n03794056_14866.JPEG,674,mousetrap
train/n03794056/n03794056_6618.JPEG,674,mousetrap
train/n03794056/n03794056_30654.JPEG,674,mousetrap
train/n03794056/n03794056_30996.JPEG,674,mousetrap
train/n03796401/n03796401_22241.JPEG,675,moving van
train/n03796401/n03796401_2569.JPEG,675,moving van
train/n03796401/n03796401_8240.JPEG,675,moving van
train/n03796401/n03796401_2671.JPEG,675,moving van
train/n03796401/n03796401_1948.JPEG,675,moving van
train/n03796401/n03796401_3411.JPEG,675,moving van
train/n03796401/n03796401_5044.JPEG,675,moving van
train/n03796401/n03796401_407.JPEG,675,moving van
train/n03796401/n03796401_26284.JPEG,675,moving van
train/n03796401/n03796401_8404.JPEG,675,moving van
train/n03796401/n03796401_5046.JPEG,675,moving van
train/n03796401/n03796401_5107.JPEG,675,moving van
train/n03796401/n03796401_2982.JPEG,675,moving van
train/n03796401/n03796401_9965.JPEG,675,moving van
train/n03796401/n03796401_28097.JPEG,675,moving van
train/n03796401/n03796401_18149.JPEG,675,moving van
train/n03803284/n03803284_14043.JPEG,676,muzzle
train/n03803284/n03803284_25690.JPEG,676,muzzle
train/n03803284/n03803284_9997.JPEG,676,muzzle
train/n03803284/n03803284_5869.JPEG,676,muzzle
train/n03803284/n03803284_12567.JPEG,676,muzzle
train/n03803284/n03803284_620.JPEG,676,muzzle
train/n03803284/n03803284_9159.JPEG,676,muzzle
train/n03803284/n03803284_21183.JPEG,676,muzzle
train/n03803284/n03803284_18051.JPEG,676,muzzle
train/n03803284/n03803284_928.JPEG,676,muzzle
train/n03803284/n03803284_7604.JPEG,676,muzzle
train/n03803284/n03803284_9755.JPEG,676,muzzle
train/n03803284/n03803284_781.JPEG,676,muzzle
train/n03803284/n03803284_5114.JPEG,676,muzzle
train/n03803284/n03803284_4631.JPEG,676,muzzle
train/n03803284/n03803284_26586.JPEG,676,muzzle
train/n03804744/n03804744_31024.JPEG,677,metal nail
train/n03804744/n03804744_2594.JPEG,677,metal nail
train/n03804744/n03804744_22234.JPEG,677,metal nail
train/n03804744/n03804744_18307.JPEG,677,metal nail
train/n03804744/n03804744_6294.JPEG,677,metal nail
train/n03804744/n03804744_36081.JPEG,677,metal nail
train/n03804744/n03804744_32889.JPEG,677,metal nail
train/n03804744/n03804744_17300.JPEG,677,metal nail
train/n03804744/n03804744_2184.JPEG,677,metal nail
train/n03804744/n03804744_19843.JPEG,677,metal nail
train/n03804744/n03804744_14025.JPEG,677,metal nail
train/n03804744/n03804744_5645.JPEG,677,metal nail
train/n03804744/n03804744_15960.JPEG,677,metal nail
train/n03804744/n03804744_27678.JPEG,677,metal nail
train/n03804744/n03804744_39028.JPEG,677,metal nail
train/n03804744/n03804744_11489.JPEG,677,metal nail
train/n03814639/n03814639_3013.JPEG,678,neck brace
train/n03814639/n03814639_18430.JPEG,678,neck brace
train/n03814639/n03814639_2555.JPEG,678,neck brace
train/n03814639/n03814639_5998.JPEG,678,neck brace
train/n03814639/n03814639_4098.JPEG,678,neck brace
train/n03814639/n03814639_12280.JPEG,678,neck brace
train/n03814639/n03814639_10406.JPEG,678,neck brace
train/n03814639/n03814639_16852.JPEG,678,neck brace
train/n03814639/n03814639_6069.JPEG,678,neck brace
train/n03814639/n03814639_1625.JPEG,678,neck brace
train/n03814639/n03814639_12976.JPEG,678,neck brace
train/n03814639/n03814639_3718.JPEG,678,neck brace
train/n03814639/n03814639_3714.JPEG,678,neck brace
train/n03814639/n03814639_6460.JPEG,678,neck brace
train/n03814639/n03814639_3372.JPEG,678,neck brace
train/n03814639/n03814639_18890.JPEG,678,neck brace
train/n03814906/n03814906_30545.JPEG,679,necklace
train/n03814906/n03814906_23221.JPEG,679,necklace
train/n03814906/n03814906_50630.JPEG,679,necklace
train/n03814906/n03814906_41667.JPEG,679,necklace
train/n03814906/n03814906_30992.JPEG,679,necklace
train/n03814906/n03814906_66454.JPEG,679,necklace
train/n03814906/n03814906_33159.JPEG,679,necklace
train/n03814906/n03814906_25778.JPEG,679,necklace
train/n03814906/n03814906_29543.JPEG,679,necklace
train/n03814906/n03814906_6543.JPEG,679,necklace
train/n03814906/n03814906_24840.JPEG,679,necklace
train/n03814906/n03814906_15484.JPEG,679,necklace
train/n03814906/n03814906_51377.JPEG,679,necklace
train/n03814906/n03814906_2902.JPEG,679,necklace
train/n03814906/n03814906_2556.JPEG,679,necklace
train/n03814906/n03814906_86291.JPEG,679,necklace
train/n03825788/n03825788_19198.JPEG,680,baby pacifier
train/n03825788/n03825788_19042.JPEG,680,baby pacifier
train/n03825788/n03825788_51727.JPEG,680,baby pacifier
train/n03825788/n03825788_385.JPEG,680,baby pacifier
train/n03825788/n03825788_24774.JPEG,680,baby pacifier
train/n03825788/n03825788_7716.JPEG,680,baby pacifier
train/n03825788/n03825788_12973.JPEG,680,baby pacifier
train/n03825788/n03825788_44197.JPEG,680,baby pacifier
train/n03825788/n03825788_45310.JPEG,680,baby pacifier
train/n03825788/n03825788_1774.JPEG,680,baby pacifier
train/n03825788/n03825788_27412.JPEG,680,baby pacifier
train/n03825788/n03825788_35412.JPEG,680,baby pacifier
train/n03825788/n03825788_61271.JPEG,680,baby pacifier
train/n03825788/n03825788_77868.JPEG,680,baby pacifier
train/n03825788/n03825788_2640.JPEG,680,baby pacifier
train/n03825788/n03825788_6699.JPEG,680,baby pacifier
train/n03832673/n03832673_15193.JPEG,681,notebook computer
train/n03832673/n03832673_31801.JPEG,681,notebook computer
train/n03832673/n03832673_8468.JPEG,681,notebook computer
train/n03832673/n03832673_15511.JPEG,681,notebook computer
train/n03832673/n03832673_1006.JPEG,681,notebook computer
train/n03832673/n03832673_36936.JPEG,681,notebook computer
train/n03832673/n03832673_7965.JPEG,681,notebook computer
train/n03832673/n03832673_11273.JPEG,681,notebook computer
train/n03832673/n03832673_2755.JPEG,681,notebook computer
train/n03832673/n03832673_21438.JPEG,681,notebook computer
train/n03832673/n03832673_20694.JPEG,681,notebook computer
train/n03832673/n03832673_15007.JPEG,681,notebook computer
train/n03832673/n03832673_7481.JPEG,681,notebook computer
train/n03832673/n03832673_6656.JPEG,681,notebook computer
train/n03832673/n03832673_23762.JPEG,681,notebook computer
train/n03832673/n03832673_8078.JPEG,681,notebook computer
train/n03837869/n03837869_4396.JPEG,682,obelisk
train/n03837869/n03837869_3404.JPEG,682,obelisk
train/n03837869/n03837869_1601.JPEG,682,obelisk
train/n03837869/n03837869_3524.JPEG,682,obelisk
train/n03837869/n03837869_706.JPEG,682,obelisk
train/n03837869/n03837869_4474.JPEG,682,obelisk
train/n03837869/n03837869_4360.JPEG,682,obelisk
train/n03837869/n03837869_11716.JPEG,682,obelisk
train/n03837869/n03837869_6980.JPEG,682,obelisk
train/n03837869/n03837869_9058.JPEG,682,obelisk
train/n03837869/n03837869_6420.JPEG,682,obelisk
train/n03837869/n03837869_2367.JPEG,682,obelisk
train/n03837869/n03837869_5598.JPEG,682,obelisk
train/n03837869/n03837869_481.JPEG,682,obelisk
train/n03837869/n03837869_9284.JPEG,682,obelisk
train/n03837869/n03837869_2322.JPEG,682,obelisk
train/n03838899/n03838899_36788.JPEG,683,oboe
train/n03838899/n03838899_27271.JPEG,683,oboe
train/n03838899/n03838899_15300.JPEG,683,oboe
train/n03838899/n03838899_10.JPEG,683,oboe
train/n03838899/n03838899_34504.JPEG,683,oboe
train/n03838899/n03838899_7306.JPEG,683,oboe
train/n03838899/n03838899_26007.JPEG,683,oboe
train/n03838899/n03838899_34026.JPEG,683,oboe
train/n03838899/n03838899_31579.JPEG,683,oboe
train/n03838899/n03838899_35768.JPEG,683,oboe
train/n03838899/n03838899_40515.JPEG,683,oboe
train/n03838899/n03838899_21553.JPEG,683,oboe
train/n03838899/n03838899_33218.JPEG,683,oboe
train/n03838899/n03838899_5441.JPEG,683,oboe
train/n03838899/n03838899_32800.JPEG,683,oboe
train/n03838899/n03838899_32635.JPEG,683,oboe
train/n03840681/n03840681_35156.JPEG,684,ocarina
train/n03840681/n03840681_13654.JPEG,684,ocarina
train/n03840681/n03840681_7235.JPEG,684,ocarina
train/n03840681/n03840681_9176.JPEG,684,ocarina
train/n03840681/n03840681_9036.JPEG,684,ocarina
train/n03840681/n03840681_30003.JPEG,684,ocarina
train/n03840681/n03840681_14373.JPEG,684,ocarina
train/n03840681/n03840681_29901.JPEG,684,ocarina
train/n03840681/n03840681_3546.JPEG,684,ocarina
train/n03840681/n03840681_15335.JPEG,684,ocarina
train/n03840681/n03840681_2390.JPEG,684,ocarina
train/n03840681/n03840681_6151.JPEG,684,ocarina
train/n03840681/n03840681_17849.JPEG,684,ocarina
train/n03840681/n03840681_15289.JPEG,684,ocarina
train/n03840681/n03840681_17755.JPEG,684,ocarina
train/n03840681/n03840681_1743.JPEG,684,ocarina
train/n03841143/n03841143_9977.JPEG,685,odometer
train/n03841143/n03841143_13961.JPEG,685,odometer
train/n03841143/n03841143_10788.JPEG,685,odometer
train/n03841143/n03841143_31637.JPEG,685,odometer
train/n03841143/n03841143_9517.JPEG,685,odometer
train/n03841143/n03841143_2424.JPEG,685,odometer
train/n03841143/n03841143_7615.JPEG,685,odometer
train/n03841143/n03841143_2798.JPEG,685,odometer
train/n03841143/n03841143_8979.JPEG,685,odometer
train/n03841143/n03841143_32999.JPEG,685,odometer
train/n03841143/n03841143_769.JPEG,685,odometer
train/n03841143/n03841143_16286.JPEG,685,odometer
train/n03841143/n03841143_6572.JPEG,685,odometer
train/n03841143/n03841143_13230.JPEG,685,odometer
train/n03841143/n03841143_5950.JPEG,685,odometer
train/n03841143/n03841143_14463.JPEG,685,odometer
train/n03843555/n03843555_11276.JPEG,686,oil filter
train/n03843555/n03843555_6957.JPEG,686,oil filter
train/n03843555/n03843555_15031.JPEG,686,oil filter
train/n03843555/n03843555_924.JPEG,686,oil filter
train/n03843555/n03843555_6060.JPEG,686,oil filter
train/n03843555/n03843555_64.JPEG,686,oil filter
train/n03843555/n03843555_6799.JPEG,686,oil filter
train/n03843555/n03843555_6081.JPEG,686,oil filter
train/n03843555/n03843555_693.JPEG,686,oil filter
train/n03843555/n03843555_19251.JPEG,686,oil filter
train/n03843555/n03843555_4972.JPEG,686,oil filter
train/n03843555/n03843555_4104.JPEG,686,oil filter
train/n03843555/n03843555_9911.JPEG,686,oil filter
train/n03843555/n03843555_12648.JPEG,686,oil filter
train/n03843555/n03843555_3043.JPEG,686,oil filter
train/n03843555/n03843555_259.JPEG,686,oil filter
train/n03854065/n03854065_1825.JPEG,687,pipe organ
train/n03854065/n03854065_15296.JPEG,687,pipe organ
train/n03854065/n03854065_11484.JPEG,687,pipe organ
train/n03854065/n03854065_4335.JPEG,687,pipe organ
train/n03854065/n03854065_65236.JPEG,687,pipe organ
train/n03854065/n03854065_12103.JPEG,687,pipe organ
train/n03854065/n03854065_68022.JPEG,687,pipe organ
train/n03854065/n03854065_60459.JPEG,687,pipe organ
train/n03854065/n03854065_35960.JPEG,687,pipe organ
train/n03854065/n03854065_15088.JPEG,687,pipe organ
train/n03854065/n03854065_1491.JPEG,687,pipe organ
train/n03854065/n03854065_53190.JPEG,687,pipe organ
train/n03854065/n03854065_5916.JPEG,687,pipe organ
train/n03854065/n03854065_25946.JPEG,687,pipe organ
train/n03854065/n03854065_9269.JPEG,687,pipe organ
train/n03854065/n03854065_61213.JPEG,687,pipe organ
train/n03857828/n03857828_61196.JPEG,688,oscilloscope
train/n03857828/n03857828_4576.JPEG,688,oscilloscope
train/n03857828/n03857828_41445.JPEG,688,oscilloscope
train/n03857828/n03857828_1718.JPEG,688,oscilloscope
train/n03857828/n03857828_36824.JPEG,688,oscilloscope
train/n03857828/n03857828_27052.JPEG,688,oscilloscope
train/n03857828/n03857828_50499.JPEG,688,oscilloscope
train/n03857828/n03857828_20898.JPEG,688,oscilloscope
train/n03857828/n03857828_67039.JPEG,688,oscilloscope
train/n03857828/n03857828_27064.JPEG,688,oscilloscope
train/n03857828/n03857828_8308.JPEG,688,oscilloscope
train/n03857828/n03857828_22548.JPEG,688,oscilloscope
train/n03857828/n03857828_23709.JPEG,688,oscilloscope
train/n03857828/n03857828_4032.JPEG,688,oscilloscope
train/n03857828/n03857828_60721.JPEG,688,oscilloscope
train/n03857828/n03857828_33661.JPEG,688,oscilloscope
train/n03866082/n03866082_8689.JPEG,689,overskirt
train/n03866082/n03866082_3593.JPEG,689,overskirt
train/n03866082/n03866082_4127.JPEG,689,overskirt
train/n03866082/n03866082_5061.JPEG,689,overskirt
train/n03866082/n03866082_8426.JPEG,689,overskirt
train/n03866082/n03866082_11488.JPEG,689,overskirt
train/n03866082/n03866082_766.JPEG,689,overskirt
train/n03866082/n03866082_1427.JPEG,689,overskirt
train/n03866082/n03866082_12184.JPEG,689,overskirt
train/n03866082/n03866082_1244.JPEG,689,overskirt
train/n03866082/n03866082_11359.JPEG,689,overskirt
train/n03866082/n03866082_4605.JPEG,689,overskirt
train/n03866082/n03866082_2541.JPEG,689,overskirt
train/n03866082/n03866082_6335.JPEG,689,overskirt
train/n03866082/n03866082_8225.JPEG,689,overskirt
train/n03866082/n03866082_4529.JPEG,689,overskirt
train/n03868242/n03868242_9600.JPEG,690,bullock cart
train/n03868242/n03868242_2518.JPEG,690,bullock cart
train/n03868242/n03868242_8474.JPEG,690,bullock cart
train/n03868242/n03868242_5124.JPEG,690,bullock cart
train/n03868242/n03868242_3486.JPEG,690,bullock cart
train/n03868242/n03868242_7811.JPEG,690,bullock cart
train/n03868242/n03868242_5459.JPEG,690,bullock cart
train/n03868242/n03868242_14264.JPEG,690,bullock cart
train/n03868242/n03868242_1282.JPEG,690,bullock cart
train/n03868242/n03868242_6007.JPEG,690,bullock cart
train/n03868242/n03868242_8094.JPEG,690,bullock cart
train/n03868242/n03868242_10854.JPEG,690,bullock cart
train/n03868242/n03868242_5186.JPEG,690,bullock cart
train/n03868242/n03868242_1385.JPEG,690,bullock cart
train/n03868242/n03868242_13604.JPEG,690,bullock cart
train/n03868242/n03868242_8535.JPEG,690,bullock cart
train/n03868863/n03868863_816.JPEG,691,oxygen mask
train/n03868863/n03868863_1809.JPEG,691,oxygen mask
train/n03868863/n03868863_4817.JPEG,691,oxygen mask
train/n03868863/n03868863_8773.JPEG,691,oxygen mask
train/n03868863/n03868863_4690.JPEG,691,oxygen mask
train/n03868863/n03868863_1834.JPEG,691,oxygen mask
train/n03868863/n03868863_4398.JPEG,691,oxygen mask
train/n03868863/n03868863_1449.JPEG,691,oxygen mask
train/n03868863/n03868863_3580.JPEG,691,oxygen mask
train/n03868863/n03868863_17256.JPEG,691,oxygen mask
train/n03868863/n03868863_7249.JPEG,691,oxygen mask
train/n03868863/n03868863_3702.JPEG,691,oxygen mask
train/n03868863/n03868863_3961.JPEG,691,oxygen mask
train/n03868863/n03868863_1781.JPEG,691,oxygen mask
train/n03868863/n03868863_2145.JPEG,691,oxygen mask
train/n03868863/n03868863_12437.JPEG,691,oxygen mask
train/n03871628/n03871628_7873.JPEG,692,product packet / packaging
train/n03871628/n03871628_12572.JPEG,692,product packet / packaging
train/n03871628/n03871628_31037.JPEG,692,product packet / packaging
train/n03871628/n03871628_261.JPEG,692,product packet / packaging
train/n03871628/n03871628_32621.JPEG,692,product packet / packaging
train/n03871628/n03871628_4707.JPEG,692,product packet / packaging
train/n03871628/n03871628_7986.JPEG,692,product packet / packaging
train/n03871628/n03871628_2440.JPEG,692,product packet / packaging
train/n03871628/n03871628_8672.JPEG,692,product packet / packaging
train/n03871628/n03871628_12579.JPEG,692,product packet / packaging
train/n03871628/n03871628_15988.JPEG,692,product packet / packaging
train/n03871628/n03871628_2039.JPEG,692,product packet / packaging
train/n03871628/n03871628_3195.JPEG,692,product packet / packaging
train/n03871628/n03871628_13629.JPEG,692,product packet / packaging
train/n03871628/n03871628_14508.JPEG,692,product packet / packaging
train/n03871628/n03871628_3869.JPEG,692,product packet / packaging
train/n03873416/n03873416_3569.JPEG,693,paddle
train/n03873416/n03873416_23646.JPEG,693,paddle
train/n03873416/n03873416_25355.JPEG,693,paddle
train/n03873416/n03873416_7347.JPEG,693,paddle
train/n03873416/n03873416_11622.JPEG,693,paddle
train/n03873416/n03873416_11155.JPEG,693,paddle
train/n03873416/n03873416_5610.JPEG,693,paddle
train/n03873416/n03873416_759.JPEG,693,paddle
train/n03873416/n03873416_7781.JPEG,693,paddle
train/n03873416/n03873416_37407.JPEG,693,paddle
train/n03873416/n03873416_28465.JPEG,693,paddle
train/n03873416/n03873416_2680.JPEG,693,paddle
train/n03873416/n03873416_10008.JPEG,693,paddle
train/n03873416/n03873416_3793.JPEG,693,paddle
train/n03873416/n03873416_8729.JPEG,693,paddle
train/n03873416/n03873416_9670.JPEG,693,paddle
train/n03874293/n03874293_9695.JPEG,694,paddle wheel
train/n03874293/n03874293_13575.JPEG,694,paddle wheel
train/n03874293/n03874293_23967.JPEG,694,paddle wheel
train/n03874293/n03874293_24566.JPEG,694,paddle wheel
train/n03874293/n03874293_3903.JPEG,694,paddle wheel
train/n03874293/n03874293_3587.JPEG,694,paddle wheel
train/n03874293/n03874293_18802.JPEG,694,paddle wheel
train/n03874293/n03874293_11608.JPEG,694,paddle wheel
train/n03874293/n03874293_14180.JPEG,694,paddle wheel
train/n03874293/n03874293_963.JPEG,694,paddle wheel
train/n03874293/n03874293_9670.JPEG,694,paddle wheel
train/n03874293/n03874293_13512.JPEG,694,paddle wheel
train/n03874293/n03874293_8810.JPEG,694,paddle wheel
train/n03874293/n03874293_14577.JPEG,694,paddle wheel
train/n03874293/n03874293_12181.JPEG,694,paddle wheel
train/n03874293/n03874293_14746.JPEG,694,paddle wheel
train/n03874599/n03874599_11585.JPEG,695,padlock
train/n03874599/n03874599_9223.JPEG,695,padlock
train/n03874599/n03874599_330.JPEG,695,padlock
train/n03874599/n03874599_11777.JPEG,695,padlock
train/n03874599/n03874599_13615.JPEG,695,padlock
train/n03874599/n03874599_5423.JPEG,695,padlock
train/n03874599/n03874599_3539.JPEG,695,padlock
train/n03874599/n03874599_7058.JPEG,695,padlock
train/n03874599/n03874599_12258.JPEG,695,padlock
train/n03874599/n03874599_6463.JPEG,695,padlock
train/n03874599/n03874599_13425.JPEG,695,padlock
train/n03874599/n03874599_2683.JPEG,695,padlock
train/n03874599/n03874599_3846.JPEG,695,padlock
train/n03874599/n03874599_7060.JPEG,695,padlock
train/n03874599/n03874599_2838.JPEG,695,padlock
train/n03874599/n03874599_2055.JPEG,695,padlock
train/n03876231/n03876231_7759.JPEG,696,paintbrush
train/n03876231/n03876231_11945.JPEG,696,paintbrush
train/n03876231/n03876231_21546.JPEG,696,paintbrush
train/n03876231/n03876231_10897.JPEG,696,paintbrush
train/n03876231/n03876231_40020.JPEG,696,paintbrush
train/n03876231/n03876231_2189.JPEG,696,paintbrush
train/n03876231/n03876231_39697.JPEG,696,paintbrush
train/n03876231/n03876231_24646.JPEG,696,paintbrush
train/n03876231/n03876231_4658.JPEG,696,paintbrush
train/n03876231/n03876231_33857.JPEG,696,paintbrush
train/n03876231/n03876231_5295.JPEG,696,paintbrush
train/n03876231/n03876231_24311.JPEG,696,paintbrush
train/n03876231/n03876231_4358.JPEG,696,paintbrush
train/n03876231/n03876231_17612.JPEG,696,paintbrush
train/n03876231/n03876231_7621.JPEG,696,paintbrush
train/n03876231/n03876231_16409.JPEG,696,paintbrush
train/n03877472/n03877472_33339.JPEG,697,pajamas
train/n03877472/n03877472_5026.JPEG,697,pajamas
train/n03877472/n03877472_4260.JPEG,697,pajamas
train/n03877472/n03877472_4649.JPEG,697,pajamas
train/n03877472/n03877472_4447.JPEG,697,pajamas
train/n03877472/n03877472_14264.JPEG,697,pajamas
train/n03877472/n03877472_40291.JPEG,697,pajamas
train/n03877472/n03877472_19416.JPEG,697,pajamas
train/n03877472/n03877472_19931.JPEG,697,pajamas
train/n03877472/n03877472_42966.JPEG,697,pajamas
train/n03877472/n03877472_4906.JPEG,697,pajamas
train/n03877472/n03877472_2610.JPEG,697,pajamas
train/n03877472/n03877472_25720.JPEG,697,pajamas
train/n03877472/n03877472_48069.JPEG,697,pajamas
train/n03877472/n03877472_3694.JPEG,697,pajamas
train/n03877472/n03877472_22614.JPEG,697,pajamas
train/n03877845/n03877845_10430.JPEG,698,palace
train/n03877845/n03877845_5303.JPEG,698,palace
train/n03877845/n03877845_10671.JPEG,698,palace
train/n03877845/n03877845_7011.JPEG,698,palace
train/n03877845/n03877845_9233.JPEG,698,palace
train/n03877845/n03877845_19577.JPEG,698,palace
train/n03877845/n03877845_10672.JPEG,698,palace
train/n03877845/n03877845_12863.JPEG,698,palace
train/n03877845/n03877845_6447.JPEG,698,palace
train/n03877845/n03877845_852.JPEG,698,palace
train/n03877845/n03877845_10524.JPEG,698,palace
train/n03877845/n03877845_2868.JPEG,698,palace
train/n03877845/n03877845_2573.JPEG,698,palace
train/n03877845/n03877845_18063.JPEG,698,palace
train/n03877845/n03877845_9403.JPEG,698,palace
train/n03877845/n03877845_14727.JPEG,698,palace
train/n03884397/n03884397_3850.JPEG,699,pan flute
train/n03884397/n03884397_23387.JPEG,699,pan flute
train/n03884397/n03884397_8569.JPEG,699,pan flute
train/n03884397/n03884397_11281.JPEG,699,pan flute
train/n03884397/n03884397_11510.JPEG,699,pan flute
train/n03884397/n03884397_7762.JPEG,699,pan flute
train/n03884397/n03884397_4098.JPEG,699,pan flute
train/n03884397/n03884397_7375.JPEG,699,pan flute
train/n03884397/n03884397_1820.JPEG,699,pan flute
train/n03884397/n03884397_14695.JPEG,699,pan flute
train/n03884397/n03884397_18206.JPEG,699,pan flute
train/n03884397/n03884397_23283.JPEG,699,pan flute
train/n03884397/n03884397_15760.JPEG,699,pan flute
train/n03884397/n03884397_27099.JPEG,699,pan flute
train/n03884397/n03884397_6723.JPEG,699,pan flute
train/n03884397/n03884397_17495.JPEG,699,pan flute
train/n03887697/n03887697_5359.JPEG,700,paper towel
train/n03887697/n03887697_18247.JPEG,700,paper towel
train/n03887697/n03887697_11256.JPEG,700,paper towel
train/n03887697/n03887697_18048.JPEG,700,paper towel
train/n03887697/n03887697_2154.JPEG,700,paper towel
train/n03887697/n03887697_4664.JPEG,700,paper towel
train/n03887697/n03887697_17439.JPEG,700,paper towel
train/n03887697/n03887697_2517.JPEG,700,paper towel
train/n03887697/n03887697_8378.JPEG,700,paper towel
train/n03887697/n03887697_6778.JPEG,700,paper towel
train/n03887697/n03887697_5861.JPEG,700,paper towel
train/n03887697/n03887697_1456.JPEG,700,paper towel
train/n03887697/n03887697_5627.JPEG,700,paper towel
train/n03887697/n03887697_18353.JPEG,700,paper towel
train/n03887697/n03887697_5090.JPEG,700,paper towel
train/n03887697/n03887697_5674.JPEG,700,paper towel
train/n03888257/n03888257_18382.JPEG,701,parachute
train/n03888257/n03888257_20649.JPEG,701,parachute
train/n03888257/n03888257_14065.JPEG,701,parachute
train/n03888257/n03888257_40227.JPEG,701,parachute
train/n03888257/n03888257_11845.JPEG,701,parachute
train/n03888257/n03888257_21932.JPEG,701,parachute
train/n03888257/n03888257_5334.JPEG,701,parachute
train/n03888257/n03888257_23669.JPEG,701,parachute
train/n03888257/n03888257_23372.JPEG,701,parachute
train/n03888257/n03888257_49667.JPEG,701,parachute
train/n03888257/n03888257_38200.JPEG,701,parachute
train/n03888257/n03888257_43839.JPEG,701,parachute
train/n03888257/n03888257_25644.JPEG,701,parachute
train/n03888257/n03888257_45287.JPEG,701,parachute
train/n03888257/n03888257_30655.JPEG,701,parachute
train/n03888257/n03888257_15826.JPEG,701,parachute
train/n03888605/n03888605_10499.JPEG,702,parallel bars
train/n03888605/n03888605_12268.JPEG,702,parallel bars
train/n03888605/n03888605_32428.JPEG,702,parallel bars
train/n03888605/n03888605_32890.JPEG,702,parallel bars
train/n03888605/n03888605_8727.JPEG,702,parallel bars
train/n03888605/n03888605_14935.JPEG,702,parallel bars
train/n03888605/n03888605_13864.JPEG,702,parallel bars
train/n03888605/n03888605_31081.JPEG,702,parallel bars
train/n03888605/n03888605_9952.JPEG,702,parallel bars
train/n03888605/n03888605_35018.JPEG,702,parallel bars
train/n03888605/n03888605_675.JPEG,702,parallel bars
train/n03888605/n03888605_4940.JPEG,702,parallel bars
train/n03888605/n03888605_500.JPEG,702,parallel bars
train/n03888605/n03888605_34564.JPEG,702,parallel bars
train/n03888605/n03888605_12207.JPEG,702,parallel bars
train/n03888605/n03888605_29596.JPEG,702,parallel bars
train/n03891251/n03891251_1347.JPEG,703,park bench
train/n03891251/n03891251_1117.JPEG,703,park bench
train/n03891251/n03891251_4225.JPEG,703,park bench
train/n03891251/n03891251_4330.JPEG,703,park bench
train/n03891251/n03891251_97.JPEG,703,park bench
train/n03891251/n03891251_2410.JPEG,703,park bench
train/n03891251/n03891251_3253.JPEG,703,park bench
train/n03891251/n03891251_1023.JPEG,703,park bench
train/n03891251/n03891251_407.JPEG,703,park bench
train/n03891251/n03891251_7580.JPEG,703,park bench
train/n03891251/n03891251_2556.JPEG,703,park bench
train/n03891251/n03891251_1218.JPEG,703,park bench
train/n03891251/n03891251_3690.JPEG,703,park bench
train/n03891251/n03891251_1736.JPEG,703,park bench
train/n03891251/n03891251_1528.JPEG,703,park bench
train/n03891251/n03891251_2061.JPEG,703,park bench
train/n03891332/n03891332_5210.JPEG,704,parking meter
train/n03891332/n03891332_5150.JPEG,704,parking meter
train/n03891332/n03891332_5034.JPEG,704,parking meter
train/n03891332/n03891332_6062.JPEG,704,parking meter
train/n03891332/n03891332_4930.JPEG,704,parking meter
train/n03891332/n03891332_5070.JPEG,704,parking meter
train/n03891332/n03891332_4511.JPEG,704,parking meter
train/n03891332/n03891332_5885.JPEG,704,parking meter
train/n03891332/n03891332_4557.JPEG,704,parking meter
train/n03891332/n03891332_6238.JPEG,704,parking meter
train/n03891332/n03891332_3302.JPEG,704,parking meter
train/n03891332/n03891332_3177.JPEG,704,parking meter
train/n03891332/n03891332_2734.JPEG,704,parking meter
train/n03891332/n03891332_5015.JPEG,704,parking meter
train/n03891332/n03891332_399.JPEG,704,parking meter
train/n03891332/n03891332_5807.JPEG,704,parking meter
train/n03895866/n03895866_66372.JPEG,705,railroad car
train/n03895866/n03895866_110521.JPEG,705,railroad car
train/n03895866/n03895866_32533.JPEG,705,railroad car
train/n03895866/n03895866_73058.JPEG,705,railroad car
train/n03895866/n03895866_24835.JPEG,705,railroad car
train/n03895866/n03895866_90763.JPEG,705,railroad car
train/n03895866/n03895866_81094.JPEG,705,railroad car
train/n03895866/n03895866_2289.JPEG,705,railroad car
train/n03895866/n03895866_117126.JPEG,705,railroad car
train/n03895866/n03895866_43159.JPEG,705,railroad car
train/n03895866/n03895866_23940.JPEG,705,railroad car
train/n03895866/n03895866_28713.JPEG,705,railroad car
train/n03895866/n03895866_43860.JPEG,705,railroad car
train/n03895866/n03895866_49260.JPEG,705,railroad car
train/n03895866/n03895866_20329.JPEG,705,railroad car
train/n03895866/n03895866_24408.JPEG,705,railroad car
train/n03899768/n03899768_26214.JPEG,706,patio
train/n03899768/n03899768_103389.JPEG,706,patio
train/n03899768/n03899768_12175.JPEG,706,patio
train/n03899768/n03899768_2682.JPEG,706,patio
train/n03899768/n03899768_37414.JPEG,706,patio
train/n03899768/n03899768_2075.JPEG,706,patio
train/n03899768/n03899768_56090.JPEG,706,patio
train/n03899768/n03899768_123971.JPEG,706,patio
train/n03899768/n03899768_27034.JPEG,706,patio
train/n03899768/n03899768_4820.JPEG,706,patio
train/n03899768/n03899768_31722.JPEG,706,patio
train/n03899768/n03899768_28848.JPEG,706,patio
train/n03899768/n03899768_38379.JPEG,706,patio
train/n03899768/n03899768_19220.JPEG,706,patio
train/n03899768/n03899768_29586.JPEG,706,patio
train/n03899768/n03899768_127109.JPEG,706,patio
train/n03902125/n03902125_4607.JPEG,707,payphone
train/n03902125/n03902125_14822.JPEG,707,payphone
train/n03902125/n03902125_5375.JPEG,707,payphone
train/n03902125/n03902125_8161.JPEG,707,payphone
train/n03902125/n03902125_28965.JPEG,707,payphone
train/n03902125/n03902125_2138.JPEG,707,payphone
train/n03902125/n03902125_25232.JPEG,707,payphone
train/n03902125/n03902125_13576.JPEG,707,payphone
train/n03902125/n03902125_25420.JPEG,707,payphone
train/n03902125/n03902125_188.JPEG,707,payphone
train/n03902125/n03902125_25144.JPEG,707,payphone
train/n03902125/n03902125_20026.JPEG,707,payphone
train/n03902125/n03902125_12616.JPEG,707,payphone
train/n03902125/n03902125_8536.JPEG,707,payphone
train/n03902125/n03902125_5037.JPEG,707,payphone
train/n03902125/n03902125_13319.JPEG,707,payphone
train/n03903868/n03903868_45324.JPEG,708,pedestal
train/n03903868/n03903868_24646.JPEG,708,pedestal
train/n03903868/n03903868_51465.JPEG,708,pedestal
train/n03903868/n03903868_51570.JPEG,708,pedestal
train/n03903868/n03903868_84148.JPEG,708,pedestal
train/n03903868/n03903868_40110.JPEG,708,pedestal
train/n03903868/n03903868_35868.JPEG,708,pedestal
train/n03903868/n03903868_27150.JPEG,708,pedestal
train/n03903868/n03903868_19306.JPEG,708,pedestal
train/n03903868/n03903868_35929.JPEG,708,pedestal
train/n03903868/n03903868_43046.JPEG,708,pedestal
train/n03903868/n03903868_8104.JPEG,708,pedestal
train/n03903868/n03903868_57595.JPEG,708,pedestal
train/n03903868/n03903868_102016.JPEG,708,pedestal
train/n03903868/n03903868_10479.JPEG,708,pedestal
train/n03903868/n03903868_21361.JPEG,708,pedestal
train/n03908618/n03908618_9100.JPEG,709,pencil case
train/n03908618/n03908618_3032.JPEG,709,pencil case
train/n03908618/n03908618_33176.JPEG,709,pencil case
train/n03908618/n03908618_15760.JPEG,709,pencil case
train/n03908618/n03908618_6323.JPEG,709,pencil case
train/n03908618/n03908618_9720.JPEG,709,pencil case
train/n03908618/n03908618_18900.JPEG,709,pencil case
train/n03908618/n03908618_6340.JPEG,709,pencil case
train/n03908618/n03908618_4448.JPEG,709,pencil case
train/n03908618/n03908618_10427.JPEG,709,pencil case
train/n03908618/n03908618_11464.JPEG,709,pencil case
train/n03908618/n03908618_7440.JPEG,709,pencil case
train/n03908618/n03908618_9591.JPEG,709,pencil case
train/n03908618/n03908618_40665.JPEG,709,pencil case
train/n03908618/n03908618_17950.JPEG,709,pencil case
train/n03908618/n03908618_8026.JPEG,709,pencil case
train/n03908714/n03908714_131.JPEG,710,pencil sharpener
train/n03908714/n03908714_231.JPEG,710,pencil sharpener
train/n03908714/n03908714_9221.JPEG,710,pencil sharpener
train/n03908714/n03908714_3456.JPEG,710,pencil sharpener
train/n03908714/n03908714_13219.JPEG,710,pencil sharpener
train/n03908714/n03908714_2200.JPEG,710,pencil sharpener
train/n03908714/n03908714_3080.JPEG,710,pencil sharpener
train/n03908714/n03908714_8517.JPEG,710,pencil sharpener
train/n03908714/n03908714_4846.JPEG,710,pencil sharpener
train/n03908714/n03908714_6725.JPEG,710,pencil sharpener
train/n03908714/n03908714_3152.JPEG,710,pencil sharpener
train/n03908714/n03908714_3012.JPEG,710,pencil sharpener
train/n03908714/n03908714_656.JPEG,710,pencil sharpener
train/n03908714/n03908714_11525.JPEG,710,pencil sharpener
train/n03908714/n03908714_3361.JPEG,710,pencil sharpener
train/n03908714/n03908714_415.JPEG,710,pencil sharpener
train/n03916031/n03916031_32505.JPEG,711,perfume
train/n03916031/n03916031_17530.JPEG,711,perfume
train/n03916031/n03916031_1603.JPEG,711,perfume
train/n03916031/n03916031_15392.JPEG,711,perfume
train/n03916031/n03916031_33790.JPEG,711,perfume
train/n03916031/n03916031_17053.JPEG,711,perfume
train/n03916031/n03916031_18994.JPEG,711,perfume
train/n03916031/n03916031_5014.JPEG,711,perfume
train/n03916031/n03916031_13818.JPEG,711,perfume
train/n03916031/n03916031_14032.JPEG,711,perfume
train/n03916031/n03916031_15985.JPEG,711,perfume
train/n03916031/n03916031_59623.JPEG,711,perfume
train/n03916031/n03916031_1714.JPEG,711,perfume
train/n03916031/n03916031_19644.JPEG,711,perfume
train/n03916031/n03916031_8703.JPEG,711,perfume
train/n03916031/n03916031_6264.JPEG,711,perfume
train/n03920288/n03920288_1395.JPEG,712,Petri dish
train/n03920288/n03920288_1319.JPEG,712,Petri dish
train/n03920288/n03920288_874.JPEG,712,Petri dish
train/n03920288/n03920288_1326.JPEG,712,Petri dish
train/n03920288/n03920288_3713.JPEG,712,Petri dish
train/n03920288/n03920288_3188.JPEG,712,Petri dish
train/n03920288/n03920288_9602.JPEG,712,Petri dish
train/n03920288/n03920288_820.JPEG,712,Petri dish
train/n03920288/n03920288_222.JPEG,712,Petri dish
train/n03920288/n03920288_2430.JPEG,712,Petri dish
train/n03920288/n03920288_2894.JPEG,712,Petri dish
train/n03920288/n03920288_2317.JPEG,712,Petri dish
train/n03920288/n03920288_776.JPEG,712,Petri dish
train/n03920288/n03920288_2623.JPEG,712,Petri dish
train/n03920288/n03920288_4330.JPEG,712,Petri dish
train/n03920288/n03920288_2599.JPEG,712,Petri dish
train/n03924679/n03924679_13361.JPEG,713,photocopier
train/n03924679/n03924679_2666.JPEG,713,photocopier
train/n03924679/n03924679_5875.JPEG,713,photocopier
train/n03924679/n03924679_1337.JPEG,713,photocopier
train/n03924679/n03924679_224.JPEG,713,photocopier
train/n03924679/n03924679_15466.JPEG,713,photocopier
train/n03924679/n03924679_14148.JPEG,713,photocopier
train/n03924679/n03924679_517.JPEG,713,photocopier
train/n03924679/n03924679_18479.JPEG,713,photocopier
train/n03924679/n03924679_14428.JPEG,713,photocopier
train/n03924679/n03924679_11287.JPEG,713,photocopier
train/n03924679/n03924679_11369.JPEG,713,photocopier
train/n03924679/n03924679_1796.JPEG,713,photocopier
train/n03924679/n03924679_10426.JPEG,713,photocopier
train/n03924679/n03924679_5850.JPEG,713,photocopier
train/n03924679/n03924679_5050.JPEG,713,photocopier
train/n03929660/n03929660_8279.JPEG,714,plectrum
train/n03929660/n03929660_14622.JPEG,714,plectrum
train/n03929660/n03929660_8332.JPEG,714,plectrum
train/n03929660/n03929660_22190.JPEG,714,plectrum
train/n03929660/n03929660_2243.JPEG,714,plectrum
train/n03929660/n03929660_7007.JPEG,714,plectrum
train/n03929660/n03929660_20815.JPEG,714,plectrum
train/n03929660/n03929660_3945.JPEG,714,plectrum
train/n03929660/n03929660_5449.JPEG,714,plectrum
train/n03929660/n03929660_28748.JPEG,714,plectrum
train/n03929660/n03929660_4289.JPEG,714,plectrum
train/n03929660/n03929660_20425.JPEG,714,plectrum
train/n03929660/n03929660_17217.JPEG,714,plectrum
train/n03929660/n03929660_7845.JPEG,714,plectrum
train/n03929660/n03929660_7366.JPEG,714,plectrum
train/n03929660/n03929660_3293.JPEG,714,plectrum
train/n03929855/n03929855_1.JPEG,715,Pickelhaube
train/n03929855/n03929855_4453.JPEG,715,Pickelhaube
train/n03929855/n03929855_5991.JPEG,715,Pickelhaube
train/n03929855/n03929855_4389.JPEG,715,Pickelhaube
train/n03929855/n03929855_588.JPEG,715,Pickelhaube
train/n03929855/n03929855_3372.JPEG,715,Pickelhaube
train/n03929855/n03929855_4605.JPEG,715,Pickelhaube
train/n03929855/n03929855_372.JPEG,715,Pickelhaube
train/n03929855/n03929855_6601.JPEG,715,Pickelhaube
train/n03929855/n03929855_6345.JPEG,715,Pickelhaube
train/n03929855/n03929855_6714.JPEG,715,Pickelhaube
train/n03929855/n03929855_5989.JPEG,715,Pickelhaube
train/n03929855/n03929855_4908.JPEG,715,Pickelhaube
train/n03929855/n03929855_6867.JPEG,715,Pickelhaube
train/n03929855/n03929855_3859.JPEG,715,Pickelhaube
train/n03929855/n03929855_5284.JPEG,715,Pickelhaube
train/n03930313/n03930313_18400.JPEG,716,picket fence
train/n03930313/n03930313_20776.JPEG,716,picket fence
train/n03930313/n03930313_4357.JPEG,716,picket fence
train/n03930313/n03930313_13056.JPEG,716,picket fence
train/n03930313/n03930313_7688.JPEG,716,picket fence
train/n03930313/n03930313_14375.JPEG,716,picket fence
train/n03930313/n03930313_12598.JPEG,716,picket fence
train/n03930313/n03930313_2745.JPEG,716,picket fence
train/n03930313/n03930313_17293.JPEG,716,picket fence
train/n03930313/n03930313_14031.JPEG,716,picket fence
train/n03930313/n03930313_5121.JPEG,716,picket fence
train/n03930313/n03930313_2793.JPEG,716,picket fence
train/n03930313/n03930313_7093.JPEG,716,picket fence
train/n03930313/n03930313_4084.JPEG,716,picket fence
train/n03930313/n03930313_18716.JPEG,716,picket fence
train/n03930313/n03930313_23008.JPEG,716,picket fence
train/n03930630/n03930630_3531.JPEG,717,pickup truck
train/n03930630/n03930630_2398.JPEG,717,pickup truck
train/n03930630/n03930630_13293.JPEG,717,pickup truck
train/n03930630/n03930630_5160.JPEG,717,pickup truck
train/n03930630/n03930630_4915.JPEG,717,pickup truck
train/n03930630/n03930630_16045.JPEG,717,pickup truck
train/n03930630/n03930630_12410.JPEG,717,pickup truck
train/n03930630/n03930630_3689.JPEG,717,pickup truck
train/n03930630/n03930630_23566.JPEG,717,pickup truck
train/n03930630/n03930630_14020.JPEG,717,pickup truck
train/n03930630/n03930630_5501.JPEG,717,pickup truck
train/n03930630/n03930630_18772.JPEG,717,pickup truck
train/n03930630/n03930630_2991.JPEG,717,pickup truck
train/n03930630/n03930630_5166.JPEG,717,pickup truck
train/n03930630/n03930630_6764.JPEG,717,pickup truck
train/n03930630/n03930630_356.JPEG,717,pickup truck
train/n03933933/n03933933_19042.JPEG,718,pier
train/n03933933/n03933933_18463.JPEG,718,pier
train/n03933933/n03933933_16025.JPEG,718,pier
train/n03933933/n03933933_33021.JPEG,718,pier
train/n03933933/n03933933_24275.JPEG,718,pier
train/n03933933/n03933933_5275.JPEG,718,pier
train/n03933933/n03933933_29428.JPEG,718,pier
train/n03933933/n03933933_6969.JPEG,718,pier
train/n03933933/n03933933_2323.JPEG,718,pier
train/n03933933/n03933933_15684.JPEG,718,pier
train/n03933933/n03933933_27349.JPEG,718,pier
train/n03933933/n03933933_8728.JPEG,718,pier
train/n03933933/n03933933_20930.JPEG,718,pier
train/n03933933/n03933933_3119.JPEG,718,pier
train/n03933933/n03933933_84831.JPEG,718,pier
train/n03933933/n03933933_17048.JPEG,718,pier
train/n03935335/n03935335_12176.JPEG,719,piggy bank
train/n03935335/n03935335_14930.JPEG,719,piggy bank
train/n03935335/n03935335_9798.JPEG,719,piggy bank
train/n03935335/n03935335_25046.JPEG,719,piggy bank
train/n03935335/n03935335_22843.JPEG,719,piggy bank
train/n03935335/n03935335_6827.JPEG,719,piggy bank
train/n03935335/n03935335_9016.JPEG,719,piggy bank
train/n03935335/n03935335_11106.JPEG,719,piggy bank
train/n03935335/n03935335_16944.JPEG,719,piggy bank
train/n03935335/n03935335_6828.JPEG,719,piggy bank
train/n03935335/n03935335_11988.JPEG,719,piggy bank
train/n03935335/n03935335_2855.JPEG,719,piggy bank
train/n03935335/n03935335_11638.JPEG,719,piggy bank
train/n03935335/n03935335_17063.JPEG,719,piggy bank
train/n03935335/n03935335_4417.JPEG,719,piggy bank
train/n03935335/n03935335_16881.JPEG,719,piggy bank
train/n03937543/n03937543_2842.JPEG,720,pill bottle
train/n03937543/n03937543_5686.JPEG,720,pill bottle
train/n03937543/n03937543_2482.JPEG,720,pill bottle
train/n03937543/n03937543_11959.JPEG,720,pill bottle
train/n03937543/n03937543_3647.JPEG,720,pill bottle
train/n03937543/n03937543_5122.JPEG,720,pill bottle
train/n03937543/n03937543_3817.JPEG,720,pill bottle
train/n03937543/n03937543_8017.JPEG,720,pill bottle
train/n03937543/n03937543_1290.JPEG,720,pill bottle
train/n03937543/n03937543_815.JPEG,720,pill bottle
train/n03937543/n03937543_2185.JPEG,720,pill bottle
train/n03937543/n03937543_1872.JPEG,720,pill bottle
train/n03937543/n03937543_10483.JPEG,720,pill bottle
train/n03937543/n03937543_1740.JPEG,720,pill bottle
train/n03937543/n03937543_299.JPEG,720,pill bottle
train/n03937543/n03937543_4002.JPEG,720,pill bottle
train/n03938244/n03938244_4066.JPEG,721,pillow
train/n03938244/n03938244_5985.JPEG,721,pillow
train/n03938244/n03938244_22758.JPEG,721,pillow
train/n03938244/n03938244_30587.JPEG,721,pillow
train/n03938244/n03938244_20428.JPEG,721,pillow
train/n03938244/n03938244_6685.JPEG,721,pillow
train/n03938244/n03938244_32937.JPEG,721,pillow
train/n03938244/n03938244_28543.JPEG,721,pillow
train/n03938244/n03938244_21630.JPEG,721,pillow
train/n03938244/n03938244_68.JPEG,721,pillow
train/n03938244/n03938244_11789.JPEG,721,pillow
train/n03938244/n03938244_20081.JPEG,721,pillow
train/n03938244/n03938244_21076.JPEG,721,pillow
train/n03938244/n03938244_17296.JPEG,721,pillow
train/n03938244/n03938244_29767.JPEG,721,pillow
train/n03938244/n03938244_30532.JPEG,721,pillow
train/n03942813/n03942813_2979.JPEG,722,ping-pong ball
train/n03942813/n03942813_6617.JPEG,722,ping-pong ball
train/n03942813/n03942813_5745.JPEG,722,ping-pong ball
train/n03942813/n03942813_7856.JPEG,722,ping-pong ball
train/n03942813/n03942813_8936.JPEG,722,ping-pong ball
train/n03942813/n03942813_5858.JPEG,722,ping-pong ball
train/n03942813/n03942813_9402.JPEG,722,ping-pong ball
train/n03942813/n03942813_8184.JPEG,722,ping-pong ball
train/n03942813/n03942813_11476.JPEG,722,ping-pong ball
train/n03942813/n03942813_5593.JPEG,722,ping-pong ball
train/n03942813/n03942813_8760.JPEG,722,ping-pong ball
train/n03942813/n03942813_11434.JPEG,722,ping-pong ball
train/n03942813/n03942813_689.JPEG,722,ping-pong ball
train/n03942813/n03942813_9348.JPEG,722,ping-pong ball
train/n03942813/n03942813_7282.JPEG,722,ping-pong ball
train/n03942813/n03942813_4455.JPEG,722,ping-pong ball
train/n03944341/n03944341_9955.JPEG,723,pinwheel
train/n03944341/n03944341_6421.JPEG,723,pinwheel
train/n03944341/n03944341_10405.JPEG,723,pinwheel
train/n03944341/n03944341_9826.JPEG,723,pinwheel
train/n03944341/n03944341_10020.JPEG,723,pinwheel
train/n03944341/n03944341_8772.JPEG,723,pinwheel
train/n03944341/n03944341_13620.JPEG,723,pinwheel
train/n03944341/n03944341_24899.JPEG,723,pinwheel
train/n03944341/n03944341_8209.JPEG,723,pinwheel
train/n03944341/n03944341_25869.JPEG,723,pinwheel
train/n03944341/n03944341_11291.JPEG,723,pinwheel
train/n03944341/n03944341_19517.JPEG,723,pinwheel
train/n03944341/n03944341_804.JPEG,723,pinwheel
train/n03944341/n03944341_14427.JPEG,723,pinwheel
train/n03944341/n03944341_17245.JPEG,723,pinwheel
train/n03944341/n03944341_10570.JPEG,723,pinwheel
train/n03947888/n03947888_5766.JPEG,724,pirate ship
train/n03947888/n03947888_25321.JPEG,724,pirate ship
train/n03947888/n03947888_10798.JPEG,724,pirate ship
train/n03947888/n03947888_41042.JPEG,724,pirate ship
train/n03947888/n03947888_15432.JPEG,724,pirate ship
train/n03947888/n03947888_13813.JPEG,724,pirate ship
train/n03947888/n03947888_46987.JPEG,724,pirate ship
train/n03947888/n03947888_683.JPEG,724,pirate ship
train/n03947888/n03947888_608.JPEG,724,pirate ship
train/n03947888/n03947888_16523.JPEG,724,pirate ship
train/n03947888/n03947888_8492.JPEG,724,pirate ship
train/n03947888/n03947888_18348.JPEG,724,pirate ship
train/n03947888/n03947888_7806.JPEG,724,pirate ship
train/n03947888/n03947888_2940.JPEG,724,pirate ship
train/n03947888/n03947888_46659.JPEG,724,pirate ship
train/n03947888/n03947888_4928.JPEG,724,pirate ship
train/n03950228/n03950228_7904.JPEG,725,drink pitcher
train/n03950228/n03950228_3333.JPEG,725,drink pitcher
train/n03950228/n03950228_20775.JPEG,725,drink pitcher
train/n03950228/n03950228_18294.JPEG,725,drink pitcher
train/n03950228/n03950228_3713.JPEG,725,drink pitcher
train/n03950228/n03950228_1948.JPEG,725,drink pitcher
train/n03950228/n03950228_29532.JPEG,725,drink pitcher
train/n03950228/n03950228_19179.JPEG,725,drink pitcher
train/n03950228/n03950228_14576.JPEG,725,drink pitcher
train/n03950228/n03950228_2586.JPEG,725,drink pitcher
train/n03950228/n03950228_5246.JPEG,725,drink pitcher
train/n03950228/n03950228_11993.JPEG,725,drink pitcher
train/n03950228/n03950228_2322.JPEG,725,drink pitcher
train/n03950228/n03950228_13158.JPEG,725,drink pitcher
train/n03950228/n03950228_14307.JPEG,725,drink pitcher
train/n03950228/n03950228_1777.JPEG,725,drink pitcher
train/n03954731/n03954731_22709.JPEG,726,block plane
train/n03954731/n03954731_52054.JPEG,726,block plane
train/n03954731/n03954731_6330.JPEG,726,block plane
train/n03954731/n03954731_16425.JPEG,726,block plane
train/n03954731/n03954731_44318.JPEG,726,block plane
train/n03954731/n03954731_35046.JPEG,726,block plane
train/n03954731/n03954731_15237.JPEG,726,block plane
train/n03954731/n03954731_45618.JPEG,726,block plane
train/n03954731/n03954731_15488.JPEG,726,block plane
train/n03954731/n03954731_17363.JPEG,726,block plane
train/n03954731/n03954731_9994.JPEG,726,block plane
train/n03954731/n03954731_19784.JPEG,726,block plane
train/n03954731/n03954731_12292.JPEG,726,block plane
train/n03954731/n03954731_36715.JPEG,726,block plane
train/n03954731/n03954731_2093.JPEG,726,block plane
train/n03954731/n03954731_39805.JPEG,726,block plane
train/n03956157/n03956157_11005.JPEG,727,planetarium
train/n03956157/n03956157_2722.JPEG,727,planetarium
train/n03956157/n03956157_758.JPEG,727,planetarium
train/n03956157/n03956157_6563.JPEG,727,planetarium
train/n03956157/n03956157_14403.JPEG,727,planetarium
train/n03956157/n03956157_28665.JPEG,727,planetarium
train/n03956157/n03956157_12850.JPEG,727,planetarium
train/n03956157/n03956157_12700.JPEG,727,planetarium
train/n03956157/n03956157_19104.JPEG,727,planetarium
train/n03956157/n03956157_12477.JPEG,727,planetarium
train/n03956157/n03956157_15155.JPEG,727,planetarium
train/n03956157/n03956157_19002.JPEG,727,planetarium
train/n03956157/n03956157_14787.JPEG,727,planetarium
train/n03956157/n03956157_15621.JPEG,727,planetarium
train/n03956157/n03956157_1475.JPEG,727,planetarium
train/n03956157/n03956157_17157.JPEG,727,planetarium
train/n03958227/n03958227_7196.JPEG,728,plastic bag
train/n03958227/n03958227_12178.JPEG,728,plastic bag
train/n03958227/n03958227_1082.JPEG,728,plastic bag
train/n03958227/n03958227_360.JPEG,728,plastic bag
train/n03958227/n03958227_1654.JPEG,728,plastic bag
train/n03958227/n03958227_565.JPEG,728,plastic bag
train/n03958227/n03958227_4764.JPEG,728,plastic bag
train/n03958227/n03958227_158.JPEG,728,plastic bag
train/n03958227/n03958227_1880.JPEG,728,plastic bag
train/n03958227/n03958227_6386.JPEG,728,plastic bag
train/n03958227/n03958227_10320.JPEG,728,plastic bag
train/n03958227/n03958227_2670.JPEG,728,plastic bag
train/n03958227/n03958227_3885.JPEG,728,plastic bag
train/n03958227/n03958227_9620.JPEG,728,plastic bag
train/n03958227/n03958227_2862.JPEG,728,plastic bag
train/n03958227/n03958227_4615.JPEG,728,plastic bag
train/n03961711/n03961711_8858.JPEG,729,plate rack
train/n03961711/n03961711_13859.JPEG,729,plate rack
train/n03961711/n03961711_51.JPEG,729,plate rack
train/n03961711/n03961711_11039.JPEG,729,plate rack
train/n03961711/n03961711_15720.JPEG,729,plate rack
train/n03961711/n03961711_1274.JPEG,729,plate rack
train/n03961711/n03961711_7473.JPEG,729,plate rack
train/n03961711/n03961711_19192.JPEG,729,plate rack
train/n03961711/n03961711_15628.JPEG,729,plate rack
train/n03961711/n03961711_363.JPEG,729,plate rack
train/n03961711/n03961711_2723.JPEG,729,plate rack
train/n03961711/n03961711_4639.JPEG,729,plate rack
train/n03961711/n03961711_9904.JPEG,729,plate rack
train/n03961711/n03961711_2750.JPEG,729,plate rack
train/n03961711/n03961711_15349.JPEG,729,plate rack
train/n03961711/n03961711_14276.JPEG,729,plate rack
train/n03967562/n03967562_8048.JPEG,730,farm plow
train/n03967562/n03967562_40566.JPEG,730,farm plow
train/n03967562/n03967562_3666.JPEG,730,farm plow
train/n03967562/n03967562_4198.JPEG,730,farm plow
train/n03967562/n03967562_14553.JPEG,730,farm plow
train/n03967562/n03967562_10815.JPEG,730,farm plow
train/n03967562/n03967562_19534.JPEG,730,farm plow
train/n03967562/n03967562_9378.JPEG,730,farm plow
train/n03967562/n03967562_18628.JPEG,730,farm plow
train/n03967562/n03967562_12266.JPEG,730,farm plow
train/n03967562/n03967562_40467.JPEG,730,farm plow
train/n03967562/n03967562_25052.JPEG,730,farm plow
train/n03967562/n03967562_18667.JPEG,730,farm plow
train/n03967562/n03967562_9101.JPEG,730,farm plow
train/n03967562/n03967562_8932.JPEG,730,farm plow
train/n03967562/n03967562_6042.JPEG,730,farm plow
train/n03970156/n03970156_22709.JPEG,731,plunger
train/n03970156/n03970156_6274.JPEG,731,plunger
train/n03970156/n03970156_7030.JPEG,731,plunger
train/n03970156/n03970156_17337.JPEG,731,plunger
train/n03970156/n03970156_6380.JPEG,731,plunger
train/n03970156/n03970156_52698.JPEG,731,plunger
train/n03970156/n03970156_16936.JPEG,731,plunger
train/n03970156/n03970156_28652.JPEG,731,plunger
train/n03970156/n03970156_38342.JPEG,731,plunger
train/n03970156/n03970156_14986.JPEG,731,plunger
train/n03970156/n03970156_15031.JPEG,731,plunger
train/n03970156/n03970156_29141.JPEG,731,plunger
train/n03970156/n03970156_47008.JPEG,731,plunger
train/n03970156/n03970156_4688.JPEG,731,plunger
train/n03970156/n03970156_9125.JPEG,731,plunger
train/n03970156/n03970156_23284.JPEG,731,plunger
train/n03976467/n03976467_18378.JPEG,732,Polaroid camera
train/n03976467/n03976467_13819.JPEG,732,Polaroid camera
train/n03976467/n03976467_5172.JPEG,732,Polaroid camera
train/n03976467/n03976467_4393.JPEG,732,Polaroid camera
train/n03976467/n03976467_2128.JPEG,732,Polaroid camera
train/n03976467/n03976467_6626.JPEG,732,Polaroid camera
train/n03976467/n03976467_9897.JPEG,732,Polaroid camera
train/n03976467/n03976467_3971.JPEG,732,Polaroid camera
train/n03976467/n03976467_436.JPEG,732,Polaroid camera
train/n03976467/n03976467_13706.JPEG,732,Polaroid camera
train/n03976467/n03976467_1183.JPEG,732,Polaroid camera
train/n03976467/n03976467_1556.JPEG,732,Polaroid camera
train/n03976467/n03976467_10803.JPEG,732,Polaroid camera
train/n03976467/n03976467_11116.JPEG,732,Polaroid camera
train/n03976467/n03976467_3000.JPEG,732,Polaroid camera
train/n03976467/n03976467_15853.JPEG,732,Polaroid camera
train/n03976657/n03976657_6369.JPEG,733,pole
train/n03976657/n03976657_21002.JPEG,733,pole
train/n03976657/n03976657_34959.JPEG,733,pole
train/n03976657/n03976657_15141.JPEG,733,pole
train/n03976657/n03976657_17976.JPEG,733,pole
train/n03976657/n03976657_58222.JPEG,733,pole
train/n03976657/n03976657_8146.JPEG,733,pole
train/n03976657/n03976657_23139.JPEG,733,pole
train/n03976657/n03976657_12858.JPEG,733,pole
train/n03976657/n03976657_14590.JPEG,733,pole
train/n03976657/n03976657_24007.JPEG,733,pole
train/n03976657/n03976657_26144.JPEG,733,pole
train/n03976657/n03976657_1314.JPEG,733,pole
train/n03976657/n03976657_15265.JPEG,733,pole
train/n03976657/n03976657_3217.JPEG,733,pole
train/n03976657/n03976657_6517.JPEG,733,pole
train/n03977966/n03977966_28717.JPEG,734,police van
train/n03977966/n03977966_6760.JPEG,734,police van
train/n03977966/n03977966_35915.JPEG,734,police van
train/n03977966/n03977966_41483.JPEG,734,police van
train/n03977966/n03977966_11904.JPEG,734,police van
train/n03977966/n03977966_28347.JPEG,734,police van
train/n03977966/n03977966_63246.JPEG,734,police van
train/n03977966/n03977966_21762.JPEG,734,police van
train/n03977966/n03977966_61725.JPEG,734,police van
train/n03977966/n03977966_22146.JPEG,734,police van
train/n03977966/n03977966_4255.JPEG,734,police van
train/n03977966/n03977966_68009.JPEG,734,police van
train/n03977966/n03977966_59032.JPEG,734,police van
train/n03977966/n03977966_1188.JPEG,734,police van
train/n03977966/n03977966_48215.JPEG,734,police van
train/n03977966/n03977966_80016.JPEG,734,police van
train/n03980874/n03980874_129.JPEG,735,poncho
train/n03980874/n03980874_1035.JPEG,735,poncho
train/n03980874/n03980874_10460.JPEG,735,poncho
train/n03980874/n03980874_7362.JPEG,735,poncho
train/n03980874/n03980874_14032.JPEG,735,poncho
train/n03980874/n03980874_17810.JPEG,735,poncho
train/n03980874/n03980874_4538.JPEG,735,poncho
train/n03980874/n03980874_10995.JPEG,735,poncho
train/n03980874/n03980874_4703.JPEG,735,poncho
train/n03980874/n03980874_13270.JPEG,735,poncho
train/n03980874/n03980874_3521.JPEG,735,poncho
train/n03980874/n03980874_4506.JPEG,735,poncho
train/n03980874/n03980874_446.JPEG,735,poncho
train/n03980874/n03980874_17638.JPEG,735,poncho
train/n03980874/n03980874_1116.JPEG,735,poncho
train/n03980874/n03980874_15861.JPEG,735,poncho
train/n03982430/n03982430_10737.JPEG,736,pool table
train/n03982430/n03982430_31829.JPEG,736,pool table
train/n03982430/n03982430_22202.JPEG,736,pool table
train/n03982430/n03982430_6089.JPEG,736,pool table
train/n03982430/n03982430_21049.JPEG,736,pool table
train/n03982430/n03982430_1913.JPEG,736,pool table
train/n03982430/n03982430_23717.JPEG,736,pool table
train/n03982430/n03982430_19459.JPEG,736,pool table
train/n03982430/n03982430_2448.JPEG,736,pool table
train/n03982430/n03982430_25514.JPEG,736,pool table
train/n03982430/n03982430_16534.JPEG,736,pool table
train/n03982430/n03982430_1811.JPEG,736,pool table
train/n03982430/n03982430_30964.JPEG,736,pool table
train/n03982430/n03982430_25637.JPEG,736,pool table
train/n03982430/n03982430_23131.JPEG,736,pool table
train/n03982430/n03982430_25950.JPEG,736,pool table
train/n03983396/n03983396_5559.JPEG,737,soda bottle
train/n03983396/n03983396_4547.JPEG,737,soda bottle
train/n03983396/n03983396_1321.JPEG,737,soda bottle
train/n03983396/n03983396_10476.JPEG,737,soda bottle
train/n03983396/n03983396_11898.JPEG,737,soda bottle
train/n03983396/n03983396_6037.JPEG,737,soda bottle
train/n03983396/n03983396_1898.JPEG,737,soda bottle
train/n03983396/n03983396_7700.JPEG,737,soda bottle
train/n03983396/n03983396_12016.JPEG,737,soda bottle
train/n03983396/n03983396_3539.JPEG,737,soda bottle
train/n03983396/n03983396_1868.JPEG,737,soda bottle
train/n03983396/n03983396_21452.JPEG,737,soda bottle
train/n03983396/n03983396_3702.JPEG,737,soda bottle
train/n03983396/n03983396_8372.JPEG,737,soda bottle
train/n03983396/n03983396_5258.JPEG,737,soda bottle
train/n03983396/n03983396_8239.JPEG,737,soda bottle
train/n03991062/n03991062_17432.JPEG,738,plant pot
train/n03991062/n03991062_3360.JPEG,738,plant pot
train/n03991062/n03991062_28701.JPEG,738,plant pot
train/n03991062/n03991062_100.JPEG,738,plant pot
train/n03991062/n03991062_7390.JPEG,738,plant pot
train/n03991062/n03991062_8027.JPEG,738,plant pot
train/n03991062/n03991062_7522.JPEG,738,plant pot
train/n03991062/n03991062_5063.JPEG,738,plant pot
train/n03991062/n03991062_1802.JPEG,738,plant pot
train/n03991062/n03991062_3595.JPEG,738,plant pot
train/n03991062/n03991062_394.JPEG,738,plant pot
train/n03991062/n03991062_19851.JPEG,738,plant pot
train/n03991062/n03991062_16351.JPEG,738,plant pot
train/n03991062/n03991062_28691.JPEG,738,plant pot
train/n03991062/n03991062_2079.JPEG,738,plant pot
train/n03991062/n03991062_31177.JPEG,738,plant pot
train/n03992509/n03992509_353.JPEG,739,potter's wheel
train/n03992509/n03992509_1108.JPEG,739,potter's wheel
train/n03992509/n03992509_7493.JPEG,739,potter's wheel
train/n03992509/n03992509_656.JPEG,739,potter's wheel
train/n03992509/n03992509_8707.JPEG,739,potter's wheel
train/n03992509/n03992509_7083.JPEG,739,potter's wheel
train/n03992509/n03992509_2567.JPEG,739,potter's wheel
train/n03992509/n03992509_2570.JPEG,739,potter's wheel
train/n03992509/n03992509_5720.JPEG,739,potter's wheel
train/n03992509/n03992509_5788.JPEG,739,potter's wheel
train/n03992509/n03992509_3758.JPEG,739,potter's wheel
train/n03992509/n03992509_2014.JPEG,739,potter's wheel
train/n03992509/n03992509_4674.JPEG,739,potter's wheel
train/n03992509/n03992509_2634.JPEG,739,potter's wheel
train/n03992509/n03992509_1842.JPEG,739,potter's wheel
train/n03992509/n03992509_66.JPEG,739,potter's wheel
train/n03995372/n03995372_1042.JPEG,740,power drill
train/n03995372/n03995372_4460.JPEG,740,power drill
train/n03995372/n03995372_1904.JPEG,740,power drill
train/n03995372/n03995372_5912.JPEG,740,power drill
train/n03995372/n03995372_8494.JPEG,740,power drill
train/n03995372/n03995372_14616.JPEG,740,power drill
train/n03995372/n03995372_7793.JPEG,740,power drill
train/n03995372/n03995372_17294.JPEG,740,power drill
train/n03995372/n03995372_6683.JPEG,740,power drill
train/n03995372/n03995372_7183.JPEG,740,power drill
train/n03995372/n03995372_1936.JPEG,740,power drill
train/n03995372/n03995372_18180.JPEG,740,power drill
train/n03995372/n03995372_7974.JPEG,740,power drill
train/n03995372/n03995372_2987.JPEG,740,power drill
train/n03995372/n03995372_16212.JPEG,740,power drill
train/n03995372/n03995372_19939.JPEG,740,power drill
train/n03998194/n03998194_9645.JPEG,741,prayer rug
train/n03998194/n03998194_742.JPEG,741,prayer rug
train/n03998194/n03998194_12707.JPEG,741,prayer rug
train/n03998194/n03998194_9302.JPEG,741,prayer rug
train/n03998194/n03998194_156.JPEG,741,prayer rug
train/n03998194/n03998194_7291.JPEG,741,prayer rug
train/n03998194/n03998194_9143.JPEG,741,prayer rug
train/n03998194/n03998194_5683.JPEG,741,prayer rug
train/n03998194/n03998194_1674.JPEG,741,prayer rug
train/n03998194/n03998194_10917.JPEG,741,prayer rug
train/n03998194/n03998194_10460.JPEG,741,prayer rug
train/n03998194/n03998194_1780.JPEG,741,prayer rug
train/n03998194/n03998194_5915.JPEG,741,prayer rug
train/n03998194/n03998194_11345.JPEG,741,prayer rug
train/n03998194/n03998194_6984.JPEG,741,prayer rug
train/n03998194/n03998194_29923.JPEG,741,prayer rug
train/n04004767/n04004767_3544.JPEG,742,printer
train/n04004767/n04004767_9610.JPEG,742,printer
train/n04004767/n04004767_13370.JPEG,742,printer
train/n04004767/n04004767_14296.JPEG,742,printer
train/n04004767/n04004767_12664.JPEG,742,printer
train/n04004767/n04004767_16492.JPEG,742,printer
train/n04004767/n04004767_6797.JPEG,742,printer
train/n04004767/n04004767_9280.JPEG,742,printer
train/n04004767/n04004767_5940.JPEG,742,printer
train/n04004767/n04004767_2615.JPEG,742,printer
train/n04004767/n04004767_10559.JPEG,742,printer
train/n04004767/n04004767_813.JPEG,742,printer
train/n04004767/n04004767_13421.JPEG,742,printer
train/n04004767/n04004767_10684.JPEG,742,printer
train/n04004767/n04004767_9323.JPEG,742,printer
train/n04004767/n04004767_2407.JPEG,742,printer
train/n04005630/n04005630_16329.JPEG,743,prison
train/n04005630/n04005630_28575.JPEG,743,prison
train/n04005630/n04005630_75353.JPEG,743,prison
train/n04005630/n04005630_61696.JPEG,743,prison
train/n04005630/n04005630_24549.JPEG,743,prison
train/n04005630/n04005630_33171.JPEG,743,prison
train/n04005630/n04005630_29064.JPEG,743,prison
train/n04005630/n04005630_1294.JPEG,743,prison
train/n04005630/n04005630_76854.JPEG,743,prison
train/n04005630/n04005630_63357.JPEG,743,prison
train/n04005630/n04005630_29655.JPEG,743,prison
train/n04005630/n04005630_105824.JPEG,743,prison
train/n04005630/n04005630_72219.JPEG,743,prison
train/n04005630/n04005630_32974.JPEG,743,prison
train/n04005630/n04005630_54975.JPEG,743,prison
train/n04005630/n04005630_14731.JPEG,743,prison
train/n04008634/n04008634_1579.JPEG,744,missile
train/n04008634/n04008634_19529.JPEG,744,missile
train/n04008634/n04008634_21989.JPEG,744,missile
train/n04008634/n04008634_15351.JPEG,744,missile
train/n04008634/n04008634_15831.JPEG,744,missile
train/n04008634/n04008634_3433.JPEG,744,missile
train/n04008634/n04008634_21853.JPEG,744,missile
train/n04008634/n04008634_21145.JPEG,744,missile
train/n04008634/n04008634_108.JPEG,744,missile
train/n04008634/n04008634_467.JPEG,744,missile
train/n04008634/n04008634_37276.JPEG,744,missile
train/n04008634/n04008634_21646.JPEG,744,missile
train/n04008634/n04008634_7059.JPEG,744,missile
train/n04008634/n04008634_24542.JPEG,744,missile
train/n04008634/n04008634_9944.JPEG,744,missile
train/n04008634/n04008634_24680.JPEG,744,missile
train/n04009552/n04009552_17696.JPEG,745,projector
train/n04009552/n04009552_339.JPEG,745,projector
train/n04009552/n04009552_10502.JPEG,745,projector
train/n04009552/n04009552_921.JPEG,745,projector
train/n04009552/n04009552_3493.JPEG,745,projector
train/n04009552/n04009552_3391.JPEG,745,projector
train/n04009552/n04009552_3030.JPEG,745,projector
train/n04009552/n04009552_559.JPEG,745,projector
train/n04009552/n04009552_15075.JPEG,745,projector
train/n04009552/n04009552_3614.JPEG,745,projector
train/n04009552/n04009552_4126.JPEG,745,projector
train/n04009552/n04009552_20054.JPEG,745,projector
train/n04009552/n04009552_16419.JPEG,745,projector
train/n04009552/n04009552_11991.JPEG,745,projector
train/n04009552/n04009552_26313.JPEG,745,projector
train/n04009552/n04009552_14600.JPEG,745,projector
train/n04019541/n04019541_39238.JPEG,746,hockey puck
train/n04019541/n04019541_12476.JPEG,746,hockey puck
train/n04019541/n04019541_2695.JPEG,746,hockey puck
train/n04019541/n04019541_1024.JPEG,746,hockey puck
train/n04019541/n04019541_61805.JPEG,746,hockey puck
train/n04019541/n04019541_44691.JPEG,746,hockey puck
train/n04019541/n04019541_48608.JPEG,746,hockey puck
train/n04019541/n04019541_25023.JPEG,746,hockey puck
train/n04019541/n04019541_45248.JPEG,746,hockey puck
train/n04019541/n04019541_38453.JPEG,746,hockey puck
train/n04019541/n04019541_19676.JPEG,746,hockey puck
train/n04019541/n04019541_19886.JPEG,746,hockey puck
train/n04019541/n04019541_36729.JPEG,746,hockey puck
train/n04019541/n04019541_9015.JPEG,746,hockey puck
train/n04019541/n04019541_55085.JPEG,746,hockey puck
train/n04019541/n04019541_10280.JPEG,746,hockey puck
train/n04023962/n04023962_48637.JPEG,747,punching bag
train/n04023962/n04023962_15175.JPEG,747,punching bag
train/n04023962/n04023962_32580.JPEG,747,punching bag
train/n04023962/n04023962_14085.JPEG,747,punching bag
train/n04023962/n04023962_22884.JPEG,747,punching bag
train/n04023962/n04023962_22220.JPEG,747,punching bag
train/n04023962/n04023962_18992.JPEG,747,punching bag
train/n04023962/n04023962_7945.JPEG,747,punching bag
train/n04023962/n04023962_3221.JPEG,747,punching bag
train/n04023962/n04023962_22878.JPEG,747,punching bag
train/n04023962/n04023962_17435.JPEG,747,punching bag
train/n04023962/n04023962_21365.JPEG,747,punching bag
train/n04023962/n04023962_10931.JPEG,747,punching bag
train/n04023962/n04023962_6226.JPEG,747,punching bag
train/n04023962/n04023962_15732.JPEG,747,punching bag
train/n04023962/n04023962_8100.JPEG,747,punching bag
train/n04026417/n04026417_6557.JPEG,748,purse
train/n04026417/n04026417_22213.JPEG,748,purse
train/n04026417/n04026417_26303.JPEG,748,purse
train/n04026417/n04026417_3719.JPEG,748,purse
train/n04026417/n04026417_17970.JPEG,748,purse
train/n04026417/n04026417_34470.JPEG,748,purse
train/n04026417/n04026417_67863.JPEG,748,purse
train/n04026417/n04026417_26344.JPEG,748,purse
train/n04026417/n04026417_3656.JPEG,748,purse
train/n04026417/n04026417_5896.JPEG,748,purse
train/n04026417/n04026417_21719.JPEG,748,purse
train/n04026417/n04026417_11064.JPEG,748,purse
train/n04026417/n04026417_4672.JPEG,748,purse
train/n04026417/n04026417_13235.JPEG,748,purse
train/n04026417/n04026417_95440.JPEG,748,purse
train/n04026417/n04026417_8620.JPEG,748,purse
train/n04033901/n04033901_33439.JPEG,749,quill
train/n04033901/n04033901_18634.JPEG,749,quill
train/n04033901/n04033901_40153.JPEG,749,quill
train/n04033901/n04033901_27899.JPEG,749,quill
train/n04033901/n04033901_28828.JPEG,749,quill
train/n04033901/n04033901_1966.JPEG,749,quill
train/n04033901/n04033901_12368.JPEG,749,quill
train/n04033901/n04033901_10581.JPEG,749,quill
train/n04033901/n04033901_40686.JPEG,749,quill
train/n04033901/n04033901_32487.JPEG,749,quill
train/n04033901/n04033901_12942.JPEG,749,quill
train/n04033901/n04033901_4038.JPEG,749,quill
train/n04033901/n04033901_41795.JPEG,749,quill
train/n04033901/n04033901_6322.JPEG,749,quill
train/n04033901/n04033901_447.JPEG,749,quill
train/n04033901/n04033901_12884.JPEG,749,quill
train/n04033995/n04033995_40731.JPEG,750,quilt
train/n04033995/n04033995_980.JPEG,750,quilt
train/n04033995/n04033995_5779.JPEG,750,quilt
train/n04033995/n04033995_2216.JPEG,750,quilt
train/n04033995/n04033995_26062.JPEG,750,quilt
train/n04033995/n04033995_17915.JPEG,750,quilt
train/n04033995/n04033995_15618.JPEG,750,quilt
train/n04033995/n04033995_2880.JPEG,750,quilt
train/n04033995/n04033995_14330.JPEG,750,quilt
train/n04033995/n04033995_11726.JPEG,750,quilt
train/n04033995/n04033995_5424.JPEG,750,quilt
train/n04033995/n04033995_44200.JPEG,750,quilt
train/n04033995/n04033995_15059.JPEG,750,quilt
train/n04033995/n04033995_8919.JPEG,750,quilt
train/n04033995/n04033995_10546.JPEG,750,quilt
train/n04033995/n04033995_128.JPEG,750,quilt
train/n04037443/n04037443_11610.JPEG,751,race car
train/n04037443/n04037443_52675.JPEG,751,race car
train/n04037443/n04037443_34820.JPEG,751,race car
train/n04037443/n04037443_555.JPEG,751,race car
train/n04037443/n04037443_12063.JPEG,751,race car
train/n04037443/n04037443_44281.JPEG,751,race car
train/n04037443/n04037443_12167.JPEG,751,race car
train/n04037443/n04037443_21546.JPEG,751,race car
train/n04037443/n04037443_8725.JPEG,751,race car
train/n04037443/n04037443_14891.JPEG,751,race car
train/n04037443/n04037443_32911.JPEG,751,race car
train/n04037443/n04037443_8027.JPEG,751,race car
train/n04037443/n04037443_925.JPEG,751,race car
train/n04037443/n04037443_160.JPEG,751,race car
train/n04037443/n04037443_33555.JPEG,751,race car
train/n04037443/n04037443_10320.JPEG,751,race car
train/n04039381/n04039381_19928.JPEG,752,racket
train/n04039381/n04039381_9328.JPEG,752,racket
train/n04039381/n04039381_18438.JPEG,752,racket
train/n04039381/n04039381_3297.JPEG,752,racket
train/n04039381/n04039381_19956.JPEG,752,racket
train/n04039381/n04039381_22226.JPEG,752,racket
train/n04039381/n04039381_4837.JPEG,752,racket
train/n04039381/n04039381_1017.JPEG,752,racket
train/n04039381/n04039381_4863.JPEG,752,racket
train/n04039381/n04039381_2756.JPEG,752,racket
train/n04039381/n04039381_968.JPEG,752,racket
train/n04039381/n04039381_18543.JPEG,752,racket
train/n04039381/n04039381_18773.JPEG,752,racket
train/n04039381/n04039381_4771.JPEG,752,racket
train/n04039381/n04039381_20419.JPEG,752,racket
train/n04039381/n04039381_16114.JPEG,752,racket
train/n04040759/n04040759_10138.JPEG,753,radiator
train/n04040759/n04040759_15972.JPEG,753,radiator
train/n04040759/n04040759_16314.JPEG,753,radiator
train/n04040759/n04040759_12823.JPEG,753,radiator
train/n04040759/n04040759_9186.JPEG,753,radiator
train/n04040759/n04040759_2167.JPEG,753,radiator
train/n04040759/n04040759_15345.JPEG,753,radiator
train/n04040759/n04040759_16069.JPEG,753,radiator
train/n04040759/n04040759_16401.JPEG,753,radiator
train/n04040759/n04040759_18459.JPEG,753,radiator
train/n04040759/n04040759_5358.JPEG,753,radiator
train/n04040759/n04040759_1495.JPEG,753,radiator
train/n04040759/n04040759_10082.JPEG,753,radiator
train/n04040759/n04040759_9317.JPEG,753,radiator
train/n04040759/n04040759_2606.JPEG,753,radiator
train/n04040759/n04040759_1418.JPEG,753,radiator
train/n04041544/n04041544_40647.JPEG,754,radio
train/n04041544/n04041544_823.JPEG,754,radio
train/n04041544/n04041544_3740.JPEG,754,radio
train/n04041544/n04041544_50539.JPEG,754,radio
train/n04041544/n04041544_11009.JPEG,754,radio
train/n04041544/n04041544_21385.JPEG,754,radio
train/n04041544/n04041544_10935.JPEG,754,radio
train/n04041544/n04041544_2964.JPEG,754,radio
train/n04041544/n04041544_9341.JPEG,754,radio
train/n04041544/n04041544_2378.JPEG,754,radio
train/n04041544/n04041544_32920.JPEG,754,radio
train/n04041544/n04041544_64252.JPEG,754,radio
train/n04041544/n04041544_27308.JPEG,754,radio
train/n04041544/n04041544_11136.JPEG,754,radio
train/n04041544/n04041544_11697.JPEG,754,radio
train/n04041544/n04041544_39829.JPEG,754,radio
train/n04044716/n04044716_4583.JPEG,755,radio telescope
train/n04044716/n04044716_15272.JPEG,755,radio telescope
train/n04044716/n04044716_28972.JPEG,755,radio telescope
train/n04044716/n04044716_9371.JPEG,755,radio telescope
train/n04044716/n04044716_2550.JPEG,755,radio telescope
train/n04044716/n04044716_3518.JPEG,755,radio telescope
train/n04044716/n04044716_2264.JPEG,755,radio telescope
train/n04044716/n04044716_6117.JPEG,755,radio telescope
train/n04044716/n04044716_6185.JPEG,755,radio telescope
train/n04044716/n04044716_3694.JPEG,755,radio telescope
train/n04044716/n04044716_11473.JPEG,755,radio telescope
train/n04044716/n04044716_21084.JPEG,755,radio telescope
train/n04044716/n04044716_12105.JPEG,755,radio telescope
train/n04044716/n04044716_15540.JPEG,755,radio telescope
train/n04044716/n04044716_12910.JPEG,755,radio telescope
train/n04044716/n04044716_6593.JPEG,755,radio telescope
train/n04049303/n04049303_15175.JPEG,756,rain barrel
train/n04049303/n04049303_9011.JPEG,756,rain barrel
train/n04049303/n04049303_9592.JPEG,756,rain barrel
train/n04049303/n04049303_9800.JPEG,756,rain barrel
train/n04049303/n04049303_9059.JPEG,756,rain barrel
train/n04049303/n04049303_8508.JPEG,756,rain barrel
train/n04049303/n04049303_17577.JPEG,756,rain barrel
train/n04049303/n04049303_12088.JPEG,756,rain barrel
train/n04049303/n04049303_8954.JPEG,756,rain barrel
train/n04049303/n04049303_9672.JPEG,756,rain barrel
train/n04049303/n04049303_13680.JPEG,756,rain barrel
train/n04049303/n04049303_9481.JPEG,756,rain barrel
train/n04049303/n04049303_8680.JPEG,756,rain barrel
train/n04049303/n04049303_9250.JPEG,756,rain barrel
train/n04049303/n04049303_9722.JPEG,756,rain barrel
train/n04049303/n04049303_9743.JPEG,756,rain barrel
train/n04065272/n04065272_5173.JPEG,757,recreational vehicle
train/n04065272/n04065272_16621.JPEG,757,recreational vehicle
train/n04065272/n04065272_40532.JPEG,757,recreational vehicle
train/n04065272/n04065272_26115.JPEG,757,recreational vehicle
train/n04065272/n04065272_10194.JPEG,757,recreational vehicle
train/n04065272/n04065272_49688.JPEG,757,recreational vehicle
train/n04065272/n04065272_27309.JPEG,757,recreational vehicle
train/n04065272/n04065272_33135.JPEG,757,recreational vehicle
train/n04065272/n04065272_6005.JPEG,757,recreational vehicle
train/n04065272/n04065272_16770.JPEG,757,recreational vehicle
train/n04065272/n04065272_50166.JPEG,757,recreational vehicle
train/n04065272/n04065272_13122.JPEG,757,recreational vehicle
train/n04065272/n04065272_4860.JPEG,757,recreational vehicle
train/n04065272/n04065272_10618.JPEG,757,recreational vehicle
train/n04065272/n04065272_9729.JPEG,757,recreational vehicle
train/n04065272/n04065272_8049.JPEG,757,recreational vehicle
train/n04067472/n04067472_2530.JPEG,758,fishing casting reel
train/n04067472/n04067472_4281.JPEG,758,fishing casting reel
train/n04067472/n04067472_7266.JPEG,758,fishing casting reel
train/n04067472/n04067472_27773.JPEG,758,fishing casting reel
train/n04067472/n04067472_7321.JPEG,758,fishing casting reel
train/n04067472/n04067472_850.JPEG,758,fishing casting reel
train/n04067472/n04067472_8935.JPEG,758,fishing casting reel
train/n04067472/n04067472_10153.JPEG,758,fishing casting reel
train/n04067472/n04067472_14497.JPEG,758,fishing casting reel
train/n04067472/n04067472_25961.JPEG,758,fishing casting reel
train/n04067472/n04067472_19203.JPEG,758,fishing casting reel
train/n04067472/n04067472_11835.JPEG,758,fishing casting reel
train/n04067472/n04067472_3419.JPEG,758,fishing casting reel
train/n04067472/n04067472_15186.JPEG,758,fishing casting reel
train/n04067472/n04067472_9270.JPEG,758,fishing casting reel
train/n04067472/n04067472_24936.JPEG,758,fishing casting reel
train/n04069434/n04069434_623.JPEG,759,reflex camera
train/n04069434/n04069434_21395.JPEG,759,reflex camera
train/n04069434/n04069434_7886.JPEG,759,reflex camera
train/n04069434/n04069434_5981.JPEG,759,reflex camera
train/n04069434/n04069434_24361.JPEG,759,reflex camera
train/n04069434/n04069434_4749.JPEG,759,reflex camera
train/n04069434/n04069434_15094.JPEG,759,reflex camera
train/n04069434/n04069434_12333.JPEG,759,reflex camera
train/n04069434/n04069434_14.JPEG,759,reflex camera
train/n04069434/n04069434_1364.JPEG,759,reflex camera
train/n04069434/n04069434_1072.JPEG,759,reflex camera
train/n04069434/n04069434_3173.JPEG,759,reflex camera
train/n04069434/n04069434_9868.JPEG,759,reflex camera
train/n04069434/n04069434_13491.JPEG,759,reflex camera
train/n04069434/n04069434_8775.JPEG,759,reflex camera
train/n04069434/n04069434_16175.JPEG,759,reflex camera
train/n04070727/n04070727_15587.JPEG,760,refrigerator
train/n04070727/n04070727_28840.JPEG,760,refrigerator
train/n04070727/n04070727_37118.JPEG,760,refrigerator
train/n04070727/n04070727_29917.JPEG,760,refrigerator
train/n04070727/n04070727_38145.JPEG,760,refrigerator
train/n04070727/n04070727_1982.JPEG,760,refrigerator
train/n04070727/n04070727_17055.JPEG,760,refrigerator
train/n04070727/n04070727_39930.JPEG,760,refrigerator
train/n04070727/n04070727_28023.JPEG,760,refrigerator
train/n04070727/n04070727_6287.JPEG,760,refrigerator
train/n04070727/n04070727_563.JPEG,760,refrigerator
train/n04070727/n04070727_14135.JPEG,760,refrigerator
train/n04070727/n04070727_25917.JPEG,760,refrigerator
train/n04070727/n04070727_29317.JPEG,760,refrigerator
train/n04070727/n04070727_2331.JPEG,760,refrigerator
train/n04070727/n04070727_24774.JPEG,760,refrigerator
train/n04074963/n04074963_3599.JPEG,761,remote control
train/n04074963/n04074963_19043.JPEG,761,remote control
train/n04074963/n04074963_20482.JPEG,761,remote control
train/n04074963/n04074963_34290.JPEG,761,remote control
train/n04074963/n04074963_16.JPEG,761,remote control
train/n04074963/n04074963_3483.JPEG,761,remote control
train/n04074963/n04074963_1810.JPEG,761,remote control
train/n04074963/n04074963_20808.JPEG,761,remote control
train/n04074963/n04074963_2092.JPEG,761,remote control
train/n04074963/n04074963_39900.JPEG,761,remote control
train/n04074963/n04074963_3007.JPEG,761,remote control
train/n04074963/n04074963_1611.JPEG,761,remote control
train/n04074963/n04074963_7940.JPEG,761,remote control
train/n04074963/n04074963_684.JPEG,761,remote control
train/n04074963/n04074963_1046.JPEG,761,remote control
train/n04074963/n04074963_2377.JPEG,761,remote control
train/n04081281/n04081281_65979.JPEG,762,restaurant
train/n04081281/n04081281_13648.JPEG,762,restaurant
train/n04081281/n04081281_79520.JPEG,762,restaurant
train/n04081281/n04081281_89622.JPEG,762,restaurant
train/n04081281/n04081281_22138.JPEG,762,restaurant
train/n04081281/n04081281_51828.JPEG,762,restaurant
train/n04081281/n04081281_49021.JPEG,762,restaurant
train/n04081281/n04081281_38027.JPEG,762,restaurant
train/n04081281/n04081281_38278.JPEG,762,restaurant
train/n04081281/n04081281_15280.JPEG,762,restaurant
train/n04081281/n04081281_82321.JPEG,762,restaurant
train/n04081281/n04081281_6793.JPEG,762,restaurant
train/n04081281/n04081281_11705.JPEG,762,restaurant
train/n04081281/n04081281_43795.JPEG,762,restaurant
train/n04081281/n04081281_6779.JPEG,762,restaurant
train/n04081281/n04081281_13543.JPEG,762,restaurant
train/n04086273/n04086273_4226.JPEG,763,revolver
train/n04086273/n04086273_23366.JPEG,763,revolver
train/n04086273/n04086273_27833.JPEG,763,revolver
train/n04086273/n04086273_9268.JPEG,763,revolver
train/n04086273/n04086273_6670.JPEG,763,revolver
train/n04086273/n04086273_25506.JPEG,763,revolver
train/n04086273/n04086273_26009.JPEG,763,revolver
train/n04086273/n04086273_22637.JPEG,763,revolver
train/n04086273/n04086273_19215.JPEG,763,revolver
train/n04086273/n04086273_20381.JPEG,763,revolver
train/n04086273/n04086273_4193.JPEG,763,revolver
train/n04086273/n04086273_32074.JPEG,763,revolver
train/n04086273/n04086273_32601.JPEG,763,revolver
train/n04086273/n04086273_27174.JPEG,763,revolver
train/n04086273/n04086273_10244.JPEG,763,revolver
train/n04086273/n04086273_4437.JPEG,763,revolver
train/n04090263/n04090263_13032.JPEG,764,rifle
train/n04090263/n04090263_3448.JPEG,764,rifle
train/n04090263/n04090263_619.JPEG,764,rifle
train/n04090263/n04090263_4958.JPEG,764,rifle
train/n04090263/n04090263_29390.JPEG,764,rifle
train/n04090263/n04090263_7024.JPEG,764,rifle
train/n04090263/n04090263_6755.JPEG,764,rifle
train/n04090263/n04090263_9121.JPEG,764,rifle
train/n04090263/n04090263_8157.JPEG,764,rifle
train/n04090263/n04090263_3432.JPEG,764,rifle
train/n04090263/n04090263_6824.JPEG,764,rifle
train/n04090263/n04090263_5296.JPEG,764,rifle
train/n04090263/n04090263_24670.JPEG,764,rifle
train/n04090263/n04090263_13777.JPEG,764,rifle
train/n04090263/n04090263_30053.JPEG,764,rifle
train/n04090263/n04090263_4864.JPEG,764,rifle
train/n04099969/n04099969_41517.JPEG,765,rocking chair
train/n04099969/n04099969_24708.JPEG,765,rocking chair
train/n04099969/n04099969_7191.JPEG,765,rocking chair
train/n04099969/n04099969_1852.JPEG,765,rocking chair
train/n04099969/n04099969_21821.JPEG,765,rocking chair
train/n04099969/n04099969_4826.JPEG,765,rocking chair
train/n04099969/n04099969_1941.JPEG,765,rocking chair
train/n04099969/n04099969_7060.JPEG,765,rocking chair
train/n04099969/n04099969_3536.JPEG,765,rocking chair
train/n04099969/n04099969_17193.JPEG,765,rocking chair
train/n04099969/n04099969_15742.JPEG,765,rocking chair
train/n04099969/n04099969_24378.JPEG,765,rocking chair
train/n04099969/n04099969_2267.JPEG,765,rocking chair
train/n04099969/n04099969_2506.JPEG,765,rocking chair
train/n04099969/n04099969_16937.JPEG,765,rocking chair
train/n04099969/n04099969_1940.JPEG,765,rocking chair
train/n04111531/n04111531_15052.JPEG,766,rotisserie
train/n04111531/n04111531_11069.JPEG,766,rotisserie
train/n04111531/n04111531_8117.JPEG,766,rotisserie
train/n04111531/n04111531_5814.JPEG,766,rotisserie
train/n04111531/n04111531_10722.JPEG,766,rotisserie
train/n04111531/n04111531_4375.JPEG,766,rotisserie
train/n04111531/n04111531_10156.JPEG,766,rotisserie
train/n04111531/n04111531_10057.JPEG,766,rotisserie
train/n04111531/n04111531_22084.JPEG,766,rotisserie
train/n04111531/n04111531_8350.JPEG,766,rotisserie
train/n04111531/n04111531_16708.JPEG,766,rotisserie
train/n04111531/n04111531_4459.JPEG,766,rotisserie
train/n04111531/n04111531_12147.JPEG,766,rotisserie
train/n04111531/n04111531_21855.JPEG,766,rotisserie
train/n04111531/n04111531_5192.JPEG,766,rotisserie
train/n04111531/n04111531_7625.JPEG,766,rotisserie
train/n04116512/n04116512_14531.JPEG,767,eraser
train/n04116512/n04116512_25470.JPEG,767,eraser
train/n04116512/n04116512_17097.JPEG,767,eraser
train/n04116512/n04116512_89489.JPEG,767,eraser
train/n04116512/n04116512_6762.JPEG,767,eraser
train/n04116512/n04116512_24099.JPEG,767,eraser
train/n04116512/n04116512_16365.JPEG,767,eraser
train/n04116512/n04116512_45505.JPEG,767,eraser
train/n04116512/n04116512_6383.JPEG,767,eraser
train/n04116512/n04116512_17687.JPEG,767,eraser
train/n04116512/n04116512_89456.JPEG,767,eraser
train/n04116512/n04116512_8836.JPEG,767,eraser
train/n04116512/n04116512_5260.JPEG,767,eraser
train/n04116512/n04116512_587.JPEG,767,eraser
train/n04116512/n04116512_64651.JPEG,767,eraser
train/n04116512/n04116512_18162.JPEG,767,eraser
train/n04118538/n04118538_499.JPEG,768,rugby ball
train/n04118538/n04118538_4900.JPEG,768,rugby ball
train/n04118538/n04118538_7400.JPEG,768,rugby ball
train/n04118538/n04118538_3745.JPEG,768,rugby ball
train/n04118538/n04118538_453.JPEG,768,rugby ball
train/n04118538/n04118538_9303.JPEG,768,rugby ball
train/n04118538/n04118538_6231.JPEG,768,rugby ball
train/n04118538/n04118538_20710.JPEG,768,rugby ball
train/n04118538/n04118538_6241.JPEG,768,rugby ball
train/n04118538/n04118538_25299.JPEG,768,rugby ball
train/n04118538/n04118538_2201.JPEG,768,rugby ball
train/n04118538/n04118538_3765.JPEG,768,rugby ball
train/n04118538/n04118538_14368.JPEG,768,rugby ball
train/n04118538/n04118538_1004.JPEG,768,rugby ball
train/n04118538/n04118538_19561.JPEG,768,rugby ball
train/n04118538/n04118538_5174.JPEG,768,rugby ball
train/n04118776/n04118776_18207.JPEG,769,ruler measuring stick
train/n04118776/n04118776_15697.JPEG,769,ruler measuring stick
train/n04118776/n04118776_8441.JPEG,769,ruler measuring stick
train/n04118776/n04118776_31741.JPEG,769,ruler measuring stick
train/n04118776/n04118776_63118.JPEG,769,ruler measuring stick
train/n04118776/n04118776_8480.JPEG,769,ruler measuring stick
train/n04118776/n04118776_6326.JPEG,769,ruler measuring stick
train/n04118776/n04118776_13207.JPEG,769,ruler measuring stick
train/n04118776/n04118776_6791.JPEG,769,ruler measuring stick
train/n04118776/n04118776_44427.JPEG,769,ruler measuring stick
train/n04118776/n04118776_50193.JPEG,769,ruler measuring stick
train/n04118776/n04118776_12652.JPEG,769,ruler measuring stick
train/n04118776/n04118776_3021.JPEG,769,ruler measuring stick
train/n04118776/n04118776_34237.JPEG,769,ruler measuring stick
train/n04118776/n04118776_5932.JPEG,769,ruler measuring stick
train/n04118776/n04118776_7331.JPEG,769,ruler measuring stick
train/n04120489/n04120489_1372.JPEG,770,sneaker
train/n04120489/n04120489_4760.JPEG,770,sneaker
train/n04120489/n04120489_5384.JPEG,770,sneaker
train/n04120489/n04120489_5606.JPEG,770,sneaker
train/n04120489/n04120489_6064.JPEG,770,sneaker
train/n04120489/n04120489_5598.JPEG,770,sneaker
train/n04120489/n04120489_3839.JPEG,770,sneaker
train/n04120489/n04120489_3864.JPEG,770,sneaker
train/n04120489/n04120489_5146.JPEG,770,sneaker
train/n04120489/n04120489_718.JPEG,770,sneaker
train/n04120489/n04120489_14704.JPEG,770,sneaker
train/n04120489/n04120489_4725.JPEG,770,sneaker
train/n04120489/n04120489_4587.JPEG,770,sneaker
train/n04120489/n04120489_4892.JPEG,770,sneaker
train/n04120489/n04120489_6808.JPEG,770,sneaker
train/n04120489/n04120489_4871.JPEG,770,sneaker
train/n04125021/n04125021_18274.JPEG,771,safe
train/n04125021/n04125021_19496.JPEG,771,safe
train/n04125021/n04125021_10131.JPEG,771,safe
train/n04125021/n04125021_23084.JPEG,771,safe
train/n04125021/n04125021_14486.JPEG,771,safe
train/n04125021/n04125021_455.JPEG,771,safe
train/n04125021/n04125021_17360.JPEG,771,safe
train/n04125021/n04125021_18810.JPEG,771,safe
train/n04125021/n04125021_10736.JPEG,771,safe
train/n04125021/n04125021_3289.JPEG,771,safe
train/n04125021/n04125021_5661.JPEG,771,safe
train/n04125021/n04125021_26370.JPEG,771,safe
train/n04125021/n04125021_14101.JPEG,771,safe
train/n04125021/n04125021_8015.JPEG,771,safe
train/n04125021/n04125021_15142.JPEG,771,safe
train/n04125021/n04125021_2025.JPEG,771,safe
train/n04127249/n04127249_636.JPEG,772,safety pin
train/n04127249/n04127249_727.JPEG,772,safety pin
train/n04127249/n04127249_13875.JPEG,772,safety pin
train/n04127249/n04127249_2652.JPEG,772,safety pin
train/n04127249/n04127249_826.JPEG,772,safety pin
train/n04127249/n04127249_1949.JPEG,772,safety pin
train/n04127249/n04127249_667.JPEG,772,safety pin
train/n04127249/n04127249_4828.JPEG,772,safety pin
train/n04127249/n04127249_6514.JPEG,772,safety pin
train/n04127249/n04127249_4284.JPEG,772,safety pin
train/n04127249/n04127249_216.JPEG,772,safety pin
train/n04127249/n04127249_27682.JPEG,772,safety pin
train/n04127249/n04127249_227.JPEG,772,safety pin
train/n04127249/n04127249_5531.JPEG,772,safety pin
train/n04127249/n04127249_4465.JPEG,772,safety pin
train/n04127249/n04127249_2006.JPEG,772,safety pin
train/n04131690/n04131690_6485.JPEG,773,salt shaker
train/n04131690/n04131690_16142.JPEG,773,salt shaker
train/n04131690/n04131690_8891.JPEG,773,salt shaker
train/n04131690/n04131690_14207.JPEG,773,salt shaker
train/n04131690/n04131690_3415.JPEG,773,salt shaker
train/n04131690/n04131690_13910.JPEG,773,salt shaker
train/n04131690/n04131690_9051.JPEG,773,salt shaker
train/n04131690/n04131690_5132.JPEG,773,salt shaker
train/n04131690/n04131690_6831.JPEG,773,salt shaker
train/n04131690/n04131690_992.JPEG,773,salt shaker
train/n04131690/n04131690_22752.JPEG,773,salt shaker
train/n04131690/n04131690_14132.JPEG,773,salt shaker
train/n04131690/n04131690_8576.JPEG,773,salt shaker
train/n04131690/n04131690_19290.JPEG,773,salt shaker
train/n04131690/n04131690_12601.JPEG,773,salt shaker
train/n04131690/n04131690_22706.JPEG,773,salt shaker
train/n04133789/n04133789_19997.JPEG,774,sandal
train/n04133789/n04133789_15930.JPEG,774,sandal
train/n04133789/n04133789_15803.JPEG,774,sandal
train/n04133789/n04133789_4380.JPEG,774,sandal
train/n04133789/n04133789_17784.JPEG,774,sandal
train/n04133789/n04133789_45332.JPEG,774,sandal
train/n04133789/n04133789_2075.JPEG,774,sandal
train/n04133789/n04133789_15359.JPEG,774,sandal
train/n04133789/n04133789_9440.JPEG,774,sandal
train/n04133789/n04133789_10717.JPEG,774,sandal
train/n04133789/n04133789_9197.JPEG,774,sandal
train/n04133789/n04133789_2196.JPEG,774,sandal
train/n04133789/n04133789_25373.JPEG,774,sandal
train/n04133789/n04133789_7155.JPEG,774,sandal
train/n04133789/n04133789_5061.JPEG,774,sandal
train/n04133789/n04133789_6354.JPEG,774,sandal
train/n04136333/n04136333_9998.JPEG,775,sarong
train/n04136333/n04136333_23564.JPEG,775,sarong
train/n04136333/n04136333_10600.JPEG,775,sarong
train/n04136333/n04136333_4405.JPEG,775,sarong
train/n04136333/n04136333_7273.JPEG,775,sarong
train/n04136333/n04136333_15139.JPEG,775,sarong
train/n04136333/n04136333_9437.JPEG,775,sarong
train/n04136333/n04136333_12433.JPEG,775,sarong
train/n04136333/n04136333_14084.JPEG,775,sarong
train/n04136333/n04136333_1120.JPEG,775,sarong
train/n04136333/n04136333_2638.JPEG,775,sarong
train/n04136333/n04136333_3099.JPEG,775,sarong
train/n04136333/n04136333_11647.JPEG,775,sarong
train/n04136333/n04136333_15.JPEG,775,sarong
train/n04136333/n04136333_13573.JPEG,775,sarong
train/n04136333/n04136333_5689.JPEG,775,sarong
train/n04141076/n04141076_36426.JPEG,776,saxophone
train/n04141076/n04141076_34840.JPEG,776,saxophone
train/n04141076/n04141076_36235.JPEG,776,saxophone
train/n04141076/n04141076_39293.JPEG,776,saxophone
train/n04141076/n04141076_9939.JPEG,776,saxophone
train/n04141076/n04141076_39309.JPEG,776,saxophone
train/n04141076/n04141076_38350.JPEG,776,saxophone
train/n04141076/n04141076_52062.JPEG,776,saxophone
train/n04141076/n04141076_38957.JPEG,776,saxophone
train/n04141076/n04141076_38346.JPEG,776,saxophone
train/n04141076/n04141076_40625.JPEG,776,saxophone
train/n04141076/n04141076_76670.JPEG,776,saxophone
train/n04141076/n04141076_7278.JPEG,776,saxophone
train/n04141076/n04141076_20769.JPEG,776,saxophone
train/n04141076/n04141076_39021.JPEG,776,saxophone
train/n04141076/n04141076_36928.JPEG,776,saxophone
train/n04141327/n04141327_627.JPEG,777,scabbard
train/n04141327/n04141327_153.JPEG,777,scabbard
train/n04141327/n04141327_1213.JPEG,777,scabbard
train/n04141327/n04141327_8890.JPEG,777,scabbard
train/n04141327/n04141327_6722.JPEG,777,scabbard
train/n04141327/n04141327_7154.JPEG,777,scabbard
train/n04141327/n04141327_1281.JPEG,777,scabbard
train/n04141327/n04141327_8480.JPEG,777,scabbard
train/n04141327/n04141327_804.JPEG,777,scabbard
train/n04141327/n04141327_2445.JPEG,777,scabbard
train/n04141327/n04141327_5396.JPEG,777,scabbard
train/n04141327/n04141327_7578.JPEG,777,scabbard
train/n04141327/n04141327_58.JPEG,777,scabbard
train/n04141327/n04141327_2076.JPEG,777,scabbard
train/n04141327/n04141327_6920.JPEG,777,scabbard
train/n04141327/n04141327_5596.JPEG,777,scabbard
train/n04141975/n04141975_17184.JPEG,778,weighing scale
train/n04141975/n04141975_5357.JPEG,778,weighing scale
train/n04141975/n04141975_26809.JPEG,778,weighing scale
train/n04141975/n04141975_73768.JPEG,778,weighing scale
train/n04141975/n04141975_15611.JPEG,778,weighing scale
train/n04141975/n04141975_984.JPEG,778,weighing scale
train/n04141975/n04141975_14967.JPEG,778,weighing scale
train/n04141975/n04141975_15074.JPEG,778,weighing scale
train/n04141975/n04141975_11214.JPEG,778,weighing scale
train/n04141975/n04141975_8023.JPEG,778,weighing scale
train/n04141975/n04141975_6305.JPEG,778,weighing scale
train/n04141975/n04141975_30635.JPEG,778,weighing scale
train/n04141975/n04141975_13903.JPEG,778,weighing scale
train/n04141975/n04141975_21303.JPEG,778,weighing scale
train/n04141975/n04141975_3774.JPEG,778,weighing scale
train/n04141975/n04141975_27658.JPEG,778,weighing scale
train/n04146614/n04146614_486.JPEG,779,school bus
train/n04146614/n04146614_4218.JPEG,779,school bus
train/n04146614/n04146614_1383.JPEG,779,school bus
train/n04146614/n04146614_16845.JPEG,779,school bus
train/n04146614/n04146614_6254.JPEG,779,school bus
train/n04146614/n04146614_5560.JPEG,779,school bus
train/n04146614/n04146614_4769.JPEG,779,school bus
train/n04146614/n04146614_9013.JPEG,779,school bus
train/n04146614/n04146614_9543.JPEG,779,school bus
train/n04146614/n04146614_746.JPEG,779,school bus
train/n04146614/n04146614_2783.JPEG,779,school bus
train/n04146614/n04146614_2301.JPEG,779,school bus
train/n04146614/n04146614_7272.JPEG,779,school bus
train/n04146614/n04146614_19573.JPEG,779,school bus
train/n04146614/n04146614_4380.JPEG,779,school bus
train/n04146614/n04146614_1493.JPEG,779,school bus
train/n04147183/n04147183_15085.JPEG,780,schooner
train/n04147183/n04147183_8462.JPEG,780,schooner
train/n04147183/n04147183_35049.JPEG,780,schooner
train/n04147183/n04147183_13446.JPEG,780,schooner
train/n04147183/n04147183_42768.JPEG,780,schooner
train/n04147183/n04147183_33843.JPEG,780,schooner
train/n04147183/n04147183_18676.JPEG,780,schooner
train/n04147183/n04147183_3676.JPEG,780,schooner
train/n04147183/n04147183_19453.JPEG,780,schooner
train/n04147183/n04147183_11205.JPEG,780,schooner
train/n04147183/n04147183_4028.JPEG,780,schooner
train/n04147183/n04147183_3594.JPEG,780,schooner
train/n04147183/n04147183_9439.JPEG,780,schooner
train/n04147183/n04147183_7882.JPEG,780,schooner
train/n04147183/n04147183_5808.JPEG,780,schooner
train/n04147183/n04147183_9457.JPEG,780,schooner
train/n04149813/n04149813_11043.JPEG,781,scoreboard
train/n04149813/n04149813_5309.JPEG,781,scoreboard
train/n04149813/n04149813_29509.JPEG,781,scoreboard
train/n04149813/n04149813_20726.JPEG,781,scoreboard
train/n04149813/n04149813_33847.JPEG,781,scoreboard
train/n04149813/n04149813_827.JPEG,781,scoreboard
train/n04149813/n04149813_13173.JPEG,781,scoreboard
train/n04149813/n04149813_3269.JPEG,781,scoreboard
train/n04149813/n04149813_5524.JPEG,781,scoreboard
train/n04149813/n04149813_8897.JPEG,781,scoreboard
train/n04149813/n04149813_5238.JPEG,781,scoreboard
train/n04149813/n04149813_12691.JPEG,781,scoreboard
train/n04149813/n04149813_4235.JPEG,781,scoreboard
train/n04149813/n04149813_259.JPEG,781,scoreboard
train/n04149813/n04149813_16055.JPEG,781,scoreboard
train/n04149813/n04149813_8739.JPEG,781,scoreboard
train/n04152593/n04152593_82.JPEG,782,CRT monitor
train/n04152593/n04152593_14228.JPEG,782,CRT monitor
train/n04152593/n04152593_52153.JPEG,782,CRT monitor
train/n04152593/n04152593_6612.JPEG,782,CRT monitor
train/n04152593/n04152593_44523.JPEG,782,CRT monitor
train/n04152593/n04152593_36374.JPEG,782,CRT monitor
train/n04152593/n04152593_16966.JPEG,782,CRT monitor
train/n04152593/n04152593_3757.JPEG,782,CRT monitor
train/n04152593/n04152593_16515.JPEG,782,CRT monitor
train/n04152593/n04152593_41768.JPEG,782,CRT monitor
train/n04152593/n04152593_21772.JPEG,782,CRT monitor
train/n04152593/n04152593_8970.JPEG,782,CRT monitor
train/n04152593/n04152593_18552.JPEG,782,CRT monitor
train/n04152593/n04152593_10442.JPEG,782,CRT monitor
train/n04152593/n04152593_30034.JPEG,782,CRT monitor
train/n04152593/n04152593_48957.JPEG,782,CRT monitor
train/n04153751/n04153751_3728.JPEG,783,screw
train/n04153751/n04153751_3171.JPEG,783,screw
train/n04153751/n04153751_1470.JPEG,783,screw
train/n04153751/n04153751_6233.JPEG,783,screw
train/n04153751/n04153751_3213.JPEG,783,screw
train/n04153751/n04153751_757.JPEG,783,screw
train/n04153751/n04153751_6722.JPEG,783,screw
train/n04153751/n04153751_27854.JPEG,783,screw
train/n04153751/n04153751_11146.JPEG,783,screw
train/n04153751/n04153751_12113.JPEG,783,screw
train/n04153751/n04153751_1589.JPEG,783,screw
train/n04153751/n04153751_4021.JPEG,783,screw
train/n04153751/n04153751_6847.JPEG,783,screw
train/n04153751/n04153751_25527.JPEG,783,screw
train/n04153751/n04153751_4858.JPEG,783,screw
train/n04153751/n04153751_35803.JPEG,783,screw
train/n04154565/n04154565_11978.JPEG,784,screwdriver
train/n04154565/n04154565_7688.JPEG,784,screwdriver
train/n04154565/n04154565_34454.JPEG,784,screwdriver
train/n04154565/n04154565_10300.JPEG,784,screwdriver
train/n04154565/n04154565_8361.JPEG,784,screwdriver
train/n04154565/n04154565_32559.JPEG,784,screwdriver
train/n04154565/n04154565_18242.JPEG,784,screwdriver
train/n04154565/n04154565_12279.JPEG,784,screwdriver
train/n04154565/n04154565_20505.JPEG,784,screwdriver
train/n04154565/n04154565_13935.JPEG,784,screwdriver
train/n04154565/n04154565_26524.JPEG,784,screwdriver
train/n04154565/n04154565_14192.JPEG,784,screwdriver
train/n04154565/n04154565_26771.JPEG,784,screwdriver
train/n04154565/n04154565_9924.JPEG,784,screwdriver
train/n04154565/n04154565_21975.JPEG,784,screwdriver
train/n04154565/n04154565_13273.JPEG,784,screwdriver
train/n04162706/n04162706_3063.JPEG,785,seat belt
train/n04162706/n04162706_9260.JPEG,785,seat belt
train/n04162706/n04162706_23618.JPEG,785,seat belt
train/n04162706/n04162706_2295.JPEG,785,seat belt
train/n04162706/n04162706_2023.JPEG,785,seat belt
train/n04162706/n04162706_28770.JPEG,785,seat belt
train/n04162706/n04162706_19392.JPEG,785,seat belt
train/n04162706/n04162706_40028.JPEG,785,seat belt
train/n04162706/n04162706_4916.JPEG,785,seat belt
train/n04162706/n04162706_40033.JPEG,785,seat belt
train/n04162706/n04162706_13824.JPEG,785,seat belt
train/n04162706/n04162706_15116.JPEG,785,seat belt
train/n04162706/n04162706_23045.JPEG,785,seat belt
train/n04162706/n04162706_19113.JPEG,785,seat belt
train/n04162706/n04162706_28328.JPEG,785,seat belt
train/n04162706/n04162706_913.JPEG,785,seat belt
train/n04179913/n04179913_11061.JPEG,786,sewing machine
train/n04179913/n04179913_8350.JPEG,786,sewing machine
train/n04179913/n04179913_8737.JPEG,786,sewing machine
train/n04179913/n04179913_4155.JPEG,786,sewing machine
train/n04179913/n04179913_15054.JPEG,786,sewing machine
train/n04179913/n04179913_12486.JPEG,786,sewing machine
train/n04179913/n04179913_12261.JPEG,786,sewing machine
train/n04179913/n04179913_13032.JPEG,786,sewing machine
train/n04179913/n04179913_9003.JPEG,786,sewing machine
train/n04179913/n04179913_12076.JPEG,786,sewing machine
train/n04179913/n04179913_1042.JPEG,786,sewing machine
train/n04179913/n04179913_1982.JPEG,786,sewing machine
train/n04179913/n04179913_11627.JPEG,786,sewing machine
train/n04179913/n04179913_14719.JPEG,786,sewing machine
train/n04179913/n04179913_13975.JPEG,786,sewing machine
train/n04179913/n04179913_14952.JPEG,786,sewing machine
train/n04192698/n04192698_12432.JPEG,787,shield
train/n04192698/n04192698_41568.JPEG,787,shield
train/n04192698/n04192698_16191.JPEG,787,shield
train/n04192698/n04192698_12348.JPEG,787,shield
train/n04192698/n04192698_1594.JPEG,787,shield
train/n04192698/n04192698_52281.JPEG,787,shield
train/n04192698/n04192698_27892.JPEG,787,shield
train/n04192698/n04192698_45911.JPEG,787,shield
train/n04192698/n04192698_3079.JPEG,787,shield
train/n04192698/n04192698_10490.JPEG,787,shield
train/n04192698/n04192698_51349.JPEG,787,shield
train/n04192698/n04192698_48171.JPEG,787,shield
train/n04192698/n04192698_12463.JPEG,787,shield
train/n04192698/n04192698_32115.JPEG,787,shield
train/n04192698/n04192698_27273.JPEG,787,shield
train/n04192698/n04192698_8480.JPEG,787,shield
train/n04200800/n04200800_12540.JPEG,788,shoe store
train/n04200800/n04200800_14339.JPEG,788,shoe store
train/n04200800/n04200800_23236.JPEG,788,shoe store
train/n04200800/n04200800_1741.JPEG,788,shoe store
train/n04200800/n04200800_26035.JPEG,788,shoe store
train/n04200800/n04200800_31677.JPEG,788,shoe store
train/n04200800/n04200800_22023.JPEG,788,shoe store
train/n04200800/n04200800_14744.JPEG,788,shoe store
train/n04200800/n04200800_4463.JPEG,788,shoe store
train/n04200800/n04200800_6558.JPEG,788,shoe store
train/n04200800/n04200800_23858.JPEG,788,shoe store
train/n04200800/n04200800_6506.JPEG,788,shoe store
train/n04200800/n04200800_4737.JPEG,788,shoe store
train/n04200800/n04200800_587.JPEG,788,shoe store
train/n04200800/n04200800_3103.JPEG,788,shoe store
train/n04200800/n04200800_18072.JPEG,788,shoe store
train/n04201297/n04201297_7430.JPEG,789,shoji screen / room divider
train/n04201297/n04201297_9619.JPEG,789,shoji screen / room divider
train/n04201297/n04201297_9298.JPEG,789,shoji screen / room divider
train/n04201297/n04201297_9809.JPEG,789,shoji screen / room divider
train/n04201297/n04201297_3278.JPEG,789,shoji screen / room divider
train/n04201297/n04201297_14367.JPEG,789,shoji screen / room divider
train/n04201297/n04201297_532.JPEG,789,shoji screen / room divider
train/n04201297/n04201297_8412.JPEG,789,shoji screen / room divider
train/n04201297/n04201297_971.JPEG,789,shoji screen / room divider
train/n04201297/n04201297_9780.JPEG,789,shoji screen / room divider
train/n04201297/n04201297_7003.JPEG,789,shoji screen / room divider
train/n04201297/n04201297_11651.JPEG,789,shoji screen / room divider
train/n04201297/n04201297_10550.JPEG,789,shoji screen / room divider
train/n04201297/n04201297_10590.JPEG,789,shoji screen / room divider
train/n04201297/n04201297_9996.JPEG,789,shoji screen / room divider
train/n04201297/n04201297_18169.JPEG,789,shoji screen / room divider
train/n04204238/n04204238_9648.JPEG,790,shopping basket
train/n04204238/n04204238_1292.JPEG,790,shopping basket
train/n04204238/n04204238_6080.JPEG,790,shopping basket
train/n04204238/n04204238_4186.JPEG,790,shopping basket
train/n04204238/n04204238_6356.JPEG,790,shopping basket
train/n04204238/n04204238_6196.JPEG,790,shopping basket
train/n04204238/n04204238_8246.JPEG,790,shopping basket
train/n04204238/n04204238_1532.JPEG,790,shopping basket
train/n04204238/n04204238_14854.JPEG,790,shopping basket
train/n04204238/n04204238_11344.JPEG,790,shopping basket
train/n04204238/n04204238_15651.JPEG,790,shopping basket
train/n04204238/n04204238_8555.JPEG,790,shopping basket
train/n04204238/n04204238_825.JPEG,790,shopping basket
train/n04204238/n04204238_2911.JPEG,790,shopping basket
train/n04204238/n04204238_858.JPEG,790,shopping basket
train/n04204238/n04204238_6437.JPEG,790,shopping basket
train/n04204347/n04204347_1598.JPEG,791,shopping cart
train/n04204347/n04204347_7165.JPEG,791,shopping cart
train/n04204347/n04204347_4207.JPEG,791,shopping cart
train/n04204347/n04204347_6333.JPEG,791,shopping cart
train/n04204347/n04204347_4057.JPEG,791,shopping cart
train/n04204347/n04204347_18866.JPEG,791,shopping cart
train/n04204347/n04204347_5236.JPEG,791,shopping cart
train/n04204347/n04204347_3899.JPEG,791,shopping cart
train/n04204347/n04204347_16355.JPEG,791,shopping cart
train/n04204347/n04204347_6068.JPEG,791,shopping cart
train/n04204347/n04204347_2854.JPEG,791,shopping cart
train/n04204347/n04204347_10782.JPEG,791,shopping cart
train/n04204347/n04204347_727.JPEG,791,shopping cart
train/n04204347/n04204347_3129.JPEG,791,shopping cart
train/n04204347/n04204347_3622.JPEG,791,shopping cart
train/n04204347/n04204347_6193.JPEG,791,shopping cart
train/n04208210/n04208210_1225.JPEG,792,shovel
train/n04208210/n04208210_7987.JPEG,792,shovel
train/n04208210/n04208210_5837.JPEG,792,shovel
train/n04208210/n04208210_19297.JPEG,792,shovel
train/n04208210/n04208210_7432.JPEG,792,shovel
train/n04208210/n04208210_1152.JPEG,792,shovel
train/n04208210/n04208210_7968.JPEG,792,shovel
train/n04208210/n04208210_6753.JPEG,792,shovel
train/n04208210/n04208210_4590.JPEG,792,shovel
train/n04208210/n04208210_1222.JPEG,792,shovel
train/n04208210/n04208210_16199.JPEG,792,shovel
train/n04208210/n04208210_52035.JPEG,792,shovel
train/n04208210/n04208210_15150.JPEG,792,shovel
train/n04208210/n04208210_14446.JPEG,792,shovel
train/n04208210/n04208210_15826.JPEG,792,shovel
train/n04208210/n04208210_1303.JPEG,792,shovel
train/n04209133/n04209133_7258.JPEG,793,shower cap
train/n04209133/n04209133_11889.JPEG,793,shower cap
train/n04209133/n04209133_510.JPEG,793,shower cap
train/n04209133/n04209133_1603.JPEG,793,shower cap
train/n04209133/n04209133_4290.JPEG,793,shower cap
train/n04209133/n04209133_4718.JPEG,793,shower cap
train/n04209133/n04209133_4356.JPEG,793,shower cap
train/n04209133/n04209133_5313.JPEG,793,shower cap
train/n04209133/n04209133_547.JPEG,793,shower cap
train/n04209133/n04209133_2591.JPEG,793,shower cap
train/n04209133/n04209133_10332.JPEG,793,shower cap
train/n04209133/n04209133_5697.JPEG,793,shower cap
train/n04209133/n04209133_7917.JPEG,793,shower cap
train/n04209133/n04209133_2914.JPEG,793,shower cap
train/n04209133/n04209133_7809.JPEG,793,shower cap
train/n04209133/n04209133_1644.JPEG,793,shower cap
train/n04209239/n04209239_8377.JPEG,794,shower curtain
train/n04209239/n04209239_8267.JPEG,794,shower curtain
train/n04209239/n04209239_10559.JPEG,794,shower curtain
train/n04209239/n04209239_19833.JPEG,794,shower curtain
train/n04209239/n04209239_10318.JPEG,794,shower curtain
train/n04209239/n04209239_12112.JPEG,794,shower curtain
train/n04209239/n04209239_8139.JPEG,794,shower curtain
train/n04209239/n04209239_136.JPEG,794,shower curtain
train/n04209239/n04209239_10500.JPEG,794,shower curtain
train/n04209239/n04209239_7828.JPEG,794,shower curtain
train/n04209239/n04209239_3079.JPEG,794,shower curtain
train/n04209239/n04209239_10768.JPEG,794,shower curtain
train/n04209239/n04209239_2145.JPEG,794,shower curtain
train/n04209239/n04209239_11056.JPEG,794,shower curtain
train/n04209239/n04209239_6736.JPEG,794,shower curtain
train/n04209239/n04209239_7841.JPEG,794,shower curtain
train/n04228054/n04228054_1449.JPEG,795,ski
train/n04228054/n04228054_15435.JPEG,795,ski
train/n04228054/n04228054_2504.JPEG,795,ski
train/n04228054/n04228054_7636.JPEG,795,ski
train/n04228054/n04228054_2937.JPEG,795,ski
train/n04228054/n04228054_9869.JPEG,795,ski
train/n04228054/n04228054_16487.JPEG,795,ski
train/n04228054/n04228054_16936.JPEG,795,ski
train/n04228054/n04228054_35628.JPEG,795,ski
train/n04228054/n04228054_7886.JPEG,795,ski
train/n04228054/n04228054_9380.JPEG,795,ski
train/n04228054/n04228054_20727.JPEG,795,ski
train/n04228054/n04228054_5335.JPEG,795,ski
train/n04228054/n04228054_2911.JPEG,795,ski
train/n04228054/n04228054_3559.JPEG,795,ski
train/n04228054/n04228054_10598.JPEG,795,ski
train/n04229816/n04229816_12855.JPEG,796,balaclava ski mask
train/n04229816/n04229816_12046.JPEG,796,balaclava ski mask
train/n04229816/n04229816_2863.JPEG,796,balaclava ski mask
train/n04229816/n04229816_10953.JPEG,796,balaclava ski mask
train/n04229816/n04229816_3462.JPEG,796,balaclava ski mask
train/n04229816/n04229816_2324.JPEG,796,balaclava ski mask
train/n04229816/n04229816_406.JPEG,796,balaclava ski mask
train/n04229816/n04229816_3047.JPEG,796,balaclava ski mask
train/n04229816/n04229816_9941.JPEG,796,balaclava ski mask
train/n04229816/n04229816_11470.JPEG,796,balaclava ski mask
train/n04229816/n04229816_5756.JPEG,796,balaclava ski mask
train/n04229816/n04229816_9002.JPEG,796,balaclava ski mask
train/n04229816/n04229816_2650.JPEG,796,balaclava ski mask
train/n04229816/n04229816_2135.JPEG,796,balaclava ski mask
train/n04229816/n04229816_6275.JPEG,796,balaclava ski mask
train/n04229816/n04229816_11632.JPEG,796,balaclava ski mask
train/n04235860/n04235860_3103.JPEG,797,sleeping bag
train/n04235860/n04235860_2233.JPEG,797,sleeping bag
train/n04235860/n04235860_6511.JPEG,797,sleeping bag
train/n04235860/n04235860_2054.JPEG,797,sleeping bag
train/n04235860/n04235860_13082.JPEG,797,sleeping bag
train/n04235860/n04235860_17749.JPEG,797,sleeping bag
train/n04235860/n04235860_330.JPEG,797,sleeping bag
train/n04235860/n04235860_13290.JPEG,797,sleeping bag
train/n04235860/n04235860_1577.JPEG,797,sleeping bag
train/n04235860/n04235860_3027.JPEG,797,sleeping bag
train/n04235860/n04235860_1390.JPEG,797,sleeping bag
train/n04235860/n04235860_2213.JPEG,797,sleeping bag
train/n04235860/n04235860_11864.JPEG,797,sleeping bag
train/n04235860/n04235860_6126.JPEG,797,sleeping bag
train/n04235860/n04235860_3213.JPEG,797,sleeping bag
train/n04235860/n04235860_5400.JPEG,797,sleeping bag
train/n04238763/n04238763_21010.JPEG,798,slide rule
train/n04238763/n04238763_13444.JPEG,798,slide rule
train/n04238763/n04238763_13127.JPEG,798,slide rule
train/n04238763/n04238763_1386.JPEG,798,slide rule
train/n04238763/n04238763_10404.JPEG,798,slide rule
train/n04238763/n04238763_11546.JPEG,798,slide rule
train/n04238763/n04238763_12195.JPEG,798,slide rule
train/n04238763/n04238763_9640.JPEG,798,slide rule
train/n04238763/n04238763_8592.JPEG,798,slide rule
train/n04238763/n04238763_1777.JPEG,798,slide rule
train/n04238763/n04238763_3713.JPEG,798,slide rule
train/n04238763/n04238763_8892.JPEG,798,slide rule
train/n04238763/n04238763_10364.JPEG,798,slide rule
train/n04238763/n04238763_6963.JPEG,798,slide rule
train/n04238763/n04238763_5448.JPEG,798,slide rule
train/n04238763/n04238763_2589.JPEG,798,slide rule
train/n04239074/n04239074_9225.JPEG,799,sliding door
train/n04239074/n04239074_13532.JPEG,799,sliding door
train/n04239074/n04239074_30689.JPEG,799,sliding door
train/n04239074/n04239074_12029.JPEG,799,sliding door
train/n04239074/n04239074_6817.JPEG,799,sliding door
train/n04239074/n04239074_22128.JPEG,799,sliding door
train/n04239074/n04239074_13174.JPEG,799,sliding door
train/n04239074/n04239074_8763.JPEG,799,sliding door
train/n04239074/n04239074_11108.JPEG,799,sliding door
train/n04239074/n04239074_10878.JPEG,799,sliding door
train/n04239074/n04239074_4995.JPEG,799,sliding door
train/n04239074/n04239074_17099.JPEG,799,sliding door
train/n04239074/n04239074_24949.JPEG,799,sliding door
train/n04239074/n04239074_13035.JPEG,799,sliding door
train/n04239074/n04239074_12106.JPEG,799,sliding door
train/n04239074/n04239074_20992.JPEG,799,sliding door
train/n04243546/n04243546_1612.JPEG,800,slot machine
train/n04243546/n04243546_16408.JPEG,800,slot machine
train/n04243546/n04243546_15782.JPEG,800,slot machine
train/n04243546/n04243546_16291.JPEG,800,slot machine
train/n04243546/n04243546_25782.JPEG,800,slot machine
train/n04243546/n04243546_27482.JPEG,800,slot machine
train/n04243546/n04243546_15696.JPEG,800,slot machine
train/n04243546/n04243546_20811.JPEG,800,slot machine
train/n04243546/n04243546_3914.JPEG,800,slot machine
train/n04243546/n04243546_14745.JPEG,800,slot machine
train/n04243546/n04243546_20054.JPEG,800,slot machine
train/n04243546/n04243546_27479.JPEG,800,slot machine
train/n04243546/n04243546_13407.JPEG,800,slot machine
train/n04243546/n04243546_17406.JPEG,800,slot machine
train/n04243546/n04243546_4591.JPEG,800,slot machine
train/n04243546/n04243546_8489.JPEG,800,slot machine
train/n04251144/n04251144_29241.JPEG,801,snorkel
train/n04251144/n04251144_24275.JPEG,801,snorkel
train/n04251144/n04251144_32568.JPEG,801,snorkel
train/n04251144/n04251144_16049.JPEG,801,snorkel
train/n04251144/n04251144_25941.JPEG,801,snorkel
train/n04251144/n04251144_13653.JPEG,801,snorkel
train/n04251144/n04251144_9376.JPEG,801,snorkel
train/n04251144/n04251144_29426.JPEG,801,snorkel
train/n04251144/n04251144_16816.JPEG,801,snorkel
train/n04251144/n04251144_4296.JPEG,801,snorkel
train/n04251144/n04251144_9672.JPEG,801,snorkel
train/n04251144/n04251144_12361.JPEG,801,snorkel
train/n04251144/n04251144_10798.JPEG,801,snorkel
train/n04251144/n04251144_6476.JPEG,801,snorkel
train/n04251144/n04251144_42814.JPEG,801,snorkel
train/n04251144/n04251144_11182.JPEG,801,snorkel
train/n04252077/n04252077_3157.JPEG,802,snowmobile
train/n04252077/n04252077_5907.JPEG,802,snowmobile
train/n04252077/n04252077_2146.JPEG,802,snowmobile
train/n04252077/n04252077_6411.JPEG,802,snowmobile
train/n04252077/n04252077_890.JPEG,802,snowmobile
train/n04252077/n04252077_2701.JPEG,802,snowmobile
train/n04252077/n04252077_425.JPEG,802,snowmobile
train/n04252077/n04252077_12606.JPEG,802,snowmobile
train/n04252077/n04252077_7477.JPEG,802,snowmobile
train/n04252077/n04252077_4817.JPEG,802,snowmobile
train/n04252077/n04252077_16058.JPEG,802,snowmobile
train/n04252077/n04252077_5111.JPEG,802,snowmobile
train/n04252077/n04252077_6409.JPEG,802,snowmobile
train/n04252077/n04252077_5333.JPEG,802,snowmobile
train/n04252077/n04252077_4888.JPEG,802,snowmobile
train/n04252077/n04252077_772.JPEG,802,snowmobile
train/n04252225/n04252225_14014.JPEG,803,snowplow
train/n04252225/n04252225_1483.JPEG,803,snowplow
train/n04252225/n04252225_1145.JPEG,803,snowplow
train/n04252225/n04252225_14620.JPEG,803,snowplow
train/n04252225/n04252225_7312.JPEG,803,snowplow
train/n04252225/n04252225_1405.JPEG,803,snowplow
train/n04252225/n04252225_21032.JPEG,803,snowplow
train/n04252225/n04252225_5265.JPEG,803,snowplow
train/n04252225/n04252225_9342.JPEG,803,snowplow
train/n04252225/n04252225_113.JPEG,803,snowplow
train/n04252225/n04252225_1495.JPEG,803,snowplow
train/n04252225/n04252225_10520.JPEG,803,snowplow
train/n04252225/n04252225_9892.JPEG,803,snowplow
train/n04252225/n04252225_8292.JPEG,803,snowplow
train/n04252225/n04252225_2246.JPEG,803,snowplow
train/n04252225/n04252225_1010.JPEG,803,snowplow
train/n04254120/n04254120_6770.JPEG,804,soap dispenser
train/n04254120/n04254120_623.JPEG,804,soap dispenser
train/n04254120/n04254120_4860.JPEG,804,soap dispenser
train/n04254120/n04254120_2323.JPEG,804,soap dispenser
train/n04254120/n04254120_3138.JPEG,804,soap dispenser
train/n04254120/n04254120_3726.JPEG,804,soap dispenser
train/n04254120/n04254120_503.JPEG,804,soap dispenser
train/n04254120/n04254120_727.JPEG,804,soap dispenser
train/n04254120/n04254120_3113.JPEG,804,soap dispenser
train/n04254120/n04254120_901.JPEG,804,soap dispenser
train/n04254120/n04254120_920.JPEG,804,soap dispenser
train/n04254120/n04254120_6084.JPEG,804,soap dispenser
train/n04254120/n04254120_2102.JPEG,804,soap dispenser
train/n04254120/n04254120_418.JPEG,804,soap dispenser
train/n04254120/n04254120_6670.JPEG,804,soap dispenser
train/n04254120/n04254120_2315.JPEG,804,soap dispenser
train/n04254680/n04254680_13250.JPEG,805,soccer ball
train/n04254680/n04254680_11888.JPEG,805,soccer ball
train/n04254680/n04254680_9667.JPEG,805,soccer ball
train/n04254680/n04254680_7908.JPEG,805,soccer ball
train/n04254680/n04254680_9085.JPEG,805,soccer ball
train/n04254680/n04254680_1721.JPEG,805,soccer ball
train/n04254680/n04254680_1244.JPEG,805,soccer ball
train/n04254680/n04254680_1603.JPEG,805,soccer ball
train/n04254680/n04254680_589.JPEG,805,soccer ball
train/n04254680/n04254680_7339.JPEG,805,soccer ball
train/n04254680/n04254680_6303.JPEG,805,soccer ball
train/n04254680/n04254680_5705.JPEG,805,soccer ball
train/n04254680/n04254680_5964.JPEG,805,soccer ball
train/n04254680/n04254680_1222.JPEG,805,soccer ball
train/n04254680/n04254680_9250.JPEG,805,soccer ball
train/n04254680/n04254680_8471.JPEG,805,soccer ball
train/n04254777/n04254777_18263.JPEG,806,sock
train/n04254777/n04254777_5472.JPEG,806,sock
train/n04254777/n04254777_8877.JPEG,806,sock
train/n04254777/n04254777_20902.JPEG,806,sock
train/n04254777/n04254777_12628.JPEG,806,sock
train/n04254777/n04254777_18081.JPEG,806,sock
train/n04254777/n04254777_32217.JPEG,806,sock
train/n04254777/n04254777_17976.JPEG,806,sock
train/n04254777/n04254777_978.JPEG,806,sock
train/n04254777/n04254777_20868.JPEG,806,sock
train/n04254777/n04254777_7901.JPEG,806,sock
train/n04254777/n04254777_18219.JPEG,806,sock
train/n04254777/n04254777_24199.JPEG,806,sock
train/n04254777/n04254777_6701.JPEG,806,sock
train/n04254777/n04254777_28880.JPEG,806,sock
train/n04254777/n04254777_25017.JPEG,806,sock
train/n04258138/n04258138_13387.JPEG,807,solar thermal collector
train/n04258138/n04258138_5262.JPEG,807,solar thermal collector
train/n04258138/n04258138_1889.JPEG,807,solar thermal collector
train/n04258138/n04258138_8165.JPEG,807,solar thermal collector
train/n04258138/n04258138_9321.JPEG,807,solar thermal collector
train/n04258138/n04258138_5249.JPEG,807,solar thermal collector
train/n04258138/n04258138_495.JPEG,807,solar thermal collector
train/n04258138/n04258138_6687.JPEG,807,solar thermal collector
train/n04258138/n04258138_19279.JPEG,807,solar thermal collector
train/n04258138/n04258138_17112.JPEG,807,solar thermal collector
train/n04258138/n04258138_7055.JPEG,807,solar thermal collector
train/n04258138/n04258138_17111.JPEG,807,solar thermal collector
train/n04258138/n04258138_17039.JPEG,807,solar thermal collector
train/n04258138/n04258138_3884.JPEG,807,solar thermal collector
train/n04258138/n04258138_5109.JPEG,807,solar thermal collector
train/n04258138/n04258138_13879.JPEG,807,solar thermal collector
train/n04259630/n04259630_27086.JPEG,808,sombrero
train/n04259630/n04259630_39002.JPEG,808,sombrero
train/n04259630/n04259630_22015.JPEG,808,sombrero
train/n04259630/n04259630_19922.JPEG,808,sombrero
train/n04259630/n04259630_15620.JPEG,808,sombrero
train/n04259630/n04259630_3796.JPEG,808,sombrero
train/n04259630/n04259630_22168.JPEG,808,sombrero
train/n04259630/n04259630_22375.JPEG,808,sombrero
train/n04259630/n04259630_31227.JPEG,808,sombrero
train/n04259630/n04259630_7580.JPEG,808,sombrero
train/n04259630/n04259630_2204.JPEG,808,sombrero
train/n04259630/n04259630_16168.JPEG,808,sombrero
train/n04259630/n04259630_10183.JPEG,808,sombrero
train/n04259630/n04259630_17035.JPEG,808,sombrero
train/n04259630/n04259630_7557.JPEG,808,sombrero
train/n04259630/n04259630_18397.JPEG,808,sombrero
train/n04263257/n04263257_2287.JPEG,809,soup bowl
train/n04263257/n04263257_6571.JPEG,809,soup bowl
train/n04263257/n04263257_14215.JPEG,809,soup bowl
train/n04263257/n04263257_3978.JPEG,809,soup bowl
train/n04263257/n04263257_16910.JPEG,809,soup bowl
train/n04263257/n04263257_661.JPEG,809,soup bowl
train/n04263257/n04263257_1606.JPEG,809,soup bowl
train/n04263257/n04263257_8385.JPEG,809,soup bowl
train/n04263257/n04263257_17197.JPEG,809,soup bowl
train/n04263257/n04263257_14900.JPEG,809,soup bowl
train/n04263257/n04263257_6579.JPEG,809,soup bowl
train/n04263257/n04263257_8347.JPEG,809,soup bowl
train/n04263257/n04263257_2054.JPEG,809,soup bowl
train/n04263257/n04263257_8974.JPEG,809,soup bowl
train/n04263257/n04263257_17442.JPEG,809,soup bowl
train/n04263257/n04263257_11608.JPEG,809,soup bowl
train/n04264628/n04264628_15581.JPEG,810,keyboard space bar
train/n04264628/n04264628_28924.JPEG,810,keyboard space bar
train/n04264628/n04264628_2423.JPEG,810,keyboard space bar
train/n04264628/n04264628_15677.JPEG,810,keyboard space bar
train/n04264628/n04264628_30916.JPEG,810,keyboard space bar
train/n04264628/n04264628_7386.JPEG,810,keyboard space bar
train/n04264628/n04264628_82.JPEG,810,keyboard space bar
train/n04264628/n04264628_5650.JPEG,810,keyboard space bar
train/n04264628/n04264628_1556.JPEG,810,keyboard space bar
train/n04264628/n04264628_4039.JPEG,810,keyboard space bar
train/n04264628/n04264628_14696.JPEG,810,keyboard space bar
train/n04264628/n04264628_3922.JPEG,810,keyboard space bar
train/n04264628/n04264628_2669.JPEG,810,keyboard space bar
train/n04264628/n04264628_11767.JPEG,810,keyboard space bar
train/n04264628/n04264628_29211.JPEG,810,keyboard space bar
train/n04264628/n04264628_5263.JPEG,810,keyboard space bar
train/n04265275/n04265275_12723.JPEG,811,space heater
train/n04265275/n04265275_3181.JPEG,811,space heater
train/n04265275/n04265275_234.JPEG,811,space heater
train/n04265275/n04265275_4663.JPEG,811,space heater
train/n04265275/n04265275_6331.JPEG,811,space heater
train/n04265275/n04265275_7072.JPEG,811,space heater
train/n04265275/n04265275_6694.JPEG,811,space heater
train/n04265275/n04265275_2513.JPEG,811,space heater
train/n04265275/n04265275_4761.JPEG,811,space heater
train/n04265275/n04265275_547.JPEG,811,space heater
train/n04265275/n04265275_6822.JPEG,811,space heater
train/n04265275/n04265275_10088.JPEG,811,space heater
train/n04265275/n04265275_1871.JPEG,811,space heater
train/n04265275/n04265275_3661.JPEG,811,space heater
train/n04265275/n04265275_671.JPEG,811,space heater
train/n04265275/n04265275_3413.JPEG,811,space heater
train/n04266014/n04266014_9952.JPEG,812,space shuttle
train/n04266014/n04266014_6389.JPEG,812,space shuttle
train/n04266014/n04266014_21228.JPEG,812,space shuttle
train/n04266014/n04266014_962.JPEG,812,space shuttle
train/n04266014/n04266014_12958.JPEG,812,space shuttle
train/n04266014/n04266014_6696.JPEG,812,space shuttle
train/n04266014/n04266014_9668.JPEG,812,space shuttle
train/n04266014/n04266014_5900.JPEG,812,space shuttle
train/n04266014/n04266014_14484.JPEG,812,space shuttle
train/n04266014/n04266014_2766.JPEG,812,space shuttle
train/n04266014/n04266014_3995.JPEG,812,space shuttle
train/n04266014/n04266014_1863.JPEG,812,space shuttle
train/n04266014/n04266014_3649.JPEG,812,space shuttle
train/n04266014/n04266014_10603.JPEG,812,space shuttle
train/n04266014/n04266014_13926.JPEG,812,space shuttle
train/n04266014/n04266014_494.JPEG,812,space shuttle
train/n04270147/n04270147_12281.JPEG,813,spatula
train/n04270147/n04270147_4400.JPEG,813,spatula
train/n04270147/n04270147_18903.JPEG,813,spatula
train/n04270147/n04270147_14756.JPEG,813,spatula
train/n04270147/n04270147_2380.JPEG,813,spatula
train/n04270147/n04270147_1216.JPEG,813,spatula
train/n04270147/n04270147_3311.JPEG,813,spatula
train/n04270147/n04270147_10452.JPEG,813,spatula
train/n04270147/n04270147_5690.JPEG,813,spatula
train/n04270147/n04270147_18307.JPEG,813,spatula
train/n04270147/n04270147_7130.JPEG,813,spatula
train/n04270147/n04270147_8405.JPEG,813,spatula
train/n04270147/n04270147_1215.JPEG,813,spatula
train/n04270147/n04270147_4482.JPEG,813,spatula
train/n04270147/n04270147_1149.JPEG,813,spatula
train/n04270147/n04270147_2782.JPEG,813,spatula
train/n04273569/n04273569_9006.JPEG,814,motorboat
train/n04273569/n04273569_24504.JPEG,814,motorboat
train/n04273569/n04273569_4065.JPEG,814,motorboat
train/n04273569/n04273569_11333.JPEG,814,motorboat
train/n04273569/n04273569_9678.JPEG,814,motorboat
train/n04273569/n04273569_3729.JPEG,814,motorboat
train/n04273569/n04273569_3805.JPEG,814,motorboat
train/n04273569/n04273569_18718.JPEG,814,motorboat
train/n04273569/n04273569_26100.JPEG,814,motorboat
train/n04273569/n04273569_4947.JPEG,814,motorboat
train/n04273569/n04273569_12536.JPEG,814,motorboat
train/n04273569/n04273569_17917.JPEG,814,motorboat
train/n04273569/n04273569_5574.JPEG,814,motorboat
train/n04273569/n04273569_352.JPEG,814,motorboat
train/n04273569/n04273569_3437.JPEG,814,motorboat
train/n04273569/n04273569_2400.JPEG,814,motorboat
train/n04275548/n04275548_10095.JPEG,815,spider web
train/n04275548/n04275548_14978.JPEG,815,spider web
train/n04275548/n04275548_6429.JPEG,815,spider web
train/n04275548/n04275548_5745.JPEG,815,spider web
train/n04275548/n04275548_10235.JPEG,815,spider web
train/n04275548/n04275548_1918.JPEG,815,spider web
train/n04275548/n04275548_438.JPEG,815,spider web
train/n04275548/n04275548_12285.JPEG,815,spider web
train/n04275548/n04275548_9680.JPEG,815,spider web
train/n04275548/n04275548_7081.JPEG,815,spider web
train/n04275548/n04275548_9242.JPEG,815,spider web
train/n04275548/n04275548_9645.JPEG,815,spider web
train/n04275548/n04275548_9143.JPEG,815,spider web
train/n04275548/n04275548_2456.JPEG,815,spider web
train/n04275548/n04275548_1527.JPEG,815,spider web
train/n04275548/n04275548_7297.JPEG,815,spider web
train/n04277352/n04277352_12902.JPEG,816,spindle
train/n04277352/n04277352_1865.JPEG,816,spindle
train/n04277352/n04277352_4144.JPEG,816,spindle
train/n04277352/n04277352_7676.JPEG,816,spindle
train/n04277352/n04277352_8269.JPEG,816,spindle
train/n04277352/n04277352_9908.JPEG,816,spindle
train/n04277352/n04277352_8844.JPEG,816,spindle
train/n04277352/n04277352_10170.JPEG,816,spindle
train/n04277352/n04277352_9466.JPEG,816,spindle
train/n04277352/n04277352_620.JPEG,816,spindle
train/n04277352/n04277352_12261.JPEG,816,spindle
train/n04277352/n04277352_12714.JPEG,816,spindle
train/n04277352/n04277352_12505.JPEG,816,spindle
train/n04277352/n04277352_7007.JPEG,816,spindle
train/n04277352/n04277352_13370.JPEG,816,spindle
train/n04277352/n04277352_12742.JPEG,816,spindle
train/n04285008/n04285008_11981.JPEG,817,sports car
train/n04285008/n04285008_7781.JPEG,817,sports car
train/n04285008/n04285008_3126.JPEG,817,sports car
train/n04285008/n04285008_3388.JPEG,817,sports car
train/n04285008/n04285008_8189.JPEG,817,sports car
train/n04285008/n04285008_3422.JPEG,817,sports car
train/n04285008/n04285008_5099.JPEG,817,sports car
train/n04285008/n04285008_13952.JPEG,817,sports car
train/n04285008/n04285008_3149.JPEG,817,sports car
train/n04285008/n04285008_12242.JPEG,817,sports car
train/n04285008/n04285008_12557.JPEG,817,sports car
train/n04285008/n04285008_8918.JPEG,817,sports car
train/n04285008/n04285008_9052.JPEG,817,sports car
train/n04285008/n04285008_5892.JPEG,817,sports car
train/n04285008/n04285008_8296.JPEG,817,sports car
train/n04285008/n04285008_9070.JPEG,817,sports car
train/n04286575/n04286575_17171.JPEG,818,spotlight
train/n04286575/n04286575_56218.JPEG,818,spotlight
train/n04286575/n04286575_26952.JPEG,818,spotlight
train/n04286575/n04286575_2844.JPEG,818,spotlight
train/n04286575/n04286575_35467.JPEG,818,spotlight
train/n04286575/n04286575_14729.JPEG,818,spotlight
train/n04286575/n04286575_12339.JPEG,818,spotlight
train/n04286575/n04286575_70893.JPEG,818,spotlight
train/n04286575/n04286575_1255.JPEG,818,spotlight
train/n04286575/n04286575_10898.JPEG,818,spotlight
train/n04286575/n04286575_13208.JPEG,818,spotlight
train/n04286575/n04286575_29901.JPEG,818,spotlight
train/n04286575/n04286575_33797.JPEG,818,spotlight
train/n04286575/n04286575_34915.JPEG,818,spotlight
train/n04286575/n04286575_42540.JPEG,818,spotlight
train/n04286575/n04286575_5076.JPEG,818,spotlight
train/n04296562/n04296562_33125.JPEG,819,stage
train/n04296562/n04296562_47302.JPEG,819,stage
train/n04296562/n04296562_7251.JPEG,819,stage
train/n04296562/n04296562_4871.JPEG,819,stage
train/n04296562/n04296562_10549.JPEG,819,stage
train/n04296562/n04296562_20014.JPEG,819,stage
train/n04296562/n04296562_39627.JPEG,819,stage
train/n04296562/n04296562_8672.JPEG,819,stage
train/n04296562/n04296562_1118.JPEG,819,stage
train/n04296562/n04296562_10893.JPEG,819,stage
train/n04296562/n04296562_28019.JPEG,819,stage
train/n04296562/n04296562_11715.JPEG,819,stage
train/n04296562/n04296562_7231.JPEG,819,stage
train/n04296562/n04296562_22017.JPEG,819,stage
train/n04296562/n04296562_9317.JPEG,819,stage
train/n04296562/n04296562_18059.JPEG,819,stage
train/n04310018/n04310018_515.JPEG,820,steam locomotive
train/n04310018/n04310018_3107.JPEG,820,steam locomotive
train/n04310018/n04310018_14813.JPEG,820,steam locomotive
train/n04310018/n04310018_9330.JPEG,820,steam locomotive
train/n04310018/n04310018_7343.JPEG,820,steam locomotive
train/n04310018/n04310018_15799.JPEG,820,steam locomotive
train/n04310018/n04310018_14893.JPEG,820,steam locomotive
train/n04310018/n04310018_11476.JPEG,820,steam locomotive
train/n04310018/n04310018_11226.JPEG,820,steam locomotive
train/n04310018/n04310018_3068.JPEG,820,steam locomotive
train/n04310018/n04310018_8922.JPEG,820,steam locomotive
train/n04310018/n04310018_3095.JPEG,820,steam locomotive
train/n04310018/n04310018_3702.JPEG,820,steam locomotive
train/n04310018/n04310018_11091.JPEG,820,steam locomotive
train/n04310018/n04310018_11347.JPEG,820,steam locomotive
train/n04310018/n04310018_5508.JPEG,820,steam locomotive
train/n04311004/n04311004_5364.JPEG,821,through arch bridge
train/n04311004/n04311004_630.JPEG,821,through arch bridge
train/n04311004/n04311004_3584.JPEG,821,through arch bridge
train/n04311004/n04311004_2263.JPEG,821,through arch bridge
train/n04311004/n04311004_3274.JPEG,821,through arch bridge
train/n04311004/n04311004_12636.JPEG,821,through arch bridge
train/n04311004/n04311004_972.JPEG,821,through arch bridge
train/n04311004/n04311004_15054.JPEG,821,through arch bridge
train/n04311004/n04311004_1986.JPEG,821,through arch bridge
train/n04311004/n04311004_1861.JPEG,821,through arch bridge
train/n04311004/n04311004_59.JPEG,821,through arch bridge
train/n04311004/n04311004_46.JPEG,821,through arch bridge
train/n04311004/n04311004_3791.JPEG,821,through arch bridge
train/n04311004/n04311004_3094.JPEG,821,through arch bridge
train/n04311004/n04311004_6021.JPEG,821,through arch bridge
train/n04311004/n04311004_2536.JPEG,821,through arch bridge
train/n04311174/n04311174_8105.JPEG,822,steel drum
train/n04311174/n04311174_8893.JPEG,822,steel drum
train/n04311174/n04311174_7440.JPEG,822,steel drum
train/n04311174/n04311174_1900.JPEG,822,steel drum
train/n04311174/n04311174_1504.JPEG,822,steel drum
train/n04311174/n04311174_13655.JPEG,822,steel drum
train/n04311174/n04311174_7886.JPEG,822,steel drum
train/n04311174/n04311174_995.JPEG,822,steel drum
train/n04311174/n04311174_7793.JPEG,822,steel drum
train/n04311174/n04311174_8675.JPEG,822,steel drum
train/n04311174/n04311174_3810.JPEG,822,steel drum
train/n04311174/n04311174_13151.JPEG,822,steel drum
train/n04311174/n04311174_6916.JPEG,822,steel drum
train/n04311174/n04311174_12566.JPEG,822,steel drum
train/n04311174/n04311174_960.JPEG,822,steel drum
train/n04311174/n04311174_5406.JPEG,822,steel drum
train/n04317175/n04317175_9276.JPEG,823,stethoscope
train/n04317175/n04317175_3780.JPEG,823,stethoscope
train/n04317175/n04317175_2189.JPEG,823,stethoscope
train/n04317175/n04317175_5107.JPEG,823,stethoscope
train/n04317175/n04317175_9050.JPEG,823,stethoscope
train/n04317175/n04317175_11226.JPEG,823,stethoscope
train/n04317175/n04317175_12507.JPEG,823,stethoscope
train/n04317175/n04317175_3265.JPEG,823,stethoscope
train/n04317175/n04317175_1441.JPEG,823,stethoscope
train/n04317175/n04317175_1267.JPEG,823,stethoscope
train/n04317175/n04317175_3150.JPEG,823,stethoscope
train/n04317175/n04317175_2068.JPEG,823,stethoscope
train/n04317175/n04317175_18450.JPEG,823,stethoscope
train/n04317175/n04317175_2269.JPEG,823,stethoscope
train/n04317175/n04317175_8961.JPEG,823,stethoscope
train/n04317175/n04317175_3550.JPEG,823,stethoscope
train/n04325704/n04325704_8571.JPEG,824,scarf
train/n04325704/n04325704_21742.JPEG,824,scarf
train/n04325704/n04325704_16406.JPEG,824,scarf
train/n04325704/n04325704_22560.JPEG,824,scarf
train/n04325704/n04325704_21880.JPEG,824,scarf
train/n04325704/n04325704_10674.JPEG,824,scarf
train/n04325704/n04325704_2201.JPEG,824,scarf
train/n04325704/n04325704_15046.JPEG,824,scarf
train/n04325704/n04325704_12607.JPEG,824,scarf
train/n04325704/n04325704_2615.JPEG,824,scarf
train/n04325704/n04325704_7941.JPEG,824,scarf
train/n04325704/n04325704_2910.JPEG,824,scarf
train/n04325704/n04325704_8938.JPEG,824,scarf
train/n04325704/n04325704_24514.JPEG,824,scarf
train/n04325704/n04325704_21769.JPEG,824,scarf
train/n04325704/n04325704_649.JPEG,824,scarf
train/n04326547/n04326547_9658.JPEG,825,stone wall
train/n04326547/n04326547_1101.JPEG,825,stone wall
train/n04326547/n04326547_6179.JPEG,825,stone wall
train/n04326547/n04326547_4022.JPEG,825,stone wall
train/n04326547/n04326547_6449.JPEG,825,stone wall
train/n04326547/n04326547_1933.JPEG,825,stone wall
train/n04326547/n04326547_6119.JPEG,825,stone wall
train/n04326547/n04326547_4734.JPEG,825,stone wall
train/n04326547/n04326547_1074.JPEG,825,stone wall
train/n04326547/n04326547_2121.JPEG,825,stone wall
train/n04326547/n04326547_5631.JPEG,825,stone wall
train/n04326547/n04326547_5340.JPEG,825,stone wall
train/n04326547/n04326547_8401.JPEG,825,stone wall
train/n04326547/n04326547_1525.JPEG,825,stone wall
train/n04326547/n04326547_10805.JPEG,825,stone wall
train/n04326547/n04326547_2450.JPEG,825,stone wall
train/n04328186/n04328186_25178.JPEG,826,stopwatch
train/n04328186/n04328186_5870.JPEG,826,stopwatch
train/n04328186/n04328186_54341.JPEG,826,stopwatch
train/n04328186/n04328186_2749.JPEG,826,stopwatch
train/n04328186/n04328186_7592.JPEG,826,stopwatch
train/n04328186/n04328186_2366.JPEG,826,stopwatch
train/n04328186/n04328186_7624.JPEG,826,stopwatch
train/n04328186/n04328186_11566.JPEG,826,stopwatch
train/n04328186/n04328186_18225.JPEG,826,stopwatch
train/n04328186/n04328186_15084.JPEG,826,stopwatch
train/n04328186/n04328186_11599.JPEG,826,stopwatch
train/n04328186/n04328186_8618.JPEG,826,stopwatch
train/n04328186/n04328186_37557.JPEG,826,stopwatch
train/n04328186/n04328186_16898.JPEG,826,stopwatch
train/n04328186/n04328186_6970.JPEG,826,stopwatch
train/n04328186/n04328186_2035.JPEG,826,stopwatch
train/n04330267/n04330267_5394.JPEG,827,stove
train/n04330267/n04330267_21990.JPEG,827,stove
train/n04330267/n04330267_21031.JPEG,827,stove
train/n04330267/n04330267_853.JPEG,827,stove
train/n04330267/n04330267_18862.JPEG,827,stove
train/n04330267/n04330267_17554.JPEG,827,stove
train/n04330267/n04330267_124.JPEG,827,stove
train/n04330267/n04330267_13459.JPEG,827,stove
train/n04330267/n04330267_13884.JPEG,827,stove
train/n04330267/n04330267_101.JPEG,827,stove
train/n04330267/n04330267_6175.JPEG,827,stove
train/n04330267/n04330267_19045.JPEG,827,stove
train/n04330267/n04330267_6557.JPEG,827,stove
train/n04330267/n04330267_3310.JPEG,827,stove
train/n04330267/n04330267_16252.JPEG,827,stove
train/n04330267/n04330267_7101.JPEG,827,stove
train/n04332243/n04332243_6758.JPEG,828,strainer
train/n04332243/n04332243_16390.JPEG,828,strainer
train/n04332243/n04332243_13729.JPEG,828,strainer
train/n04332243/n04332243_26820.JPEG,828,strainer
train/n04332243/n04332243_10039.JPEG,828,strainer
train/n04332243/n04332243_33331.JPEG,828,strainer
train/n04332243/n04332243_11407.JPEG,828,strainer
train/n04332243/n04332243_26150.JPEG,828,strainer
train/n04332243/n04332243_4254.JPEG,828,strainer
train/n04332243/n04332243_3417.JPEG,828,strainer
train/n04332243/n04332243_34789.JPEG,828,strainer
train/n04332243/n04332243_40584.JPEG,828,strainer
train/n04332243/n04332243_1370.JPEG,828,strainer
train/n04332243/n04332243_2267.JPEG,828,strainer
train/n04332243/n04332243_21199.JPEG,828,strainer
train/n04332243/n04332243_1349.JPEG,828,strainer
train/n04335435/n04335435_23385.JPEG,829,tram
train/n04335435/n04335435_25926.JPEG,829,tram
train/n04335435/n04335435_8869.JPEG,829,tram
train/n04335435/n04335435_16072.JPEG,829,tram
train/n04335435/n04335435_13494.JPEG,829,tram
train/n04335435/n04335435_1275.JPEG,829,tram
train/n04335435/n04335435_19718.JPEG,829,tram
train/n04335435/n04335435_3111.JPEG,829,tram
train/n04335435/n04335435_41902.JPEG,829,tram
train/n04335435/n04335435_32118.JPEG,829,tram
train/n04335435/n04335435_91845.JPEG,829,tram
train/n04335435/n04335435_4168.JPEG,829,tram
train/n04335435/n04335435_10350.JPEG,829,tram
train/n04335435/n04335435_22134.JPEG,829,tram
train/n04335435/n04335435_2779.JPEG,829,tram
train/n04335435/n04335435_17789.JPEG,829,tram
train/n04336792/n04336792_13764.JPEG,830,stretcher
train/n04336792/n04336792_18259.JPEG,830,stretcher
train/n04336792/n04336792_5560.JPEG,830,stretcher
train/n04336792/n04336792_2232.JPEG,830,stretcher
train/n04336792/n04336792_8249.JPEG,830,stretcher
train/n04336792/n04336792_5988.JPEG,830,stretcher
train/n04336792/n04336792_12235.JPEG,830,stretcher
train/n04336792/n04336792_9723.JPEG,830,stretcher
train/n04336792/n04336792_14463.JPEG,830,stretcher
train/n04336792/n04336792_11431.JPEG,830,stretcher
train/n04336792/n04336792_8658.JPEG,830,stretcher
train/n04336792/n04336792_3547.JPEG,830,stretcher
train/n04336792/n04336792_8982.JPEG,830,stretcher
train/n04336792/n04336792_2354.JPEG,830,stretcher
train/n04336792/n04336792_9009.JPEG,830,stretcher
train/n04336792/n04336792_37984.JPEG,830,stretcher
train/n04344873/n04344873_4510.JPEG,831,couch
train/n04344873/n04344873_2911.JPEG,831,couch
train/n04344873/n04344873_3009.JPEG,831,couch
train/n04344873/n04344873_5850.JPEG,831,couch
train/n04344873/n04344873_12372.JPEG,831,couch
train/n04344873/n04344873_16175.JPEG,831,couch
train/n04344873/n04344873_38171.JPEG,831,couch
train/n04344873/n04344873_14619.JPEG,831,couch
train/n04344873/n04344873_9901.JPEG,831,couch
train/n04344873/n04344873_8289.JPEG,831,couch
train/n04344873/n04344873_3081.JPEG,831,couch
train/n04344873/n04344873_16580.JPEG,831,couch
train/n04344873/n04344873_15510.JPEG,831,couch
train/n04344873/n04344873_9289.JPEG,831,couch
train/n04344873/n04344873_64176.JPEG,831,couch
train/n04344873/n04344873_16443.JPEG,831,couch
train/n04346328/n04346328_18569.JPEG,832,stupa
train/n04346328/n04346328_9622.JPEG,832,stupa
train/n04346328/n04346328_2217.JPEG,832,stupa
train/n04346328/n04346328_18698.JPEG,832,stupa
train/n04346328/n04346328_16040.JPEG,832,stupa
train/n04346328/n04346328_14873.JPEG,832,stupa
train/n04346328/n04346328_12197.JPEG,832,stupa
train/n04346328/n04346328_15079.JPEG,832,stupa
train/n04346328/n04346328_16104.JPEG,832,stupa
train/n04346328/n04346328_9713.JPEG,832,stupa
train/n04346328/n04346328_22951.JPEG,832,stupa
train/n04346328/n04346328_6207.JPEG,832,stupa
train/n04346328/n04346328_11038.JPEG,832,stupa
train/n04346328/n04346328_14348.JPEG,832,stupa
train/n04346328/n04346328_25723.JPEG,832,stupa
train/n04346328/n04346328_3174.JPEG,832,stupa
train/n04347754/n04347754_48546.JPEG,833,submarine
train/n04347754/n04347754_60792.JPEG,833,submarine
train/n04347754/n04347754_1318.JPEG,833,submarine
train/n04347754/n04347754_7207.JPEG,833,submarine
train/n04347754/n04347754_16894.JPEG,833,submarine
train/n04347754/n04347754_2444.JPEG,833,submarine
train/n04347754/n04347754_54032.JPEG,833,submarine
train/n04347754/n04347754_28296.JPEG,833,submarine
train/n04347754/n04347754_67519.JPEG,833,submarine
train/n04347754/n04347754_58374.JPEG,833,submarine
train/n04347754/n04347754_59748.JPEG,833,submarine
train/n04347754/n04347754_30710.JPEG,833,submarine
train/n04347754/n04347754_33244.JPEG,833,submarine
train/n04347754/n04347754_30381.JPEG,833,submarine
train/n04347754/n04347754_20923.JPEG,833,submarine
train/n04347754/n04347754_47889.JPEG,833,submarine
train/n04350905/n04350905_30087.JPEG,834,suit
train/n04350905/n04350905_22957.JPEG,834,suit
train/n04350905/n04350905_100608.JPEG,834,suit
train/n04350905/n04350905_37377.JPEG,834,suit
train/n04350905/n04350905_31906.JPEG,834,suit
train/n04350905/n04350905_3446.JPEG,834,suit
train/n04350905/n04350905_30485.JPEG,834,suit
train/n04350905/n04350905_109321.JPEG,834,suit
train/n04350905/n04350905_49988.JPEG,834,suit
train/n04350905/n04350905_24903.JPEG,834,suit
train/n04350905/n04350905_34883.JPEG,834,suit
train/n04350905/n04350905_61121.JPEG,834,suit
train/n04350905/n04350905_22989.JPEG,834,suit
train/n04350905/n04350905_4076.JPEG,834,suit
train/n04350905/n04350905_40188.JPEG,834,suit
train/n04350905/n04350905_63925.JPEG,834,suit
train/n04355338/n04355338_10512.JPEG,835,sundial
train/n04355338/n04355338_4416.JPEG,835,sundial
train/n04355338/n04355338_5478.JPEG,835,sundial
train/n04355338/n04355338_13956.JPEG,835,sundial
train/n04355338/n04355338_7207.JPEG,835,sundial
train/n04355338/n04355338_8916.JPEG,835,sundial
train/n04355338/n04355338_3039.JPEG,835,sundial
train/n04355338/n04355338_4399.JPEG,835,sundial
train/n04355338/n04355338_24964.JPEG,835,sundial
train/n04355338/n04355338_18300.JPEG,835,sundial
train/n04355338/n04355338_11072.JPEG,835,sundial
train/n04355338/n04355338_4675.JPEG,835,sundial
train/n04355338/n04355338_26078.JPEG,835,sundial
train/n04355338/n04355338_7050.JPEG,835,sundial
train/n04355338/n04355338_20329.JPEG,835,sundial
train/n04355338/n04355338_13782.JPEG,835,sundial
train/n04355933/n04355933_1587.JPEG,836,sunglasses
train/n04355933/n04355933_2790.JPEG,836,sunglasses
train/n04355933/n04355933_850.JPEG,836,sunglasses
train/n04355933/n04355933_1452.JPEG,836,sunglasses
train/n04355933/n04355933_8153.JPEG,836,sunglasses
train/n04355933/n04355933_7485.JPEG,836,sunglasses
train/n04355933/n04355933_3758.JPEG,836,sunglasses
train/n04355933/n04355933_12254.JPEG,836,sunglasses
train/n04355933/n04355933_981.JPEG,836,sunglasses
train/n04355933/n04355933_3510.JPEG,836,sunglasses
train/n04355933/n04355933_6168.JPEG,836,sunglasses
train/n04355933/n04355933_912.JPEG,836,sunglasses
train/n04355933/n04355933_7843.JPEG,836,sunglasses
train/n04355933/n04355933_13136.JPEG,836,sunglasses
train/n04355933/n04355933_11706.JPEG,836,sunglasses
train/n04355933/n04355933_2959.JPEG,836,sunglasses
train/n04356056/n04356056_13182.JPEG,837,sunglasses
train/n04356056/n04356056_1937.JPEG,837,sunglasses
train/n04356056/n04356056_7233.JPEG,837,sunglasses
train/n04356056/n04356056_1519.JPEG,837,sunglasses
train/n04356056/n04356056_5573.JPEG,837,sunglasses
train/n04356056/n04356056_31187.JPEG,837,sunglasses
train/n04356056/n04356056_1825.JPEG,837,sunglasses
train/n04356056/n04356056_23775.JPEG,837,sunglasses
train/n04356056/n04356056_5811.JPEG,837,sunglasses
train/n04356056/n04356056_613.JPEG,837,sunglasses
train/n04356056/n04356056_5523.JPEG,837,sunglasses
train/n04356056/n04356056_295.JPEG,837,sunglasses
train/n04356056/n04356056_73625.JPEG,837,sunglasses
train/n04356056/n04356056_3384.JPEG,837,sunglasses
train/n04356056/n04356056_7070.JPEG,837,sunglasses
train/n04356056/n04356056_19080.JPEG,837,sunglasses
train/n04357314/n04357314_17914.JPEG,838,sunscreen
train/n04357314/n04357314_5591.JPEG,838,sunscreen
train/n04357314/n04357314_10921.JPEG,838,sunscreen
train/n04357314/n04357314_15120.JPEG,838,sunscreen
train/n04357314/n04357314_33178.JPEG,838,sunscreen
train/n04357314/n04357314_7942.JPEG,838,sunscreen
train/n04357314/n04357314_2876.JPEG,838,sunscreen
train/n04357314/n04357314_12182.JPEG,838,sunscreen
train/n04357314/n04357314_250.JPEG,838,sunscreen
train/n04357314/n04357314_32019.JPEG,838,sunscreen
train/n04357314/n04357314_1250.JPEG,838,sunscreen
train/n04357314/n04357314_44932.JPEG,838,sunscreen
train/n04357314/n04357314_14383.JPEG,838,sunscreen
train/n04357314/n04357314_13660.JPEG,838,sunscreen
train/n04357314/n04357314_16319.JPEG,838,sunscreen
train/n04357314/n04357314_4786.JPEG,838,sunscreen
train/n04366367/n04366367_11246.JPEG,839,suspension bridge
train/n04366367/n04366367_1638.JPEG,839,suspension bridge
train/n04366367/n04366367_10025.JPEG,839,suspension bridge
train/n04366367/n04366367_9765.JPEG,839,suspension bridge
train/n04366367/n04366367_8447.JPEG,839,suspension bridge
train/n04366367/n04366367_1823.JPEG,839,suspension bridge
train/n04366367/n04366367_2800.JPEG,839,suspension bridge
train/n04366367/n04366367_1646.JPEG,839,suspension bridge
train/n04366367/n04366367_6448.JPEG,839,suspension bridge
train/n04366367/n04366367_11798.JPEG,839,suspension bridge
train/n04366367/n04366367_6634.JPEG,839,suspension bridge
train/n04366367/n04366367_6389.JPEG,839,suspension bridge
train/n04366367/n04366367_1330.JPEG,839,suspension bridge
train/n04366367/n04366367_18155.JPEG,839,suspension bridge
train/n04366367/n04366367_1768.JPEG,839,suspension bridge
train/n04366367/n04366367_6261.JPEG,839,suspension bridge
train/n04367480/n04367480_15549.JPEG,840,mop
train/n04367480/n04367480_16659.JPEG,840,mop
train/n04367480/n04367480_5054.JPEG,840,mop
train/n04367480/n04367480_16150.JPEG,840,mop
train/n04367480/n04367480_14517.JPEG,840,mop
train/n04367480/n04367480_32528.JPEG,840,mop
train/n04367480/n04367480_12202.JPEG,840,mop
train/n04367480/n04367480_8968.JPEG,840,mop
train/n04367480/n04367480_21495.JPEG,840,mop
train/n04367480/n04367480_14637.JPEG,840,mop
train/n04367480/n04367480_13070.JPEG,840,mop
train/n04367480/n04367480_37568.JPEG,840,mop
train/n04367480/n04367480_26289.JPEG,840,mop
train/n04367480/n04367480_11301.JPEG,840,mop
train/n04367480/n04367480_7299.JPEG,840,mop
train/n04367480/n04367480_11283.JPEG,840,mop
train/n04370456/n04370456_202.JPEG,841,sweatshirt
train/n04370456/n04370456_7982.JPEG,841,sweatshirt
train/n04370456/n04370456_5004.JPEG,841,sweatshirt
train/n04370456/n04370456_3758.JPEG,841,sweatshirt
train/n04370456/n04370456_9681.JPEG,841,sweatshirt
train/n04370456/n04370456_5801.JPEG,841,sweatshirt
train/n04370456/n04370456_3828.JPEG,841,sweatshirt
train/n04370456/n04370456_5847.JPEG,841,sweatshirt
train/n04370456/n04370456_9555.JPEG,841,sweatshirt
train/n04370456/n04370456_3672.JPEG,841,sweatshirt
train/n04370456/n04370456_4170.JPEG,841,sweatshirt
train/n04370456/n04370456_1775.JPEG,841,sweatshirt
train/n04370456/n04370456_1384.JPEG,841,sweatshirt
train/n04370456/n04370456_3315.JPEG,841,sweatshirt
train/n04370456/n04370456_4912.JPEG,841,sweatshirt
train/n04370456/n04370456_7447.JPEG,841,sweatshirt
train/n04371430/n04371430_4658.JPEG,842,swim trunks / shorts
train/n04371430/n04371430_5227.JPEG,842,swim trunks / shorts
train/n04371430/n04371430_318.JPEG,842,swim trunks / shorts
train/n04371430/n04371430_22624.JPEG,842,swim trunks / shorts
train/n04371430/n04371430_4578.JPEG,842,swim trunks / shorts
train/n04371430/n04371430_11081.JPEG,842,swim trunks / shorts
train/n04371430/n04371430_8131.JPEG,842,swim trunks / shorts
train/n04371430/n04371430_1793.JPEG,842,swim trunks / shorts
train/n04371430/n04371430_7971.JPEG,842,swim trunks / shorts
train/n04371430/n04371430_4732.JPEG,842,swim trunks / shorts
train/n04371430/n04371430_19477.JPEG,842,swim trunks / shorts
train/n04371430/n04371430_7474.JPEG,842,swim trunks / shorts
train/n04371430/n04371430_12224.JPEG,842,swim trunks / shorts
train/n04371430/n04371430_16030.JPEG,842,swim trunks / shorts
train/n04371430/n04371430_6368.JPEG,842,swim trunks / shorts
train/n04371430/n04371430_1617.JPEG,842,swim trunks / shorts
train/n04371774/n04371774_10510.JPEG,843,swing
train/n04371774/n04371774_12766.JPEG,843,swing
train/n04371774/n04371774_13946.JPEG,843,swing
train/n04371774/n04371774_13954.JPEG,843,swing
train/n04371774/n04371774_14179.JPEG,843,swing
train/n04371774/n04371774_14711.JPEG,843,swing
train/n04371774/n04371774_13910.JPEG,843,swing
train/n04371774/n04371774_1516.JPEG,843,swing
train/n04371774/n04371774_4835.JPEG,843,swing
train/n04371774/n04371774_11168.JPEG,843,swing
train/n04371774/n04371774_11826.JPEG,843,swing
train/n04371774/n04371774_6228.JPEG,843,swing
train/n04371774/n04371774_12262.JPEG,843,swing
train/n04371774/n04371774_3411.JPEG,843,swing
train/n04371774/n04371774_2021.JPEG,843,swing
train/n04371774/n04371774_11857.JPEG,843,swing
train/n04372370/n04372370_42642.JPEG,844,electrical switch
train/n04372370/n04372370_21838.JPEG,844,electrical switch
train/n04372370/n04372370_24445.JPEG,844,electrical switch
train/n04372370/n04372370_3838.JPEG,844,electrical switch
train/n04372370/n04372370_8974.JPEG,844,electrical switch
train/n04372370/n04372370_1943.JPEG,844,electrical switch
train/n04372370/n04372370_37053.JPEG,844,electrical switch
train/n04372370/n04372370_27775.JPEG,844,electrical switch
train/n04372370/n04372370_39339.JPEG,844,electrical switch
train/n04372370/n04372370_7453.JPEG,844,electrical switch
train/n04372370/n04372370_34446.JPEG,844,electrical switch
train/n04372370/n04372370_26857.JPEG,844,electrical switch
train/n04372370/n04372370_21464.JPEG,844,electrical switch
train/n04372370/n04372370_27044.JPEG,844,electrical switch
train/n04372370/n04372370_36938.JPEG,844,electrical switch
train/n04372370/n04372370_26979.JPEG,844,electrical switch
train/n04376876/n04376876_7827.JPEG,845,syringe
train/n04376876/n04376876_7924.JPEG,845,syringe
train/n04376876/n04376876_8455.JPEG,845,syringe
train/n04376876/n04376876_14981.JPEG,845,syringe
train/n04376876/n04376876_12535.JPEG,845,syringe
train/n04376876/n04376876_14175.JPEG,845,syringe
train/n04376876/n04376876_7057.JPEG,845,syringe
train/n04376876/n04376876_11117.JPEG,845,syringe
train/n04376876/n04376876_24444.JPEG,845,syringe
train/n04376876/n04376876_3538.JPEG,845,syringe
train/n04376876/n04376876_127.JPEG,845,syringe
train/n04376876/n04376876_6947.JPEG,845,syringe
train/n04376876/n04376876_6757.JPEG,845,syringe
train/n04376876/n04376876_6850.JPEG,845,syringe
train/n04376876/n04376876_12785.JPEG,845,syringe
train/n04376876/n04376876_3510.JPEG,845,syringe
train/n04380533/n04380533_5099.JPEG,846,table lamp
train/n04380533/n04380533_31383.JPEG,846,table lamp
train/n04380533/n04380533_624.JPEG,846,table lamp
train/n04380533/n04380533_4777.JPEG,846,table lamp
train/n04380533/n04380533_4240.JPEG,846,table lamp
train/n04380533/n04380533_2537.JPEG,846,table lamp
train/n04380533/n04380533_6118.JPEG,846,table lamp
train/n04380533/n04380533_4034.JPEG,846,table lamp
train/n04380533/n04380533_2868.JPEG,846,table lamp
train/n04380533/n04380533_4465.JPEG,846,table lamp
train/n04380533/n04380533_5644.JPEG,846,table lamp
train/n04380533/n04380533_4349.JPEG,846,table lamp
train/n04380533/n04380533_728.JPEG,846,table lamp
train/n04380533/n04380533_3306.JPEG,846,table lamp
train/n04380533/n04380533_6720.JPEG,846,table lamp
train/n04380533/n04380533_8319.JPEG,846,table lamp
train/n04389033/n04389033_19176.JPEG,847,tank
train/n04389033/n04389033_4049.JPEG,847,tank
train/n04389033/n04389033_44831.JPEG,847,tank
train/n04389033/n04389033_916.JPEG,847,tank
train/n04389033/n04389033_12512.JPEG,847,tank
train/n04389033/n04389033_30847.JPEG,847,tank
train/n04389033/n04389033_40317.JPEG,847,tank
train/n04389033/n04389033_19175.JPEG,847,tank
train/n04389033/n04389033_31874.JPEG,847,tank
train/n04389033/n04389033_48386.JPEG,847,tank
train/n04389033/n04389033_58437.JPEG,847,tank
train/n04389033/n04389033_55.JPEG,847,tank
train/n04389033/n04389033_18021.JPEG,847,tank
train/n04389033/n04389033_11174.JPEG,847,tank
train/n04389033/n04389033_7559.JPEG,847,tank
train/n04389033/n04389033_32014.JPEG,847,tank
train/n04392985/n04392985_3119.JPEG,848,tape player
train/n04392985/n04392985_13611.JPEG,848,tape player
train/n04392985/n04392985_7736.JPEG,848,tape player
train/n04392985/n04392985_7014.JPEG,848,tape player
train/n04392985/n04392985_20565.JPEG,848,tape player
train/n04392985/n04392985_9713.JPEG,848,tape player
train/n04392985/n04392985_2923.JPEG,848,tape player
train/n04392985/n04392985_2359.JPEG,848,tape player
train/n04392985/n04392985_2123.JPEG,848,tape player
train/n04392985/n04392985_10043.JPEG,848,tape player
train/n04392985/n04392985_21693.JPEG,848,tape player
train/n04392985/n04392985_13360.JPEG,848,tape player
train/n04392985/n04392985_6493.JPEG,848,tape player
train/n04392985/n04392985_17750.JPEG,848,tape player
train/n04392985/n04392985_9429.JPEG,848,tape player
train/n04392985/n04392985_13990.JPEG,848,tape player
train/n04398044/n04398044_11411.JPEG,849,teapot
train/n04398044/n04398044_13741.JPEG,849,teapot
train/n04398044/n04398044_9615.JPEG,849,teapot
train/n04398044/n04398044_35605.JPEG,849,teapot
train/n04398044/n04398044_10124.JPEG,849,teapot
train/n04398044/n04398044_5840.JPEG,849,teapot
train/n04398044/n04398044_18543.JPEG,849,teapot
train/n04398044/n04398044_17668.JPEG,849,teapot
train/n04398044/n04398044_12545.JPEG,849,teapot
train/n04398044/n04398044_4208.JPEG,849,teapot
train/n04398044/n04398044_10719.JPEG,849,teapot
train/n04398044/n04398044_19779.JPEG,849,teapot
train/n04398044/n04398044_2729.JPEG,849,teapot
train/n04398044/n04398044_4573.JPEG,849,teapot
train/n04398044/n04398044_9555.JPEG,849,teapot
train/n04398044/n04398044_15950.JPEG,849,teapot
train/n04399382/n04399382_23022.JPEG,850,teddy bear
train/n04399382/n04399382_37066.JPEG,850,teddy bear
train/n04399382/n04399382_24355.JPEG,850,teddy bear
train/n04399382/n04399382_7072.JPEG,850,teddy bear
train/n04399382/n04399382_20112.JPEG,850,teddy bear
train/n04399382/n04399382_1976.JPEG,850,teddy bear
train/n04399382/n04399382_20721.JPEG,850,teddy bear
train/n04399382/n04399382_12879.JPEG,850,teddy bear
train/n04399382/n04399382_8301.JPEG,850,teddy bear
train/n04399382/n04399382_3418.JPEG,850,teddy bear
train/n04399382/n04399382_28942.JPEG,850,teddy bear
train/n04399382/n04399382_14238.JPEG,850,teddy bear
train/n04399382/n04399382_4803.JPEG,850,teddy bear
train/n04399382/n04399382_13381.JPEG,850,teddy bear
train/n04399382/n04399382_6200.JPEG,850,teddy bear
train/n04399382/n04399382_12741.JPEG,850,teddy bear
train/n04404412/n04404412_18755.JPEG,851,television
train/n04404412/n04404412_32525.JPEG,851,television
train/n04404412/n04404412_37476.JPEG,851,television
train/n04404412/n04404412_24015.JPEG,851,television
train/n04404412/n04404412_15591.JPEG,851,television
train/n04404412/n04404412_14346.JPEG,851,television
train/n04404412/n04404412_13056.JPEG,851,television
train/n04404412/n04404412_10577.JPEG,851,television
train/n04404412/n04404412_23424.JPEG,851,television
train/n04404412/n04404412_33374.JPEG,851,television
train/n04404412/n04404412_24587.JPEG,851,television
train/n04404412/n04404412_8056.JPEG,851,television
train/n04404412/n04404412_7054.JPEG,851,television
train/n04404412/n04404412_3534.JPEG,851,television
train/n04404412/n04404412_28183.JPEG,851,television
train/n04404412/n04404412_12573.JPEG,851,television
train/n04409515/n04409515_7545.JPEG,852,tennis ball
train/n04409515/n04409515_6565.JPEG,852,tennis ball
train/n04409515/n04409515_3457.JPEG,852,tennis ball
train/n04409515/n04409515_3441.JPEG,852,tennis ball
train/n04409515/n04409515_2292.JPEG,852,tennis ball
train/n04409515/n04409515_17438.JPEG,852,tennis ball
train/n04409515/n04409515_6777.JPEG,852,tennis ball
train/n04409515/n04409515_10151.JPEG,852,tennis ball
train/n04409515/n04409515_9858.JPEG,852,tennis ball
train/n04409515/n04409515_16533.JPEG,852,tennis ball
train/n04409515/n04409515_2166.JPEG,852,tennis ball
train/n04409515/n04409515_20774.JPEG,852,tennis ball
train/n04409515/n04409515_1947.JPEG,852,tennis ball
train/n04409515/n04409515_2723.JPEG,852,tennis ball
train/n04409515/n04409515_7401.JPEG,852,tennis ball
train/n04409515/n04409515_5966.JPEG,852,tennis ball
train/n04417672/n04417672_8309.JPEG,853,thatched roof
train/n04417672/n04417672_1213.JPEG,853,thatched roof
train/n04417672/n04417672_21042.JPEG,853,thatched roof
train/n04417672/n04417672_6387.JPEG,853,thatched roof
train/n04417672/n04417672_20592.JPEG,853,thatched roof
train/n04417672/n04417672_4167.JPEG,853,thatched roof
train/n04417672/n04417672_697.JPEG,853,thatched roof
train/n04417672/n04417672_13648.JPEG,853,thatched roof
train/n04417672/n04417672_2350.JPEG,853,thatched roof
train/n04417672/n04417672_2910.JPEG,853,thatched roof
train/n04417672/n04417672_5253.JPEG,853,thatched roof
train/n04417672/n04417672_15508.JPEG,853,thatched roof
train/n04417672/n04417672_11523.JPEG,853,thatched roof
train/n04417672/n04417672_3411.JPEG,853,thatched roof
train/n04417672/n04417672_13274.JPEG,853,thatched roof
train/n04417672/n04417672_373.JPEG,853,thatched roof
train/n04418357/n04418357_10216.JPEG,854,front curtain
train/n04418357/n04418357_3273.JPEG,854,front curtain
train/n04418357/n04418357_11529.JPEG,854,front curtain
train/n04418357/n04418357_24638.JPEG,854,front curtain
train/n04418357/n04418357_7441.JPEG,854,front curtain
train/n04418357/n04418357_23581.JPEG,854,front curtain
train/n04418357/n04418357_17320.JPEG,854,front curtain
train/n04418357/n04418357_2295.JPEG,854,front curtain
train/n04418357/n04418357_2170.JPEG,854,front curtain
train/n04418357/n04418357_17594.JPEG,854,front curtain
train/n04418357/n04418357_18438.JPEG,854,front curtain
train/n04418357/n04418357_18152.JPEG,854,front curtain
train/n04418357/n04418357_11898.JPEG,854,front curtain
train/n04418357/n04418357_7162.JPEG,854,front curtain
train/n04418357/n04418357_9026.JPEG,854,front curtain
train/n04418357/n04418357_20149.JPEG,854,front curtain
train/n04423845/n04423845_9699.JPEG,855,thimble
train/n04423845/n04423845_25935.JPEG,855,thimble
train/n04423845/n04423845_30695.JPEG,855,thimble
train/n04423845/n04423845_13930.JPEG,855,thimble
train/n04423845/n04423845_12577.JPEG,855,thimble
train/n04423845/n04423845_44227.JPEG,855,thimble
train/n04423845/n04423845_3567.JPEG,855,thimble
train/n04423845/n04423845_2397.JPEG,855,thimble
train/n04423845/n04423845_3424.JPEG,855,thimble
train/n04423845/n04423845_13814.JPEG,855,thimble
train/n04423845/n04423845_17425.JPEG,855,thimble
train/n04423845/n04423845_5846.JPEG,855,thimble
train/n04423845/n04423845_242.JPEG,855,thimble
train/n04423845/n04423845_34003.JPEG,855,thimble
train/n04423845/n04423845_6452.JPEG,855,thimble
train/n04423845/n04423845_2379.JPEG,855,thimble
train/n04428191/n04428191_9688.JPEG,856,threshing machine
train/n04428191/n04428191_23245.JPEG,856,threshing machine
train/n04428191/n04428191_39153.JPEG,856,threshing machine
train/n04428191/n04428191_39131.JPEG,856,threshing machine
train/n04428191/n04428191_14681.JPEG,856,threshing machine
train/n04428191/n04428191_25804.JPEG,856,threshing machine
train/n04428191/n04428191_3634.JPEG,856,threshing machine
train/n04428191/n04428191_36507.JPEG,856,threshing machine
train/n04428191/n04428191_38566.JPEG,856,threshing machine
train/n04428191/n04428191_25102.JPEG,856,threshing machine
train/n04428191/n04428191_431.JPEG,856,threshing machine
train/n04428191/n04428191_6306.JPEG,856,threshing machine
train/n04428191/n04428191_19396.JPEG,856,threshing machine
train/n04428191/n04428191_8132.JPEG,856,threshing machine
train/n04428191/n04428191_5966.JPEG,856,threshing machine
train/n04428191/n04428191_4752.JPEG,856,threshing machine
train/n04429376/n04429376_12212.JPEG,857,throne
train/n04429376/n04429376_31596.JPEG,857,throne
train/n04429376/n04429376_4194.JPEG,857,throne
train/n04429376/n04429376_3241.JPEG,857,throne
train/n04429376/n04429376_24375.JPEG,857,throne
train/n04429376/n04429376_24578.JPEG,857,throne
train/n04429376/n04429376_11212.JPEG,857,throne
train/n04429376/n04429376_14107.JPEG,857,throne
train/n04429376/n04429376_1791.JPEG,857,throne
train/n04429376/n04429376_14855.JPEG,857,throne
train/n04429376/n04429376_48520.JPEG,857,throne
train/n04429376/n04429376_2208.JPEG,857,throne
train/n04429376/n04429376_27387.JPEG,857,throne
train/n04429376/n04429376_8124.JPEG,857,throne
train/n04429376/n04429376_14302.JPEG,857,throne
train/n04429376/n04429376_18296.JPEG,857,throne
train/n04435653/n04435653_9163.JPEG,858,tile roof
train/n04435653/n04435653_10493.JPEG,858,tile roof
train/n04435653/n04435653_1060.JPEG,858,tile roof
train/n04435653/n04435653_12571.JPEG,858,tile roof
train/n04435653/n04435653_844.JPEG,858,tile roof
train/n04435653/n04435653_2588.JPEG,858,tile roof
train/n04435653/n04435653_5285.JPEG,858,tile roof
train/n04435653/n04435653_3653.JPEG,858,tile roof
train/n04435653/n04435653_3617.JPEG,858,tile roof
train/n04435653/n04435653_12242.JPEG,858,tile roof
train/n04435653/n04435653_7653.JPEG,858,tile roof
train/n04435653/n04435653_4314.JPEG,858,tile roof
train/n04435653/n04435653_7145.JPEG,858,tile roof
train/n04435653/n04435653_10918.JPEG,858,tile roof
train/n04435653/n04435653_5853.JPEG,858,tile roof
train/n04435653/n04435653_901.JPEG,858,tile roof
train/n04442312/n04442312_1491.JPEG,859,toaster
train/n04442312/n04442312_19893.JPEG,859,toaster
train/n04442312/n04442312_5115.JPEG,859,toaster
train/n04442312/n04442312_8310.JPEG,859,toaster
train/n04442312/n04442312_4323.JPEG,859,toaster
train/n04442312/n04442312_30029.JPEG,859,toaster
train/n04442312/n04442312_7429.JPEG,859,toaster
train/n04442312/n04442312_9465.JPEG,859,toaster
train/n04442312/n04442312_1545.JPEG,859,toaster
train/n04442312/n04442312_22671.JPEG,859,toaster
train/n04442312/n04442312_16804.JPEG,859,toaster
train/n04442312/n04442312_6705.JPEG,859,toaster
train/n04442312/n04442312_8380.JPEG,859,toaster
train/n04442312/n04442312_19010.JPEG,859,toaster
train/n04442312/n04442312_1784.JPEG,859,toaster
train/n04442312/n04442312_3993.JPEG,859,toaster
train/n04443257/n04443257_5125.JPEG,860,tobacco shop
train/n04443257/n04443257_4273.JPEG,860,tobacco shop
train/n04443257/n04443257_2648.JPEG,860,tobacco shop
train/n04443257/n04443257_11518.JPEG,860,tobacco shop
train/n04443257/n04443257_35915.JPEG,860,tobacco shop
train/n04443257/n04443257_7606.JPEG,860,tobacco shop
train/n04443257/n04443257_9287.JPEG,860,tobacco shop
train/n04443257/n04443257_44087.JPEG,860,tobacco shop
train/n04443257/n04443257_16554.JPEG,860,tobacco shop
train/n04443257/n04443257_8626.JPEG,860,tobacco shop
train/n04443257/n04443257_7091.JPEG,860,tobacco shop
train/n04443257/n04443257_3425.JPEG,860,tobacco shop
train/n04443257/n04443257_33786.JPEG,860,tobacco shop
train/n04443257/n04443257_20335.JPEG,860,tobacco shop
train/n04443257/n04443257_11769.JPEG,860,tobacco shop
train/n04443257/n04443257_2973.JPEG,860,tobacco shop
train/n04447861/n04447861_962.JPEG,861,toilet seat
train/n04447861/n04447861_2692.JPEG,861,toilet seat
train/n04447861/n04447861_2814.JPEG,861,toilet seat
train/n04447861/n04447861_4223.JPEG,861,toilet seat
train/n04447861/n04447861_3741.JPEG,861,toilet seat
train/n04447861/n04447861_5890.JPEG,861,toilet seat
train/n04447861/n04447861_2538.JPEG,861,toilet seat
train/n04447861/n04447861_2164.JPEG,861,toilet seat
train/n04447861/n04447861_3906.JPEG,861,toilet seat
train/n04447861/n04447861_1844.JPEG,861,toilet seat
train/n04447861/n04447861_3797.JPEG,861,toilet seat
train/n04447861/n04447861_8009.JPEG,861,toilet seat
train/n04447861/n04447861_7513.JPEG,861,toilet seat
train/n04447861/n04447861_10738.JPEG,861,toilet seat
train/n04447861/n04447861_5815.JPEG,861,toilet seat
train/n04447861/n04447861_331.JPEG,861,toilet seat
train/n04456115/n04456115_11069.JPEG,862,torch
train/n04456115/n04456115_28263.JPEG,862,torch
train/n04456115/n04456115_9231.JPEG,862,torch
train/n04456115/n04456115_15813.JPEG,862,torch
train/n04456115/n04456115_15120.JPEG,862,torch
train/n04456115/n04456115_40351.JPEG,862,torch
train/n04456115/n04456115_1760.JPEG,862,torch
train/n04456115/n04456115_23217.JPEG,862,torch
train/n04456115/n04456115_29499.JPEG,862,torch
train/n04456115/n04456115_42009.JPEG,862,torch
train/n04456115/n04456115_15942.JPEG,862,torch
train/n04456115/n04456115_20455.JPEG,862,torch
train/n04456115/n04456115_11983.JPEG,862,torch
train/n04456115/n04456115_30247.JPEG,862,torch
train/n04456115/n04456115_13925.JPEG,862,torch
train/n04456115/n04456115_11730.JPEG,862,torch
train/n04458633/n04458633_11408.JPEG,863,totem pole
train/n04458633/n04458633_14731.JPEG,863,totem pole
train/n04458633/n04458633_7265.JPEG,863,totem pole
train/n04458633/n04458633_7845.JPEG,863,totem pole
train/n04458633/n04458633_2299.JPEG,863,totem pole
train/n04458633/n04458633_6396.JPEG,863,totem pole
train/n04458633/n04458633_6458.JPEG,863,totem pole
train/n04458633/n04458633_10654.JPEG,863,totem pole
train/n04458633/n04458633_9428.JPEG,863,totem pole
train/n04458633/n04458633_4896.JPEG,863,totem pole
train/n04458633/n04458633_15092.JPEG,863,totem pole
train/n04458633/n04458633_7017.JPEG,863,totem pole
train/n04458633/n04458633_61.JPEG,863,totem pole
train/n04458633/n04458633_22028.JPEG,863,totem pole
train/n04458633/n04458633_12150.JPEG,863,totem pole
train/n04458633/n04458633_14900.JPEG,863,totem pole
train/n04461696/n04461696_11462.JPEG,864,tow truck
train/n04461696/n04461696_12736.JPEG,864,tow truck
train/n04461696/n04461696_6114.JPEG,864,tow truck
train/n04461696/n04461696_14803.JPEG,864,tow truck
train/n04461696/n04461696_4949.JPEG,864,tow truck
train/n04461696/n04461696_11029.JPEG,864,tow truck
train/n04461696/n04461696_7036.JPEG,864,tow truck
train/n04461696/n04461696_1864.JPEG,864,tow truck
train/n04461696/n04461696_9109.JPEG,864,tow truck
train/n04461696/n04461696_16522.JPEG,864,tow truck
train/n04461696/n04461696_16350.JPEG,864,tow truck
train/n04461696/n04461696_10555.JPEG,864,tow truck
train/n04461696/n04461696_14292.JPEG,864,tow truck
train/n04461696/n04461696_17077.JPEG,864,tow truck
train/n04461696/n04461696_746.JPEG,864,tow truck
train/n04461696/n04461696_1888.JPEG,864,tow truck
train/n04462240/n04462240_11024.JPEG,865,toy store
train/n04462240/n04462240_6014.JPEG,865,toy store
train/n04462240/n04462240_27383.JPEG,865,toy store
train/n04462240/n04462240_9902.JPEG,865,toy store
train/n04462240/n04462240_14925.JPEG,865,toy store
train/n04462240/n04462240_9174.JPEG,865,toy store
train/n04462240/n04462240_8827.JPEG,865,toy store
train/n04462240/n04462240_12531.JPEG,865,toy store
train/n04462240/n04462240_28225.JPEG,865,toy store
train/n04462240/n04462240_5897.JPEG,865,toy store
train/n04462240/n04462240_10033.JPEG,865,toy store
train/n04462240/n04462240_3840.JPEG,865,toy store
train/n04462240/n04462240_10306.JPEG,865,toy store
train/n04462240/n04462240_9448.JPEG,865,toy store
train/n04462240/n04462240_3381.JPEG,865,toy store
train/n04462240/n04462240_11407.JPEG,865,toy store
train/n04465501/n04465501_1499.JPEG,866,tractor
train/n04465501/n04465501_4219.JPEG,866,tractor
train/n04465501/n04465501_2439.JPEG,866,tractor
train/n04465501/n04465501_8791.JPEG,866,tractor
train/n04465501/n04465501_7478.JPEG,866,tractor
train/n04465501/n04465501_619.JPEG,866,tractor
train/n04465501/n04465501_8583.JPEG,866,tractor
train/n04465501/n04465501_3494.JPEG,866,tractor
train/n04465501/n04465501_10706.JPEG,866,tractor
train/n04465501/n04465501_10065.JPEG,866,tractor
train/n04465501/n04465501_7823.JPEG,866,tractor
train/n04465501/n04465501_10967.JPEG,866,tractor
train/n04465501/n04465501_1764.JPEG,866,tractor
train/n04465501/n04465501_2895.JPEG,866,tractor
train/n04465501/n04465501_5294.JPEG,866,tractor
train/n04465501/n04465501_509.JPEG,866,tractor
train/n04467665/n04467665_25043.JPEG,867,semi-trailer truck
train/n04467665/n04467665_12820.JPEG,867,semi-trailer truck
train/n04467665/n04467665_30457.JPEG,867,semi-trailer truck
train/n04467665/n04467665_22362.JPEG,867,semi-trailer truck
train/n04467665/n04467665_50932.JPEG,867,semi-trailer truck
train/n04467665/n04467665_50721.JPEG,867,semi-trailer truck
train/n04467665/n04467665_44911.JPEG,867,semi-trailer truck
train/n04467665/n04467665_69216.JPEG,867,semi-trailer truck
train/n04467665/n04467665_15500.JPEG,867,semi-trailer truck
train/n04467665/n04467665_9273.JPEG,867,semi-trailer truck
train/n04467665/n04467665_6477.JPEG,867,semi-trailer truck
train/n04467665/n04467665_55822.JPEG,867,semi-trailer truck
train/n04467665/n04467665_2240.JPEG,867,semi-trailer truck
train/n04467665/n04467665_41.JPEG,867,semi-trailer truck
train/n04467665/n04467665_67726.JPEG,867,semi-trailer truck
train/n04467665/n04467665_23680.JPEG,867,semi-trailer truck
train/n04476259/n04476259_41149.JPEG,868,tray
train/n04476259/n04476259_10197.JPEG,868,tray
train/n04476259/n04476259_9605.JPEG,868,tray
train/n04476259/n04476259_7408.JPEG,868,tray
train/n04476259/n04476259_22150.JPEG,868,tray
train/n04476259/n04476259_14137.JPEG,868,tray
train/n04476259/n04476259_7611.JPEG,868,tray
train/n04476259/n04476259_1743.JPEG,868,tray
train/n04476259/n04476259_11092.JPEG,868,tray
train/n04476259/n04476259_11663.JPEG,868,tray
train/n04476259/n04476259_3286.JPEG,868,tray
train/n04476259/n04476259_21497.JPEG,868,tray
train/n04476259/n04476259_23154.JPEG,868,tray
train/n04476259/n04476259_49948.JPEG,868,tray
train/n04476259/n04476259_3639.JPEG,868,tray
train/n04476259/n04476259_11769.JPEG,868,tray
train/n04479046/n04479046_28355.JPEG,869,trench coat
train/n04479046/n04479046_6952.JPEG,869,trench coat
train/n04479046/n04479046_7305.JPEG,869,trench coat
train/n04479046/n04479046_9070.JPEG,869,trench coat
train/n04479046/n04479046_1598.JPEG,869,trench coat
train/n04479046/n04479046_3740.JPEG,869,trench coat
train/n04479046/n04479046_2030.JPEG,869,trench coat
train/n04479046/n04479046_6108.JPEG,869,trench coat
train/n04479046/n04479046_12014.JPEG,869,trench coat
train/n04479046/n04479046_6304.JPEG,869,trench coat
train/n04479046/n04479046_15934.JPEG,869,trench coat
train/n04479046/n04479046_2005.JPEG,869,trench coat
train/n04479046/n04479046_15305.JPEG,869,trench coat
train/n04479046/n04479046_19469.JPEG,869,trench coat
train/n04479046/n04479046_5241.JPEG,869,trench coat
train/n04479046/n04479046_11908.JPEG,869,trench coat
train/n04482393/n04482393_11962.JPEG,870,tricycle
train/n04482393/n04482393_11292.JPEG,870,tricycle
train/n04482393/n04482393_14989.JPEG,870,tricycle
train/n04482393/n04482393_5239.JPEG,870,tricycle
train/n04482393/n04482393_24745.JPEG,870,tricycle
train/n04482393/n04482393_3164.JPEG,870,tricycle
train/n04482393/n04482393_5855.JPEG,870,tricycle
train/n04482393/n04482393_3645.JPEG,870,tricycle
train/n04482393/n04482393_14969.JPEG,870,tricycle
train/n04482393/n04482393_10525.JPEG,870,tricycle
train/n04482393/n04482393_11464.JPEG,870,tricycle
train/n04482393/n04482393_13145.JPEG,870,tricycle
train/n04482393/n04482393_12992.JPEG,870,tricycle
train/n04482393/n04482393_32655.JPEG,870,tricycle
train/n04482393/n04482393_9341.JPEG,870,tricycle
train/n04482393/n04482393_23887.JPEG,870,tricycle
train/n04483307/n04483307_1019.JPEG,871,trimaran
train/n04483307/n04483307_6514.JPEG,871,trimaran
train/n04483307/n04483307_11118.JPEG,871,trimaran
train/n04483307/n04483307_10362.JPEG,871,trimaran
train/n04483307/n04483307_10.JPEG,871,trimaran
train/n04483307/n04483307_7170.JPEG,871,trimaran
train/n04483307/n04483307_12243.JPEG,871,trimaran
train/n04483307/n04483307_10373.JPEG,871,trimaran
train/n04483307/n04483307_9272.JPEG,871,trimaran
train/n04483307/n04483307_9938.JPEG,871,trimaran
train/n04483307/n04483307_18405.JPEG,871,trimaran
train/n04483307/n04483307_17760.JPEG,871,trimaran
train/n04483307/n04483307_10767.JPEG,871,trimaran
train/n04483307/n04483307_9563.JPEG,871,trimaran
train/n04483307/n04483307_1224.JPEG,871,trimaran
train/n04483307/n04483307_9278.JPEG,871,trimaran
train/n04485082/n04485082_6187.JPEG,872,tripod
train/n04485082/n04485082_14927.JPEG,872,tripod
train/n04485082/n04485082_6193.JPEG,872,tripod
train/n04485082/n04485082_15593.JPEG,872,tripod
train/n04485082/n04485082_670.JPEG,872,tripod
train/n04485082/n04485082_14217.JPEG,872,tripod
train/n04485082/n04485082_1290.JPEG,872,tripod
train/n04485082/n04485082_36074.JPEG,872,tripod
train/n04485082/n04485082_18303.JPEG,872,tripod
train/n04485082/n04485082_1008.JPEG,872,tripod
train/n04485082/n04485082_9615.JPEG,872,tripod
train/n04485082/n04485082_32990.JPEG,872,tripod
train/n04485082/n04485082_3948.JPEG,872,tripod
train/n04485082/n04485082_2226.JPEG,872,tripod
train/n04485082/n04485082_38333.JPEG,872,tripod
train/n04485082/n04485082_17166.JPEG,872,tripod
train/n04486054/n04486054_11909.JPEG,873,triumphal arch
train/n04486054/n04486054_9183.JPEG,873,triumphal arch
train/n04486054/n04486054_15803.JPEG,873,triumphal arch
train/n04486054/n04486054_1398.JPEG,873,triumphal arch
train/n04486054/n04486054_11333.JPEG,873,triumphal arch
train/n04486054/n04486054_11028.JPEG,873,triumphal arch
train/n04486054/n04486054_6208.JPEG,873,triumphal arch
train/n04486054/n04486054_8146.JPEG,873,triumphal arch
train/n04486054/n04486054_26437.JPEG,873,triumphal arch
train/n04486054/n04486054_11117.JPEG,873,triumphal arch
train/n04486054/n04486054_19660.JPEG,873,triumphal arch
train/n04486054/n04486054_10117.JPEG,873,triumphal arch
train/n04486054/n04486054_7027.JPEG,873,triumphal arch
train/n04486054/n04486054_10802.JPEG,873,triumphal arch
train/n04486054/n04486054_10554.JPEG,873,triumphal arch
train/n04486054/n04486054_10244.JPEG,873,triumphal arch
train/n04487081/n04487081_4172.JPEG,874,trolleybus
train/n04487081/n04487081_19837.JPEG,874,trolleybus
train/n04487081/n04487081_31919.JPEG,874,trolleybus
train/n04487081/n04487081_17226.JPEG,874,trolleybus
train/n04487081/n04487081_14922.JPEG,874,trolleybus
train/n04487081/n04487081_10815.JPEG,874,trolleybus
train/n04487081/n04487081_19855.JPEG,874,trolleybus
train/n04487081/n04487081_25260.JPEG,874,trolleybus
train/n04487081/n04487081_4048.JPEG,874,trolleybus
train/n04487081/n04487081_15682.JPEG,874,trolleybus
train/n04487081/n04487081_19625.JPEG,874,trolleybus
train/n04487081/n04487081_9717.JPEG,874,trolleybus
train/n04487081/n04487081_11861.JPEG,874,trolleybus
train/n04487081/n04487081_10292.JPEG,874,trolleybus
train/n04487081/n04487081_7351.JPEG,874,trolleybus
train/n04487081/n04487081_21297.JPEG,874,trolleybus
train/n04487394/n04487394_22340.JPEG,875,trombone
train/n04487394/n04487394_13580.JPEG,875,trombone
train/n04487394/n04487394_20368.JPEG,875,trombone
train/n04487394/n04487394_6403.JPEG,875,trombone
train/n04487394/n04487394_18059.JPEG,875,trombone
train/n04487394/n04487394_22726.JPEG,875,trombone
train/n04487394/n04487394_15912.JPEG,875,trombone
train/n04487394/n04487394_24064.JPEG,875,trombone
train/n04487394/n04487394_18803.JPEG,875,trombone
train/n04487394/n04487394_23465.JPEG,875,trombone
train/n04487394/n04487394_15727.JPEG,875,trombone
train/n04487394/n04487394_18937.JPEG,875,trombone
train/n04487394/n04487394_20588.JPEG,875,trombone
train/n04487394/n04487394_19059.JPEG,875,trombone
train/n04487394/n04487394_26423.JPEG,875,trombone
train/n04487394/n04487394_39304.JPEG,875,trombone
train/n04493381/n04493381_15262.JPEG,876,hot tub
train/n04493381/n04493381_19245.JPEG,876,hot tub
train/n04493381/n04493381_4921.JPEG,876,hot tub
train/n04493381/n04493381_13982.JPEG,876,hot tub
train/n04493381/n04493381_22207.JPEG,876,hot tub
train/n04493381/n04493381_9344.JPEG,876,hot tub
train/n04493381/n04493381_19519.JPEG,876,hot tub
train/n04493381/n04493381_60294.JPEG,876,hot tub
train/n04493381/n04493381_45804.JPEG,876,hot tub
train/n04493381/n04493381_33042.JPEG,876,hot tub
train/n04493381/n04493381_8378.JPEG,876,hot tub
train/n04493381/n04493381_44490.JPEG,876,hot tub
train/n04493381/n04493381_14506.JPEG,876,hot tub
train/n04493381/n04493381_15968.JPEG,876,hot tub
train/n04493381/n04493381_18272.JPEG,876,hot tub
train/n04493381/n04493381_10625.JPEG,876,hot tub
train/n04501370/n04501370_5097.JPEG,877,turnstile
train/n04501370/n04501370_24116.JPEG,877,turnstile
train/n04501370/n04501370_29951.JPEG,877,turnstile
train/n04501370/n04501370_16279.JPEG,877,turnstile
train/n04501370/n04501370_7431.JPEG,877,turnstile
train/n04501370/n04501370_5717.JPEG,877,turnstile
train/n04501370/n04501370_18518.JPEG,877,turnstile
train/n04501370/n04501370_18042.JPEG,877,turnstile
train/n04501370/n04501370_16417.JPEG,877,turnstile
train/n04501370/n04501370_1323.JPEG,877,turnstile
train/n04501370/n04501370_11528.JPEG,877,turnstile
train/n04501370/n04501370_7434.JPEG,877,turnstile
train/n04501370/n04501370_2228.JPEG,877,turnstile
train/n04501370/n04501370_13768.JPEG,877,turnstile
train/n04501370/n04501370_6931.JPEG,877,turnstile
train/n04501370/n04501370_9680.JPEG,877,turnstile
train/n04505470/n04505470_5346.JPEG,878,typewriter keyboard
train/n04505470/n04505470_1294.JPEG,878,typewriter keyboard
train/n04505470/n04505470_3048.JPEG,878,typewriter keyboard
train/n04505470/n04505470_8940.JPEG,878,typewriter keyboard
train/n04505470/n04505470_7021.JPEG,878,typewriter keyboard
train/n04505470/n04505470_4673.JPEG,878,typewriter keyboard
train/n04505470/n04505470_4168.JPEG,878,typewriter keyboard
train/n04505470/n04505470_4401.JPEG,878,typewriter keyboard
train/n04505470/n04505470_734.JPEG,878,typewriter keyboard
train/n04505470/n04505470_2235.JPEG,878,typewriter keyboard
train/n04505470/n04505470_713.JPEG,878,typewriter keyboard
train/n04505470/n04505470_10244.JPEG,878,typewriter keyboard
train/n04505470/n04505470_4500.JPEG,878,typewriter keyboard
train/n04505470/n04505470_4974.JPEG,878,typewriter keyboard
train/n04505470/n04505470_4548.JPEG,878,typewriter keyboard
train/n04505470/n04505470_3140.JPEG,878,typewriter keyboard
train/n04507155/n04507155_1563.JPEG,879,umbrella
train/n04507155/n04507155_27059.JPEG,879,umbrella
train/n04507155/n04507155_27624.JPEG,879,umbrella
train/n04507155/n04507155_17991.JPEG,879,umbrella
train/n04507155/n04507155_14080.JPEG,879,umbrella
train/n04507155/n04507155_26390.JPEG,879,umbrella
train/n04507155/n04507155_8914.JPEG,879,umbrella
train/n04507155/n04507155_9127.JPEG,879,umbrella
train/n04507155/n04507155_6187.JPEG,879,umbrella
train/n04507155/n04507155_3964.JPEG,879,umbrella
train/n04507155/n04507155_34534.JPEG,879,umbrella
train/n04507155/n04507155_9131.JPEG,879,umbrella
train/n04507155/n04507155_17266.JPEG,879,umbrella
train/n04507155/n04507155_19620.JPEG,879,umbrella
train/n04507155/n04507155_3686.JPEG,879,umbrella
train/n04507155/n04507155_23371.JPEG,879,umbrella
train/n04509417/n04509417_1871.JPEG,880,unicycle
train/n04509417/n04509417_2843.JPEG,880,unicycle
train/n04509417/n04509417_353.JPEG,880,unicycle
train/n04509417/n04509417_4740.JPEG,880,unicycle
train/n04509417/n04509417_1979.JPEG,880,unicycle
train/n04509417/n04509417_1633.JPEG,880,unicycle
train/n04509417/n04509417_4966.JPEG,880,unicycle
train/n04509417/n04509417_1235.JPEG,880,unicycle
train/n04509417/n04509417_3697.JPEG,880,unicycle
train/n04509417/n04509417_3813.JPEG,880,unicycle
train/n04509417/n04509417_4927.JPEG,880,unicycle
train/n04509417/n04509417_22.JPEG,880,unicycle
train/n04509417/n04509417_6481.JPEG,880,unicycle
train/n04509417/n04509417_3413.JPEG,880,unicycle
train/n04509417/n04509417_3162.JPEG,880,unicycle
train/n04509417/n04509417_2380.JPEG,880,unicycle
train/n04515003/n04515003_32936.JPEG,881,upright piano
train/n04515003/n04515003_6770.JPEG,881,upright piano
train/n04515003/n04515003_36682.JPEG,881,upright piano
train/n04515003/n04515003_3294.JPEG,881,upright piano
train/n04515003/n04515003_4.JPEG,881,upright piano
train/n04515003/n04515003_23405.JPEG,881,upright piano
train/n04515003/n04515003_21447.JPEG,881,upright piano
train/n04515003/n04515003_36099.JPEG,881,upright piano
train/n04515003/n04515003_2753.JPEG,881,upright piano
train/n04515003/n04515003_9964.JPEG,881,upright piano
train/n04515003/n04515003_15977.JPEG,881,upright piano
train/n04515003/n04515003_1856.JPEG,881,upright piano
train/n04515003/n04515003_1767.JPEG,881,upright piano
train/n04515003/n04515003_13488.JPEG,881,upright piano
train/n04515003/n04515003_1198.JPEG,881,upright piano
train/n04515003/n04515003_19317.JPEG,881,upright piano
train/n04517823/n04517823_9833.JPEG,882,vacuum cleaner
train/n04517823/n04517823_26482.JPEG,882,vacuum cleaner
train/n04517823/n04517823_8933.JPEG,882,vacuum cleaner
train/n04517823/n04517823_6999.JPEG,882,vacuum cleaner
train/n04517823/n04517823_11001.JPEG,882,vacuum cleaner
train/n04517823/n04517823_28445.JPEG,882,vacuum cleaner
train/n04517823/n04517823_17292.JPEG,882,vacuum cleaner
train/n04517823/n04517823_9278.JPEG,882,vacuum cleaner
train/n04517823/n04517823_17541.JPEG,882,vacuum cleaner
train/n04517823/n04517823_21250.JPEG,882,vacuum cleaner
train/n04517823/n04517823_4049.JPEG,882,vacuum cleaner
train/n04517823/n04517823_9304.JPEG,882,vacuum cleaner
train/n04517823/n04517823_13906.JPEG,882,vacuum cleaner
train/n04517823/n04517823_27501.JPEG,882,vacuum cleaner
train/n04517823/n04517823_14760.JPEG,882,vacuum cleaner
train/n04517823/n04517823_577.JPEG,882,vacuum cleaner
train/n04522168/n04522168_38674.JPEG,883,vase
train/n04522168/n04522168_51723.JPEG,883,vase
train/n04522168/n04522168_47672.JPEG,883,vase
train/n04522168/n04522168_5786.JPEG,883,vase
train/n04522168/n04522168_11791.JPEG,883,vase
train/n04522168/n04522168_11913.JPEG,883,vase
train/n04522168/n04522168_43130.JPEG,883,vase
train/n04522168/n04522168_7649.JPEG,883,vase
train/n04522168/n04522168_8635.JPEG,883,vase
train/n04522168/n04522168_3518.JPEG,883,vase
train/n04522168/n04522168_47829.JPEG,883,vase
train/n04522168/n04522168_2843.JPEG,883,vase
train/n04522168/n04522168_3754.JPEG,883,vase
train/n04522168/n04522168_37819.JPEG,883,vase
train/n04522168/n04522168_13073.JPEG,883,vase
train/n04522168/n04522168_12192.JPEG,883,vase
train/n04523525/n04523525_12267.JPEG,884,vaulted or arched ceiling
train/n04523525/n04523525_12123.JPEG,884,vaulted or arched ceiling
train/n04523525/n04523525_38718.JPEG,884,vaulted or arched ceiling
train/n04523525/n04523525_252.JPEG,884,vaulted or arched ceiling
train/n04523525/n04523525_20391.JPEG,884,vaulted or arched ceiling
train/n04523525/n04523525_12246.JPEG,884,vaulted or arched ceiling
train/n04523525/n04523525_19488.JPEG,884,vaulted or arched ceiling
train/n04523525/n04523525_18251.JPEG,884,vaulted or arched ceiling
train/n04523525/n04523525_11213.JPEG,884,vaulted or arched ceiling
train/n04523525/n04523525_18883.JPEG,884,vaulted or arched ceiling
train/n04523525/n04523525_496.JPEG,884,vaulted or arched ceiling
train/n04523525/n04523525_19038.JPEG,884,vaulted or arched ceiling
train/n04523525/n04523525_3608.JPEG,884,vaulted or arched ceiling
train/n04523525/n04523525_7534.JPEG,884,vaulted or arched ceiling
train/n04523525/n04523525_16445.JPEG,884,vaulted or arched ceiling
train/n04523525/n04523525_9653.JPEG,884,vaulted or arched ceiling
train/n04525038/n04525038_7856.JPEG,885,velvet fabric
train/n04525038/n04525038_7626.JPEG,885,velvet fabric
train/n04525038/n04525038_2806.JPEG,885,velvet fabric
train/n04525038/n04525038_24186.JPEG,885,velvet fabric
train/n04525038/n04525038_3373.JPEG,885,velvet fabric
train/n04525038/n04525038_2006.JPEG,885,velvet fabric
train/n04525038/n04525038_38002.JPEG,885,velvet fabric
train/n04525038/n04525038_8935.JPEG,885,velvet fabric
train/n04525038/n04525038_17436.JPEG,885,velvet fabric
train/n04525038/n04525038_41257.JPEG,885,velvet fabric
train/n04525038/n04525038_9494.JPEG,885,velvet fabric
train/n04525038/n04525038_14080.JPEG,885,velvet fabric
train/n04525038/n04525038_17900.JPEG,885,velvet fabric
train/n04525038/n04525038_24840.JPEG,885,velvet fabric
train/n04525038/n04525038_28699.JPEG,885,velvet fabric
train/n04525038/n04525038_7675.JPEG,885,velvet fabric
train/n04525305/n04525305_3092.JPEG,886,vending machine
train/n04525305/n04525305_10794.JPEG,886,vending machine
train/n04525305/n04525305_4906.JPEG,886,vending machine
train/n04525305/n04525305_10402.JPEG,886,vending machine
train/n04525305/n04525305_10472.JPEG,886,vending machine
train/n04525305/n04525305_10609.JPEG,886,vending machine
train/n04525305/n04525305_9784.JPEG,886,vending machine
train/n04525305/n04525305_1396.JPEG,886,vending machine
train/n04525305/n04525305_1568.JPEG,886,vending machine
train/n04525305/n04525305_5555.JPEG,886,vending machine
train/n04525305/n04525305_11118.JPEG,886,vending machine
train/n04525305/n04525305_19060.JPEG,886,vending machine
train/n04525305/n04525305_724.JPEG,886,vending machine
train/n04525305/n04525305_14901.JPEG,886,vending machine
train/n04525305/n04525305_10852.JPEG,886,vending machine
train/n04525305/n04525305_1919.JPEG,886,vending machine
train/n04532106/n04532106_989.JPEG,887,vestment
train/n04532106/n04532106_10785.JPEG,887,vestment
train/n04532106/n04532106_7058.JPEG,887,vestment
train/n04532106/n04532106_10669.JPEG,887,vestment
train/n04532106/n04532106_11135.JPEG,887,vestment
train/n04532106/n04532106_17794.JPEG,887,vestment
train/n04532106/n04532106_4254.JPEG,887,vestment
train/n04532106/n04532106_12401.JPEG,887,vestment
train/n04532106/n04532106_16681.JPEG,887,vestment
train/n04532106/n04532106_14116.JPEG,887,vestment
train/n04532106/n04532106_17535.JPEG,887,vestment
train/n04532106/n04532106_13504.JPEG,887,vestment
train/n04532106/n04532106_11571.JPEG,887,vestment
train/n04532106/n04532106_5180.JPEG,887,vestment
train/n04532106/n04532106_1634.JPEG,887,vestment
train/n04532106/n04532106_11375.JPEG,887,vestment
train/n04532670/n04532670_17469.JPEG,888,viaduct
train/n04532670/n04532670_6547.JPEG,888,viaduct
train/n04532670/n04532670_1303.JPEG,888,viaduct
train/n04532670/n04532670_2583.JPEG,888,viaduct
train/n04532670/n04532670_19783.JPEG,888,viaduct
train/n04532670/n04532670_263.JPEG,888,viaduct
train/n04532670/n04532670_2061.JPEG,888,viaduct
train/n04532670/n04532670_33222.JPEG,888,viaduct
train/n04532670/n04532670_10.JPEG,888,viaduct
train/n04532670/n04532670_11243.JPEG,888,viaduct
train/n04532670/n04532670_37690.JPEG,888,viaduct
train/n04532670/n04532670_16449.JPEG,888,viaduct
train/n04532670/n04532670_535.JPEG,888,viaduct
train/n04532670/n04532670_619.JPEG,888,viaduct
train/n04532670/n04532670_6769.JPEG,888,viaduct
train/n04532670/n04532670_12115.JPEG,888,viaduct
train/n04536866/n04536866_40932.JPEG,889,violin
train/n04536866/n04536866_12762.JPEG,889,violin
train/n04536866/n04536866_14906.JPEG,889,violin
train/n04536866/n04536866_14004.JPEG,889,violin
train/n04536866/n04536866_9808.JPEG,889,violin
train/n04536866/n04536866_8898.JPEG,889,violin
train/n04536866/n04536866_1484.JPEG,889,violin
train/n04536866/n04536866_4606.JPEG,889,violin
train/n04536866/n04536866_18976.JPEG,889,violin
train/n04536866/n04536866_19080.JPEG,889,violin
train/n04536866/n04536866_780.JPEG,889,violin
train/n04536866/n04536866_3607.JPEG,889,violin
train/n04536866/n04536866_17470.JPEG,889,violin
train/n04536866/n04536866_4549.JPEG,889,violin
train/n04536866/n04536866_9554.JPEG,889,violin
train/n04536866/n04536866_1641.JPEG,889,violin
train/n04540053/n04540053_15083.JPEG,890,volleyball
train/n04540053/n04540053_11645.JPEG,890,volleyball
train/n04540053/n04540053_14131.JPEG,890,volleyball
train/n04540053/n04540053_2199.JPEG,890,volleyball
train/n04540053/n04540053_9447.JPEG,890,volleyball
train/n04540053/n04540053_10885.JPEG,890,volleyball
train/n04540053/n04540053_16790.JPEG,890,volleyball
train/n04540053/n04540053_13180.JPEG,890,volleyball
train/n04540053/n04540053_9512.JPEG,890,volleyball
train/n04540053/n04540053_15280.JPEG,890,volleyball
train/n04540053/n04540053_7314.JPEG,890,volleyball
train/n04540053/n04540053_9240.JPEG,890,volleyball
train/n04540053/n04540053_10678.JPEG,890,volleyball
train/n04540053/n04540053_10589.JPEG,890,volleyball
train/n04540053/n04540053_13478.JPEG,890,volleyball
train/n04540053/n04540053_6472.JPEG,890,volleyball
train/n04542943/n04542943_6517.JPEG,891,waffle iron
train/n04542943/n04542943_5142.JPEG,891,waffle iron
train/n04542943/n04542943_2578.JPEG,891,waffle iron
train/n04542943/n04542943_4908.JPEG,891,waffle iron
train/n04542943/n04542943_5553.JPEG,891,waffle iron
train/n04542943/n04542943_12921.JPEG,891,waffle iron
train/n04542943/n04542943_3275.JPEG,891,waffle iron
train/n04542943/n04542943_1965.JPEG,891,waffle iron
train/n04542943/n04542943_273.JPEG,891,waffle iron
train/n04542943/n04542943_9568.JPEG,891,waffle iron
train/n04542943/n04542943_611.JPEG,891,waffle iron
train/n04542943/n04542943_2222.JPEG,891,waffle iron
train/n04542943/n04542943_5360.JPEG,891,waffle iron
train/n04542943/n04542943_1888.JPEG,891,waffle iron
train/n04542943/n04542943_152.JPEG,891,waffle iron
train/n04542943/n04542943_4672.JPEG,891,waffle iron
train/n04548280/n04548280_1069.JPEG,892,wall clock
train/n04548280/n04548280_3644.JPEG,892,wall clock
train/n04548280/n04548280_17723.JPEG,892,wall clock
train/n04548280/n04548280_5519.JPEG,892,wall clock
train/n04548280/n04548280_1032.JPEG,892,wall clock
train/n04548280/n04548280_21343.JPEG,892,wall clock
train/n04548280/n04548280_6388.JPEG,892,wall clock
train/n04548280/n04548280_189.JPEG,892,wall clock
train/n04548280/n04548280_7370.JPEG,892,wall clock
train/n04548280/n04548280_24096.JPEG,892,wall clock
train/n04548280/n04548280_4466.JPEG,892,wall clock
train/n04548280/n04548280_8464.JPEG,892,wall clock
train/n04548280/n04548280_3864.JPEG,892,wall clock
train/n04548280/n04548280_3389.JPEG,892,wall clock
train/n04548280/n04548280_4397.JPEG,892,wall clock
train/n04548280/n04548280_3562.JPEG,892,wall clock
train/n04548362/n04548362_449.JPEG,893,wallet
train/n04548362/n04548362_37741.JPEG,893,wallet
train/n04548362/n04548362_42232.JPEG,893,wallet
train/n04548362/n04548362_43820.JPEG,893,wallet
train/n04548362/n04548362_8926.JPEG,893,wallet
train/n04548362/n04548362_13435.JPEG,893,wallet
train/n04548362/n04548362_9783.JPEG,893,wallet
train/n04548362/n04548362_208.JPEG,893,wallet
train/n04548362/n04548362_7912.JPEG,893,wallet
train/n04548362/n04548362_74675.JPEG,893,wallet
train/n04548362/n04548362_12707.JPEG,893,wallet
train/n04548362/n04548362_4317.JPEG,893,wallet
train/n04548362/n04548362_8106.JPEG,893,wallet
train/n04548362/n04548362_43302.JPEG,893,wallet
train/n04548362/n04548362_19232.JPEG,893,wallet
train/n04548362/n04548362_34087.JPEG,893,wallet
train/n04550184/n04550184_17467.JPEG,894,wardrobe
train/n04550184/n04550184_17334.JPEG,894,wardrobe
train/n04550184/n04550184_48074.JPEG,894,wardrobe
train/n04550184/n04550184_73021.JPEG,894,wardrobe
train/n04550184/n04550184_15501.JPEG,894,wardrobe
train/n04550184/n04550184_38713.JPEG,894,wardrobe
train/n04550184/n04550184_41674.JPEG,894,wardrobe
train/n04550184/n04550184_54840.JPEG,894,wardrobe
train/n04550184/n04550184_23603.JPEG,894,wardrobe
train/n04550184/n04550184_21715.JPEG,894,wardrobe
train/n04550184/n04550184_3290.JPEG,894,wardrobe
train/n04550184/n04550184_20037.JPEG,894,wardrobe
train/n04550184/n04550184_66633.JPEG,894,wardrobe
train/n04550184/n04550184_73593.JPEG,894,wardrobe
train/n04550184/n04550184_39420.JPEG,894,wardrobe
train/n04550184/n04550184_63560.JPEG,894,wardrobe
train/n04552348/n04552348_24023.JPEG,895,military aircraft
train/n04552348/n04552348_148.JPEG,895,military aircraft
train/n04552348/n04552348_15234.JPEG,895,military aircraft
train/n04552348/n04552348_28034.JPEG,895,military aircraft
train/n04552348/n04552348_2862.JPEG,895,military aircraft
train/n04552348/n04552348_10381.JPEG,895,military aircraft
train/n04552348/n04552348_10361.JPEG,895,military aircraft
train/n04552348/n04552348_16413.JPEG,895,military aircraft
train/n04552348/n04552348_25688.JPEG,895,military aircraft
train/n04552348/n04552348_21999.JPEG,895,military aircraft
train/n04552348/n04552348_7608.JPEG,895,military aircraft
train/n04552348/n04552348_12066.JPEG,895,military aircraft
train/n04552348/n04552348_13684.JPEG,895,military aircraft
train/n04552348/n04552348_556.JPEG,895,military aircraft
train/n04552348/n04552348_2424.JPEG,895,military aircraft
train/n04552348/n04552348_3140.JPEG,895,military aircraft
train/n04553703/n04553703_6116.JPEG,896,sink
train/n04553703/n04553703_39067.JPEG,896,sink
train/n04553703/n04553703_29695.JPEG,896,sink
train/n04553703/n04553703_6234.JPEG,896,sink
train/n04553703/n04553703_1327.JPEG,896,sink
train/n04553703/n04553703_28802.JPEG,896,sink
train/n04553703/n04553703_2227.JPEG,896,sink
train/n04553703/n04553703_23152.JPEG,896,sink
train/n04553703/n04553703_43577.JPEG,896,sink
train/n04553703/n04553703_9704.JPEG,896,sink
train/n04553703/n04553703_36548.JPEG,896,sink
train/n04553703/n04553703_23437.JPEG,896,sink
train/n04553703/n04553703_7973.JPEG,896,sink
train/n04553703/n04553703_7224.JPEG,896,sink
train/n04553703/n04553703_25532.JPEG,896,sink
train/n04553703/n04553703_21031.JPEG,896,sink
train/n04554684/n04554684_33540.JPEG,897,washing machine
train/n04554684/n04554684_14384.JPEG,897,washing machine
train/n04554684/n04554684_13424.JPEG,897,washing machine
train/n04554684/n04554684_34310.JPEG,897,washing machine
train/n04554684/n04554684_5228.JPEG,897,washing machine
train/n04554684/n04554684_14970.JPEG,897,washing machine
train/n04554684/n04554684_48676.JPEG,897,washing machine
train/n04554684/n04554684_16636.JPEG,897,washing machine
train/n04554684/n04554684_30300.JPEG,897,washing machine
train/n04554684/n04554684_35916.JPEG,897,washing machine
train/n04554684/n04554684_18722.JPEG,897,washing machine
train/n04554684/n04554684_5125.JPEG,897,washing machine
train/n04554684/n04554684_40000.JPEG,897,washing machine
train/n04554684/n04554684_15915.JPEG,897,washing machine
train/n04554684/n04554684_3479.JPEG,897,washing machine
train/n04554684/n04554684_56490.JPEG,897,washing machine
train/n04557648/n04557648_2075.JPEG,898,water bottle
train/n04557648/n04557648_3981.JPEG,898,water bottle
train/n04557648/n04557648_3362.JPEG,898,water bottle
train/n04557648/n04557648_11924.JPEG,898,water bottle
train/n04557648/n04557648_8438.JPEG,898,water bottle
train/n04557648/n04557648_474.JPEG,898,water bottle
train/n04557648/n04557648_6841.JPEG,898,water bottle
train/n04557648/n04557648_4254.JPEG,898,water bottle
train/n04557648/n04557648_772.JPEG,898,water bottle
train/n04557648/n04557648_10925.JPEG,898,water bottle
train/n04557648/n04557648_10478.JPEG,898,water bottle
train/n04557648/n04557648_9145.JPEG,898,water bottle
train/n04557648/n04557648_3676.JPEG,898,water bottle
train/n04557648/n04557648_28876.JPEG,898,water bottle
train/n04557648/n04557648_943.JPEG,898,water bottle
train/n04557648/n04557648_9790.JPEG,898,water bottle
train/n04560804/n04560804_13705.JPEG,899,water jug
train/n04560804/n04560804_11601.JPEG,899,water jug
train/n04560804/n04560804_8534.JPEG,899,water jug
train/n04560804/n04560804_10493.JPEG,899,water jug
train/n04560804/n04560804_7429.JPEG,899,water jug
train/n04560804/n04560804_6545.JPEG,899,water jug
train/n04560804/n04560804_13420.JPEG,899,water jug
train/n04560804/n04560804_10547.JPEG,899,water jug
train/n04560804/n04560804_13788.JPEG,899,water jug
train/n04560804/n04560804_2756.JPEG,899,water jug
train/n04560804/n04560804_1775.JPEG,899,water jug
train/n04560804/n04560804_2019.JPEG,899,water jug
train/n04560804/n04560804_13032.JPEG,899,water jug
train/n04560804/n04560804_3703.JPEG,899,water jug
train/n04560804/n04560804_6905.JPEG,899,water jug
train/n04560804/n04560804_15559.JPEG,899,water jug
train/n04562935/n04562935_256.JPEG,900,water tower
train/n04562935/n04562935_7353.JPEG,900,water tower
train/n04562935/n04562935_11870.JPEG,900,water tower
train/n04562935/n04562935_905.JPEG,900,water tower
train/n04562935/n04562935_13817.JPEG,900,water tower
train/n04562935/n04562935_6088.JPEG,900,water tower
train/n04562935/n04562935_33342.JPEG,900,water tower
train/n04562935/n04562935_7982.JPEG,900,water tower
train/n04562935/n04562935_4378.JPEG,900,water tower
train/n04562935/n04562935_23023.JPEG,900,water tower
train/n04562935/n04562935_7133.JPEG,900,water tower
train/n04562935/n04562935_10871.JPEG,900,water tower
train/n04562935/n04562935_1022.JPEG,900,water tower
train/n04562935/n04562935_11877.JPEG,900,water tower
train/n04562935/n04562935_29078.JPEG,900,water tower
train/n04562935/n04562935_13739.JPEG,900,water tower
train/n04579145/n04579145_2930.JPEG,901,whiskey jug
train/n04579145/n04579145_6224.JPEG,901,whiskey jug
train/n04579145/n04579145_4704.JPEG,901,whiskey jug
train/n04579145/n04579145_3079.JPEG,901,whiskey jug
train/n04579145/n04579145_5929.JPEG,901,whiskey jug
train/n04579145/n04579145_6704.JPEG,901,whiskey jug
train/n04579145/n04579145_6177.JPEG,901,whiskey jug
train/n04579145/n04579145_4536.JPEG,901,whiskey jug
train/n04579145/n04579145_802.JPEG,901,whiskey jug
train/n04579145/n04579145_6374.JPEG,901,whiskey jug
train/n04579145/n04579145_5316.JPEG,901,whiskey jug
train/n04579145/n04579145_34.JPEG,901,whiskey jug
train/n04579145/n04579145_3114.JPEG,901,whiskey jug
train/n04579145/n04579145_5611.JPEG,901,whiskey jug
train/n04579145/n04579145_4417.JPEG,901,whiskey jug
train/n04579145/n04579145_4320.JPEG,901,whiskey jug
train/n04579432/n04579432_1522.JPEG,902,whistle
train/n04579432/n04579432_16572.JPEG,902,whistle
train/n04579432/n04579432_28778.JPEG,902,whistle
train/n04579432/n04579432_22625.JPEG,902,whistle
train/n04579432/n04579432_26874.JPEG,902,whistle
train/n04579432/n04579432_15728.JPEG,902,whistle
train/n04579432/n04579432_15449.JPEG,902,whistle
train/n04579432/n04579432_35168.JPEG,902,whistle
train/n04579432/n04579432_7265.JPEG,902,whistle
train/n04579432/n04579432_23470.JPEG,902,whistle
train/n04579432/n04579432_8043.JPEG,902,whistle
train/n04579432/n04579432_5126.JPEG,902,whistle
train/n04579432/n04579432_13473.JPEG,902,whistle
train/n04579432/n04579432_31766.JPEG,902,whistle
train/n04579432/n04579432_830.JPEG,902,whistle
train/n04579432/n04579432_20671.JPEG,902,whistle
train/n04584207/n04584207_16512.JPEG,903,hair wig
train/n04584207/n04584207_226.JPEG,903,hair wig
train/n04584207/n04584207_6573.JPEG,903,hair wig
train/n04584207/n04584207_15443.JPEG,903,hair wig
train/n04584207/n04584207_13161.JPEG,903,hair wig
train/n04584207/n04584207_18892.JPEG,903,hair wig
train/n04584207/n04584207_8647.JPEG,903,hair wig
train/n04584207/n04584207_29477.JPEG,903,hair wig
train/n04584207/n04584207_11540.JPEG,903,hair wig
train/n04584207/n04584207_10163.JPEG,903,hair wig
train/n04584207/n04584207_1796.JPEG,903,hair wig
train/n04584207/n04584207_6213.JPEG,903,hair wig
train/n04584207/n04584207_22082.JPEG,903,hair wig
train/n04584207/n04584207_14694.JPEG,903,hair wig
train/n04584207/n04584207_8376.JPEG,903,hair wig
train/n04584207/n04584207_21400.JPEG,903,hair wig
train/n04589890/n04589890_5211.JPEG,904,window screen
train/n04589890/n04589890_7916.JPEG,904,window screen
train/n04589890/n04589890_3772.JPEG,904,window screen
train/n04589890/n04589890_4252.JPEG,904,window screen
train/n04589890/n04589890_8972.JPEG,904,window screen
train/n04589890/n04589890_8979.JPEG,904,window screen
train/n04589890/n04589890_2708.JPEG,904,window screen
train/n04589890/n04589890_2702.JPEG,904,window screen
train/n04589890/n04589890_7197.JPEG,904,window screen
train/n04589890/n04589890_9437.JPEG,904,window screen
train/n04589890/n04589890_2958.JPEG,904,window screen
train/n04589890/n04589890_3492.JPEG,904,window screen
train/n04589890/n04589890_4189.JPEG,904,window screen
train/n04589890/n04589890_3796.JPEG,904,window screen
train/n04589890/n04589890_4036.JPEG,904,window screen
train/n04589890/n04589890_9854.JPEG,904,window screen
train/n04590129/n04590129_22295.JPEG,905,window shade
train/n04590129/n04590129_29492.JPEG,905,window shade
train/n04590129/n04590129_1001.JPEG,905,window shade
train/n04590129/n04590129_4619.JPEG,905,window shade
train/n04590129/n04590129_15827.JPEG,905,window shade
train/n04590129/n04590129_21839.JPEG,905,window shade
train/n04590129/n04590129_18333.JPEG,905,window shade
train/n04590129/n04590129_20081.JPEG,905,window shade
train/n04590129/n04590129_691.JPEG,905,window shade
train/n04590129/n04590129_743.JPEG,905,window shade
train/n04590129/n04590129_5409.JPEG,905,window shade
train/n04590129/n04590129_1155.JPEG,905,window shade
train/n04590129/n04590129_6486.JPEG,905,window shade
train/n04590129/n04590129_7791.JPEG,905,window shade
train/n04590129/n04590129_52393.JPEG,905,window shade
train/n04590129/n04590129_35284.JPEG,905,window shade
train/n04591157/n04591157_6508.JPEG,906,Windsor tie
train/n04591157/n04591157_1957.JPEG,906,Windsor tie
train/n04591157/n04591157_6269.JPEG,906,Windsor tie
train/n04591157/n04591157_832.JPEG,906,Windsor tie
train/n04591157/n04591157_126.JPEG,906,Windsor tie
train/n04591157/n04591157_7056.JPEG,906,Windsor tie
train/n04591157/n04591157_1940.JPEG,906,Windsor tie
train/n04591157/n04591157_6278.JPEG,906,Windsor tie
train/n04591157/n04591157_580.JPEG,906,Windsor tie
train/n04591157/n04591157_6069.JPEG,906,Windsor tie
train/n04591157/n04591157_1194.JPEG,906,Windsor tie
train/n04591157/n04591157_8534.JPEG,906,Windsor tie
train/n04591157/n04591157_1289.JPEG,906,Windsor tie
train/n04591157/n04591157_5884.JPEG,906,Windsor tie
train/n04591157/n04591157_1777.JPEG,906,Windsor tie
train/n04591157/n04591157_6441.JPEG,906,Windsor tie
train/n04591713/n04591713_7121.JPEG,907,wine bottle
train/n04591713/n04591713_5249.JPEG,907,wine bottle
train/n04591713/n04591713_1132.JPEG,907,wine bottle
train/n04591713/n04591713_2760.JPEG,907,wine bottle
train/n04591713/n04591713_2569.JPEG,907,wine bottle
train/n04591713/n04591713_3396.JPEG,907,wine bottle
train/n04591713/n04591713_5023.JPEG,907,wine bottle
train/n04591713/n04591713_10795.JPEG,907,wine bottle
train/n04591713/n04591713_3481.JPEG,907,wine bottle
train/n04591713/n04591713_5599.JPEG,907,wine bottle
train/n04591713/n04591713_940.JPEG,907,wine bottle
train/n04591713/n04591713_6391.JPEG,907,wine bottle
train/n04591713/n04591713_2479.JPEG,907,wine bottle
train/n04591713/n04591713_3429.JPEG,907,wine bottle
train/n04591713/n04591713_2373.JPEG,907,wine bottle
train/n04591713/n04591713_3358.JPEG,907,wine bottle
train/n04592741/n04592741_524.JPEG,908,airplane wing
train/n04592741/n04592741_14402.JPEG,908,airplane wing
train/n04592741/n04592741_1961.JPEG,908,airplane wing
train/n04592741/n04592741_19112.JPEG,908,airplane wing
train/n04592741/n04592741_6692.JPEG,908,airplane wing
train/n04592741/n04592741_1234.JPEG,908,airplane wing
train/n04592741/n04592741_1347.JPEG,908,airplane wing
train/n04592741/n04592741_17352.JPEG,908,airplane wing
train/n04592741/n04592741_50248.JPEG,908,airplane wing
train/n04592741/n04592741_27400.JPEG,908,airplane wing
train/n04592741/n04592741_17001.JPEG,908,airplane wing
train/n04592741/n04592741_5051.JPEG,908,airplane wing
train/n04592741/n04592741_3918.JPEG,908,airplane wing
train/n04592741/n04592741_70457.JPEG,908,airplane wing
train/n04592741/n04592741_2060.JPEG,908,airplane wing
train/n04592741/n04592741_8138.JPEG,908,airplane wing
train/n04596742/n04596742_30928.JPEG,909,wok
train/n04596742/n04596742_6899.JPEG,909,wok
train/n04596742/n04596742_19607.JPEG,909,wok
train/n04596742/n04596742_9498.JPEG,909,wok
train/n04596742/n04596742_27893.JPEG,909,wok
train/n04596742/n04596742_13767.JPEG,909,wok
train/n04596742/n04596742_10775.JPEG,909,wok
train/n04596742/n04596742_45163.JPEG,909,wok
train/n04596742/n04596742_12015.JPEG,909,wok
train/n04596742/n04596742_9554.JPEG,909,wok
train/n04596742/n04596742_11072.JPEG,909,wok
train/n04596742/n04596742_25344.JPEG,909,wok
train/n04596742/n04596742_6172.JPEG,909,wok
train/n04596742/n04596742_3178.JPEG,909,wok
train/n04596742/n04596742_12005.JPEG,909,wok
train/n04596742/n04596742_41498.JPEG,909,wok
train/n04597913/n04597913_2819.JPEG,910,wooden spoon
train/n04597913/n04597913_712.JPEG,910,wooden spoon
train/n04597913/n04597913_3010.JPEG,910,wooden spoon
train/n04597913/n04597913_5916.JPEG,910,wooden spoon
train/n04597913/n04597913_4642.JPEG,910,wooden spoon
train/n04597913/n04597913_8488.JPEG,910,wooden spoon
train/n04597913/n04597913_6423.JPEG,910,wooden spoon
train/n04597913/n04597913_1591.JPEG,910,wooden spoon
train/n04597913/n04597913_3413.JPEG,910,wooden spoon
train/n04597913/n04597913_4018.JPEG,910,wooden spoon
train/n04597913/n04597913_1353.JPEG,910,wooden spoon
train/n04597913/n04597913_8541.JPEG,910,wooden spoon
train/n04597913/n04597913_5915.JPEG,910,wooden spoon
train/n04597913/n04597913_6429.JPEG,910,wooden spoon
train/n04597913/n04597913_2501.JPEG,910,wooden spoon
train/n04597913/n04597913_6422.JPEG,910,wooden spoon
train/n04599235/n04599235_2399.JPEG,911,wool
train/n04599235/n04599235_10977.JPEG,911,wool
train/n04599235/n04599235_6825.JPEG,911,wool
train/n04599235/n04599235_21449.JPEG,911,wool
train/n04599235/n04599235_5185.JPEG,911,wool
train/n04599235/n04599235_12999.JPEG,911,wool
train/n04599235/n04599235_7887.JPEG,911,wool
train/n04599235/n04599235_763.JPEG,911,wool
train/n04599235/n04599235_22444.JPEG,911,wool
train/n04599235/n04599235_25902.JPEG,911,wool
train/n04599235/n04599235_4564.JPEG,911,wool
train/n04599235/n04599235_8666.JPEG,911,wool
train/n04599235/n04599235_26042.JPEG,911,wool
train/n04599235/n04599235_3449.JPEG,911,wool
train/n04599235/n04599235_20365.JPEG,911,wool
train/n04599235/n04599235_14200.JPEG,911,wool
train/n04604644/n04604644_9808.JPEG,912,split-rail fence
train/n04604644/n04604644_16832.JPEG,912,split-rail fence
train/n04604644/n04604644_17978.JPEG,912,split-rail fence
train/n04604644/n04604644_4082.JPEG,912,split-rail fence
train/n04604644/n04604644_107.JPEG,912,split-rail fence
train/n04604644/n04604644_3521.JPEG,912,split-rail fence
train/n04604644/n04604644_20284.JPEG,912,split-rail fence
train/n04604644/n04604644_19361.JPEG,912,split-rail fence
train/n04604644/n04604644_14850.JPEG,912,split-rail fence
train/n04604644/n04604644_8742.JPEG,912,split-rail fence
train/n04604644/n04604644_19813.JPEG,912,split-rail fence
train/n04604644/n04604644_13054.JPEG,912,split-rail fence
train/n04604644/n04604644_16343.JPEG,912,split-rail fence
train/n04604644/n04604644_4302.JPEG,912,split-rail fence
train/n04604644/n04604644_5641.JPEG,912,split-rail fence
train/n04604644/n04604644_8437.JPEG,912,split-rail fence
train/n04606251/n04606251_6933.JPEG,913,shipwreck
train/n04606251/n04606251_8260.JPEG,913,shipwreck
train/n04606251/n04606251_12871.JPEG,913,shipwreck
train/n04606251/n04606251_8472.JPEG,913,shipwreck
train/n04606251/n04606251_4549.JPEG,913,shipwreck
train/n04606251/n04606251_6867.JPEG,913,shipwreck
train/n04606251/n04606251_4542.JPEG,913,shipwreck
train/n04606251/n04606251_2878.JPEG,913,shipwreck
train/n04606251/n04606251_12306.JPEG,913,shipwreck
train/n04606251/n04606251_12092.JPEG,913,shipwreck
train/n04606251/n04606251_49167.JPEG,913,shipwreck
train/n04606251/n04606251_68213.JPEG,913,shipwreck
train/n04606251/n04606251_12435.JPEG,913,shipwreck
train/n04606251/n04606251_3363.JPEG,913,shipwreck
train/n04606251/n04606251_13927.JPEG,913,shipwreck
train/n04606251/n04606251_13217.JPEG,913,shipwreck
train/n04612504/n04612504_12006.JPEG,914,sailboat
train/n04612504/n04612504_4700.JPEG,914,sailboat
train/n04612504/n04612504_7397.JPEG,914,sailboat
train/n04612504/n04612504_35332.JPEG,914,sailboat
train/n04612504/n04612504_18192.JPEG,914,sailboat
train/n04612504/n04612504_9261.JPEG,914,sailboat
train/n04612504/n04612504_8221.JPEG,914,sailboat
train/n04612504/n04612504_11653.JPEG,914,sailboat
train/n04612504/n04612504_2209.JPEG,914,sailboat
train/n04612504/n04612504_9610.JPEG,914,sailboat
train/n04612504/n04612504_12357.JPEG,914,sailboat
train/n04612504/n04612504_14890.JPEG,914,sailboat
train/n04612504/n04612504_7525.JPEG,914,sailboat
train/n04612504/n04612504_30424.JPEG,914,sailboat
train/n04612504/n04612504_15440.JPEG,914,sailboat
train/n04612504/n04612504_377.JPEG,914,sailboat
train/n04613696/n04613696_6145.JPEG,915,yurt
train/n04613696/n04613696_5069.JPEG,915,yurt
train/n04613696/n04613696_9895.JPEG,915,yurt
train/n04613696/n04613696_217.JPEG,915,yurt
train/n04613696/n04613696_9973.JPEG,915,yurt
train/n04613696/n04613696_1523.JPEG,915,yurt
train/n04613696/n04613696_15382.JPEG,915,yurt
train/n04613696/n04613696_6440.JPEG,915,yurt
train/n04613696/n04613696_2278.JPEG,915,yurt
train/n04613696/n04613696_3356.JPEG,915,yurt
train/n04613696/n04613696_5839.JPEG,915,yurt
train/n04613696/n04613696_7282.JPEG,915,yurt
train/n04613696/n04613696_7517.JPEG,915,yurt
train/n04613696/n04613696_7896.JPEG,915,yurt
train/n04613696/n04613696_3511.JPEG,915,yurt
train/n04613696/n04613696_14112.JPEG,915,yurt
train/n06359193/n06359193_4884.JPEG,916,website
train/n06359193/n06359193_23919.JPEG,916,website
train/n06359193/n06359193_13538.JPEG,916,website
train/n06359193/n06359193_18506.JPEG,916,website
train/n06359193/n06359193_12570.JPEG,916,website
train/n06359193/n06359193_43426.JPEG,916,website
train/n06359193/n06359193_67608.JPEG,916,website
train/n06359193/n06359193_69384.JPEG,916,website
train/n06359193/n06359193_11996.JPEG,916,website
train/n06359193/n06359193_8766.JPEG,916,website
train/n06359193/n06359193_37711.JPEG,916,website
train/n06359193/n06359193_22243.JPEG,916,website
train/n06359193/n06359193_57098.JPEG,916,website
train/n06359193/n06359193_32412.JPEG,916,website
train/n06359193/n06359193_20575.JPEG,916,website
train/n06359193/n06359193_26096.JPEG,916,website
train/n06596364/n06596364_10231.JPEG,917,comic book
train/n06596364/n06596364_14721.JPEG,917,comic book
train/n06596364/n06596364_11855.JPEG,917,comic book
train/n06596364/n06596364_39433.JPEG,917,comic book
train/n06596364/n06596364_12664.JPEG,917,comic book
train/n06596364/n06596364_17105.JPEG,917,comic book
train/n06596364/n06596364_15453.JPEG,917,comic book
train/n06596364/n06596364_2959.JPEG,917,comic book
train/n06596364/n06596364_2530.JPEG,917,comic book
train/n06596364/n06596364_3275.JPEG,917,comic book
train/n06596364/n06596364_7908.JPEG,917,comic book
train/n06596364/n06596364_8149.JPEG,917,comic book
train/n06596364/n06596364_17006.JPEG,917,comic book
train/n06596364/n06596364_7461.JPEG,917,comic book
train/n06596364/n06596364_6416.JPEG,917,comic book
train/n06596364/n06596364_4173.JPEG,917,comic book
train/n06785654/n06785654_10290.JPEG,918,crossword
train/n06785654/n06785654_17137.JPEG,918,crossword
train/n06785654/n06785654_4738.JPEG,918,crossword
train/n06785654/n06785654_17073.JPEG,918,crossword
train/n06785654/n06785654_4724.JPEG,918,crossword
train/n06785654/n06785654_4728.JPEG,918,crossword
train/n06785654/n06785654_11900.JPEG,918,crossword
train/n06785654/n06785654_6438.JPEG,918,crossword
train/n06785654/n06785654_4360.JPEG,918,crossword
train/n06785654/n06785654_5010.JPEG,918,crossword
train/n06785654/n06785654_8897.JPEG,918,crossword
train/n06785654/n06785654_23832.JPEG,918,crossword
train/n06785654/n06785654_1325.JPEG,918,crossword
train/n06785654/n06785654_4692.JPEG,918,crossword
train/n06785654/n06785654_7673.JPEG,918,crossword
train/n06785654/n06785654_7772.JPEG,918,crossword
train/n06794110/n06794110_1299.JPEG,919,traffic or street sign
train/n06794110/n06794110_5736.JPEG,919,traffic or street sign
train/n06794110/n06794110_2706.JPEG,919,traffic or street sign
train/n06794110/n06794110_2609.JPEG,919,traffic or street sign
train/n06794110/n06794110_3611.JPEG,919,traffic or street sign
train/n06794110/n06794110_3585.JPEG,919,traffic or street sign
train/n06794110/n06794110_5592.JPEG,919,traffic or street sign
train/n06794110/n06794110_5582.JPEG,919,traffic or street sign
train/n06794110/n06794110_3906.JPEG,919,traffic or street sign
train/n06794110/n06794110_178.JPEG,919,traffic or street sign
train/n06794110/n06794110_1085.JPEG,919,traffic or street sign
train/n06794110/n06794110_6602.JPEG,919,traffic or street sign
train/n06794110/n06794110_1384.JPEG,919,traffic or street sign
train/n06794110/n06794110_2634.JPEG,919,traffic or street sign
train/n06794110/n06794110_1439.JPEG,919,traffic or street sign
train/n06794110/n06794110_2799.JPEG,919,traffic or street sign
train/n06874185/n06874185_27564.JPEG,920,traffic light
train/n06874185/n06874185_20693.JPEG,920,traffic light
train/n06874185/n06874185_10094.JPEG,920,traffic light
train/n06874185/n06874185_27751.JPEG,920,traffic light
train/n06874185/n06874185_24491.JPEG,920,traffic light
train/n06874185/n06874185_26297.JPEG,920,traffic light
train/n06874185/n06874185_99471.JPEG,920,traffic light
train/n06874185/n06874185_22753.JPEG,920,traffic light
train/n06874185/n06874185_32467.JPEG,920,traffic light
train/n06874185/n06874185_3516.JPEG,920,traffic light
train/n06874185/n06874185_27016.JPEG,920,traffic light
train/n06874185/n06874185_4297.JPEG,920,traffic light
train/n06874185/n06874185_31808.JPEG,920,traffic light
train/n06874185/n06874185_30609.JPEG,920,traffic light
train/n06874185/n06874185_12648.JPEG,920,traffic light
train/n06874185/n06874185_27787.JPEG,920,traffic light
train/n07248320/n07248320_5231.JPEG,921,dust jacket
train/n07248320/n07248320_4430.JPEG,921,dust jacket
train/n07248320/n07248320_3907.JPEG,921,dust jacket
train/n07248320/n07248320_42668.JPEG,921,dust jacket
train/n07248320/n07248320_10021.JPEG,921,dust jacket
train/n07248320/n07248320_40552.JPEG,921,dust jacket
train/n07248320/n07248320_10257.JPEG,921,dust jacket
train/n07248320/n07248320_31101.JPEG,921,dust jacket
train/n07248320/n07248320_989.JPEG,921,dust jacket
train/n07248320/n07248320_7633.JPEG,921,dust jacket
train/n07248320/n07248320_20361.JPEG,921,dust jacket
train/n07248320/n07248320_9714.JPEG,921,dust jacket
train/n07248320/n07248320_15884.JPEG,921,dust jacket
train/n07248320/n07248320_52800.JPEG,921,dust jacket
train/n07248320/n07248320_5211.JPEG,921,dust jacket
train/n07248320/n07248320_29229.JPEG,921,dust jacket
train/n07565083/n07565083_12823.JPEG,922,menu
train/n07565083/n07565083_13325.JPEG,922,menu
train/n07565083/n07565083_4703.JPEG,922,menu
train/n07565083/n07565083_6476.JPEG,922,menu
train/n07565083/n07565083_6942.JPEG,922,menu
train/n07565083/n07565083_2979.JPEG,922,menu
train/n07565083/n07565083_10416.JPEG,922,menu
train/n07565083/n07565083_9769.JPEG,922,menu
train/n07565083/n07565083_3387.JPEG,922,menu
train/n07565083/n07565083_10978.JPEG,922,menu
train/n07565083/n07565083_8809.JPEG,922,menu
train/n07565083/n07565083_3645.JPEG,922,menu
train/n07565083/n07565083_7005.JPEG,922,menu
train/n07565083/n07565083_5537.JPEG,922,menu
train/n07565083/n07565083_12313.JPEG,922,menu
train/n07565083/n07565083_2930.JPEG,922,menu
train/n07579787/n07579787_20608.JPEG,923,plate
train/n07579787/n07579787_18141.JPEG,923,plate
train/n07579787/n07579787_1062.JPEG,923,plate
train/n07579787/n07579787_2131.JPEG,923,plate
train/n07579787/n07579787_21906.JPEG,923,plate
train/n07579787/n07579787_12317.JPEG,923,plate
train/n07579787/n07579787_638.JPEG,923,plate
train/n07579787/n07579787_20020.JPEG,923,plate
train/n07579787/n07579787_739.JPEG,923,plate
train/n07579787/n07579787_113.JPEG,923,plate
train/n07579787/n07579787_11459.JPEG,923,plate
train/n07579787/n07579787_56356.JPEG,923,plate
train/n07579787/n07579787_22379.JPEG,923,plate
train/n07579787/n07579787_12685.JPEG,923,plate
train/n07579787/n07579787_10952.JPEG,923,plate
train/n07579787/n07579787_10712.JPEG,923,plate
train/n07583066/n07583066_3848.JPEG,924,guacamole
train/n07583066/n07583066_10146.JPEG,924,guacamole
train/n07583066/n07583066_7662.JPEG,924,guacamole
train/n07583066/n07583066_5309.JPEG,924,guacamole
train/n07583066/n07583066_9952.JPEG,924,guacamole
train/n07583066/n07583066_3883.JPEG,924,guacamole
train/n07583066/n07583066_1277.JPEG,924,guacamole
train/n07583066/n07583066_2328.JPEG,924,guacamole
train/n07583066/n07583066_7546.JPEG,924,guacamole
train/n07583066/n07583066_2354.JPEG,924,guacamole
train/n07583066/n07583066_15129.JPEG,924,guacamole
train/n07583066/n07583066_226.JPEG,924,guacamole
train/n07583066/n07583066_7697.JPEG,924,guacamole
train/n07583066/n07583066_7220.JPEG,924,guacamole
train/n07583066/n07583066_9922.JPEG,924,guacamole
train/n07583066/n07583066_9394.JPEG,924,guacamole
train/n07584110/n07584110_5562.JPEG,925,consomme
train/n07584110/n07584110_19132.JPEG,925,consomme
train/n07584110/n07584110_4184.JPEG,925,consomme
train/n07584110/n07584110_21434.JPEG,925,consomme
train/n07584110/n07584110_1218.JPEG,925,consomme
train/n07584110/n07584110_8700.JPEG,925,consomme
train/n07584110/n07584110_11126.JPEG,925,consomme
train/n07584110/n07584110_5065.JPEG,925,consomme
train/n07584110/n07584110_8078.JPEG,925,consomme
train/n07584110/n07584110_6539.JPEG,925,consomme
train/n07584110/n07584110_4215.JPEG,925,consomme
train/n07584110/n07584110_4293.JPEG,925,consomme
train/n07584110/n07584110_282.JPEG,925,consomme
train/n07584110/n07584110_1236.JPEG,925,consomme
train/n07584110/n07584110_9201.JPEG,925,consomme
train/n07584110/n07584110_13918.JPEG,925,consomme
train/n07590611/n07590611_8756.JPEG,926,hot pot
train/n07590611/n07590611_3666.JPEG,926,hot pot
train/n07590611/n07590611_8489.JPEG,926,hot pot
train/n07590611/n07590611_22813.JPEG,926,hot pot
train/n07590611/n07590611_23060.JPEG,926,hot pot
train/n07590611/n07590611_13827.JPEG,926,hot pot
train/n07590611/n07590611_6725.JPEG,926,hot pot
train/n07590611/n07590611_5253.JPEG,926,hot pot
train/n07590611/n07590611_8663.JPEG,926,hot pot
train/n07590611/n07590611_14229.JPEG,926,hot pot
train/n07590611/n07590611_13243.JPEG,926,hot pot
train/n07590611/n07590611_18022.JPEG,926,hot pot
train/n07590611/n07590611_13840.JPEG,926,hot pot
train/n07590611/n07590611_17866.JPEG,926,hot pot
train/n07590611/n07590611_6559.JPEG,926,hot pot
train/n07590611/n07590611_21963.JPEG,926,hot pot
train/n07613480/n07613480_24801.JPEG,927,trifle
train/n07613480/n07613480_24044.JPEG,927,trifle
train/n07613480/n07613480_13916.JPEG,927,trifle
train/n07613480/n07613480_21967.JPEG,927,trifle
train/n07613480/n07613480_2692.JPEG,927,trifle
train/n07613480/n07613480_25579.JPEG,927,trifle
train/n07613480/n07613480_49759.JPEG,927,trifle
train/n07613480/n07613480_23556.JPEG,927,trifle
train/n07613480/n07613480_2309.JPEG,927,trifle
train/n07613480/n07613480_22354.JPEG,927,trifle
train/n07613480/n07613480_8484.JPEG,927,trifle
train/n07613480/n07613480_591.JPEG,927,trifle
train/n07613480/n07613480_12333.JPEG,927,trifle
train/n07613480/n07613480_2523.JPEG,927,trifle
train/n07613480/n07613480_3194.JPEG,927,trifle
train/n07613480/n07613480_26225.JPEG,927,trifle
train/n07614500/n07614500_63564.JPEG,928,ice cream
train/n07614500/n07614500_81917.JPEG,928,ice cream
train/n07614500/n07614500_50118.JPEG,928,ice cream
train/n07614500/n07614500_48917.JPEG,928,ice cream
train/n07614500/n07614500_7309.JPEG,928,ice cream
train/n07614500/n07614500_63749.JPEG,928,ice cream
train/n07614500/n07614500_27396.JPEG,928,ice cream
train/n07614500/n07614500_4883.JPEG,928,ice cream
train/n07614500/n07614500_555.JPEG,928,ice cream
train/n07614500/n07614500_64225.JPEG,928,ice cream
train/n07614500/n07614500_27856.JPEG,928,ice cream
train/n07614500/n07614500_18120.JPEG,928,ice cream
train/n07614500/n07614500_57597.JPEG,928,ice cream
train/n07614500/n07614500_60194.JPEG,928,ice cream
train/n07614500/n07614500_10054.JPEG,928,ice cream
train/n07614500/n07614500_29940.JPEG,928,ice cream
train/n07615774/n07615774_29107.JPEG,929,popsicle
train/n07615774/n07615774_46798.JPEG,929,popsicle
train/n07615774/n07615774_2690.JPEG,929,popsicle
train/n07615774/n07615774_222.JPEG,929,popsicle
train/n07615774/n07615774_43908.JPEG,929,popsicle
train/n07615774/n07615774_1581.JPEG,929,popsicle
train/n07615774/n07615774_20218.JPEG,929,popsicle
train/n07615774/n07615774_4772.JPEG,929,popsicle
train/n07615774/n07615774_6950.JPEG,929,popsicle
train/n07615774/n07615774_50849.JPEG,929,popsicle
train/n07615774/n07615774_37461.JPEG,929,popsicle
train/n07615774/n07615774_35097.JPEG,929,popsicle
train/n07615774/n07615774_28783.JPEG,929,popsicle
train/n07615774/n07615774_10244.JPEG,929,popsicle
train/n07615774/n07615774_35445.JPEG,929,popsicle
train/n07615774/n07615774_53634.JPEG,929,popsicle
train/n07684084/n07684084_638.JPEG,930,baguette
train/n07684084/n07684084_3822.JPEG,930,baguette
train/n07684084/n07684084_1815.JPEG,930,baguette
train/n07684084/n07684084_5995.JPEG,930,baguette
train/n07684084/n07684084_4934.JPEG,930,baguette
train/n07684084/n07684084_25.JPEG,930,baguette
train/n07684084/n07684084_3075.JPEG,930,baguette
train/n07684084/n07684084_1597.JPEG,930,baguette
train/n07684084/n07684084_4757.JPEG,930,baguette
train/n07684084/n07684084_1010.JPEG,930,baguette
train/n07684084/n07684084_3153.JPEG,930,baguette
train/n07684084/n07684084_8094.JPEG,930,baguette
train/n07684084/n07684084_1572.JPEG,930,baguette
train/n07684084/n07684084_1409.JPEG,930,baguette
train/n07684084/n07684084_890.JPEG,930,baguette
train/n07684084/n07684084_793.JPEG,930,baguette
train/n07693725/n07693725_541.JPEG,931,bagel
train/n07693725/n07693725_20782.JPEG,931,bagel
train/n07693725/n07693725_11025.JPEG,931,bagel
train/n07693725/n07693725_2279.JPEG,931,bagel
train/n07693725/n07693725_11784.JPEG,931,bagel
train/n07693725/n07693725_8812.JPEG,931,bagel
train/n07693725/n07693725_24388.JPEG,931,bagel
train/n07693725/n07693725_10614.JPEG,931,bagel
train/n07693725/n07693725_18320.JPEG,931,bagel
train/n07693725/n07693725_13661.JPEG,931,bagel
train/n07693725/n07693725_3369.JPEG,931,bagel
train/n07693725/n07693725_13373.JPEG,931,bagel
train/n07693725/n07693725_442.JPEG,931,bagel
train/n07693725/n07693725_4816.JPEG,931,bagel
train/n07693725/n07693725_8999.JPEG,931,bagel
train/n07693725/n07693725_11793.JPEG,931,bagel
train/n07695742/n07695742_10329.JPEG,932,pretzel
train/n07695742/n07695742_6197.JPEG,932,pretzel
train/n07695742/n07695742_5529.JPEG,932,pretzel
train/n07695742/n07695742_5725.JPEG,932,pretzel
train/n07695742/n07695742_10901.JPEG,932,pretzel
train/n07695742/n07695742_6127.JPEG,932,pretzel
train/n07695742/n07695742_24403.JPEG,932,pretzel
train/n07695742/n07695742_646.JPEG,932,pretzel
train/n07695742/n07695742_1700.JPEG,932,pretzel
train/n07695742/n07695742_9404.JPEG,932,pretzel
train/n07695742/n07695742_5860.JPEG,932,pretzel
train/n07695742/n07695742_10008.JPEG,932,pretzel
train/n07695742/n07695742_774.JPEG,932,pretzel
train/n07695742/n07695742_13183.JPEG,932,pretzel
train/n07695742/n07695742_8789.JPEG,932,pretzel
train/n07695742/n07695742_19940.JPEG,932,pretzel
train/n07697313/n07697313_3190.JPEG,933,cheeseburger
train/n07697313/n07697313_5792.JPEG,933,cheeseburger
train/n07697313/n07697313_2191.JPEG,933,cheeseburger
train/n07697313/n07697313_15208.JPEG,933,cheeseburger
train/n07697313/n07697313_1026.JPEG,933,cheeseburger
train/n07697313/n07697313_1367.JPEG,933,cheeseburger
train/n07697313/n07697313_424.JPEG,933,cheeseburger
train/n07697313/n07697313_2659.JPEG,933,cheeseburger
train/n07697313/n07697313_1875.JPEG,933,cheeseburger
train/n07697313/n07697313_2017.JPEG,933,cheeseburger
train/n07697313/n07697313_25078.JPEG,933,cheeseburger
train/n07697313/n07697313_899.JPEG,933,cheeseburger
train/n07697313/n07697313_14129.JPEG,933,cheeseburger
train/n07697313/n07697313_3300.JPEG,933,cheeseburger
train/n07697313/n07697313_2220.JPEG,933,cheeseburger
train/n07697313/n07697313_13398.JPEG,933,cheeseburger
train/n07697537/n07697537_1911.JPEG,934,hot dog
train/n07697537/n07697537_22180.JPEG,934,hot dog
train/n07697537/n07697537_10033.JPEG,934,hot dog
train/n07697537/n07697537_7224.JPEG,934,hot dog
train/n07697537/n07697537_28504.JPEG,934,hot dog
train/n07697537/n07697537_21388.JPEG,934,hot dog
train/n07697537/n07697537_19773.JPEG,934,hot dog
train/n07697537/n07697537_30863.JPEG,934,hot dog
train/n07697537/n07697537_1267.JPEG,934,hot dog
train/n07697537/n07697537_10261.JPEG,934,hot dog
train/n07697537/n07697537_30366.JPEG,934,hot dog
train/n07697537/n07697537_13483.JPEG,934,hot dog
train/n07697537/n07697537_42404.JPEG,934,hot dog
train/n07697537/n07697537_23525.JPEG,934,hot dog
train/n07697537/n07697537_17744.JPEG,934,hot dog
train/n07697537/n07697537_8266.JPEG,934,hot dog
train/n07711569/n07711569_5625.JPEG,935,mashed potatoes
train/n07711569/n07711569_3262.JPEG,935,mashed potatoes
train/n07711569/n07711569_4499.JPEG,935,mashed potatoes
train/n07711569/n07711569_3287.JPEG,935,mashed potatoes
train/n07711569/n07711569_1467.JPEG,935,mashed potatoes
train/n07711569/n07711569_8359.JPEG,935,mashed potatoes
train/n07711569/n07711569_8042.JPEG,935,mashed potatoes
train/n07711569/n07711569_848.JPEG,935,mashed potatoes
train/n07711569/n07711569_1136.JPEG,935,mashed potatoes
train/n07711569/n07711569_4002.JPEG,935,mashed potatoes
train/n07711569/n07711569_3132.JPEG,935,mashed potatoes
train/n07711569/n07711569_8714.JPEG,935,mashed potatoes
train/n07711569/n07711569_3445.JPEG,935,mashed potatoes
train/n07711569/n07711569_2654.JPEG,935,mashed potatoes
train/n07711569/n07711569_5837.JPEG,935,mashed potatoes
train/n07711569/n07711569_9501.JPEG,935,mashed potatoes
train/n07714571/n07714571_10910.JPEG,936,cabbage
train/n07714571/n07714571_4851.JPEG,936,cabbage
train/n07714571/n07714571_7976.JPEG,936,cabbage
train/n07714571/n07714571_16060.JPEG,936,cabbage
train/n07714571/n07714571_2922.JPEG,936,cabbage
train/n07714571/n07714571_1086.JPEG,936,cabbage
train/n07714571/n07714571_1383.JPEG,936,cabbage
train/n07714571/n07714571_8620.JPEG,936,cabbage
train/n07714571/n07714571_8967.JPEG,936,cabbage
train/n07714571/n07714571_4228.JPEG,936,cabbage
train/n07714571/n07714571_9189.JPEG,936,cabbage
train/n07714571/n07714571_4546.JPEG,936,cabbage
train/n07714571/n07714571_3193.JPEG,936,cabbage
train/n07714571/n07714571_8874.JPEG,936,cabbage
train/n07714571/n07714571_15517.JPEG,936,cabbage
train/n07714571/n07714571_3962.JPEG,936,cabbage
train/n07714990/n07714990_8692.JPEG,937,broccoli
train/n07714990/n07714990_13392.JPEG,937,broccoli
train/n07714990/n07714990_4698.JPEG,937,broccoli
train/n07714990/n07714990_4261.JPEG,937,broccoli
train/n07714990/n07714990_4779.JPEG,937,broccoli
train/n07714990/n07714990_3899.JPEG,937,broccoli
train/n07714990/n07714990_4137.JPEG,937,broccoli
train/n07714990/n07714990_8684.JPEG,937,broccoli
train/n07714990/n07714990_1572.JPEG,937,broccoli
train/n07714990/n07714990_7486.JPEG,937,broccoli
train/n07714990/n07714990_829.JPEG,937,broccoli
train/n07714990/n07714990_7614.JPEG,937,broccoli
train/n07714990/n07714990_11413.JPEG,937,broccoli
train/n07714990/n07714990_14291.JPEG,937,broccoli
train/n07714990/n07714990_425.JPEG,937,broccoli
train/n07714990/n07714990_1423.JPEG,937,broccoli
train/n07715103/n07715103_2519.JPEG,938,cauliflower
train/n07715103/n07715103_8991.JPEG,938,cauliflower
train/n07715103/n07715103_13551.JPEG,938,cauliflower
train/n07715103/n07715103_2938.JPEG,938,cauliflower
train/n07715103/n07715103_6832.JPEG,938,cauliflower
train/n07715103/n07715103_9859.JPEG,938,cauliflower
train/n07715103/n07715103_7684.JPEG,938,cauliflower
train/n07715103/n07715103_2083.JPEG,938,cauliflower
train/n07715103/n07715103_17500.JPEG,938,cauliflower
train/n07715103/n07715103_15174.JPEG,938,cauliflower
train/n07715103/n07715103_5815.JPEG,938,cauliflower
train/n07715103/n07715103_13364.JPEG,938,cauliflower
train/n07715103/n07715103_2891.JPEG,938,cauliflower
train/n07715103/n07715103_9803.JPEG,938,cauliflower
train/n07715103/n07715103_9163.JPEG,938,cauliflower
train/n07715103/n07715103_2429.JPEG,938,cauliflower
train/n07716358/n07716358_8575.JPEG,939,zucchini
train/n07716358/n07716358_33882.JPEG,939,zucchini
train/n07716358/n07716358_12705.JPEG,939,zucchini
train/n07716358/n07716358_19528.JPEG,939,zucchini
train/n07716358/n07716358_12176.JPEG,939,zucchini
train/n07716358/n07716358_15025.JPEG,939,zucchini
train/n07716358/n07716358_11423.JPEG,939,zucchini
train/n07716358/n07716358_15355.JPEG,939,zucchini
train/n07716358/n07716358_3193.JPEG,939,zucchini
train/n07716358/n07716358_2582.JPEG,939,zucchini
train/n07716358/n07716358_24309.JPEG,939,zucchini
train/n07716358/n07716358_2846.JPEG,939,zucchini
train/n07716358/n07716358_39988.JPEG,939,zucchini
train/n07716358/n07716358_8726.JPEG,939,zucchini
train/n07716358/n07716358_18090.JPEG,939,zucchini
train/n07716358/n07716358_6477.JPEG,939,zucchini
train/n07716906/n07716906_4906.JPEG,940,spaghetti squash
train/n07716906/n07716906_10530.JPEG,940,spaghetti squash
train/n07716906/n07716906_2098.JPEG,940,spaghetti squash
train/n07716906/n07716906_1468.JPEG,940,spaghetti squash
train/n07716906/n07716906_2481.JPEG,940,spaghetti squash
train/n07716906/n07716906_4028.JPEG,940,spaghetti squash
train/n07716906/n07716906_7741.JPEG,940,spaghetti squash
train/n07716906/n07716906_168.JPEG,940,spaghetti squash
train/n07716906/n07716906_9732.JPEG,940,spaghetti squash
train/n07716906/n07716906_4120.JPEG,940,spaghetti squash
train/n07716906/n07716906_2796.JPEG,940,spaghetti squash
train/n07716906/n07716906_7709.JPEG,940,spaghetti squash
train/n07716906/n07716906_12056.JPEG,940,spaghetti squash
train/n07716906/n07716906_7848.JPEG,940,spaghetti squash
train/n07716906/n07716906_5169.JPEG,940,spaghetti squash
train/n07716906/n07716906_758.JPEG,940,spaghetti squash
train/n07717410/n07717410_1273.JPEG,941,acorn squash
train/n07717410/n07717410_9139.JPEG,941,acorn squash
train/n07717410/n07717410_2731.JPEG,941,acorn squash
train/n07717410/n07717410_10987.JPEG,941,acorn squash
train/n07717410/n07717410_1984.JPEG,941,acorn squash
train/n07717410/n07717410_8594.JPEG,941,acorn squash
train/n07717410/n07717410_12339.JPEG,941,acorn squash
train/n07717410/n07717410_3644.JPEG,941,acorn squash
train/n07717410/n07717410_6806.JPEG,941,acorn squash
train/n07717410/n07717410_4747.JPEG,941,acorn squash
train/n07717410/n07717410_3116.JPEG,941,acorn squash
train/n07717410/n07717410_3461.JPEG,941,acorn squash
train/n07717410/n07717410_16439.JPEG,941,acorn squash
train/n07717410/n07717410_6202.JPEG,941,acorn squash
train/n07717410/n07717410_5476.JPEG,941,acorn squash
train/n07717410/n07717410_16525.JPEG,941,acorn squash
train/n07717556/n07717556_4268.JPEG,942,butternut squash
train/n07717556/n07717556_4942.JPEG,942,butternut squash
train/n07717556/n07717556_9303.JPEG,942,butternut squash
train/n07717556/n07717556_129.JPEG,942,butternut squash
train/n07717556/n07717556_15448.JPEG,942,butternut squash
train/n07717556/n07717556_1081.JPEG,942,butternut squash
train/n07717556/n07717556_12221.JPEG,942,butternut squash
train/n07717556/n07717556_4335.JPEG,942,butternut squash
train/n07717556/n07717556_11128.JPEG,942,butternut squash
train/n07717556/n07717556_8391.JPEG,942,butternut squash
train/n07717556/n07717556_310.JPEG,942,butternut squash
train/n07717556/n07717556_13531.JPEG,942,butternut squash
train/n07717556/n07717556_10358.JPEG,942,butternut squash
train/n07717556/n07717556_15331.JPEG,942,butternut squash
train/n07717556/n07717556_7493.JPEG,942,butternut squash
train/n07717556/n07717556_2038.JPEG,942,butternut squash
train/n07718472/n07718472_442.JPEG,943,cucumber
train/n07718472/n07718472_3034.JPEG,943,cucumber
train/n07718472/n07718472_5522.JPEG,943,cucumber
train/n07718472/n07718472_9082.JPEG,943,cucumber
train/n07718472/n07718472_7898.JPEG,943,cucumber
train/n07718472/n07718472_13980.JPEG,943,cucumber
train/n07718472/n07718472_13111.JPEG,943,cucumber
train/n07718472/n07718472_11449.JPEG,943,cucumber
train/n07718472/n07718472_16258.JPEG,943,cucumber
train/n07718472/n07718472_4516.JPEG,943,cucumber
train/n07718472/n07718472_1536.JPEG,943,cucumber
train/n07718472/n07718472_13809.JPEG,943,cucumber
train/n07718472/n07718472_10816.JPEG,943,cucumber
train/n07718472/n07718472_21631.JPEG,943,cucumber
train/n07718472/n07718472_29620.JPEG,943,cucumber
train/n07718472/n07718472_12509.JPEG,943,cucumber
train/n07718747/n07718747_4901.JPEG,944,artichoke
train/n07718747/n07718747_4196.JPEG,944,artichoke
train/n07718747/n07718747_1478.JPEG,944,artichoke
train/n07718747/n07718747_5753.JPEG,944,artichoke
train/n07718747/n07718747_7241.JPEG,944,artichoke
train/n07718747/n07718747_12317.JPEG,944,artichoke
train/n07718747/n07718747_3336.JPEG,944,artichoke
train/n07718747/n07718747_14747.JPEG,944,artichoke
train/n07718747/n07718747_5849.JPEG,944,artichoke
train/n07718747/n07718747_8103.JPEG,944,artichoke
train/n07718747/n07718747_4130.JPEG,944,artichoke
train/n07718747/n07718747_91.JPEG,944,artichoke
train/n07718747/n07718747_7526.JPEG,944,artichoke
train/n07718747/n07718747_7837.JPEG,944,artichoke
train/n07718747/n07718747_1360.JPEG,944,artichoke
train/n07718747/n07718747_5178.JPEG,944,artichoke
train/n07720875/n07720875_4163.JPEG,945,bell pepper
train/n07720875/n07720875_236.JPEG,945,bell pepper
train/n07720875/n07720875_4491.JPEG,945,bell pepper
train/n07720875/n07720875_938.JPEG,945,bell pepper
train/n07720875/n07720875_16570.JPEG,945,bell pepper
train/n07720875/n07720875_1849.JPEG,945,bell pepper
train/n07720875/n07720875_8604.JPEG,945,bell pepper
train/n07720875/n07720875_13786.JPEG,945,bell pepper
train/n07720875/n07720875_1269.JPEG,945,bell pepper
train/n07720875/n07720875_8488.JPEG,945,bell pepper
train/n07720875/n07720875_10843.JPEG,945,bell pepper
train/n07720875/n07720875_7031.JPEG,945,bell pepper
train/n07720875/n07720875_15875.JPEG,945,bell pepper
train/n07720875/n07720875_1838.JPEG,945,bell pepper
train/n07720875/n07720875_12538.JPEG,945,bell pepper
train/n07720875/n07720875_4449.JPEG,945,bell pepper
train/n07730033/n07730033_14204.JPEG,946,cardoon
train/n07730033/n07730033_18035.JPEG,946,cardoon
train/n07730033/n07730033_3150.JPEG,946,cardoon
train/n07730033/n07730033_127.JPEG,946,cardoon
train/n07730033/n07730033_2707.JPEG,946,cardoon
train/n07730033/n07730033_13287.JPEG,946,cardoon
train/n07730033/n07730033_9267.JPEG,946,cardoon
train/n07730033/n07730033_16203.JPEG,946,cardoon
train/n07730033/n07730033_15774.JPEG,946,cardoon
train/n07730033/n07730033_7662.JPEG,946,cardoon
train/n07730033/n07730033_10102.JPEG,946,cardoon
train/n07730033/n07730033_370.JPEG,946,cardoon
train/n07730033/n07730033_8137.JPEG,946,cardoon
train/n07730033/n07730033_17619.JPEG,946,cardoon
train/n07730033/n07730033_10758.JPEG,946,cardoon
train/n07730033/n07730033_7916.JPEG,946,cardoon
train/n07734744/n07734744_9382.JPEG,947,mushroom
train/n07734744/n07734744_2274.JPEG,947,mushroom
train/n07734744/n07734744_6016.JPEG,947,mushroom
train/n07734744/n07734744_9322.JPEG,947,mushroom
train/n07734744/n07734744_15369.JPEG,947,mushroom
train/n07734744/n07734744_1552.JPEG,947,mushroom
train/n07734744/n07734744_5264.JPEG,947,mushroom
train/n07734744/n07734744_341.JPEG,947,mushroom
train/n07734744/n07734744_1748.JPEG,947,mushroom
train/n07734744/n07734744_4669.JPEG,947,mushroom
train/n07734744/n07734744_4163.JPEG,947,mushroom
train/n07734744/n07734744_8712.JPEG,947,mushroom
train/n07734744/n07734744_1397.JPEG,947,mushroom
train/n07734744/n07734744_3104.JPEG,947,mushroom
train/n07734744/n07734744_2441.JPEG,947,mushroom
train/n07734744/n07734744_11375.JPEG,947,mushroom
train/n07742313/n07742313_11244.JPEG,948,Granny Smith apple
train/n07742313/n07742313_12409.JPEG,948,Granny Smith apple
train/n07742313/n07742313_10585.JPEG,948,Granny Smith apple
train/n07742313/n07742313_20895.JPEG,948,Granny Smith apple
train/n07742313/n07742313_18650.JPEG,948,Granny Smith apple
train/n07742313/n07742313_9542.JPEG,948,Granny Smith apple
train/n07742313/n07742313_20706.JPEG,948,Granny Smith apple
train/n07742313/n07742313_10769.JPEG,948,Granny Smith apple
train/n07742313/n07742313_22602.JPEG,948,Granny Smith apple
train/n07742313/n07742313_6978.JPEG,948,Granny Smith apple
train/n07742313/n07742313_4380.JPEG,948,Granny Smith apple
train/n07742313/n07742313_22116.JPEG,948,Granny Smith apple
train/n07742313/n07742313_16929.JPEG,948,Granny Smith apple
train/n07742313/n07742313_10435.JPEG,948,Granny Smith apple
train/n07742313/n07742313_15210.JPEG,948,Granny Smith apple
train/n07742313/n07742313_10407.JPEG,948,Granny Smith apple
train/n07745940/n07745940_5089.JPEG,949,strawberry
train/n07745940/n07745940_6908.JPEG,949,strawberry
train/n07745940/n07745940_12732.JPEG,949,strawberry
train/n07745940/n07745940_10480.JPEG,949,strawberry
train/n07745940/n07745940_10300.JPEG,949,strawberry
train/n07745940/n07745940_4911.JPEG,949,strawberry
train/n07745940/n07745940_2596.JPEG,949,strawberry
train/n07745940/n07745940_8337.JPEG,949,strawberry
train/n07745940/n07745940_4659.JPEG,949,strawberry
train/n07745940/n07745940_12438.JPEG,949,strawberry
train/n07745940/n07745940_1717.JPEG,949,strawberry
train/n07745940/n07745940_10516.JPEG,949,strawberry
train/n07745940/n07745940_20162.JPEG,949,strawberry
train/n07745940/n07745940_1047.JPEG,949,strawberry
train/n07745940/n07745940_12426.JPEG,949,strawberry
train/n07745940/n07745940_8319.JPEG,949,strawberry
train/n07747607/n07747607_17723.JPEG,950,orange
train/n07747607/n07747607_9200.JPEG,950,orange
train/n07747607/n07747607_11411.JPEG,950,orange
train/n07747607/n07747607_15759.JPEG,950,orange
train/n07747607/n07747607_25078.JPEG,950,orange
train/n07747607/n07747607_10960.JPEG,950,orange
train/n07747607/n07747607_10482.JPEG,950,orange
train/n07747607/n07747607_32897.JPEG,950,orange
train/n07747607/n07747607_64641.JPEG,950,orange
train/n07747607/n07747607_29137.JPEG,950,orange
train/n07747607/n07747607_18602.JPEG,950,orange
train/n07747607/n07747607_11066.JPEG,950,orange
train/n07747607/n07747607_24528.JPEG,950,orange
train/n07747607/n07747607_28441.JPEG,950,orange
train/n07747607/n07747607_57034.JPEG,950,orange
train/n07747607/n07747607_14570.JPEG,950,orange
train/n07749582/n07749582_13556.JPEG,951,lemon
train/n07749582/n07749582_6066.JPEG,951,lemon
train/n07749582/n07749582_7077.JPEG,951,lemon
train/n07749582/n07749582_8202.JPEG,951,lemon
train/n07749582/n07749582_14907.JPEG,951,lemon
train/n07749582/n07749582_512.JPEG,951,lemon
train/n07749582/n07749582_22836.JPEG,951,lemon
train/n07749582/n07749582_6168.JPEG,951,lemon
train/n07749582/n07749582_14467.JPEG,951,lemon
train/n07749582/n07749582_5767.JPEG,951,lemon
train/n07749582/n07749582_19983.JPEG,951,lemon
train/n07749582/n07749582_3885.JPEG,951,lemon
train/n07749582/n07749582_12806.JPEG,951,lemon
train/n07749582/n07749582_9683.JPEG,951,lemon
train/n07749582/n07749582_7541.JPEG,951,lemon
train/n07749582/n07749582_4370.JPEG,951,lemon
train/n07753113/n07753113_46.JPEG,952,fig
train/n07753113/n07753113_13024.JPEG,952,fig
train/n07753113/n07753113_3493.JPEG,952,fig
train/n07753113/n07753113_562.JPEG,952,fig
train/n07753113/n07753113_13603.JPEG,952,fig
train/n07753113/n07753113_31329.JPEG,952,fig
train/n07753113/n07753113_11814.JPEG,952,fig
train/n07753113/n07753113_11987.JPEG,952,fig
train/n07753113/n07753113_14319.JPEG,952,fig
train/n07753113/n07753113_14906.JPEG,952,fig
train/n07753113/n07753113_29199.JPEG,952,fig
train/n07753113/n07753113_5104.JPEG,952,fig
train/n07753113/n07753113_2337.JPEG,952,fig
train/n07753113/n07753113_2575.JPEG,952,fig
train/n07753113/n07753113_4970.JPEG,952,fig
train/n07753113/n07753113_15658.JPEG,952,fig
train/n07753275/n07753275_25755.JPEG,953,pineapple
train/n07753275/n07753275_21607.JPEG,953,pineapple
train/n07753275/n07753275_36347.JPEG,953,pineapple
train/n07753275/n07753275_63822.JPEG,953,pineapple
train/n07753275/n07753275_27559.JPEG,953,pineapple
train/n07753275/n07753275_9648.JPEG,953,pineapple
train/n07753275/n07753275_2066.JPEG,953,pineapple
train/n07753275/n07753275_2097.JPEG,953,pineapple
train/n07753275/n07753275_8137.JPEG,953,pineapple
train/n07753275/n07753275_9554.JPEG,953,pineapple
train/n07753275/n07753275_493.JPEG,953,pineapple
train/n07753275/n07753275_13549.JPEG,953,pineapple
train/n07753275/n07753275_19458.JPEG,953,pineapple
train/n07753275/n07753275_7157.JPEG,953,pineapple
train/n07753275/n07753275_18783.JPEG,953,pineapple
train/n07753275/n07753275_3798.JPEG,953,pineapple
train/n07753592/n07753592_2395.JPEG,954,banana
train/n07753592/n07753592_15747.JPEG,954,banana
train/n07753592/n07753592_7612.JPEG,954,banana
train/n07753592/n07753592_12300.JPEG,954,banana
train/n07753592/n07753592_1816.JPEG,954,banana
train/n07753592/n07753592_7646.JPEG,954,banana
train/n07753592/n07753592_3790.JPEG,954,banana
train/n07753592/n07753592_11059.JPEG,954,banana
train/n07753592/n07753592_3173.JPEG,954,banana
train/n07753592/n07753592_2500.JPEG,954,banana
train/n07753592/n07753592_17027.JPEG,954,banana
train/n07753592/n07753592_2026.JPEG,954,banana
train/n07753592/n07753592_12291.JPEG,954,banana
train/n07753592/n07753592_1915.JPEG,954,banana
train/n07753592/n07753592_3000.JPEG,954,banana
train/n07753592/n07753592_7130.JPEG,954,banana
train/n07754684/n07754684_23510.JPEG,955,jackfruit
train/n07754684/n07754684_15130.JPEG,955,jackfruit
train/n07754684/n07754684_21365.JPEG,955,jackfruit
train/n07754684/n07754684_38423.JPEG,955,jackfruit
train/n07754684/n07754684_10583.JPEG,955,jackfruit
train/n07754684/n07754684_14218.JPEG,955,jackfruit
train/n07754684/n07754684_33997.JPEG,955,jackfruit
train/n07754684/n07754684_13674.JPEG,955,jackfruit
train/n07754684/n07754684_25596.JPEG,955,jackfruit
train/n07754684/n07754684_4277.JPEG,955,jackfruit
train/n07754684/n07754684_12033.JPEG,955,jackfruit
train/n07754684/n07754684_2793.JPEG,955,jackfruit
train/n07754684/n07754684_41981.JPEG,955,jackfruit
train/n07754684/n07754684_29056.JPEG,955,jackfruit
train/n07754684/n07754684_9330.JPEG,955,jackfruit
train/n07754684/n07754684_6197.JPEG,955,jackfruit
train/n07760859/n07760859_11744.JPEG,956,cherimoya (custard apple)
train/n07760859/n07760859_7801.JPEG,956,cherimoya (custard apple)
train/n07760859/n07760859_1543.JPEG,956,cherimoya (custard apple)
train/n07760859/n07760859_694.JPEG,956,cherimoya (custard apple)
train/n07760859/n07760859_7965.JPEG,956,cherimoya (custard apple)
train/n07760859/n07760859_8110.JPEG,956,cherimoya (custard apple)
train/n07760859/n07760859_16440.JPEG,956,cherimoya (custard apple)
train/n07760859/n07760859_12184.JPEG,956,cherimoya (custard apple)
train/n07760859/n07760859_5430.JPEG,956,cherimoya (custard apple)
train/n07760859/n07760859_11536.JPEG,956,cherimoya (custard apple)
train/n07760859/n07760859_3349.JPEG,956,cherimoya (custard apple)
train/n07760859/n07760859_650.JPEG,956,cherimoya (custard apple)
train/n07760859/n07760859_1825.JPEG,956,cherimoya (custard apple)
train/n07760859/n07760859_8802.JPEG,956,cherimoya (custard apple)
train/n07760859/n07760859_2664.JPEG,956,cherimoya (custard apple)
train/n07760859/n07760859_11284.JPEG,956,cherimoya (custard apple)
train/n07768694/n07768694_5610.JPEG,957,pomegranate
train/n07768694/n07768694_19009.JPEG,957,pomegranate
train/n07768694/n07768694_3861.JPEG,957,pomegranate
train/n07768694/n07768694_15501.JPEG,957,pomegranate
train/n07768694/n07768694_11274.JPEG,957,pomegranate
train/n07768694/n07768694_11039.JPEG,957,pomegranate
train/n07768694/n07768694_12370.JPEG,957,pomegranate
train/n07768694/n07768694_40352.JPEG,957,pomegranate
train/n07768694/n07768694_3066.JPEG,957,pomegranate
train/n07768694/n07768694_11573.JPEG,957,pomegranate
train/n07768694/n07768694_17888.JPEG,957,pomegranate
train/n07768694/n07768694_867.JPEG,957,pomegranate
train/n07768694/n07768694_20847.JPEG,957,pomegranate
train/n07768694/n07768694_11999.JPEG,957,pomegranate
train/n07768694/n07768694_13490.JPEG,957,pomegranate
train/n07768694/n07768694_12939.JPEG,957,pomegranate
train/n07802026/n07802026_2822.JPEG,958,hay
train/n07802026/n07802026_8724.JPEG,958,hay
train/n07802026/n07802026_6721.JPEG,958,hay
train/n07802026/n07802026_1619.JPEG,958,hay
train/n07802026/n07802026_7842.JPEG,958,hay
train/n07802026/n07802026_20846.JPEG,958,hay
train/n07802026/n07802026_19931.JPEG,958,hay
train/n07802026/n07802026_14895.JPEG,958,hay
train/n07802026/n07802026_9144.JPEG,958,hay
train/n07802026/n07802026_20001.JPEG,958,hay
train/n07802026/n07802026_3831.JPEG,958,hay
train/n07802026/n07802026_7998.JPEG,958,hay
train/n07802026/n07802026_20002.JPEG,958,hay
train/n07802026/n07802026_13372.JPEG,958,hay
train/n07802026/n07802026_7142.JPEG,958,hay
train/n07802026/n07802026_10057.JPEG,958,hay
train/n07831146/n07831146_2168.JPEG,959,carbonara
train/n07831146/n07831146_2229.JPEG,959,carbonara
train/n07831146/n07831146_2036.JPEG,959,carbonara
train/n07831146/n07831146_6253.JPEG,959,carbonara
train/n07831146/n07831146_8643.JPEG,959,carbonara
train/n07831146/n07831146_3944.JPEG,959,carbonara
train/n07831146/n07831146_5299.JPEG,959,carbonara
train/n07831146/n07831146_1300.JPEG,959,carbonara
train/n07831146/n07831146_12047.JPEG,959,carbonara
train/n07831146/n07831146_5823.JPEG,959,carbonara
train/n07831146/n07831146_1579.JPEG,959,carbonara
train/n07831146/n07831146_4885.JPEG,959,carbonara
train/n07831146/n07831146_598.JPEG,959,carbonara
train/n07831146/n07831146_2434.JPEG,959,carbonara
train/n07831146/n07831146_3215.JPEG,959,carbonara
train/n07831146/n07831146_151.JPEG,959,carbonara
train/n07836838/n07836838_465.JPEG,960,chocolate syrup
train/n07836838/n07836838_2224.JPEG,960,chocolate syrup
train/n07836838/n07836838_7929.JPEG,960,chocolate syrup
train/n07836838/n07836838_15539.JPEG,960,chocolate syrup
train/n07836838/n07836838_6206.JPEG,960,chocolate syrup
train/n07836838/n07836838_16639.JPEG,960,chocolate syrup
train/n07836838/n07836838_11715.JPEG,960,chocolate syrup
train/n07836838/n07836838_1388.JPEG,960,chocolate syrup
train/n07836838/n07836838_23855.JPEG,960,chocolate syrup
train/n07836838/n07836838_890.JPEG,960,chocolate syrup
train/n07836838/n07836838_15580.JPEG,960,chocolate syrup
train/n07836838/n07836838_4531.JPEG,960,chocolate syrup
train/n07836838/n07836838_2300.JPEG,960,chocolate syrup
train/n07836838/n07836838_4819.JPEG,960,chocolate syrup
train/n07836838/n07836838_6567.JPEG,960,chocolate syrup
train/n07836838/n07836838_22451.JPEG,960,chocolate syrup
train/n07860988/n07860988_1866.JPEG,961,dough
train/n07860988/n07860988_14234.JPEG,961,dough
train/n07860988/n07860988_4649.JPEG,961,dough
train/n07860988/n07860988_35671.JPEG,961,dough
train/n07860988/n07860988_38757.JPEG,961,dough
train/n07860988/n07860988_7091.JPEG,961,dough
train/n07860988/n07860988_11287.JPEG,961,dough
train/n07860988/n07860988_24569.JPEG,961,dough
train/n07860988/n07860988_1793.JPEG,961,dough
train/n07860988/n07860988_7002.JPEG,961,dough
train/n07860988/n07860988_5800.JPEG,961,dough
train/n07860988/n07860988_1612.JPEG,961,dough
train/n07860988/n07860988_9297.JPEG,961,dough
train/n07860988/n07860988_31243.JPEG,961,dough
train/n07860988/n07860988_8460.JPEG,961,dough
train/n07860988/n07860988_21741.JPEG,961,dough
train/n07871810/n07871810_12674.JPEG,962,meatloaf
train/n07871810/n07871810_7625.JPEG,962,meatloaf
train/n07871810/n07871810_10262.JPEG,962,meatloaf
train/n07871810/n07871810_5357.JPEG,962,meatloaf
train/n07871810/n07871810_13467.JPEG,962,meatloaf
train/n07871810/n07871810_11752.JPEG,962,meatloaf
train/n07871810/n07871810_1092.JPEG,962,meatloaf
train/n07871810/n07871810_7135.JPEG,962,meatloaf
train/n07871810/n07871810_1231.JPEG,962,meatloaf
train/n07871810/n07871810_8383.JPEG,962,meatloaf
train/n07871810/n07871810_1141.JPEG,962,meatloaf
train/n07871810/n07871810_12900.JPEG,962,meatloaf
train/n07871810/n07871810_22518.JPEG,962,meatloaf
train/n07871810/n07871810_10972.JPEG,962,meatloaf
train/n07871810/n07871810_1596.JPEG,962,meatloaf
train/n07871810/n07871810_13484.JPEG,962,meatloaf
train/n07873807/n07873807_6721.JPEG,963,pizza
train/n07873807/n07873807_4231.JPEG,963,pizza
train/n07873807/n07873807_15765.JPEG,963,pizza
train/n07873807/n07873807_9953.JPEG,963,pizza
train/n07873807/n07873807_1057.JPEG,963,pizza
train/n07873807/n07873807_12893.JPEG,963,pizza
train/n07873807/n07873807_6037.JPEG,963,pizza
train/n07873807/n07873807_1749.JPEG,963,pizza
train/n07873807/n07873807_1885.JPEG,963,pizza
train/n07873807/n07873807_5640.JPEG,963,pizza
train/n07873807/n07873807_17276.JPEG,963,pizza
train/n07873807/n07873807_11542.JPEG,963,pizza
train/n07873807/n07873807_5657.JPEG,963,pizza
train/n07873807/n07873807_12615.JPEG,963,pizza
train/n07873807/n07873807_37853.JPEG,963,pizza
train/n07873807/n07873807_6755.JPEG,963,pizza
train/n07875152/n07875152_741.JPEG,964,pot pie
train/n07875152/n07875152_1817.JPEG,964,pot pie
train/n07875152/n07875152_3360.JPEG,964,pot pie
train/n07875152/n07875152_10677.JPEG,964,pot pie
train/n07875152/n07875152_4066.JPEG,964,pot pie
train/n07875152/n07875152_3053.JPEG,964,pot pie
train/n07875152/n07875152_4912.JPEG,964,pot pie
train/n07875152/n07875152_9237.JPEG,964,pot pie
train/n07875152/n07875152_5544.JPEG,964,pot pie
train/n07875152/n07875152_102.JPEG,964,pot pie
train/n07875152/n07875152_6225.JPEG,964,pot pie
train/n07875152/n07875152_2176.JPEG,964,pot pie
train/n07875152/n07875152_2043.JPEG,964,pot pie
train/n07875152/n07875152_1095.JPEG,964,pot pie
train/n07875152/n07875152_2851.JPEG,964,pot pie
train/n07875152/n07875152_651.JPEG,964,pot pie
train/n07880968/n07880968_2907.JPEG,965,burrito
train/n07880968/n07880968_7411.JPEG,965,burrito
train/n07880968/n07880968_5539.JPEG,965,burrito
train/n07880968/n07880968_7374.JPEG,965,burrito
train/n07880968/n07880968_4233.JPEG,965,burrito
train/n07880968/n07880968_6178.JPEG,965,burrito
train/n07880968/n07880968_6871.JPEG,965,burrito
train/n07880968/n07880968_1193.JPEG,965,burrito
train/n07880968/n07880968_5240.JPEG,965,burrito
train/n07880968/n07880968_1263.JPEG,965,burrito
train/n07880968/n07880968_604.JPEG,965,burrito
train/n07880968/n07880968_6105.JPEG,965,burrito
train/n07880968/n07880968_3549.JPEG,965,burrito
train/n07880968/n07880968_4102.JPEG,965,burrito
train/n07880968/n07880968_2129.JPEG,965,burrito
train/n07880968/n07880968_5270.JPEG,965,burrito
train/n07892512/n07892512_14943.JPEG,966,red wine
train/n07892512/n07892512_14324.JPEG,966,red wine
train/n07892512/n07892512_3844.JPEG,966,red wine
train/n07892512/n07892512_29414.JPEG,966,red wine
train/n07892512/n07892512_13343.JPEG,966,red wine
train/n07892512/n07892512_10639.JPEG,966,red wine
train/n07892512/n07892512_18112.JPEG,966,red wine
train/n07892512/n07892512_21080.JPEG,966,red wine
train/n07892512/n07892512_17274.JPEG,966,red wine
train/n07892512/n07892512_2700.JPEG,966,red wine
train/n07892512/n07892512_10859.JPEG,966,red wine
train/n07892512/n07892512_42085.JPEG,966,red wine
train/n07892512/n07892512_25204.JPEG,966,red wine
train/n07892512/n07892512_30141.JPEG,966,red wine
train/n07892512/n07892512_1226.JPEG,966,red wine
train/n07892512/n07892512_3208.JPEG,966,red wine
train/n07920052/n07920052_15608.JPEG,967,espresso
train/n07920052/n07920052_12443.JPEG,967,espresso
train/n07920052/n07920052_17992.JPEG,967,espresso
train/n07920052/n07920052_18065.JPEG,967,espresso
train/n07920052/n07920052_7815.JPEG,967,espresso
train/n07920052/n07920052_19862.JPEG,967,espresso
train/n07920052/n07920052_32450.JPEG,967,espresso
train/n07920052/n07920052_7922.JPEG,967,espresso
train/n07920052/n07920052_12903.JPEG,967,espresso
train/n07920052/n07920052_16356.JPEG,967,espresso
train/n07920052/n07920052_2438.JPEG,967,espresso
train/n07920052/n07920052_4771.JPEG,967,espresso
train/n07920052/n07920052_11711.JPEG,967,espresso
train/n07920052/n07920052_7229.JPEG,967,espresso
train/n07920052/n07920052_1654.JPEG,967,espresso
train/n07920052/n07920052_9551.JPEG,967,espresso
train/n07930864/n07930864_59521.JPEG,968,tea cup
train/n07930864/n07930864_7864.JPEG,968,tea cup
train/n07930864/n07930864_47056.JPEG,968,tea cup
train/n07930864/n07930864_20184.JPEG,968,tea cup
train/n07930864/n07930864_9808.JPEG,968,tea cup
train/n07930864/n07930864_10551.JPEG,968,tea cup
train/n07930864/n07930864_27934.JPEG,968,tea cup
train/n07930864/n07930864_51356.JPEG,968,tea cup
train/n07930864/n07930864_2890.JPEG,968,tea cup
train/n07930864/n07930864_28979.JPEG,968,tea cup
train/n07930864/n07930864_33370.JPEG,968,tea cup
train/n07930864/n07930864_8679.JPEG,968,tea cup
train/n07930864/n07930864_7444.JPEG,968,tea cup
train/n07930864/n07930864_4625.JPEG,968,tea cup
train/n07930864/n07930864_28624.JPEG,968,tea cup
train/n07930864/n07930864_24338.JPEG,968,tea cup
train/n07932039/n07932039_8263.JPEG,969,eggnog
train/n07932039/n07932039_8830.JPEG,969,eggnog
train/n07932039/n07932039_1028.JPEG,969,eggnog
train/n07932039/n07932039_2659.JPEG,969,eggnog
train/n07932039/n07932039_1312.JPEG,969,eggnog
train/n07932039/n07932039_995.JPEG,969,eggnog
train/n07932039/n07932039_3246.JPEG,969,eggnog
train/n07932039/n07932039_4574.JPEG,969,eggnog
train/n07932039/n07932039_4536.JPEG,969,eggnog
train/n07932039/n07932039_17360.JPEG,969,eggnog
train/n07932039/n07932039_7780.JPEG,969,eggnog
train/n07932039/n07932039_22521.JPEG,969,eggnog
train/n07932039/n07932039_6054.JPEG,969,eggnog
train/n07932039/n07932039_10520.JPEG,969,eggnog
train/n07932039/n07932039_6021.JPEG,969,eggnog
train/n07932039/n07932039_1757.JPEG,969,eggnog
train/n09193705/n09193705_6997.JPEG,970,mountain
train/n09193705/n09193705_439.JPEG,970,mountain
train/n09193705/n09193705_9127.JPEG,970,mountain
train/n09193705/n09193705_734.JPEG,970,mountain
train/n09193705/n09193705_1358.JPEG,970,mountain
train/n09193705/n09193705_10967.JPEG,970,mountain
train/n09193705/n09193705_5883.JPEG,970,mountain
train/n09193705/n09193705_6004.JPEG,970,mountain
train/n09193705/n09193705_40846.JPEG,970,mountain
train/n09193705/n09193705_27649.JPEG,970,mountain
train/n09193705/n09193705_32400.JPEG,970,mountain
train/n09193705/n09193705_1161.JPEG,970,mountain
train/n09193705/n09193705_28371.JPEG,970,mountain
train/n09193705/n09193705_11874.JPEG,970,mountain
train/n09193705/n09193705_12514.JPEG,970,mountain
train/n09193705/n09193705_64469.JPEG,970,mountain
train/n09229709/n09229709_49653.JPEG,971,bubble
train/n09229709/n09229709_19025.JPEG,971,bubble
train/n09229709/n09229709_1431.JPEG,971,bubble
train/n09229709/n09229709_46502.JPEG,971,bubble
train/n09229709/n09229709_25666.JPEG,971,bubble
train/n09229709/n09229709_40633.JPEG,971,bubble
train/n09229709/n09229709_48817.JPEG,971,bubble
train/n09229709/n09229709_66922.JPEG,971,bubble
train/n09229709/n09229709_1897.JPEG,971,bubble
train/n09229709/n09229709_47122.JPEG,971,bubble
train/n09229709/n09229709_8176.JPEG,971,bubble
train/n09229709/n09229709_30603.JPEG,971,bubble
train/n09229709/n09229709_47340.JPEG,971,bubble
train/n09229709/n09229709_38774.JPEG,971,bubble
train/n09229709/n09229709_9120.JPEG,971,bubble
train/n09229709/n09229709_25246.JPEG,971,bubble
train/n09246464/n09246464_38188.JPEG,972,cliff
train/n09246464/n09246464_14411.JPEG,972,cliff
train/n09246464/n09246464_22393.JPEG,972,cliff
train/n09246464/n09246464_4106.JPEG,972,cliff
train/n09246464/n09246464_8769.JPEG,972,cliff
train/n09246464/n09246464_8014.JPEG,972,cliff
train/n09246464/n09246464_52034.JPEG,972,cliff
train/n09246464/n09246464_11847.JPEG,972,cliff
train/n09246464/n09246464_23175.JPEG,972,cliff
train/n09246464/n09246464_21479.JPEG,972,cliff
train/n09246464/n09246464_9269.JPEG,972,cliff
train/n09246464/n09246464_5429.JPEG,972,cliff
train/n09246464/n09246464_25951.JPEG,972,cliff
train/n09246464/n09246464_4428.JPEG,972,cliff
train/n09246464/n09246464_17356.JPEG,972,cliff
train/n09246464/n09246464_9422.JPEG,972,cliff
train/n09256479/n09256479_3812.JPEG,973,coral reef
train/n09256479/n09256479_5383.JPEG,973,coral reef
train/n09256479/n09256479_21860.JPEG,973,coral reef
train/n09256479/n09256479_10267.JPEG,973,coral reef
train/n09256479/n09256479_8364.JPEG,973,coral reef
train/n09256479/n09256479_19775.JPEG,973,coral reef
train/n09256479/n09256479_1994.JPEG,973,coral reef
train/n09256479/n09256479_1323.JPEG,973,coral reef
train/n09256479/n09256479_6818.JPEG,973,coral reef
train/n09256479/n09256479_11430.JPEG,973,coral reef
train/n09256479/n09256479_11575.JPEG,973,coral reef
train/n09256479/n09256479_2607.JPEG,973,coral reef
train/n09256479/n09256479_8615.JPEG,973,coral reef
train/n09256479/n09256479_4358.JPEG,973,coral reef
train/n09256479/n09256479_3025.JPEG,973,coral reef
train/n09256479/n09256479_1052.JPEG,973,coral reef
train/n09288635/n09288635_6355.JPEG,974,geyser
train/n09288635/n09288635_14157.JPEG,974,geyser
train/n09288635/n09288635_13543.JPEG,974,geyser
train/n09288635/n09288635_4048.JPEG,974,geyser
train/n09288635/n09288635_11559.JPEG,974,geyser
train/n09288635/n09288635_5369.JPEG,974,geyser
train/n09288635/n09288635_18853.JPEG,974,geyser
train/n09288635/n09288635_24378.JPEG,974,geyser
train/n09288635/n09288635_143.JPEG,974,geyser
train/n09288635/n09288635_11645.JPEG,974,geyser
train/n09288635/n09288635_3605.JPEG,974,geyser
train/n09288635/n09288635_269.JPEG,974,geyser
train/n09288635/n09288635_10148.JPEG,974,geyser
train/n09288635/n09288635_13412.JPEG,974,geyser
train/n09288635/n09288635_1075.JPEG,974,geyser
train/n09288635/n09288635_27454.JPEG,974,geyser
train/n09332890/n09332890_7932.JPEG,975,lakeshore
train/n09332890/n09332890_44806.JPEG,975,lakeshore
train/n09332890/n09332890_10686.JPEG,975,lakeshore
train/n09332890/n09332890_2656.JPEG,975,lakeshore
train/n09332890/n09332890_3801.JPEG,975,lakeshore
train/n09332890/n09332890_24202.JPEG,975,lakeshore
train/n09332890/n09332890_28772.JPEG,975,lakeshore
train/n09332890/n09332890_23483.JPEG,975,lakeshore
train/n09332890/n09332890_15538.JPEG,975,lakeshore
train/n09332890/n09332890_27740.JPEG,975,lakeshore
train/n09332890/n09332890_11663.JPEG,975,lakeshore
train/n09332890/n09332890_7173.JPEG,975,lakeshore
train/n09332890/n09332890_29428.JPEG,975,lakeshore
train/n09332890/n09332890_16029.JPEG,975,lakeshore
train/n09332890/n09332890_30536.JPEG,975,lakeshore
train/n09332890/n09332890_38967.JPEG,975,lakeshore
train/n09399592/n09399592_56070.JPEG,976,promontory
train/n09399592/n09399592_2287.JPEG,976,promontory
train/n09399592/n09399592_7790.JPEG,976,promontory
train/n09399592/n09399592_57270.JPEG,976,promontory
train/n09399592/n09399592_108680.JPEG,976,promontory
train/n09399592/n09399592_63154.JPEG,976,promontory
train/n09399592/n09399592_518.JPEG,976,promontory
train/n09399592/n09399592_67586.JPEG,976,promontory
train/n09399592/n09399592_32464.JPEG,976,promontory
train/n09399592/n09399592_40284.JPEG,976,promontory
train/n09399592/n09399592_33059.JPEG,976,promontory
train/n09399592/n09399592_9577.JPEG,976,promontory
train/n09399592/n09399592_4559.JPEG,976,promontory
train/n09399592/n09399592_68686.JPEG,976,promontory
train/n09399592/n09399592_29882.JPEG,976,promontory
train/n09399592/n09399592_100608.JPEG,976,promontory
train/n09421951/n09421951_29064.JPEG,977,sandbar
train/n09421951/n09421951_12471.JPEG,977,sandbar
train/n09421951/n09421951_9703.JPEG,977,sandbar
train/n09421951/n09421951_23041.JPEG,977,sandbar
train/n09421951/n09421951_14358.JPEG,977,sandbar
train/n09421951/n09421951_14696.JPEG,977,sandbar
train/n09421951/n09421951_6834.JPEG,977,sandbar
train/n09421951/n09421951_21268.JPEG,977,sandbar
train/n09421951/n09421951_12697.JPEG,977,sandbar
train/n09421951/n09421951_11397.JPEG,977,sandbar
train/n09421951/n09421951_2508.JPEG,977,sandbar
train/n09421951/n09421951_3684.JPEG,977,sandbar
train/n09421951/n09421951_21000.JPEG,977,sandbar
train/n09421951/n09421951_12198.JPEG,977,sandbar
train/n09421951/n09421951_12470.JPEG,977,sandbar
train/n09421951/n09421951_25580.JPEG,977,sandbar
train/n09428293/n09428293_43061.JPEG,978,beach
train/n09428293/n09428293_16122.JPEG,978,beach
train/n09428293/n09428293_38606.JPEG,978,beach
train/n09428293/n09428293_17119.JPEG,978,beach
train/n09428293/n09428293_45466.JPEG,978,beach
train/n09428293/n09428293_40967.JPEG,978,beach
train/n09428293/n09428293_46.JPEG,978,beach
train/n09428293/n09428293_101070.JPEG,978,beach
train/n09428293/n09428293_36799.JPEG,978,beach
train/n09428293/n09428293_48231.JPEG,978,beach
train/n09428293/n09428293_45467.JPEG,978,beach
train/n09428293/n09428293_41828.JPEG,978,beach
train/n09428293/n09428293_633.JPEG,978,beach
train/n09428293/n09428293_31489.JPEG,978,beach
train/n09428293/n09428293_5235.JPEG,978,beach
train/n09428293/n09428293_37803.JPEG,978,beach
train/n09468604/n09468604_7043.JPEG,979,valley
train/n09468604/n09468604_11301.JPEG,979,valley
train/n09468604/n09468604_1900.JPEG,979,valley
train/n09468604/n09468604_55347.JPEG,979,valley
train/n09468604/n09468604_74105.JPEG,979,valley
train/n09468604/n09468604_2064.JPEG,979,valley
train/n09468604/n09468604_7525.JPEG,979,valley
train/n09468604/n09468604_22751.JPEG,979,valley
train/n09468604/n09468604_15728.JPEG,979,valley
train/n09468604/n09468604_35262.JPEG,979,valley
train/n09468604/n09468604_81462.JPEG,979,valley
train/n09468604/n09468604_101099.JPEG,979,valley
train/n09468604/n09468604_59137.JPEG,979,valley
train/n09468604/n09468604_44764.JPEG,979,valley
train/n09468604/n09468604_71189.JPEG,979,valley
train/n09468604/n09468604_79045.JPEG,979,valley
train/n09472597/n09472597_7526.JPEG,980,volcano
train/n09472597/n09472597_2944.JPEG,980,volcano
train/n09472597/n09472597_29721.JPEG,980,volcano
train/n09472597/n09472597_38959.JPEG,980,volcano
train/n09472597/n09472597_21580.JPEG,980,volcano
train/n09472597/n09472597_1130.JPEG,980,volcano
train/n09472597/n09472597_2578.JPEG,980,volcano
train/n09472597/n09472597_42372.JPEG,980,volcano
train/n09472597/n09472597_16457.JPEG,980,volcano
train/n09472597/n09472597_4912.JPEG,980,volcano
train/n09472597/n09472597_22346.JPEG,980,volcano
train/n09472597/n09472597_1402.JPEG,980,volcano
train/n09472597/n09472597_1773.JPEG,980,volcano
train/n09472597/n09472597_7281.JPEG,980,volcano
train/n09472597/n09472597_38408.JPEG,980,volcano
train/n09472597/n09472597_50205.JPEG,980,volcano
train/n09835506/n09835506_31782.JPEG,981,baseball player
train/n09835506/n09835506_1418.JPEG,981,baseball player
train/n09835506/n09835506_8756.JPEG,981,baseball player
train/n09835506/n09835506_12445.JPEG,981,baseball player
train/n09835506/n09835506_22309.JPEG,981,baseball player
train/n09835506/n09835506_26198.JPEG,981,baseball player
train/n09835506/n09835506_8417.JPEG,981,baseball player
train/n09835506/n09835506_10376.JPEG,981,baseball player
train/n09835506/n09835506_16970.JPEG,981,baseball player
train/n09835506/n09835506_2897.JPEG,981,baseball player
train/n09835506/n09835506_12396.JPEG,981,baseball player
train/n09835506/n09835506_5839.JPEG,981,baseball player
train/n09835506/n09835506_20676.JPEG,981,baseball player
train/n09835506/n09835506_2973.JPEG,981,baseball player
train/n09835506/n09835506_16078.JPEG,981,baseball player
train/n09835506/n09835506_16920.JPEG,981,baseball player
train/n10148035/n10148035_3675.JPEG,982,bridegroom
train/n10148035/n10148035_1469.JPEG,982,bridegroom
train/n10148035/n10148035_30784.JPEG,982,bridegroom
train/n10148035/n10148035_30894.JPEG,982,bridegroom
train/n10148035/n10148035_31626.JPEG,982,bridegroom
train/n10148035/n10148035_13061.JPEG,982,bridegroom
train/n10148035/n10148035_24358.JPEG,982,bridegroom
train/n10148035/n10148035_21757.JPEG,982,bridegroom
train/n10148035/n10148035_23182.JPEG,982,bridegroom
train/n10148035/n10148035_25461.JPEG,982,bridegroom
train/n10148035/n10148035_25444.JPEG,982,bridegroom
train/n10148035/n10148035_4221.JPEG,982,bridegroom
train/n10148035/n10148035_19124.JPEG,982,bridegroom
train/n10148035/n10148035_6772.JPEG,982,bridegroom
train/n10148035/n10148035_21558.JPEG,982,bridegroom
train/n10148035/n10148035_2861.JPEG,982,bridegroom
train/n10565667/n10565667_8584.JPEG,983,scuba diver
train/n10565667/n10565667_11146.JPEG,983,scuba diver
train/n10565667/n10565667_20421.JPEG,983,scuba diver
train/n10565667/n10565667_5804.JPEG,983,scuba diver
train/n10565667/n10565667_6409.JPEG,983,scuba diver
train/n10565667/n10565667_9234.JPEG,983,scuba diver
train/n10565667/n10565667_4912.JPEG,983,scuba diver
train/n10565667/n10565667_440.JPEG,983,scuba diver
train/n10565667/n10565667_3173.JPEG,983,scuba diver
train/n10565667/n10565667_13030.JPEG,983,scuba diver
train/n10565667/n10565667_384.JPEG,983,scuba diver
train/n10565667/n10565667_12688.JPEG,983,scuba diver
train/n10565667/n10565667_1275.JPEG,983,scuba diver
train/n10565667/n10565667_19467.JPEG,983,scuba diver
train/n10565667/n10565667_6213.JPEG,983,scuba diver
train/n10565667/n10565667_9372.JPEG,983,scuba diver
train/n11879895/n11879895_1458.JPEG,984,rapeseed
train/n11879895/n11879895_5965.JPEG,984,rapeseed
train/n11879895/n11879895_9699.JPEG,984,rapeseed
train/n11879895/n11879895_233.JPEG,984,rapeseed
train/n11879895/n11879895_10214.JPEG,984,rapeseed
train/n11879895/n11879895_6113.JPEG,984,rapeseed
train/n11879895/n11879895_3714.JPEG,984,rapeseed
train/n11879895/n11879895_10633.JPEG,984,rapeseed
train/n11879895/n11879895_7269.JPEG,984,rapeseed
train/n11879895/n11879895_6494.JPEG,984,rapeseed
train/n11879895/n11879895_4380.JPEG,984,rapeseed
train/n11879895/n11879895_5593.JPEG,984,rapeseed
train/n11879895/n11879895_4784.JPEG,984,rapeseed
train/n11879895/n11879895_2393.JPEG,984,rapeseed
train/n11879895/n11879895_6013.JPEG,984,rapeseed
train/n11879895/n11879895_5302.JPEG,984,rapeseed
train/n11939491/n11939491_19314.JPEG,985,daisy
train/n11939491/n11939491_11220.JPEG,985,daisy
train/n11939491/n11939491_2793.JPEG,985,daisy
train/n11939491/n11939491_5343.JPEG,985,daisy
train/n11939491/n11939491_4714.JPEG,985,daisy
train/n11939491/n11939491_10196.JPEG,985,daisy
train/n11939491/n11939491_44566.JPEG,985,daisy
train/n11939491/n11939491_8270.JPEG,985,daisy
train/n11939491/n11939491_26065.JPEG,985,daisy
train/n11939491/n11939491_33689.JPEG,985,daisy
train/n11939491/n11939491_10242.JPEG,985,daisy
train/n11939491/n11939491_28827.JPEG,985,daisy
train/n11939491/n11939491_18719.JPEG,985,daisy
train/n11939491/n11939491_20546.JPEG,985,daisy
train/n11939491/n11939491_26681.JPEG,985,daisy
train/n11939491/n11939491_24272.JPEG,985,daisy
train/n12057211/n12057211_6630.JPEG,986,yellow lady's slipper
train/n12057211/n12057211_5615.JPEG,986,yellow lady's slipper
train/n12057211/n12057211_1113.JPEG,986,yellow lady's slipper
train/n12057211/n12057211_7858.JPEG,986,yellow lady's slipper
train/n12057211/n12057211_6564.JPEG,986,yellow lady's slipper
train/n12057211/n12057211_13625.JPEG,986,yellow lady's slipper
train/n12057211/n12057211_961.JPEG,986,yellow lady's slipper
train/n12057211/n12057211_5737.JPEG,986,yellow lady's slipper
train/n12057211/n12057211_2392.JPEG,986,yellow lady's slipper
train/n12057211/n12057211_6373.JPEG,986,yellow lady's slipper
train/n12057211/n12057211_6504.JPEG,986,yellow lady's slipper
train/n12057211/n12057211_10170.JPEG,986,yellow lady's slipper
train/n12057211/n12057211_777.JPEG,986,yellow lady's slipper
train/n12057211/n12057211_210.JPEG,986,yellow lady's slipper
train/n12057211/n12057211_6788.JPEG,986,yellow lady's slipper
train/n12057211/n12057211_8199.JPEG,986,yellow lady's slipper
train/n12144580/n12144580_14033.JPEG,987,corn
train/n12144580/n12144580_5553.JPEG,987,corn
train/n12144580/n12144580_5887.JPEG,987,corn
train/n12144580/n12144580_4244.JPEG,987,corn
train/n12144580/n12144580_2566.JPEG,987,corn
train/n12144580/n12144580_13877.JPEG,987,corn
train/n12144580/n12144580_14430.JPEG,987,corn
train/n12144580/n12144580_32165.JPEG,987,corn
train/n12144580/n12144580_16747.JPEG,987,corn
train/n12144580/n12144580_3648.JPEG,987,corn
train/n12144580/n12144580_10475.JPEG,987,corn
train/n12144580/n12144580_18558.JPEG,987,corn
train/n12144580/n12144580_1293.JPEG,987,corn
train/n12144580/n12144580_31019.JPEG,987,corn
train/n12144580/n12144580_41557.JPEG,987,corn
train/n12144580/n12144580_43357.JPEG,987,corn
train/n12267677/n12267677_1074.JPEG,988,acorn
train/n12267677/n12267677_6710.JPEG,988,acorn
train/n12267677/n12267677_2551.JPEG,988,acorn
train/n12267677/n12267677_3068.JPEG,988,acorn
train/n12267677/n12267677_23018.JPEG,988,acorn
train/n12267677/n12267677_20187.JPEG,988,acorn
train/n12267677/n12267677_12160.JPEG,988,acorn
train/n12267677/n12267677_25371.JPEG,988,acorn
train/n12267677/n12267677_16412.JPEG,988,acorn
train/n12267677/n12267677_9044.JPEG,988,acorn
train/n12267677/n12267677_3986.JPEG,988,acorn
train/n12267677/n12267677_10284.JPEG,988,acorn
train/n12267677/n12267677_15778.JPEG,988,acorn
train/n12267677/n12267677_3315.JPEG,988,acorn
train/n12267677/n12267677_5435.JPEG,988,acorn
train/n12267677/n12267677_7351.JPEG,988,acorn
train/n12620546/n12620546_38775.JPEG,989,rose hip
train/n12620546/n12620546_12944.JPEG,989,rose hip
train/n12620546/n12620546_6437.JPEG,989,rose hip
train/n12620546/n12620546_30311.JPEG,989,rose hip
train/n12620546/n12620546_18727.JPEG,989,rose hip
train/n12620546/n12620546_31277.JPEG,989,rose hip
train/n12620546/n12620546_53439.JPEG,989,rose hip
train/n12620546/n12620546_11463.JPEG,989,rose hip
train/n12620546/n12620546_50131.JPEG,989,rose hip
train/n12620546/n12620546_43350.JPEG,989,rose hip
train/n12620546/n12620546_2982.JPEG,989,rose hip
train/n12620546/n12620546_40287.JPEG,989,rose hip
train/n12620546/n12620546_12257.JPEG,989,rose hip
train/n12620546/n12620546_48585.JPEG,989,rose hip
train/n12620546/n12620546_10010.JPEG,989,rose hip
train/n12620546/n12620546_4379.JPEG,989,rose hip
train/n12768682/n12768682_22101.JPEG,990,horse chestnut seed
train/n12768682/n12768682_4449.JPEG,990,horse chestnut seed
train/n12768682/n12768682_16008.JPEG,990,horse chestnut seed
train/n12768682/n12768682_23077.JPEG,990,horse chestnut seed
train/n12768682/n12768682_28627.JPEG,990,horse chestnut seed
train/n12768682/n12768682_37622.JPEG,990,horse chestnut seed
train/n12768682/n12768682_13583.JPEG,990,horse chestnut seed
train/n12768682/n12768682_33637.JPEG,990,horse chestnut seed
train/n12768682/n12768682_6798.JPEG,990,horse chestnut seed
train/n12768682/n12768682_10029.JPEG,990,horse chestnut seed
train/n12768682/n12768682_12029.JPEG,990,horse chestnut seed
train/n12768682/n12768682_22318.JPEG,990,horse chestnut seed
train/n12768682/n12768682_1656.JPEG,990,horse chestnut seed
train/n12768682/n12768682_6744.JPEG,990,horse chestnut seed
train/n12768682/n12768682_1757.JPEG,990,horse chestnut seed
train/n12768682/n12768682_5491.JPEG,990,horse chestnut seed
train/n12985857/n12985857_1884.JPEG,991,coral fungus
train/n12985857/n12985857_669.JPEG,991,coral fungus
train/n12985857/n12985857_4597.JPEG,991,coral fungus
train/n12985857/n12985857_3229.JPEG,991,coral fungus
train/n12985857/n12985857_4334.JPEG,991,coral fungus
train/n12985857/n12985857_7722.JPEG,991,coral fungus
train/n12985857/n12985857_3125.JPEG,991,coral fungus
train/n12985857/n12985857_3952.JPEG,991,coral fungus
train/n12985857/n12985857_3868.JPEG,991,coral fungus
train/n12985857/n12985857_7036.JPEG,991,coral fungus
train/n12985857/n12985857_4377.JPEG,991,coral fungus
train/n12985857/n12985857_5416.JPEG,991,coral fungus
train/n12985857/n12985857_7596.JPEG,991,coral fungus
train/n12985857/n12985857_5636.JPEG,991,coral fungus
train/n12985857/n12985857_7041.JPEG,991,coral fungus
train/n12985857/n12985857_4990.JPEG,991,coral fungus
train/n12998815/n12998815_1593.JPEG,992,agaric
train/n12998815/n12998815_15365.JPEG,992,agaric
train/n12998815/n12998815_20027.JPEG,992,agaric
train/n12998815/n12998815_16705.JPEG,992,agaric
train/n12998815/n12998815_3895.JPEG,992,agaric
train/n12998815/n12998815_3279.JPEG,992,agaric
train/n12998815/n12998815_12381.JPEG,992,agaric
train/n12998815/n12998815_24526.JPEG,992,agaric
train/n12998815/n12998815_20711.JPEG,992,agaric
train/n12998815/n12998815_4393.JPEG,992,agaric
train/n12998815/n12998815_3880.JPEG,992,agaric
train/n12998815/n12998815_6270.JPEG,992,agaric
train/n12998815/n12998815_870.JPEG,992,agaric
train/n12998815/n12998815_9522.JPEG,992,agaric
train/n12998815/n12998815_9766.JPEG,992,agaric
train/n12998815/n12998815_13212.JPEG,992,agaric
train/n13037406/n13037406_1463.JPEG,993,gyromitra
train/n13037406/n13037406_1086.JPEG,993,gyromitra
train/n13037406/n13037406_5901.JPEG,993,gyromitra
train/n13037406/n13037406_3130.JPEG,993,gyromitra
train/n13037406/n13037406_3506.JPEG,993,gyromitra
train/n13037406/n13037406_6855.JPEG,993,gyromitra
train/n13037406/n13037406_1725.JPEG,993,gyromitra
train/n13037406/n13037406_2375.JPEG,993,gyromitra
train/n13037406/n13037406_4422.JPEG,993,gyromitra
train/n13037406/n13037406_3297.JPEG,993,gyromitra
train/n13037406/n13037406_2841.JPEG,993,gyromitra
train/n13037406/n13037406_21.JPEG,993,gyromitra
train/n13037406/n13037406_4036.JPEG,993,gyromitra
train/n13037406/n13037406_5547.JPEG,993,gyromitra
train/n13037406/n13037406_3091.JPEG,993,gyromitra
train/n13037406/n13037406_2800.JPEG,993,gyromitra
train/n13040303/n13040303_1594.JPEG,994,stinkhorn mushroom
train/n13040303/n13040303_2297.JPEG,994,stinkhorn mushroom
train/n13040303/n13040303_2671.JPEG,994,stinkhorn mushroom
train/n13040303/n13040303_1437.JPEG,994,stinkhorn mushroom
train/n13040303/n13040303_6141.JPEG,994,stinkhorn mushroom
train/n13040303/n13040303_1038.JPEG,994,stinkhorn mushroom
train/n13040303/n13040303_4662.JPEG,994,stinkhorn mushroom
train/n13040303/n13040303_7791.JPEG,994,stinkhorn mushroom
train/n13040303/n13040303_2144.JPEG,994,stinkhorn mushroom
train/n13040303/n13040303_3392.JPEG,994,stinkhorn mushroom
train/n13040303/n13040303_7866.JPEG,994,stinkhorn mushroom
train/n13040303/n13040303_3723.JPEG,994,stinkhorn mushroom
train/n13040303/n13040303_6528.JPEG,994,stinkhorn mushroom
train/n13040303/n13040303_4924.JPEG,994,stinkhorn mushroom
train/n13040303/n13040303_4450.JPEG,994,stinkhorn mushroom
train/n13040303/n13040303_4356.JPEG,994,stinkhorn mushroom
train/n13044778/n13044778_3732.JPEG,995,earth star fungus
train/n13044778/n13044778_849.JPEG,995,earth star fungus
train/n13044778/n13044778_6256.JPEG,995,earth star fungus
train/n13044778/n13044778_13285.JPEG,995,earth star fungus
train/n13044778/n13044778_10670.JPEG,995,earth star fungus
train/n13044778/n13044778_3562.JPEG,995,earth star fungus
train/n13044778/n13044778_40.JPEG,995,earth star fungus
train/n13044778/n13044778_709.JPEG,995,earth star fungus
train/n13044778/n13044778_2377.JPEG,995,earth star fungus
train/n13044778/n13044778_4522.JPEG,995,earth star fungus
train/n13044778/n13044778_3444.JPEG,995,earth star fungus
train/n13044778/n13044778_359.JPEG,995,earth star fungus
train/n13044778/n13044778_4439.JPEG,995,earth star fungus
train/n13044778/n13044778_13573.JPEG,995,earth star fungus
train/n13044778/n13044778_3465.JPEG,995,earth star fungus
train/n13044778/n13044778_2067.JPEG,995,earth star fungus
train/n13052670/n13052670_1558.JPEG,996,hen of the woods mushroom
train/n13052670/n13052670_5276.JPEG,996,hen of the woods mushroom
train/n13052670/n13052670_3805.JPEG,996,hen of the woods mushroom
train/n13052670/n13052670_9297.JPEG,996,hen of the woods mushroom
train/n13052670/n13052670_6745.JPEG,996,hen of the woods mushroom
train/n13052670/n13052670_6838.JPEG,996,hen of the woods mushroom
train/n13052670/n13052670_3028.JPEG,996,hen of the woods mushroom
train/n13052670/n13052670_8529.JPEG,996,hen of the woods mushroom
train/n13052670/n13052670_6394.JPEG,996,hen of the woods mushroom
train/n13052670/n13052670_11750.JPEG,996,hen of the woods mushroom
train/n13052670/n13052670_4174.JPEG,996,hen of the woods mushroom
train/n13052670/n13052670_10030.JPEG,996,hen of the woods mushroom
train/n13052670/n13052670_8593.JPEG,996,hen of the woods mushroom
train/n13052670/n13052670_7384.JPEG,996,hen of the woods mushroom
train/n13052670/n13052670_10530.JPEG,996,hen of the woods mushroom
train/n13052670/n13052670_4769.JPEG,996,hen of the woods mushroom
train/n13054560/n13054560_2024.JPEG,997,bolete
train/n13054560/n13054560_72.JPEG,997,bolete
train/n13054560/n13054560_1071.JPEG,997,bolete
train/n13054560/n13054560_4251.JPEG,997,bolete
train/n13054560/n13054560_10452.JPEG,997,bolete
train/n13054560/n13054560_13019.JPEG,997,bolete
train/n13054560/n13054560_6897.JPEG,997,bolete
train/n13054560/n13054560_9016.JPEG,997,bolete
train/n13054560/n13054560_3411.JPEG,997,bolete
train/n13054560/n13054560_4113.JPEG,997,bolete
train/n13054560/n13054560_2514.JPEG,997,bolete
train/n13054560/n13054560_6272.JPEG,997,bolete
train/n13054560/n13054560_1104.JPEG,997,bolete
train/n13054560/n13054560_6462.JPEG,997,bolete
train/n13054560/n13054560_3037.JPEG,997,bolete
train/n13054560/n13054560_3643.JPEG,997,bolete
train/n13133613/n13133613_23831.JPEG,998,corn cob
train/n13133613/n13133613_12899.JPEG,998,corn cob
train/n13133613/n13133613_19668.JPEG,998,corn cob
train/n13133613/n13133613_27954.JPEG,998,corn cob
train/n13133613/n13133613_655.JPEG,998,corn cob
train/n13133613/n13133613_51313.JPEG,998,corn cob
train/n13133613/n13133613_58528.JPEG,998,corn cob
train/n13133613/n13133613_77037.JPEG,998,corn cob
train/n13133613/n13133613_9970.JPEG,998,corn cob
train/n13133613/n13133613_25150.JPEG,998,corn cob
train/n13133613/n13133613_21245.JPEG,998,corn cob
train/n13133613/n13133613_68801.JPEG,998,corn cob
train/n13133613/n13133613_16918.JPEG,998,corn cob
train/n13133613/n13133613_13169.JPEG,998,corn cob
train/n13133613/n13133613_14805.JPEG,998,corn cob
train/n13133613/n13133613_26974.JPEG,998,corn cob
train/n15075141/n15075141_3638.JPEG,999,toilet paper
train/n15075141/n15075141_19879.JPEG,999,toilet paper
train/n15075141/n15075141_665.JPEG,999,toilet paper
train/n15075141/n15075141_9253.JPEG,999,toilet paper
train/n15075141/n15075141_25261.JPEG,999,toilet paper
train/n15075141/n15075141_6332.JPEG,999,toilet paper
train/n15075141/n15075141_2564.JPEG,999,toilet paper
train/n15075141/n15075141_6565.JPEG,999,toilet paper
train/n15075141/n15075141_42267.JPEG,999,toilet paper
train/n15075141/n15075141_16578.JPEG,999,toilet paper
train/n15075141/n15075141_23889.JPEG,999,toilet paper
train/n15075141/n15075141_28761.JPEG,999,toilet paper
train/n15075141/n15075141_18747.JPEG,999,toilet paper
train/n15075141/n15075141_23421.JPEG,999,toilet paper
train/n15075141/n15075141_47698.JPEG,999,toilet paper
train/n15075141/n15075141_41589.JPEG,999,toilet paper
