path,label,classname
train/n01440764/n01440764_2196.JPEG,0,tench
train/n01440764/n01440764_12732.JPEG,0,tench
train/n01440764/n01440764_9543.JPEG,0,tench
train/n01440764/n01440764_5239.JPEG,0,tench
train/n01440764/n01440764_3560.JPEG,0,tench
train/n01440764/n01440764_6550.JPEG,0,tench
train/n01440764/n01440764_8610.JPEG,0,tench
train/n01440764/n01440764_11887.JPEG,0,tench
train/n01440764/n01440764_16192.JPEG,0,tench
train/n01440764/n01440764_7056.JPEG,0,tench
train/n01440764/n01440764_5696.JPEG,0,tench
train/n01440764/n01440764_10783.JPEG,0,tench
train/n01440764/n01440764_22963.JPEG,0,tench
train/n01440764/n01440764_7285.JPEG,0,tench
train/n01440764/n01440764_9091.JPEG,0,tench
train/n01440764/n01440764_13855.JPEG,0,tench
train/n01443537/n01443537_16382.JPEG,1,goldfish
train/n01443537/n01443537_2333.JPEG,1,goldfish
train/n01443537/n01443537_2848.JPEG,1,goldfish
train/n01443537/n01443537_11360.JPEG,1,goldfish
train/n01443537/n01443537_13623.JPEG,1,goldfish
train/n01443537/n01443537_18729.JPEG,1,goldfish
train/n01443537/n01443537_17173.JPEG,1,goldfish
train/n01443537/n01443537_21911.JPEG,1,goldfish
train/n01443537/n01443537_12098.JPEG,1,goldfish
train/n01443537/n01443537_15164.JPEG,1,goldfish
train/n01443537/n01443537_21400.JPEG,1,goldfish
train/n01443537/n01443537_20939.JPEG,1,goldfish
train/n01443537/n01443537_12838.JPEG,1,goldfish
train/n01443537/n01443537_19180.JPEG,1,goldfish
train/n01443537/n01443537_17374.JPEG,1,goldfish
train/n01443537/n01443537_1895.JPEG,1,goldfish
train/n01484850/n01484850_8994.JPEG,2,great white shark
train/n01484850/n01484850_5649.JPEG,2,great white shark
train/n01484850/n01484850_25228.JPEG,2,great white shark
train/n01484850/n01484850_7641.JPEG,2,great white shark
train/n01484850/n01484850_3577.JPEG,2,great white shark
train/n01484850/n01484850_14284.JPEG,2,great white shark
train/n01484850/n01484850_370.JPEG,2,great white shark
train/n01484850/n01484850_8235.JPEG,2,great white shark
train/n01484850/n01484850_4125.JPEG,2,great white shark
train/n01484850/n01484850_4613.JPEG,2,great white shark
train/n01484850/n01484850_23974.JPEG,2,great white shark
train/n01484850/n01484850_2935.JPEG,2,great white shark
train/n01484850/n01484850_24667.JPEG,2,great white shark
train/n01484850/n01484850_14979.JPEG,2,great white shark
train/n01484850/n01484850_18709.JPEG,2,great white shark
train/n01484850/n01484850_29434.JPEG,2,great white shark
train/n01491361/n01491361_2216.JPEG,3,tiger shark
train/n01491361/n01491361_791.JPEG,3,tiger shark
train/n01491361/n01491361_11391.JPEG,3,tiger shark
train/n01491361/n01491361_3379.JPEG,3,tiger shark
train/n01491361/n01491361_8697.JPEG,3,tiger shark
train/n01491361/n01491361_11551.JPEG,3,tiger shark
train/n01491361/n01491361_1731.JPEG,3,tiger shark
train/n01491361/n01491361_5196.JPEG,3,tiger shark
train/n01491361/n01491361_6428.JPEG,3,tiger shark
train/n01491361/n01491361_889.JPEG,3,tiger shark
train/n01491361/n01491361_9575.JPEG,3,tiger shark
train/n01491361/n01491361_3353.JPEG,3,tiger shark
train/n01491361/n01491361_9571.JPEG,3,tiger shark
train/n01491361/n01491361_642.JPEG,3,tiger shark
train/n01491361/n01491361_8027.JPEG,3,tiger shark
train/n01491361/n01491361_7085.JPEG,3,tiger shark
train/n01494475/n01494475_13594.JPEG,4,hammerhead shark
train/n01494475/n01494475_7470.JPEG,4,hammerhead shark
train/n01494475/n01494475_12793.JPEG,4,hammerhead shark
train/n01494475/n01494475_1440.JPEG,4,hammerhead shark
train/n01494475/n01494475_9019.JPEG,4,hammerhead shark
train/n01494475/n01494475_11153.JPEG,4,hammerhead shark
train/n01494475/n01494475_8917.JPEG,4,hammerhead shark
train/n01494475/n01494475_746.JPEG,4,hammerhead shark
train/n01494475/n01494475_17034.JPEG,4,hammerhead shark
train/n01494475/n01494475_14131.JPEG,4,hammerhead shark
train/n01494475/n01494475_21287.JPEG,4,hammerhead shark
train/n01494475/n01494475_9982.JPEG,4,hammerhead shark
train/n01494475/n01494475_20669.JPEG,4,hammerhead shark
train/n01494475/n01494475_19280.JPEG,4,hammerhead shark
train/n01494475/n01494475_11495.JPEG,4,hammerhead shark
train/n01494475/n01494475_12716.JPEG,4,hammerhead shark
train/n01496331/n01496331_4340.JPEG,5,electric ray
train/n01496331/n01496331_13822.JPEG,5,electric ray
train/n01496331/n01496331_2629.JPEG,5,electric ray
train/n01496331/n01496331_30418.JPEG,5,electric ray
train/n01496331/n01496331_29614.JPEG,5,electric ray
train/n01496331/n01496331_49.JPEG,5,electric ray
train/n01496331/n01496331_33137.JPEG,5,electric ray
train/n01496331/n01496331_14128.JPEG,5,electric ray
train/n01496331/n01496331_28975.JPEG,5,electric ray
train/n01496331/n01496331_16340.JPEG,5,electric ray
train/n01496331/n01496331_2359.JPEG,5,electric ray
train/n01496331/n01496331_13415.JPEG,5,electric ray
train/n01496331/n01496331_12164.JPEG,5,electric ray
train/n01496331/n01496331_19596.JPEG,5,electric ray
train/n01496331/n01496331_19586.JPEG,5,electric ray
train/n01496331/n01496331_14563.JPEG,5,electric ray
train/n01498041/n01498041_801.JPEG,6,stingray
train/n01498041/n01498041_5196.JPEG,6,stingray
train/n01498041/n01498041_12492.JPEG,6,stingray
train/n01498041/n01498041_7854.JPEG,6,stingray
train/n01498041/n01498041_3888.JPEG,6,stingray
train/n01498041/n01498041_21678.JPEG,6,stingray
train/n01498041/n01498041_22890.JPEG,6,stingray
train/n01498041/n01498041_8788.JPEG,6,stingray
train/n01498041/n01498041_526.JPEG,6,stingray
train/n01498041/n01498041_11001.JPEG,6,stingray
train/n01498041/n01498041_4716.JPEG,6,stingray
train/n01498041/n01498041_4962.JPEG,6,stingray
train/n01498041/n01498041_198.JPEG,6,stingray
train/n01498041/n01498041_5935.JPEG,6,stingray
train/n01498041/n01498041_9070.JPEG,6,stingray
train/n01498041/n01498041_4507.JPEG,6,stingray
train/n01514668/n01514668_6158.JPEG,7,rooster
train/n01514668/n01514668_19473.JPEG,7,rooster
train/n01514668/n01514668_18838.JPEG,7,rooster
train/n01514668/n01514668_10701.JPEG,7,rooster
train/n01514668/n01514668_23491.JPEG,7,rooster
train/n01514668/n01514668_34400.JPEG,7,rooster
train/n01514668/n01514668_16103.JPEG,7,rooster
train/n01514668/n01514668_20933.JPEG,7,rooster
train/n01514668/n01514668_5035.JPEG,7,rooster
train/n01514668/n01514668_7125.JPEG,7,rooster
train/n01514668/n01514668_14591.JPEG,7,rooster
train/n01514668/n01514668_13317.JPEG,7,rooster
train/n01514668/n01514668_23080.JPEG,7,rooster
train/n01514668/n01514668_14917.JPEG,7,rooster
train/n01514668/n01514668_14690.JPEG,7,rooster
train/n01514668/n01514668_22871.JPEG,7,rooster
train/n01514859/n01514859_12075.JPEG,8,hen
train/n01514859/n01514859_7354.JPEG,8,hen
train/n01514859/n01514859_2202.JPEG,8,hen
train/n01514859/n01514859_10185.JPEG,8,hen
train/n01514859/n01514859_6978.JPEG,8,hen
train/n01514859/n01514859_13251.JPEG,8,hen
train/n01514859/n01514859_17607.JPEG,8,hen
train/n01514859/n01514859_12397.JPEG,8,hen
train/n01514859/n01514859_8510.JPEG,8,hen
train/n01514859/n01514859_12296.JPEG,8,hen
train/n01514859/n01514859_22626.JPEG,8,hen
train/n01514859/n01514859_11566.JPEG,8,hen
train/n01514859/n01514859_9723.JPEG,8,hen
train/n01514859/n01514859_617.JPEG,8,hen
train/n01514859/n01514859_10988.JPEG,8,hen
train/n01514859/n01514859_4885.JPEG,8,hen
train/n01518878/n01518878_2367.JPEG,9,ostrich
train/n01518878/n01518878_1743.JPEG,9,ostrich
train/n01518878/n01518878_18201.JPEG,9,ostrich
train/n01518878/n01518878_30091.JPEG,9,ostrich
train/n01518878/n01518878_9924.JPEG,9,ostrich
train/n01518878/n01518878_2048.JPEG,9,ostrich
train/n01518878/n01518878_14655.JPEG,9,ostrich
train/n01518878/n01518878_41823.JPEG,9,ostrich
train/n01518878/n01518878_1489.JPEG,9,ostrich
train/n01518878/n01518878_231.JPEG,9,ostrich
train/n01518878/n01518878_613.JPEG,9,ostrich
train/n01518878/n01518878_17517.JPEG,9,ostrich
train/n01518878/n01518878_40086.JPEG,9,ostrich
train/n01518878/n01518878_20601.JPEG,9,ostrich
train/n01518878/n01518878_1999.JPEG,9,ostrich
train/n01518878/n01518878_1935.JPEG,9,ostrich
train/n01530575/n01530575_1699.JPEG,10,brambling
train/n01530575/n01530575_3150.JPEG,10,brambling
train/n01530575/n01530575_2631.JPEG,10,brambling
train/n01530575/n01530575_1343.JPEG,10,brambling
train/n01530575/n01530575_102.JPEG,10,brambling
train/n01530575/n01530575_8122.JPEG,10,brambling
train/n01530575/n01530575_34002.JPEG,10,brambling
train/n01530575/n01530575_9762.JPEG,10,brambling
train/n01530575/n01530575_3005.JPEG,10,brambling
train/n01530575/n01530575_30729.JPEG,10,brambling
train/n01530575/n01530575_1453.JPEG,10,brambling
train/n01530575/n01530575_8104.JPEG,10,brambling
train/n01530575/n01530575_190.JPEG,10,brambling
train/n01530575/n01530575_3640.JPEG,10,brambling
train/n01530575/n01530575_33037.JPEG,10,brambling
train/n01530575/n01530575_40054.JPEG,10,brambling
train/n01531178/n01531178_23398.JPEG,11,goldfinch
train/n01531178/n01531178_5248.JPEG,11,goldfinch
train/n01531178/n01531178_9170.JPEG,11,goldfinch
train/n01531178/n01531178_15737.JPEG,11,goldfinch
train/n01531178/n01531178_13260.JPEG,11,goldfinch
train/n01531178/n01531178_6263.JPEG,11,goldfinch
train/n01531178/n01531178_4779.JPEG,11,goldfinch
train/n01531178/n01531178_368.JPEG,11,goldfinch
train/n01531178/n01531178_10798.JPEG,11,goldfinch
train/n01531178/n01531178_12232.JPEG,11,goldfinch
train/n01531178/n01531178_18569.JPEG,11,goldfinch
train/n01531178/n01531178_5626.JPEG,11,goldfinch
train/n01531178/n01531178_26519.JPEG,11,goldfinch
train/n01531178/n01531178_12366.JPEG,11,goldfinch
train/n01531178/n01531178_17339.JPEG,11,goldfinch
train/n01531178/n01531178_1175.JPEG,11,goldfinch
train/n01532829/n01532829_259.JPEG,12,house finch
train/n01532829/n01532829_305.JPEG,12,house finch
train/n01532829/n01532829_3451.JPEG,12,house finch
train/n01532829/n01532829_885.JPEG,12,house finch
train/n01532829/n01532829_28930.JPEG,12,house finch
train/n01532829/n01532829_15293.JPEG,12,house finch
train/n01532829/n01532829_3303.JPEG,12,house finch
train/n01532829/n01532829_21863.JPEG,12,house finch
train/n01532829/n01532829_5708.JPEG,12,house finch
train/n01532829/n01532829_1798.JPEG,12,house finch
train/n01532829/n01532829_585.JPEG,12,house finch
train/n01532829/n01532829_1876.JPEG,12,house finch
train/n01532829/n01532829_39091.JPEG,12,house finch
train/n01532829/n01532829_3135.JPEG,12,house finch
train/n01532829/n01532829_5535.JPEG,12,house finch
train/n01532829/n01532829_27161.JPEG,12,house finch
train/n01534433/n01534433_7194.JPEG,13,junco
train/n01534433/n01534433_11432.JPEG,13,junco
train/n01534433/n01534433_6746.JPEG,13,junco
train/n01534433/n01534433_9482.JPEG,13,junco
train/n01534433/n01534433_14355.JPEG,13,junco
train/n01534433/n01534433_3890.JPEG,13,junco
train/n01534433/n01534433_13176.JPEG,13,junco
train/n01534433/n01534433_15407.JPEG,13,junco
train/n01534433/n01534433_7823.JPEG,13,junco
train/n01534433/n01534433_13707.JPEG,13,junco
train/n01534433/n01534433_7487.JPEG,13,junco
train/n01534433/n01534433_4941.JPEG,13,junco
train/n01534433/n01534433_7423.JPEG,13,junco
train/n01534433/n01534433_5691.JPEG,13,junco
train/n01534433/n01534433_976.JPEG,13,junco
train/n01534433/n01534433_13860.JPEG,13,junco
train/n01537544/n01537544_3412.JPEG,14,indigo bunting
train/n01537544/n01537544_12350.JPEG,14,indigo bunting
train/n01537544/n01537544_3020.JPEG,14,indigo bunting
train/n01537544/n01537544_6747.JPEG,14,indigo bunting
train/n01537544/n01537544_22584.JPEG,14,indigo bunting
train/n01537544/n01537544_10638.JPEG,14,indigo bunting
train/n01537544/n01537544_20437.JPEG,14,indigo bunting
train/n01537544/n01537544_7443.JPEG,14,indigo bunting
train/n01537544/n01537544_8102.JPEG,14,indigo bunting
train/n01537544/n01537544_3417.JPEG,14,indigo bunting
train/n01537544/n01537544_13226.JPEG,14,indigo bunting
train/n01537544/n01537544_2879.JPEG,14,indigo bunting
train/n01537544/n01537544_2000.JPEG,14,indigo bunting
train/n01537544/n01537544_17427.JPEG,14,indigo bunting
train/n01537544/n01537544_12969.JPEG,14,indigo bunting
train/n01537544/n01537544_24717.JPEG,14,indigo bunting
train/n01558993/n01558993_1853.JPEG,15,American robin
train/n01558993/n01558993_14747.JPEG,15,American robin
train/n01558993/n01558993_9241.JPEG,15,American robin
train/n01558993/n01558993_4080.JPEG,15,American robin
train/n01558993/n01558993_3659.JPEG,15,American robin
train/n01558993/n01558993_4327.JPEG,15,American robin
train/n01558993/n01558993_13060.JPEG,15,American robin
train/n01558993/n01558993_6521.JPEG,15,American robin
train/n01558993/n01558993_4198.JPEG,15,American robin
train/n01558993/n01558993_12922.JPEG,15,American robin
train/n01558993/n01558993_4515.JPEG,15,American robin
train/n01558993/n01558993_12012.JPEG,15,American robin
train/n01558993/n01558993_3329.JPEG,15,American robin
train/n01558993/n01558993_1563.JPEG,15,American robin
train/n01558993/n01558993_14221.JPEG,15,American robin
train/n01558993/n01558993_3229.JPEG,15,American robin
train/n01560419/n01560419_317.JPEG,16,bulbul
train/n01560419/n01560419_2333.JPEG,16,bulbul
train/n01560419/n01560419_816.JPEG,16,bulbul
train/n01560419/n01560419_5712.JPEG,16,bulbul
train/n01560419/n01560419_5527.JPEG,16,bulbul
train/n01560419/n01560419_3121.JPEG,16,bulbul
train/n01560419/n01560419_14332.JPEG,16,bulbul
train/n01560419/n01560419_2291.JPEG,16,bulbul
train/n01560419/n01560419_13110.JPEG,16,bulbul
train/n01560419/n01560419_12850.JPEG,16,bulbul
train/n01560419/n01560419_6003.JPEG,16,bulbul
train/n01560419/n01560419_5799.JPEG,16,bulbul
train/n01560419/n01560419_1817.JPEG,16,bulbul
train/n01560419/n01560419_4787.JPEG,16,bulbul
train/n01560419/n01560419_7876.JPEG,16,bulbul
train/n01560419/n01560419_14459.JPEG,16,bulbul
train/n01580077/n01580077_10505.JPEG,17,jay
train/n01580077/n01580077_484.JPEG,17,jay
train/n01580077/n01580077_2275.JPEG,17,jay
train/n01580077/n01580077_4019.JPEG,17,jay
train/n01580077/n01580077_13566.JPEG,17,jay
train/n01580077/n01580077_11940.JPEG,17,jay
train/n01580077/n01580077_9569.JPEG,17,jay
train/n01580077/n01580077_13250.JPEG,17,jay
train/n01580077/n01580077_6512.JPEG,17,jay
train/n01580077/n01580077_14283.JPEG,17,jay
train/n01580077/n01580077_12793.JPEG,17,jay
train/n01580077/n01580077_6609.JPEG,17,jay
train/n01580077/n01580077_5848.JPEG,17,jay
train/n01580077/n01580077_4428.JPEG,17,jay
train/n01580077/n01580077_361.JPEG,17,jay
train/n01580077/n01580077_9431.JPEG,17,jay
train/n01582220/n01582220_10585.JPEG,18,magpie
train/n01582220/n01582220_9186.JPEG,18,magpie
train/n01582220/n01582220_10761.JPEG,18,magpie
train/n01582220/n01582220_7031.JPEG,18,magpie
train/n01582220/n01582220_6301.JPEG,18,magpie
train/n01582220/n01582220_5324.JPEG,18,magpie
train/n01582220/n01582220_1199.JPEG,18,magpie
train/n01582220/n01582220_8475.JPEG,18,magpie
train/n01582220/n01582220_4573.JPEG,18,magpie
train/n01582220/n01582220_5071.JPEG,18,magpie
train/n01582220/n01582220_8571.JPEG,18,magpie
train/n01582220/n01582220_274.JPEG,18,magpie
train/n01582220/n01582220_8537.JPEG,18,magpie
train/n01582220/n01582220_5351.JPEG,18,magpie
train/n01582220/n01582220_43.JPEG,18,magpie
train/n01582220/n01582220_23780.JPEG,18,magpie
train/n01592084/n01592084_6414.JPEG,19,chickadee
train/n01592084/n01592084_3760.JPEG,19,chickadee
train/n01592084/n01592084_2437.JPEG,19,chickadee
train/n01592084/n01592084_1450.JPEG,19,chickadee
train/n01592084/n01592084_3122.JPEG,19,chickadee
train/n01592084/n01592084_2614.JPEG,19,chickadee
train/n01592084/n01592084_91.JPEG,19,chickadee
train/n01592084/n01592084_2400.JPEG,19,chickadee
train/n01592084/n01592084_1392.JPEG,19,chickadee
train/n01592084/n01592084_3037.JPEG,19,chickadee
train/n01592084/n01592084_6239.JPEG,19,chickadee
train/n01592084/n01592084_6081.JPEG,19,chickadee
train/n01592084/n01592084_3849.JPEG,19,chickadee
train/n01592084/n01592084_2315.JPEG,19,chickadee
train/n01592084/n01592084_4084.JPEG,19,chickadee
train/n01592084/n01592084_1681.JPEG,19,chickadee
train/n01601694/n01601694_7637.JPEG,20,American dipper
train/n01601694/n01601694_13054.JPEG,20,American dipper
train/n01601694/n01601694_21788.JPEG,20,American dipper
train/n01601694/n01601694_2042.JPEG,20,American dipper
train/n01601694/n01601694_18116.JPEG,20,American dipper
train/n01601694/n01601694_5844.JPEG,20,American dipper
train/n01601694/n01601694_26181.JPEG,20,American dipper
train/n01601694/n01601694_19135.JPEG,20,American dipper
train/n01601694/n01601694_5237.JPEG,20,American dipper
train/n01601694/n01601694_12462.JPEG,20,American dipper
train/n01601694/n01601694_15400.JPEG,20,American dipper
train/n01601694/n01601694_1131.JPEG,20,American dipper
train/n01601694/n01601694_18639.JPEG,20,American dipper
train/n01601694/n01601694_3160.JPEG,20,American dipper
train/n01601694/n01601694_2195.JPEG,20,American dipper
train/n01601694/n01601694_22132.JPEG,20,American dipper
train/n01608432/n01608432_287.JPEG,21,kite (bird of prey)
train/n01608432/n01608432_12237.JPEG,21,kite (bird of prey)
train/n01608432/n01608432_11983.JPEG,21,kite (bird of prey)
train/n01608432/n01608432_7522.JPEG,21,kite (bird of prey)
train/n01608432/n01608432_3907.JPEG,21,kite (bird of prey)
train/n01608432/n01608432_6614.JPEG,21,kite (bird of prey)
train/n01608432/n01608432_36803.JPEG,21,kite (bird of prey)
train/n01608432/n01608432_7915.JPEG,21,kite (bird of prey)
train/n01608432/n01608432_12175.JPEG,21,kite (bird of prey)
train/n01608432/n01608432_7168.JPEG,21,kite (bird of prey)
train/n01608432/n01608432_15977.JPEG,21,kite (bird of prey)
train/n01608432/n01608432_13760.JPEG,21,kite (bird of prey)
train/n01608432/n01608432_12096.JPEG,21,kite (bird of prey)
train/n01608432/n01608432_19809.JPEG,21,kite (bird of prey)
train/n01608432/n01608432_29707.JPEG,21,kite (bird of prey)
train/n01608432/n01608432_3193.JPEG,21,kite (bird of prey)
train/n01614925/n01614925_5724.JPEG,22,bald eagle
train/n01614925/n01614925_1739.JPEG,22,bald eagle
train/n01614925/n01614925_8260.JPEG,22,bald eagle
train/n01614925/n01614925_1349.JPEG,22,bald eagle
train/n01614925/n01614925_17451.JPEG,22,bald eagle
train/n01614925/n01614925_15655.JPEG,22,bald eagle
train/n01614925/n01614925_14181.JPEG,22,bald eagle
train/n01614925/n01614925_18244.JPEG,22,bald eagle
train/n01614925/n01614925_11308.JPEG,22,bald eagle
train/n01614925/n01614925_10805.JPEG,22,bald eagle
train/n01614925/n01614925_3220.JPEG,22,bald eagle
train/n01614925/n01614925_33311.JPEG,22,bald eagle
train/n01614925/n01614925_1990.JPEG,22,bald eagle
train/n01614925/n01614925_9064.JPEG,22,bald eagle
train/n01614925/n01614925_1463.JPEG,22,bald eagle
train/n01614925/n01614925_4118.JPEG,22,bald eagle
train/n01616318/n01616318_14191.JPEG,23,vulture
train/n01616318/n01616318_13884.JPEG,23,vulture
train/n01616318/n01616318_7300.JPEG,23,vulture
train/n01616318/n01616318_2062.JPEG,23,vulture
train/n01616318/n01616318_2749.JPEG,23,vulture
train/n01616318/n01616318_2048.JPEG,23,vulture
train/n01616318/n01616318_1325.JPEG,23,vulture
train/n01616318/n01616318_13627.JPEG,23,vulture
train/n01616318/n01616318_14238.JPEG,23,vulture
train/n01616318/n01616318_2003.JPEG,23,vulture
train/n01616318/n01616318_13116.JPEG,23,vulture
train/n01616318/n01616318_760.JPEG,23,vulture
train/n01616318/n01616318_13588.JPEG,23,vulture
train/n01616318/n01616318_1994.JPEG,23,vulture
train/n01616318/n01616318_465.JPEG,23,vulture
train/n01616318/n01616318_5902.JPEG,23,vulture
train/n01622779/n01622779_12026.JPEG,24,great grey owl
train/n01622779/n01622779_22507.JPEG,24,great grey owl
train/n01622779/n01622779_2872.JPEG,24,great grey owl
train/n01622779/n01622779_10589.JPEG,24,great grey owl
train/n01622779/n01622779_21722.JPEG,24,great grey owl
train/n01622779/n01622779_21599.JPEG,24,great grey owl
train/n01622779/n01622779_4402.JPEG,24,great grey owl
train/n01622779/n01622779_5236.JPEG,24,great grey owl
train/n01622779/n01622779_2384.JPEG,24,great grey owl
train/n01622779/n01622779_21789.JPEG,24,great grey owl
train/n01622779/n01622779_3986.JPEG,24,great grey owl
train/n01622779/n01622779_4090.JPEG,24,great grey owl
train/n01622779/n01622779_9250.JPEG,24,great grey owl
train/n01622779/n01622779_14695.JPEG,24,great grey owl
train/n01622779/n01622779_5655.JPEG,24,great grey owl
train/n01622779/n01622779_7158.JPEG,24,great grey owl
train/n01629819/n01629819_15023.JPEG,25,fire salamander
train/n01629819/n01629819_2178.JPEG,25,fire salamander
train/n01629819/n01629819_2553.JPEG,25,fire salamander
train/n01629819/n01629819_8074.JPEG,25,fire salamander
train/n01629819/n01629819_295.JPEG,25,fire salamander
train/n01629819/n01629819_358.JPEG,25,fire salamander
train/n01629819/n01629819_6189.JPEG,25,fire salamander
train/n01629819/n01629819_10259.JPEG,25,fire salamander
train/n01629819/n01629819_5608.JPEG,25,fire salamander
train/n01629819/n01629819_23837.JPEG,25,fire salamander
train/n01629819/n01629819_1991.JPEG,25,fire salamander
train/n01629819/n01629819_15675.JPEG,25,fire salamander
train/n01629819/n01629819_1082.JPEG,25,fire salamander
train/n01629819/n01629819_7615.JPEG,25,fire salamander
train/n01629819/n01629819_1493.JPEG,25,fire salamander
train/n01629819/n01629819_528.JPEG,25,fire salamander
train/n01630670/n01630670_2465.JPEG,26,smooth newt
train/n01630670/n01630670_1109.JPEG,26,smooth newt
train/n01630670/n01630670_1616.JPEG,26,smooth newt
train/n01630670/n01630670_562.JPEG,26,smooth newt
train/n01630670/n01630670_4775.JPEG,26,smooth newt
train/n01630670/n01630670_5240.JPEG,26,smooth newt
train/n01630670/n01630670_244.JPEG,26,smooth newt
train/n01630670/n01630670_888.JPEG,26,smooth newt
train/n01630670/n01630670_261.JPEG,26,smooth newt
train/n01630670/n01630670_5543.JPEG,26,smooth newt
train/n01630670/n01630670_6199.JPEG,26,smooth newt
train/n01630670/n01630670_6165.JPEG,26,smooth newt
train/n01630670/n01630670_4545.JPEG,26,smooth newt
train/n01630670/n01630670_5826.JPEG,26,smooth newt
train/n01630670/n01630670_6070.JPEG,26,smooth newt
train/n01630670/n01630670_1641.JPEG,26,smooth newt
train/n01631663/n01631663_20493.JPEG,27,newt
train/n01631663/n01631663_7983.JPEG,27,newt
train/n01631663/n01631663_8525.JPEG,27,newt
train/n01631663/n01631663_7842.JPEG,27,newt
train/n01631663/n01631663_8496.JPEG,27,newt
train/n01631663/n01631663_10387.JPEG,27,newt
train/n01631663/n01631663_19043.JPEG,27,newt
train/n01631663/n01631663_7564.JPEG,27,newt
train/n01631663/n01631663_5252.JPEG,27,newt
train/n01631663/n01631663_7114.JPEG,27,newt
train/n01631663/n01631663_2037.JPEG,27,newt
train/n01631663/n01631663_7824.JPEG,27,newt
train/n01631663/n01631663_6538.JPEG,27,newt
train/n01631663/n01631663_1304.JPEG,27,newt
train/n01631663/n01631663_1572.JPEG,27,newt
train/n01631663/n01631663_3437.JPEG,27,newt
train/n01632458/n01632458_3294.JPEG,28,spotted salamander
train/n01632458/n01632458_4691.JPEG,28,spotted salamander
train/n01632458/n01632458_570.JPEG,28,spotted salamander
train/n01632458/n01632458_1639.JPEG,28,spotted salamander
train/n01632458/n01632458_6043.JPEG,28,spotted salamander
train/n01632458/n01632458_3270.JPEG,28,spotted salamander
train/n01632458/n01632458_3198.JPEG,28,spotted salamander
train/n01632458/n01632458_834.JPEG,28,spotted salamander
train/n01632458/n01632458_2702.JPEG,28,spotted salamander
train/n01632458/n01632458_1990.JPEG,28,spotted salamander
train/n01632458/n01632458_5508.JPEG,28,spotted salamander
train/n01632458/n01632458_798.JPEG,28,spotted salamander
train/n01632458/n01632458_1686.JPEG,28,spotted salamander
train/n01632458/n01632458_4788.JPEG,28,spotted salamander
train/n01632458/n01632458_4503.JPEG,28,spotted salamander
train/n01632458/n01632458_2579.JPEG,28,spotted salamander
train/n01632777/n01632777_23278.JPEG,29,axolotl
train/n01632777/n01632777_14551.JPEG,29,axolotl
train/n01632777/n01632777_6180.JPEG,29,axolotl
train/n01632777/n01632777_15235.JPEG,29,axolotl
train/n01632777/n01632777_14645.JPEG,29,axolotl
train/n01632777/n01632777_25255.JPEG,29,axolotl
train/n01632777/n01632777_10021.JPEG,29,axolotl
train/n01632777/n01632777_16794.JPEG,29,axolotl
train/n01632777/n01632777_13460.JPEG,29,axolotl
train/n01632777/n01632777_6958.JPEG,29,axolotl
train/n01632777/n01632777_1101.JPEG,29,axolotl
train/n01632777/n01632777_2735.JPEG,29,axolotl
train/n01632777/n01632777_18643.JPEG,29,axolotl
train/n01632777/n01632777_14401.JPEG,29,axolotl
train/n01632777/n01632777_23013.JPEG,29,axolotl
train/n01632777/n01632777_11493.JPEG,29,axolotl
train/n01641577/n01641577_9157.JPEG,30,American bullfrog
train/n01641577/n01641577_9709.JPEG,30,American bullfrog
train/n01641577/n01641577_1652.JPEG,30,American bullfrog
train/n01641577/n01641577_9559.JPEG,30,American bullfrog
train/n01641577/n01641577_9416.JPEG,30,American bullfrog
train/n01641577/n01641577_22849.JPEG,30,American bullfrog
train/n01641577/n01641577_4310.JPEG,30,American bullfrog
train/n01641577/n01641577_11454.JPEG,30,American bullfrog
train/n01641577/n01641577_2005.JPEG,30,American bullfrog
train/n01641577/n01641577_13277.JPEG,30,American bullfrog
train/n01641577/n01641577_14315.JPEG,30,American bullfrog
train/n01641577/n01641577_22082.JPEG,30,American bullfrog
train/n01641577/n01641577_15202.JPEG,30,American bullfrog
train/n01641577/n01641577_6079.JPEG,30,American bullfrog
train/n01641577/n01641577_16454.JPEG,30,American bullfrog
train/n01641577/n01641577_14891.JPEG,30,American bullfrog
train/n01644373/n01644373_2225.JPEG,31,tree frog
train/n01644373/n01644373_10334.JPEG,31,tree frog
train/n01644373/n01644373_7074.JPEG,31,tree frog
train/n01644373/n01644373_4428.JPEG,31,tree frog
train/n01644373/n01644373_10795.JPEG,31,tree frog
train/n01644373/n01644373_15770.JPEG,31,tree frog
train/n01644373/n01644373_7030.JPEG,31,tree frog
train/n01644373/n01644373_17160.JPEG,31,tree frog
train/n01644373/n01644373_11326.JPEG,31,tree frog
train/n01644373/n01644373_2133.JPEG,31,tree frog
train/n01644373/n01644373_12060.JPEG,31,tree frog
train/n01644373/n01644373_1397.JPEG,31,tree frog
train/n01644373/n01644373_5524.JPEG,31,tree frog
train/n01644373/n01644373_11271.JPEG,31,tree frog
train/n01644373/n01644373_7073.JPEG,31,tree frog
train/n01644373/n01644373_7962.JPEG,31,tree frog
train/n01644900/n01644900_17985.JPEG,32,tailed frog
train/n01644900/n01644900_2902.JPEG,32,tailed frog
train/n01644900/n01644900_17635.JPEG,32,tailed frog
train/n01644900/n01644900_6696.JPEG,32,tailed frog
train/n01644900/n01644900_4386.JPEG,32,tailed frog
train/n01644900/n01644900_1344.JPEG,32,tailed frog
train/n01644900/n01644900_12020.JPEG,32,tailed frog
train/n01644900/n01644900_8460.JPEG,32,tailed frog
train/n01644900/n01644900_9289.JPEG,32,tailed frog
train/n01644900/n01644900_2464.JPEG,32,tailed frog
train/n01644900/n01644900_21442.JPEG,32,tailed frog
train/n01644900/n01644900_21103.JPEG,32,tailed frog
train/n01644900/n01644900_14487.JPEG,32,tailed frog
train/n01644900/n01644900_379.JPEG,32,tailed frog
train/n01644900/n01644900_965.JPEG,32,tailed frog
train/n01644900/n01644900_17539.JPEG,32,tailed frog
train/n01664065/n01664065_20571.JPEG,33,loggerhead sea turtle
train/n01664065/n01664065_10088.JPEG,33,loggerhead sea turtle
train/n01664065/n01664065_16598.JPEG,33,loggerhead sea turtle
train/n01664065/n01664065_21415.JPEG,33,loggerhead sea turtle
train/n01664065/n01664065_1845.JPEG,33,loggerhead sea turtle
train/n01664065/n01664065_18768.JPEG,33,loggerhead sea turtle
train/n01664065/n01664065_16770.JPEG,33,loggerhead sea turtle
train/n01664065/n01664065_4548.JPEG,33,loggerhead sea turtle
train/n01664065/n01664065_2112.JPEG,33,loggerhead sea turtle
train/n01664065/n01664065_12708.JPEG,33,loggerhead sea turtle
train/n01664065/n01664065_22878.JPEG,33,loggerhead sea turtle
train/n01664065/n01664065_9890.JPEG,33,loggerhead sea turtle
train/n01664065/n01664065_23374.JPEG,33,loggerhead sea turtle
train/n01664065/n01664065_23579.JPEG,33,loggerhead sea turtle
train/n01664065/n01664065_24556.JPEG,33,loggerhead sea turtle
train/n01664065/n01664065_9302.JPEG,33,loggerhead sea turtle
train/n01665541/n01665541_33811.JPEG,34,leatherback sea turtle
train/n01665541/n01665541_43414.JPEG,34,leatherback sea turtle
train/n01665541/n01665541_8603.JPEG,34,leatherback sea turtle
train/n01665541/n01665541_2214.JPEG,34,leatherback sea turtle
train/n01665541/n01665541_3939.JPEG,34,leatherback sea turtle
train/n01665541/n01665541_37534.JPEG,34,leatherback sea turtle
train/n01665541/n01665541_4947.JPEG,34,leatherback sea turtle
train/n01665541/n01665541_11560.JPEG,34,leatherback sea turtle
train/n01665541/n01665541_25355.JPEG,34,leatherback sea turtle
train/n01665541/n01665541_1319.JPEG,34,leatherback sea turtle
train/n01665541/n01665541_3796.JPEG,34,leatherback sea turtle
train/n01665541/n01665541_40414.JPEG,34,leatherback sea turtle
train/n01665541/n01665541_14978.JPEG,34,leatherback sea turtle
train/n01665541/n01665541_25530.JPEG,34,leatherback sea turtle
train/n01665541/n01665541_29495.JPEG,34,leatherback sea turtle
train/n01665541/n01665541_26152.JPEG,34,leatherback sea turtle
train/n01667114/n01667114_12192.JPEG,35,mud turtle
train/n01667114/n01667114_9670.JPEG,35,mud turtle
train/n01667114/n01667114_796.JPEG,35,mud turtle
train/n01667114/n01667114_9498.JPEG,35,mud turtle
train/n01667114/n01667114_968.JPEG,35,mud turtle
train/n01667114/n01667114_13978.JPEG,35,mud turtle
train/n01667114/n01667114_5711.JPEG,35,mud turtle
train/n01667114/n01667114_1385.JPEG,35,mud turtle
train/n01667114/n01667114_277.JPEG,35,mud turtle
train/n01667114/n01667114_12993.JPEG,35,mud turtle
train/n01667114/n01667114_11779.JPEG,35,mud turtle
train/n01667114/n01667114_14542.JPEG,35,mud turtle
train/n01667114/n01667114_4184.JPEG,35,mud turtle
train/n01667114/n01667114_1559.JPEG,35,mud turtle
train/n01667114/n01667114_1192.JPEG,35,mud turtle
train/n01667114/n01667114_3879.JPEG,35,mud turtle
train/n01667778/n01667778_6587.JPEG,36,terrapin
train/n01667778/n01667778_8039.JPEG,36,terrapin
train/n01667778/n01667778_3919.JPEG,36,terrapin
train/n01667778/n01667778_18727.JPEG,36,terrapin
train/n01667778/n01667778_5198.JPEG,36,terrapin
train/n01667778/n01667778_654.JPEG,36,terrapin
train/n01667778/n01667778_8429.JPEG,36,terrapin
train/n01667778/n01667778_14626.JPEG,36,terrapin
train/n01667778/n01667778_7376.JPEG,36,terrapin
train/n01667778/n01667778_13150.JPEG,36,terrapin
train/n01667778/n01667778_12060.JPEG,36,terrapin
train/n01667778/n01667778_5496.JPEG,36,terrapin
train/n01667778/n01667778_39.JPEG,36,terrapin
train/n01667778/n01667778_6656.JPEG,36,terrapin
train/n01667778/n01667778_7741.JPEG,36,terrapin
train/n01667778/n01667778_10186.JPEG,36,terrapin
train/n01669191/n01669191_17282.JPEG,37,box turtle
train/n01669191/n01669191_3849.JPEG,37,box turtle
train/n01669191/n01669191_8067.JPEG,37,box turtle
train/n01669191/n01669191_2822.JPEG,37,box turtle
train/n01669191/n01669191_12094.JPEG,37,box turtle
train/n01669191/n01669191_7934.JPEG,37,box turtle
train/n01669191/n01669191_1047.JPEG,37,box turtle
train/n01669191/n01669191_10331.JPEG,37,box turtle
train/n01669191/n01669191_4102.JPEG,37,box turtle
train/n01669191/n01669191_612.JPEG,37,box turtle
train/n01669191/n01669191_9589.JPEG,37,box turtle
train/n01669191/n01669191_432.JPEG,37,box turtle
train/n01669191/n01669191_3491.JPEG,37,box turtle
train/n01669191/n01669191_18109.JPEG,37,box turtle
train/n01669191/n01669191_11051.JPEG,37,box turtle
train/n01669191/n01669191_5312.JPEG,37,box turtle
train/n01675722/n01675722_5126.JPEG,38,banded gecko
train/n01675722/n01675722_2524.JPEG,38,banded gecko
train/n01675722/n01675722_2318.JPEG,38,banded gecko
train/n01675722/n01675722_7388.JPEG,38,banded gecko
train/n01675722/n01675722_5052.JPEG,38,banded gecko
train/n01675722/n01675722_7132.JPEG,38,banded gecko
train/n01675722/n01675722_2896.JPEG,38,banded gecko
train/n01675722/n01675722_3191.JPEG,38,banded gecko
train/n01675722/n01675722_6742.JPEG,38,banded gecko
train/n01675722/n01675722_1331.JPEG,38,banded gecko
train/n01675722/n01675722_8753.JPEG,38,banded gecko
train/n01675722/n01675722_2012.JPEG,38,banded gecko
train/n01675722/n01675722_2010.JPEG,38,banded gecko
train/n01675722/n01675722_2651.JPEG,38,banded gecko
train/n01675722/n01675722_6286.JPEG,38,banded gecko
train/n01675722/n01675722_150.JPEG,38,banded gecko
train/n01677366/n01677366_14386.JPEG,39,green iguana
train/n01677366/n01677366_36845.JPEG,39,green iguana
train/n01677366/n01677366_4941.JPEG,39,green iguana
train/n01677366/n01677366_20328.JPEG,39,green iguana
train/n01677366/n01677366_13960.JPEG,39,green iguana
train/n01677366/n01677366_3604.JPEG,39,green iguana
train/n01677366/n01677366_2815.JPEG,39,green iguana
train/n01677366/n01677366_8986.JPEG,39,green iguana
train/n01677366/n01677366_10579.JPEG,39,green iguana
train/n01677366/n01677366_16000.JPEG,39,green iguana
train/n01677366/n01677366_56.JPEG,39,green iguana
train/n01677366/n01677366_9152.JPEG,39,green iguana
train/n01677366/n01677366_13539.JPEG,39,green iguana
train/n01677366/n01677366_14419.JPEG,39,green iguana
train/n01677366/n01677366_4448.JPEG,39,green iguana
train/n01677366/n01677366_5499.JPEG,39,green iguana
train/n01682714/n01682714_10394.JPEG,40,Carolina anole
train/n01682714/n01682714_8401.JPEG,40,Carolina anole
train/n01682714/n01682714_2662.JPEG,40,Carolina anole
train/n01682714/n01682714_14273.JPEG,40,Carolina anole
train/n01682714/n01682714_14076.JPEG,40,Carolina anole
train/n01682714/n01682714_16710.JPEG,40,Carolina anole
train/n01682714/n01682714_7351.JPEG,40,Carolina anole
train/n01682714/n01682714_6493.JPEG,40,Carolina anole
train/n01682714/n01682714_8925.JPEG,40,Carolina anole
train/n01682714/n01682714_11725.JPEG,40,Carolina anole
train/n01682714/n01682714_13144.JPEG,40,Carolina anole
train/n01682714/n01682714_18092.JPEG,40,Carolina anole
train/n01682714/n01682714_868.JPEG,40,Carolina anole
train/n01682714/n01682714_17356.JPEG,40,Carolina anole
train/n01682714/n01682714_16416.JPEG,40,Carolina anole
train/n01682714/n01682714_14673.JPEG,40,Carolina anole
train/n01685808/n01685808_7051.JPEG,41,desert grassland whiptail lizard
train/n01685808/n01685808_1056.JPEG,41,desert grassland whiptail lizard
train/n01685808/n01685808_5721.JPEG,41,desert grassland whiptail lizard
train/n01685808/n01685808_4264.JPEG,41,desert grassland whiptail lizard
train/n01685808/n01685808_1468.JPEG,41,desert grassland whiptail lizard
train/n01685808/n01685808_1699.JPEG,41,desert grassland whiptail lizard
train/n01685808/n01685808_8243.JPEG,41,desert grassland whiptail lizard
train/n01685808/n01685808_97.JPEG,41,desert grassland whiptail lizard
train/n01685808/n01685808_193.JPEG,41,desert grassland whiptail lizard
train/n01685808/n01685808_6431.JPEG,41,desert grassland whiptail lizard
train/n01685808/n01685808_5518.JPEG,41,desert grassland whiptail lizard
train/n01685808/n01685808_8450.JPEG,41,desert grassland whiptail lizard
train/n01685808/n01685808_8448.JPEG,41,desert grassland whiptail lizard
train/n01685808/n01685808_6428.JPEG,41,desert grassland whiptail lizard
train/n01685808/n01685808_5321.JPEG,41,desert grassland whiptail lizard
train/n01685808/n01685808_123.JPEG,41,desert grassland whiptail lizard
train/n01687978/n01687978_8259.JPEG,42,agama
train/n01687978/n01687978_652.JPEG,42,agama
train/n01687978/n01687978_4004.JPEG,42,agama
train/n01687978/n01687978_4498.JPEG,42,agama
train/n01687978/n01687978_3061.JPEG,42,agama
train/n01687978/n01687978_7106.JPEG,42,agama
train/n01687978/n01687978_1759.JPEG,42,agama
train/n01687978/n01687978_2322.JPEG,42,agama
train/n01687978/n01687978_3914.JPEG,42,agama
train/n01687978/n01687978_14056.JPEG,42,agama
train/n01687978/n01687978_13140.JPEG,42,agama
train/n01687978/n01687978_848.JPEG,42,agama
train/n01687978/n01687978_6906.JPEG,42,agama
train/n01687978/n01687978_7030.JPEG,42,agama
train/n01687978/n01687978_13564.JPEG,42,agama
train/n01687978/n01687978_7221.JPEG,42,agama
train/n01688243/n01688243_4908.JPEG,43,frilled-necked lizard
train/n01688243/n01688243_6880.JPEG,43,frilled-necked lizard
train/n01688243/n01688243_1514.JPEG,43,frilled-necked lizard
train/n01688243/n01688243_11073.JPEG,43,frilled-necked lizard
train/n01688243/n01688243_4790.JPEG,43,frilled-necked lizard
train/n01688243/n01688243_3282.JPEG,43,frilled-necked lizard
train/n01688243/n01688243_4960.JPEG,43,frilled-necked lizard
train/n01688243/n01688243_10718.JPEG,43,frilled-necked lizard
train/n01688243/n01688243_3749.JPEG,43,frilled-necked lizard
train/n01688243/n01688243_4687.JPEG,43,frilled-necked lizard
train/n01688243/n01688243_7147.JPEG,43,frilled-necked lizard
train/n01688243/n01688243_9963.JPEG,43,frilled-necked lizard
train/n01688243/n01688243_9244.JPEG,43,frilled-necked lizard
train/n01688243/n01688243_3886.JPEG,43,frilled-necked lizard
train/n01688243/n01688243_11503.JPEG,43,frilled-necked lizard
train/n01688243/n01688243_4263.JPEG,43,frilled-necked lizard
train/n01689811/n01689811_11194.JPEG,44,alligator lizard
train/n01689811/n01689811_5186.JPEG,44,alligator lizard
train/n01689811/n01689811_12141.JPEG,44,alligator lizard
train/n01689811/n01689811_7034.JPEG,44,alligator lizard
train/n01689811/n01689811_6536.JPEG,44,alligator lizard
train/n01689811/n01689811_9587.JPEG,44,alligator lizard
train/n01689811/n01689811_6778.JPEG,44,alligator lizard
train/n01689811/n01689811_3662.JPEG,44,alligator lizard
train/n01689811/n01689811_5612.JPEG,44,alligator lizard
train/n01689811/n01689811_10856.JPEG,44,alligator lizard
train/n01689811/n01689811_4512.JPEG,44,alligator lizard
train/n01689811/n01689811_6844.JPEG,44,alligator lizard
train/n01689811/n01689811_1536.JPEG,44,alligator lizard
train/n01689811/n01689811_17.JPEG,44,alligator lizard
train/n01689811/n01689811_4249.JPEG,44,alligator lizard
train/n01689811/n01689811_2870.JPEG,44,alligator lizard
train/n01692333/n01692333_653.JPEG,45,Gila monster
train/n01692333/n01692333_6562.JPEG,45,Gila monster
train/n01692333/n01692333_7143.JPEG,45,Gila monster
train/n01692333/n01692333_10706.JPEG,45,Gila monster
train/n01692333/n01692333_9079.JPEG,45,Gila monster
train/n01692333/n01692333_432.JPEG,45,Gila monster
train/n01692333/n01692333_2003.JPEG,45,Gila monster
train/n01692333/n01692333_12512.JPEG,45,Gila monster
train/n01692333/n01692333_3209.JPEG,45,Gila monster
train/n01692333/n01692333_9381.JPEG,45,Gila monster
train/n01692333/n01692333_1110.JPEG,45,Gila monster
train/n01692333/n01692333_607.JPEG,45,Gila monster
train/n01692333/n01692333_8341.JPEG,45,Gila monster
train/n01692333/n01692333_2748.JPEG,45,Gila monster
train/n01692333/n01692333_8011.JPEG,45,Gila monster
train/n01692333/n01692333_7346.JPEG,45,Gila monster
train/n01693334/n01693334_511.JPEG,46,European green lizard
train/n01693334/n01693334_2016.JPEG,46,European green lizard
train/n01693334/n01693334_12670.JPEG,46,European green lizard
train/n01693334/n01693334_14961.JPEG,46,European green lizard
train/n01693334/n01693334_7115.JPEG,46,European green lizard
train/n01693334/n01693334_5681.JPEG,46,European green lizard
train/n01693334/n01693334_13005.JPEG,46,European green lizard
train/n01693334/n01693334_8688.JPEG,46,European green lizard
train/n01693334/n01693334_7586.JPEG,46,European green lizard
train/n01693334/n01693334_8173.JPEG,46,European green lizard
train/n01693334/n01693334_8143.JPEG,46,European green lizard
train/n01693334/n01693334_12150.JPEG,46,European green lizard
train/n01693334/n01693334_12764.JPEG,46,European green lizard
train/n01693334/n01693334_6102.JPEG,46,European green lizard
train/n01693334/n01693334_2157.JPEG,46,European green lizard
train/n01693334/n01693334_9475.JPEG,46,European green lizard
train/n01694178/n01694178_5516.JPEG,47,chameleon
train/n01694178/n01694178_2201.JPEG,47,chameleon
train/n01694178/n01694178_8472.JPEG,47,chameleon
train/n01694178/n01694178_314.JPEG,47,chameleon
train/n01694178/n01694178_2461.JPEG,47,chameleon
train/n01694178/n01694178_8791.JPEG,47,chameleon
train/n01694178/n01694178_843.JPEG,47,chameleon
train/n01694178/n01694178_5134.JPEG,47,chameleon
train/n01694178/n01694178_7665.JPEG,47,chameleon
train/n01694178/n01694178_3175.JPEG,47,chameleon
train/n01694178/n01694178_7180.JPEG,47,chameleon
train/n01694178/n01694178_9771.JPEG,47,chameleon
train/n01694178/n01694178_1937.JPEG,47,chameleon
train/n01694178/n01694178_6948.JPEG,47,chameleon
train/n01694178/n01694178_10157.JPEG,47,chameleon
train/n01694178/n01694178_4947.JPEG,47,chameleon
train/n01695060/n01695060_29814.JPEG,48,Komodo dragon
train/n01695060/n01695060_16675.JPEG,48,Komodo dragon
train/n01695060/n01695060_23962.JPEG,48,Komodo dragon
train/n01695060/n01695060_15536.JPEG,48,Komodo dragon
train/n01695060/n01695060_21370.JPEG,48,Komodo dragon
train/n01695060/n01695060_15034.JPEG,48,Komodo dragon
train/n01695060/n01695060_6158.JPEG,48,Komodo dragon
train/n01695060/n01695060_20183.JPEG,48,Komodo dragon
train/n01695060/n01695060_43838.JPEG,48,Komodo dragon
train/n01695060/n01695060_5340.JPEG,48,Komodo dragon
train/n01695060/n01695060_29670.JPEG,48,Komodo dragon
train/n01695060/n01695060_5010.JPEG,48,Komodo dragon
train/n01695060/n01695060_25899.JPEG,48,Komodo dragon
train/n01695060/n01695060_446.JPEG,48,Komodo dragon
train/n01695060/n01695060_5318.JPEG,48,Komodo dragon
train/n01695060/n01695060_14723.JPEG,48,Komodo dragon
train/n01697457/n01697457_21430.JPEG,49,Nile crocodile
train/n01697457/n01697457_15284.JPEG,49,Nile crocodile
train/n01697457/n01697457_6824.JPEG,49,Nile crocodile
train/n01697457/n01697457_2283.JPEG,49,Nile crocodile
train/n01697457/n01697457_8466.JPEG,49,Nile crocodile
train/n01697457/n01697457_23610.JPEG,49,Nile crocodile
train/n01697457/n01697457_4832.JPEG,49,Nile crocodile
train/n01697457/n01697457_6628.JPEG,49,Nile crocodile
train/n01697457/n01697457_7330.JPEG,49,Nile crocodile
train/n01697457/n01697457_8202.JPEG,49,Nile crocodile
train/n01697457/n01697457_12637.JPEG,49,Nile crocodile
train/n01697457/n01697457_5106.JPEG,49,Nile crocodile
train/n01697457/n01697457_494.JPEG,49,Nile crocodile
train/n01697457/n01697457_7450.JPEG,49,Nile crocodile
train/n01697457/n01697457_6559.JPEG,49,Nile crocodile
train/n01697457/n01697457_1837.JPEG,49,Nile crocodile
train/n01698640/n01698640_6509.JPEG,50,American alligator
train/n01698640/n01698640_2012.JPEG,50,American alligator
train/n01698640/n01698640_10954.JPEG,50,American alligator
train/n01698640/n01698640_15698.JPEG,50,American alligator
train/n01698640/n01698640_9960.JPEG,50,American alligator
train/n01698640/n01698640_5149.JPEG,50,American alligator
train/n01698640/n01698640_8423.JPEG,50,American alligator
train/n01698640/n01698640_8335.JPEG,50,American alligator
train/n01698640/n01698640_6886.JPEG,50,American alligator
train/n01698640/n01698640_1358.JPEG,50,American alligator
train/n01698640/n01698640_1919.JPEG,50,American alligator
train/n01698640/n01698640_9802.JPEG,50,American alligator
train/n01698640/n01698640_4687.JPEG,50,American alligator
train/n01698640/n01698640_5135.JPEG,50,American alligator
train/n01698640/n01698640_7605.JPEG,50,American alligator
train/n01698640/n01698640_6534.JPEG,50,American alligator
train/n01704323/n01704323_8235.JPEG,51,triceratops
train/n01704323/n01704323_3535.JPEG,51,triceratops
train/n01704323/n01704323_1456.JPEG,51,triceratops
train/n01704323/n01704323_8412.JPEG,51,triceratops
train/n01704323/n01704323_3982.JPEG,51,triceratops
train/n01704323/n01704323_11623.JPEG,51,triceratops
train/n01704323/n01704323_4005.JPEG,51,triceratops
train/n01704323/n01704323_9604.JPEG,51,triceratops
train/n01704323/n01704323_949.JPEG,51,triceratops
train/n01704323/n01704323_16675.JPEG,51,triceratops
train/n01704323/n01704323_22135.JPEG,51,triceratops
train/n01704323/n01704323_1713.JPEG,51,triceratops
train/n01704323/n01704323_639.JPEG,51,triceratops
train/n01704323/n01704323_15347.JPEG,51,triceratops
train/n01704323/n01704323_5706.JPEG,51,triceratops
train/n01704323/n01704323_180.JPEG,51,triceratops
train/n01728572/n01728572_807.JPEG,52,worm snake
train/n01728572/n01728572_8457.JPEG,52,worm snake
train/n01728572/n01728572_17467.JPEG,52,worm snake
train/n01728572/n01728572_6131.JPEG,52,worm snake
train/n01728572/n01728572_15347.JPEG,52,worm snake
train/n01728572/n01728572_26465.JPEG,52,worm snake
train/n01728572/n01728572_13436.JPEG,52,worm snake
train/n01728572/n01728572_17793.JPEG,52,worm snake
train/n01728572/n01728572_570.JPEG,52,worm snake
train/n01728572/n01728572_11906.JPEG,52,worm snake
train/n01728572/n01728572_1854.JPEG,52,worm snake
train/n01728572/n01728572_21768.JPEG,52,worm snake
train/n01728572/n01728572_22969.JPEG,52,worm snake
train/n01728572/n01728572_2672.JPEG,52,worm snake
train/n01728572/n01728572_18530.JPEG,52,worm snake
train/n01728572/n01728572_798.JPEG,52,worm snake
train/n01728920/n01728920_17466.JPEG,53,ring-necked snake
train/n01728920/n01728920_8193.JPEG,53,ring-necked snake
train/n01728920/n01728920_12478.JPEG,53,ring-necked snake
train/n01728920/n01728920_814.JPEG,53,ring-necked snake
train/n01728920/n01728920_2022.JPEG,53,ring-necked snake
train/n01728920/n01728920_1697.JPEG,53,ring-necked snake
train/n01728920/n01728920_14.JPEG,53,ring-necked snake
train/n01728920/n01728920_17086.JPEG,53,ring-necked snake
train/n01728920/n01728920_14267.JPEG,53,ring-necked snake
train/n01728920/n01728920_1266.JPEG,53,ring-necked snake
train/n01728920/n01728920_9286.JPEG,53,ring-necked snake
train/n01728920/n01728920_19719.JPEG,53,ring-necked snake
train/n01728920/n01728920_2418.JPEG,53,ring-necked snake
train/n01728920/n01728920_18993.JPEG,53,ring-necked snake
train/n01728920/n01728920_8766.JPEG,53,ring-necked snake
train/n01728920/n01728920_11745.JPEG,53,ring-necked snake
train/n01729322/n01729322_421.JPEG,54,eastern hog-nosed snake
train/n01729322/n01729322_6691.JPEG,54,eastern hog-nosed snake
train/n01729322/n01729322_7119.JPEG,54,eastern hog-nosed snake
train/n01729322/n01729322_19403.JPEG,54,eastern hog-nosed snake
train/n01729322/n01729322_10281.JPEG,54,eastern hog-nosed snake
train/n01729322/n01729322_1366.JPEG,54,eastern hog-nosed snake
train/n01729322/n01729322_14464.JPEG,54,eastern hog-nosed snake
train/n01729322/n01729322_18323.JPEG,54,eastern hog-nosed snake
train/n01729322/n01729322_3408.JPEG,54,eastern hog-nosed snake
train/n01729322/n01729322_16994.JPEG,54,eastern hog-nosed snake
train/n01729322/n01729322_4145.JPEG,54,eastern hog-nosed snake
train/n01729322/n01729322_5682.JPEG,54,eastern hog-nosed snake
train/n01729322/n01729322_13265.JPEG,54,eastern hog-nosed snake
train/n01729322/n01729322_5918.JPEG,54,eastern hog-nosed snake
train/n01729322/n01729322_15320.JPEG,54,eastern hog-nosed snake
train/n01729322/n01729322_9257.JPEG,54,eastern hog-nosed snake
train/n01729977/n01729977_12509.JPEG,55,smooth green snake
train/n01729977/n01729977_11563.JPEG,55,smooth green snake
train/n01729977/n01729977_9707.JPEG,55,smooth green snake
train/n01729977/n01729977_3327.JPEG,55,smooth green snake
train/n01729977/n01729977_11448.JPEG,55,smooth green snake
train/n01729977/n01729977_2209.JPEG,55,smooth green snake
train/n01729977/n01729977_3665.JPEG,55,smooth green snake
train/n01729977/n01729977_3071.JPEG,55,smooth green snake
train/n01729977/n01729977_3124.JPEG,55,smooth green snake
train/n01729977/n01729977_8426.JPEG,55,smooth green snake
train/n01729977/n01729977_1632.JPEG,55,smooth green snake
train/n01729977/n01729977_1306.JPEG,55,smooth green snake
train/n01729977/n01729977_1252.JPEG,55,smooth green snake
train/n01729977/n01729977_9392.JPEG,55,smooth green snake
train/n01729977/n01729977_4160.JPEG,55,smooth green snake
train/n01729977/n01729977_3163.JPEG,55,smooth green snake
train/n01734418/n01734418_6753.JPEG,56,kingsnake
train/n01734418/n01734418_8603.JPEG,56,kingsnake
train/n01734418/n01734418_16261.JPEG,56,kingsnake
train/n01734418/n01734418_8144.JPEG,56,kingsnake
train/n01734418/n01734418_14362.JPEG,56,kingsnake
train/n01734418/n01734418_5967.JPEG,56,kingsnake
train/n01734418/n01734418_1184.JPEG,56,kingsnake
train/n01734418/n01734418_1662.JPEG,56,kingsnake
train/n01734418/n01734418_366.JPEG,56,kingsnake
train/n01734418/n01734418_16960.JPEG,56,kingsnake
train/n01734418/n01734418_2819.JPEG,56,kingsnake
train/n01734418/n01734418_6070.JPEG,56,kingsnake
train/n01734418/n01734418_1440.JPEG,56,kingsnake
train/n01734418/n01734418_8658.JPEG,56,kingsnake
train/n01734418/n01734418_16437.JPEG,56,kingsnake
train/n01734418/n01734418_4525.JPEG,56,kingsnake
train/n01735189/n01735189_667.JPEG,57,garter snake
train/n01735189/n01735189_10412.JPEG,57,garter snake
train/n01735189/n01735189_19039.JPEG,57,garter snake
train/n01735189/n01735189_16562.JPEG,57,garter snake
train/n01735189/n01735189_5185.JPEG,57,garter snake
train/n01735189/n01735189_4051.JPEG,57,garter snake
train/n01735189/n01735189_21354.JPEG,57,garter snake
train/n01735189/n01735189_13533.JPEG,57,garter snake
train/n01735189/n01735189_12529.JPEG,57,garter snake
train/n01735189/n01735189_4612.JPEG,57,garter snake
train/n01735189/n01735189_14748.JPEG,57,garter snake
train/n01735189/n01735189_989.JPEG,57,garter snake
train/n01735189/n01735189_7396.JPEG,57,garter snake
train/n01735189/n01735189_10751.JPEG,57,garter snake
train/n01735189/n01735189_12800.JPEG,57,garter snake
train/n01735189/n01735189_5618.JPEG,57,garter snake
train/n01737021/n01737021_14286.JPEG,58,water snake
train/n01737021/n01737021_13.JPEG,58,water snake
train/n01737021/n01737021_23672.JPEG,58,water snake
train/n01737021/n01737021_20883.JPEG,58,water snake
train/n01737021/n01737021_529.JPEG,58,water snake
train/n01737021/n01737021_2853.JPEG,58,water snake
train/n01737021/n01737021_6462.JPEG,58,water snake
train/n01737021/n01737021_3052.JPEG,58,water snake
train/n01737021/n01737021_3104.JPEG,58,water snake
train/n01737021/n01737021_14349.JPEG,58,water snake
train/n01737021/n01737021_14934.JPEG,58,water snake
train/n01737021/n01737021_21696.JPEG,58,water snake
train/n01737021/n01737021_15776.JPEG,58,water snake
train/n01737021/n01737021_1752.JPEG,58,water snake
train/n01737021/n01737021_8610.JPEG,58,water snake
train/n01737021/n01737021_10297.JPEG,58,water snake
train/n01739381/n01739381_5256.JPEG,59,vine snake
train/n01739381/n01739381_10652.JPEG,59,vine snake
train/n01739381/n01739381_4658.JPEG,59,vine snake
train/n01739381/n01739381_5106.JPEG,59,vine snake
train/n01739381/n01739381_3094.JPEG,59,vine snake
train/n01739381/n01739381_526.JPEG,59,vine snake
train/n01739381/n01739381_5175.JPEG,59,vine snake
train/n01739381/n01739381_8390.JPEG,59,vine snake
train/n01739381/n01739381_1084.JPEG,59,vine snake
train/n01739381/n01739381_646.JPEG,59,vine snake
train/n01739381/n01739381_5718.JPEG,59,vine snake
train/n01739381/n01739381_4868.JPEG,59,vine snake
train/n01739381/n01739381_10659.JPEG,59,vine snake
train/n01739381/n01739381_6990.JPEG,59,vine snake
train/n01739381/n01739381_2415.JPEG,59,vine snake
train/n01739381/n01739381_10732.JPEG,59,vine snake
train/n01740131/n01740131_13500.JPEG,60,night snake
train/n01740131/n01740131_1184.JPEG,60,night snake
train/n01740131/n01740131_7072.JPEG,60,night snake
train/n01740131/n01740131_3580.JPEG,60,night snake
train/n01740131/n01740131_2826.JPEG,60,night snake
train/n01740131/n01740131_7869.JPEG,60,night snake
train/n01740131/n01740131_5617.JPEG,60,night snake
train/n01740131/n01740131_12264.JPEG,60,night snake
train/n01740131/n01740131_11042.JPEG,60,night snake
train/n01740131/n01740131_2522.JPEG,60,night snake
train/n01740131/n01740131_10309.JPEG,60,night snake
train/n01740131/n01740131_12072.JPEG,60,night snake
train/n01740131/n01740131_16658.JPEG,60,night snake
train/n01740131/n01740131_18629.JPEG,60,night snake
train/n01740131/n01740131_13221.JPEG,60,night snake
train/n01740131/n01740131_3596.JPEG,60,night snake
train/n01742172/n01742172_11096.JPEG,61,boa constrictor
train/n01742172/n01742172_9746.JPEG,61,boa constrictor
train/n01742172/n01742172_6067.JPEG,61,boa constrictor
train/n01742172/n01742172_4258.JPEG,61,boa constrictor
train/n01742172/n01742172_7006.JPEG,61,boa constrictor
train/n01742172/n01742172_5095.JPEG,61,boa constrictor
train/n01742172/n01742172_26389.JPEG,61,boa constrictor
train/n01742172/n01742172_4657.JPEG,61,boa constrictor
train/n01742172/n01742172_20239.JPEG,61,boa constrictor
train/n01742172/n01742172_10750.JPEG,61,boa constrictor
train/n01742172/n01742172_704.JPEG,61,boa constrictor
train/n01742172/n01742172_9178.JPEG,61,boa constrictor
train/n01742172/n01742172_5183.JPEG,61,boa constrictor
train/n01742172/n01742172_19047.JPEG,61,boa constrictor
train/n01742172/n01742172_3422.JPEG,61,boa constrictor
train/n01742172/n01742172_5124.JPEG,61,boa constrictor
train/n01744401/n01744401_9669.JPEG,62,African rock python
train/n01744401/n01744401_5023.JPEG,62,African rock python
train/n01744401/n01744401_3565.JPEG,62,African rock python
train/n01744401/n01744401_7035.JPEG,62,African rock python
train/n01744401/n01744401_10329.JPEG,62,African rock python
train/n01744401/n01744401_2282.JPEG,62,African rock python
train/n01744401/n01744401_6981.JPEG,62,African rock python
train/n01744401/n01744401_7320.JPEG,62,African rock python
train/n01744401/n01744401_10502.JPEG,62,African rock python
train/n01744401/n01744401_28745.JPEG,62,African rock python
train/n01744401/n01744401_5361.JPEG,62,African rock python
train/n01744401/n01744401_12729.JPEG,62,African rock python
train/n01744401/n01744401_536.JPEG,62,African rock python
train/n01744401/n01744401_2457.JPEG,62,African rock python
train/n01744401/n01744401_6534.JPEG,62,African rock python
train/n01744401/n01744401_9965.JPEG,62,African rock python
train/n01748264/n01748264_21258.JPEG,63,Indian cobra
train/n01748264/n01748264_1051.JPEG,63,Indian cobra
train/n01748264/n01748264_694.JPEG,63,Indian cobra
train/n01748264/n01748264_14865.JPEG,63,Indian cobra
train/n01748264/n01748264_3799.JPEG,63,Indian cobra
train/n01748264/n01748264_653.JPEG,63,Indian cobra
train/n01748264/n01748264_13089.JPEG,63,Indian cobra
train/n01748264/n01748264_13756.JPEG,63,Indian cobra
train/n01748264/n01748264_11928.JPEG,63,Indian cobra
train/n01748264/n01748264_5985.JPEG,63,Indian cobra
train/n01748264/n01748264_5504.JPEG,63,Indian cobra
train/n01748264/n01748264_6869.JPEG,63,Indian cobra
train/n01748264/n01748264_12949.JPEG,63,Indian cobra
train/n01748264/n01748264_14666.JPEG,63,Indian cobra
train/n01748264/n01748264_10786.JPEG,63,Indian cobra
train/n01748264/n01748264_11757.JPEG,63,Indian cobra
train/n01749939/n01749939_6269.JPEG,64,green mamba
train/n01749939/n01749939_891.JPEG,64,green mamba
train/n01749939/n01749939_5796.JPEG,64,green mamba
train/n01749939/n01749939_2851.JPEG,64,green mamba
train/n01749939/n01749939_3430.JPEG,64,green mamba
train/n01749939/n01749939_8068.JPEG,64,green mamba
train/n01749939/n01749939_5600.JPEG,64,green mamba
train/n01749939/n01749939_636.JPEG,64,green mamba
train/n01749939/n01749939_772.JPEG,64,green mamba
train/n01749939/n01749939_587.JPEG,64,green mamba
train/n01749939/n01749939_6515.JPEG,64,green mamba
train/n01749939/n01749939_3748.JPEG,64,green mamba
train/n01749939/n01749939_8882.JPEG,64,green mamba
train/n01749939/n01749939_5873.JPEG,64,green mamba
train/n01749939/n01749939_1293.JPEG,64,green mamba
train/n01749939/n01749939_10799.JPEG,64,green mamba
train/n01751748/n01751748_5349.JPEG,65,sea snake
train/n01751748/n01751748_2074.JPEG,65,sea snake
train/n01751748/n01751748_3856.JPEG,65,sea snake
train/n01751748/n01751748_2076.JPEG,65,sea snake
train/n01751748/n01751748_3841.JPEG,65,sea snake
train/n01751748/n01751748_16844.JPEG,65,sea snake
train/n01751748/n01751748_18695.JPEG,65,sea snake
train/n01751748/n01751748_2733.JPEG,65,sea snake
train/n01751748/n01751748_2340.JPEG,65,sea snake
train/n01751748/n01751748_6853.JPEG,65,sea snake
train/n01751748/n01751748_2228.JPEG,65,sea snake
train/n01751748/n01751748_5196.JPEG,65,sea snake
train/n01751748/n01751748_6370.JPEG,65,sea snake
train/n01751748/n01751748_7385.JPEG,65,sea snake
train/n01751748/n01751748_8895.JPEG,65,sea snake
train/n01751748/n01751748_664.JPEG,65,sea snake
train/n01753488/n01753488_10963.JPEG,66,Saharan horned viper
train/n01753488/n01753488_15095.JPEG,66,Saharan horned viper
train/n01753488/n01753488_10924.JPEG,66,Saharan horned viper
train/n01753488/n01753488_10638.JPEG,66,Saharan horned viper
train/n01753488/n01753488_3296.JPEG,66,Saharan horned viper
train/n01753488/n01753488_17588.JPEG,66,Saharan horned viper
train/n01753488/n01753488_2920.JPEG,66,Saharan horned viper
train/n01753488/n01753488_14692.JPEG,66,Saharan horned viper
train/n01753488/n01753488_8785.JPEG,66,Saharan horned viper
train/n01753488/n01753488_8028.JPEG,66,Saharan horned viper
train/n01753488/n01753488_2567.JPEG,66,Saharan horned viper
train/n01753488/n01753488_12827.JPEG,66,Saharan horned viper
train/n01753488/n01753488_4093.JPEG,66,Saharan horned viper
train/n01753488/n01753488_12248.JPEG,66,Saharan horned viper
train/n01753488/n01753488_7091.JPEG,66,Saharan horned viper
train/n01753488/n01753488_11075.JPEG,66,Saharan horned viper
train/n01755581/n01755581_22157.JPEG,67,eastern diamondback rattlesnake
train/n01755581/n01755581_12771.JPEG,67,eastern diamondback rattlesnake
train/n01755581/n01755581_3269.JPEG,67,eastern diamondback rattlesnake
train/n01755581/n01755581_26485.JPEG,67,eastern diamondback rattlesnake
train/n01755581/n01755581_5881.JPEG,67,eastern diamondback rattlesnake
train/n01755581/n01755581_21217.JPEG,67,eastern diamondback rattlesnake
train/n01755581/n01755581_8598.JPEG,67,eastern diamondback rattlesnake
train/n01755581/n01755581_6993.JPEG,67,eastern diamondback rattlesnake
train/n01755581/n01755581_6875.JPEG,67,eastern diamondback rattlesnake
train/n01755581/n01755581_7036.JPEG,67,eastern diamondback rattlesnake
train/n01755581/n01755581_12878.JPEG,67,eastern diamondback rattlesnake
train/n01755581/n01755581_10407.JPEG,67,eastern diamondback rattlesnake
train/n01755581/n01755581_7725.JPEG,67,eastern diamondback rattlesnake
train/n01755581/n01755581_4153.JPEG,67,eastern diamondback rattlesnake
train/n01755581/n01755581_7925.JPEG,67,eastern diamondback rattlesnake
train/n01755581/n01755581_7182.JPEG,67,eastern diamondback rattlesnake
train/n01756291/n01756291_10806.JPEG,68,sidewinder rattlesnake
train/n01756291/n01756291_5918.JPEG,68,sidewinder rattlesnake
train/n01756291/n01756291_18273.JPEG,68,sidewinder rattlesnake
train/n01756291/n01756291_37920.JPEG,68,sidewinder rattlesnake
train/n01756291/n01756291_11375.JPEG,68,sidewinder rattlesnake
train/n01756291/n01756291_17155.JPEG,68,sidewinder rattlesnake
train/n01756291/n01756291_10821.JPEG,68,sidewinder rattlesnake
train/n01756291/n01756291_31275.JPEG,68,sidewinder rattlesnake
train/n01756291/n01756291_12497.JPEG,68,sidewinder rattlesnake
train/n01756291/n01756291_16397.JPEG,68,sidewinder rattlesnake
train/n01756291/n01756291_7366.JPEG,68,sidewinder rattlesnake
train/n01756291/n01756291_15440.JPEG,68,sidewinder rattlesnake
train/n01756291/n01756291_5420.JPEG,68,sidewinder rattlesnake
train/n01756291/n01756291_13115.JPEG,68,sidewinder rattlesnake
train/n01756291/n01756291_17511.JPEG,68,sidewinder rattlesnake
train/n01756291/n01756291_4425.JPEG,68,sidewinder rattlesnake
train/n01768244/n01768244_7255.JPEG,69,trilobite
train/n01768244/n01768244_10646.JPEG,69,trilobite
train/n01768244/n01768244_5497.JPEG,69,trilobite
train/n01768244/n01768244_6229.JPEG,69,trilobite
train/n01768244/n01768244_1532.JPEG,69,trilobite
train/n01768244/n01768244_5232.JPEG,69,trilobite
train/n01768244/n01768244_1003.JPEG,69,trilobite
train/n01768244/n01768244_1271.JPEG,69,trilobite
train/n01768244/n01768244_5031.JPEG,69,trilobite
train/n01768244/n01768244_9712.JPEG,69,trilobite
train/n01768244/n01768244_9924.JPEG,69,trilobite
train/n01768244/n01768244_5479.JPEG,69,trilobite
train/n01768244/n01768244_3539.JPEG,69,trilobite
train/n01768244/n01768244_12060.JPEG,69,trilobite
train/n01768244/n01768244_7800.JPEG,69,trilobite
train/n01768244/n01768244_8773.JPEG,69,trilobite
train/n01770081/n01770081_11955.JPEG,70,harvestman
train/n01770081/n01770081_12988.JPEG,70,harvestman
train/n01770081/n01770081_5846.JPEG,70,harvestman
train/n01770081/n01770081_1195.JPEG,70,harvestman
train/n01770081/n01770081_2988.JPEG,70,harvestman
train/n01770081/n01770081_2876.JPEG,70,harvestman
train/n01770081/n01770081_1775.JPEG,70,harvestman
train/n01770081/n01770081_12608.JPEG,70,harvestman
train/n01770081/n01770081_25481.JPEG,70,harvestman
train/n01770081/n01770081_1774.JPEG,70,harvestman
train/n01770081/n01770081_12253.JPEG,70,harvestman
train/n01770081/n01770081_9323.JPEG,70,harvestman
train/n01770081/n01770081_5180.JPEG,70,harvestman
train/n01770081/n01770081_4312.JPEG,70,harvestman
train/n01770081/n01770081_5073.JPEG,70,harvestman
train/n01770081/n01770081_13724.JPEG,70,harvestman
train/n01770393/n01770393_12353.JPEG,71,scorpion
train/n01770393/n01770393_25039.JPEG,71,scorpion
train/n01770393/n01770393_4779.JPEG,71,scorpion
train/n01770393/n01770393_13052.JPEG,71,scorpion
train/n01770393/n01770393_23467.JPEG,71,scorpion
train/n01770393/n01770393_3673.JPEG,71,scorpion
train/n01770393/n01770393_4248.JPEG,71,scorpion
train/n01770393/n01770393_26120.JPEG,71,scorpion
train/n01770393/n01770393_7822.JPEG,71,scorpion
train/n01770393/n01770393_24163.JPEG,71,scorpion
train/n01770393/n01770393_3978.JPEG,71,scorpion
train/n01770393/n01770393_19798.JPEG,71,scorpion
train/n01770393/n01770393_12954.JPEG,71,scorpion
train/n01770393/n01770393_20882.JPEG,71,scorpion
train/n01770393/n01770393_6878.JPEG,71,scorpion
train/n01770393/n01770393_23891.JPEG,71,scorpion
train/n01773157/n01773157_9503.JPEG,72,yellow garden spider
train/n01773157/n01773157_2688.JPEG,72,yellow garden spider
train/n01773157/n01773157_10785.JPEG,72,yellow garden spider
train/n01773157/n01773157_7032.JPEG,72,yellow garden spider
train/n01773157/n01773157_3364.JPEG,72,yellow garden spider
train/n01773157/n01773157_9360.JPEG,72,yellow garden spider
train/n01773157/n01773157_2796.JPEG,72,yellow garden spider
train/n01773157/n01773157_8471.JPEG,72,yellow garden spider
train/n01773157/n01773157_3458.JPEG,72,yellow garden spider
train/n01773157/n01773157_7372.JPEG,72,yellow garden spider
train/n01773157/n01773157_7670.JPEG,72,yellow garden spider
train/n01773157/n01773157_7657.JPEG,72,yellow garden spider
train/n01773157/n01773157_10075.JPEG,72,yellow garden spider
train/n01773157/n01773157_1453.JPEG,72,yellow garden spider
train/n01773157/n01773157_8060.JPEG,72,yellow garden spider
train/n01773157/n01773157_285.JPEG,72,yellow garden spider
train/n01773549/n01773549_9787.JPEG,73,barn spider
train/n01773549/n01773549_5500.JPEG,73,barn spider
train/n01773549/n01773549_10675.JPEG,73,barn spider
train/n01773549/n01773549_9100.JPEG,73,barn spider
train/n01773549/n01773549_4654.JPEG,73,barn spider
train/n01773549/n01773549_1176.JPEG,73,barn spider
train/n01773549/n01773549_71.JPEG,73,barn spider
train/n01773549/n01773549_4940.JPEG,73,barn spider
train/n01773549/n01773549_4142.JPEG,73,barn spider
train/n01773549/n01773549_1784.JPEG,73,barn spider
train/n01773549/n01773549_1181.JPEG,73,barn spider
train/n01773549/n01773549_3554.JPEG,73,barn spider
train/n01773549/n01773549_10452.JPEG,73,barn spider
train/n01773549/n01773549_1879.JPEG,73,barn spider
train/n01773549/n01773549_5637.JPEG,73,barn spider
train/n01773549/n01773549_7827.JPEG,73,barn spider
train/n01773797/n01773797_682.JPEG,74,European garden spider
train/n01773797/n01773797_7675.JPEG,74,European garden spider
train/n01773797/n01773797_2557.JPEG,74,European garden spider
train/n01773797/n01773797_2188.JPEG,74,European garden spider
train/n01773797/n01773797_2985.JPEG,74,European garden spider
train/n01773797/n01773797_1512.JPEG,74,European garden spider
train/n01773797/n01773797_1878.JPEG,74,European garden spider
train/n01773797/n01773797_2582.JPEG,74,European garden spider
train/n01773797/n01773797_4925.JPEG,74,European garden spider
train/n01773797/n01773797_1695.JPEG,74,European garden spider
train/n01773797/n01773797_2936.JPEG,74,European garden spider
train/n01773797/n01773797_3314.JPEG,74,European garden spider
train/n01773797/n01773797_7627.JPEG,74,European garden spider
train/n01773797/n01773797_6285.JPEG,74,European garden spider
train/n01773797/n01773797_8743.JPEG,74,European garden spider
train/n01773797/n01773797_931.JPEG,74,European garden spider
train/n01774384/n01774384_3893.JPEG,75,southern black widow
train/n01774384/n01774384_22140.JPEG,75,southern black widow
train/n01774384/n01774384_16320.JPEG,75,southern black widow
train/n01774384/n01774384_5589.JPEG,75,southern black widow
train/n01774384/n01774384_4877.JPEG,75,southern black widow
train/n01774384/n01774384_13640.JPEG,75,southern black widow
train/n01774384/n01774384_13868.JPEG,75,southern black widow
train/n01774384/n01774384_15413.JPEG,75,southern black widow
train/n01774384/n01774384_11521.JPEG,75,southern black widow
train/n01774384/n01774384_1852.JPEG,75,southern black widow
train/n01774384/n01774384_19211.JPEG,75,southern black widow
train/n01774384/n01774384_5805.JPEG,75,southern black widow
train/n01774384/n01774384_21331.JPEG,75,southern black widow
train/n01774384/n01774384_16300.JPEG,75,southern black widow
train/n01774384/n01774384_2579.JPEG,75,southern black widow
train/n01774384/n01774384_13460.JPEG,75,southern black widow
train/n01774750/n01774750_835.JPEG,76,tarantula
train/n01774750/n01774750_972.JPEG,76,tarantula
train/n01774750/n01774750_424.JPEG,76,tarantula
train/n01774750/n01774750_10919.JPEG,76,tarantula
train/n01774750/n01774750_72.JPEG,76,tarantula
train/n01774750/n01774750_9995.JPEG,76,tarantula
train/n01774750/n01774750_4223.JPEG,76,tarantula
train/n01774750/n01774750_4298.JPEG,76,tarantula
train/n01774750/n01774750_11775.JPEG,76,tarantula
train/n01774750/n01774750_11523.JPEG,76,tarantula
train/n01774750/n01774750_13203.JPEG,76,tarantula
train/n01774750/n01774750_10089.JPEG,76,tarantula
train/n01774750/n01774750_1302.JPEG,76,tarantula
train/n01774750/n01774750_227.JPEG,76,tarantula
train/n01774750/n01774750_12912.JPEG,76,tarantula
train/n01774750/n01774750_18285.JPEG,76,tarantula
train/n01775062/n01775062_3252.JPEG,77,wolf spider
train/n01775062/n01775062_912.JPEG,77,wolf spider
train/n01775062/n01775062_1141.JPEG,77,wolf spider
train/n01775062/n01775062_14831.JPEG,77,wolf spider
train/n01775062/n01775062_3100.JPEG,77,wolf spider
train/n01775062/n01775062_4942.JPEG,77,wolf spider
train/n01775062/n01775062_1391.JPEG,77,wolf spider
train/n01775062/n01775062_645.JPEG,77,wolf spider
train/n01775062/n01775062_7922.JPEG,77,wolf spider
train/n01775062/n01775062_1350.JPEG,77,wolf spider
train/n01775062/n01775062_1480.JPEG,77,wolf spider
train/n01775062/n01775062_2391.JPEG,77,wolf spider
train/n01775062/n01775062_1040.JPEG,77,wolf spider
train/n01775062/n01775062_1053.JPEG,77,wolf spider
train/n01775062/n01775062_5331.JPEG,77,wolf spider
train/n01775062/n01775062_5072.JPEG,77,wolf spider
train/n01776313/n01776313_34696.JPEG,78,tick
train/n01776313/n01776313_3551.JPEG,78,tick
train/n01776313/n01776313_15826.JPEG,78,tick
train/n01776313/n01776313_12333.JPEG,78,tick
train/n01776313/n01776313_13516.JPEG,78,tick
train/n01776313/n01776313_35947.JPEG,78,tick
train/n01776313/n01776313_1700.JPEG,78,tick
train/n01776313/n01776313_38641.JPEG,78,tick
train/n01776313/n01776313_7665.JPEG,78,tick
train/n01776313/n01776313_6387.JPEG,78,tick
train/n01776313/n01776313_9209.JPEG,78,tick
train/n01776313/n01776313_24002.JPEG,78,tick
train/n01776313/n01776313_52831.JPEG,78,tick
train/n01776313/n01776313_8880.JPEG,78,tick
train/n01776313/n01776313_2195.JPEG,78,tick
train/n01776313/n01776313_12583.JPEG,78,tick
train/n01784675/n01784675_5920.JPEG,79,centipede
train/n01784675/n01784675_9097.JPEG,79,centipede
train/n01784675/n01784675_2247.JPEG,79,centipede
train/n01784675/n01784675_3025.JPEG,79,centipede
train/n01784675/n01784675_2457.JPEG,79,centipede
train/n01784675/n01784675_11339.JPEG,79,centipede
train/n01784675/n01784675_12534.JPEG,79,centipede
train/n01784675/n01784675_13010.JPEG,79,centipede
train/n01784675/n01784675_2711.JPEG,79,centipede
train/n01784675/n01784675_18042.JPEG,79,centipede
train/n01784675/n01784675_28824.JPEG,79,centipede
train/n01784675/n01784675_4359.JPEG,79,centipede
train/n01784675/n01784675_23723.JPEG,79,centipede
train/n01784675/n01784675_9957.JPEG,79,centipede
train/n01784675/n01784675_1715.JPEG,79,centipede
train/n01784675/n01784675_9987.JPEG,79,centipede
train/n01795545/n01795545_11192.JPEG,80,black grouse
train/n01795545/n01795545_2008.JPEG,80,black grouse
train/n01795545/n01795545_16439.JPEG,80,black grouse
train/n01795545/n01795545_15095.JPEG,80,black grouse
train/n01795545/n01795545_8553.JPEG,80,black grouse
train/n01795545/n01795545_1310.JPEG,80,black grouse
train/n01795545/n01795545_2593.JPEG,80,black grouse
train/n01795545/n01795545_1852.JPEG,80,black grouse
train/n01795545/n01795545_168.JPEG,80,black grouse
train/n01795545/n01795545_10240.JPEG,80,black grouse
train/n01795545/n01795545_3558.JPEG,80,black grouse
train/n01795545/n01795545_5293.JPEG,80,black grouse
train/n01795545/n01795545_959.JPEG,80,black grouse
train/n01795545/n01795545_12250.JPEG,80,black grouse
train/n01795545/n01795545_13105.JPEG,80,black grouse
train/n01795545/n01795545_18972.JPEG,80,black grouse
train/n01796340/n01796340_16282.JPEG,81,ptarmigan
train/n01796340/n01796340_7513.JPEG,81,ptarmigan
train/n01796340/n01796340_8719.JPEG,81,ptarmigan
train/n01796340/n01796340_14777.JPEG,81,ptarmigan
train/n01796340/n01796340_15876.JPEG,81,ptarmigan
train/n01796340/n01796340_13032.JPEG,81,ptarmigan
train/n01796340/n01796340_23692.JPEG,81,ptarmigan
train/n01796340/n01796340_10333.JPEG,81,ptarmigan
train/n01796340/n01796340_9106.JPEG,81,ptarmigan
train/n01796340/n01796340_6343.JPEG,81,ptarmigan
train/n01796340/n01796340_24878.JPEG,81,ptarmigan
train/n01796340/n01796340_5543.JPEG,81,ptarmigan
train/n01796340/n01796340_8622.JPEG,81,ptarmigan
train/n01796340/n01796340_15697.JPEG,81,ptarmigan
train/n01796340/n01796340_1184.JPEG,81,ptarmigan
train/n01796340/n01796340_9631.JPEG,81,ptarmigan
train/n01797886/n01797886_7732.JPEG,82,ruffed grouse
train/n01797886/n01797886_11441.JPEG,82,ruffed grouse
train/n01797886/n01797886_11917.JPEG,82,ruffed grouse
train/n01797886/n01797886_22372.JPEG,82,ruffed grouse
train/n01797886/n01797886_154.JPEG,82,ruffed grouse
train/n01797886/n01797886_27988.JPEG,82,ruffed grouse
train/n01797886/n01797886_10226.JPEG,82,ruffed grouse
train/n01797886/n01797886_3661.JPEG,82,ruffed grouse
train/n01797886/n01797886_17799.JPEG,82,ruffed grouse
train/n01797886/n01797886_27333.JPEG,82,ruffed grouse
train/n01797886/n01797886_26372.JPEG,82,ruffed grouse
train/n01797886/n01797886_12068.JPEG,82,ruffed grouse
train/n01797886/n01797886_9865.JPEG,82,ruffed grouse
train/n01797886/n01797886_9508.JPEG,82,ruffed grouse
train/n01797886/n01797886_11219.JPEG,82,ruffed grouse
train/n01797886/n01797886_14226.JPEG,82,ruffed grouse
train/n01798484/n01798484_6204.JPEG,83,prairie grouse
train/n01798484/n01798484_24106.JPEG,83,prairie grouse
train/n01798484/n01798484_6424.JPEG,83,prairie grouse
train/n01798484/n01798484_1082.JPEG,83,prairie grouse
train/n01798484/n01798484_13611.JPEG,83,prairie grouse
train/n01798484/n01798484_3447.JPEG,83,prairie grouse
train/n01798484/n01798484_2777.JPEG,83,prairie grouse
train/n01798484/n01798484_2877.JPEG,83,prairie grouse
train/n01798484/n01798484_12791.JPEG,83,prairie grouse
train/n01798484/n01798484_3369.JPEG,83,prairie grouse
train/n01798484/n01798484_13918.JPEG,83,prairie grouse
train/n01798484/n01798484_11144.JPEG,83,prairie grouse
train/n01798484/n01798484_5093.JPEG,83,prairie grouse
train/n01798484/n01798484_4947.JPEG,83,prairie grouse
train/n01798484/n01798484_7687.JPEG,83,prairie grouse
train/n01798484/n01798484_3060.JPEG,83,prairie grouse
train/n01806143/n01806143_12393.JPEG,84,peafowl
train/n01806143/n01806143_2955.JPEG,84,peafowl
train/n01806143/n01806143_13387.JPEG,84,peafowl
train/n01806143/n01806143_552.JPEG,84,peafowl
train/n01806143/n01806143_8722.JPEG,84,peafowl
train/n01806143/n01806143_3913.JPEG,84,peafowl
train/n01806143/n01806143_2641.JPEG,84,peafowl
train/n01806143/n01806143_70.JPEG,84,peafowl
train/n01806143/n01806143_2982.JPEG,84,peafowl
train/n01806143/n01806143_4519.JPEG,84,peafowl
train/n01806143/n01806143_8447.JPEG,84,peafowl
train/n01806143/n01806143_468.JPEG,84,peafowl
train/n01806143/n01806143_6770.JPEG,84,peafowl
train/n01806143/n01806143_1730.JPEG,84,peafowl
train/n01806143/n01806143_60792.JPEG,84,peafowl
train/n01806143/n01806143_13504.JPEG,84,peafowl
train/n01806567/n01806567_18853.JPEG,85,quail
train/n01806567/n01806567_5222.JPEG,85,quail
train/n01806567/n01806567_20045.JPEG,85,quail
train/n01806567/n01806567_9564.JPEG,85,quail
train/n01806567/n01806567_13309.JPEG,85,quail
train/n01806567/n01806567_14295.JPEG,85,quail
train/n01806567/n01806567_22721.JPEG,85,quail
train/n01806567/n01806567_18296.JPEG,85,quail
train/n01806567/n01806567_12064.JPEG,85,quail
train/n01806567/n01806567_9078.JPEG,85,quail
train/n01806567/n01806567_14252.JPEG,85,quail
train/n01806567/n01806567_12623.JPEG,85,quail
train/n01806567/n01806567_3332.JPEG,85,quail
train/n01806567/n01806567_5994.JPEG,85,quail
train/n01806567/n01806567_14937.JPEG,85,quail
train/n01806567/n01806567_4512.JPEG,85,quail
train/n01807496/n01807496_15134.JPEG,86,partridge
train/n01807496/n01807496_19445.JPEG,86,partridge
train/n01807496/n01807496_17602.JPEG,86,partridge
train/n01807496/n01807496_7688.JPEG,86,partridge
train/n01807496/n01807496_9326.JPEG,86,partridge
train/n01807496/n01807496_13586.JPEG,86,partridge
train/n01807496/n01807496_8419.JPEG,86,partridge
train/n01807496/n01807496_18561.JPEG,86,partridge
train/n01807496/n01807496_16242.JPEG,86,partridge
train/n01807496/n01807496_4897.JPEG,86,partridge
train/n01807496/n01807496_5971.JPEG,86,partridge
train/n01807496/n01807496_15225.JPEG,86,partridge
train/n01807496/n01807496_14106.JPEG,86,partridge
train/n01807496/n01807496_15466.JPEG,86,partridge
train/n01807496/n01807496_17779.JPEG,86,partridge
train/n01807496/n01807496_19658.JPEG,86,partridge
train/n01817953/n01817953_573.JPEG,87,african grey parrot
train/n01817953/n01817953_2641.JPEG,87,african grey parrot
train/n01817953/n01817953_2745.JPEG,87,african grey parrot
train/n01817953/n01817953_2601.JPEG,87,african grey parrot
train/n01817953/n01817953_2347.JPEG,87,african grey parrot
train/n01817953/n01817953_8562.JPEG,87,african grey parrot
train/n01817953/n01817953_10293.JPEG,87,african grey parrot
train/n01817953/n01817953_13743.JPEG,87,african grey parrot
train/n01817953/n01817953_13824.JPEG,87,african grey parrot
train/n01817953/n01817953_8711.JPEG,87,african grey parrot
train/n01817953/n01817953_11174.JPEG,87,african grey parrot
train/n01817953/n01817953_6238.JPEG,87,african grey parrot
train/n01817953/n01817953_12424.JPEG,87,african grey parrot
train/n01817953/n01817953_1452.JPEG,87,african grey parrot
train/n01817953/n01817953_10208.JPEG,87,african grey parrot
train/n01817953/n01817953_8760.JPEG,87,african grey parrot
train/n01818515/n01818515_3809.JPEG,88,macaw
train/n01818515/n01818515_12941.JPEG,88,macaw
train/n01818515/n01818515_2831.JPEG,88,macaw
train/n01818515/n01818515_8898.JPEG,88,macaw
train/n01818515/n01818515_10944.JPEG,88,macaw
train/n01818515/n01818515_10189.JPEG,88,macaw
train/n01818515/n01818515_24795.JPEG,88,macaw
train/n01818515/n01818515_11639.JPEG,88,macaw
train/n01818515/n01818515_1069.JPEG,88,macaw
train/n01818515/n01818515_3806.JPEG,88,macaw
train/n01818515/n01818515_13398.JPEG,88,macaw
train/n01818515/n01818515_34812.JPEG,88,macaw
train/n01818515/n01818515_3866.JPEG,88,macaw
train/n01818515/n01818515_875.JPEG,88,macaw
train/n01818515/n01818515_27492.JPEG,88,macaw
train/n01818515/n01818515_26453.JPEG,88,macaw
train/n01819313/n01819313_5240.JPEG,89,sulphur-crested cockatoo
train/n01819313/n01819313_3240.JPEG,89,sulphur-crested cockatoo
train/n01819313/n01819313_11518.JPEG,89,sulphur-crested cockatoo
train/n01819313/n01819313_1869.JPEG,89,sulphur-crested cockatoo
train/n01819313/n01819313_2230.JPEG,89,sulphur-crested cockatoo
train/n01819313/n01819313_1272.JPEG,89,sulphur-crested cockatoo
train/n01819313/n01819313_17231.JPEG,89,sulphur-crested cockatoo
train/n01819313/n01819313_14171.JPEG,89,sulphur-crested cockatoo
train/n01819313/n01819313_5071.JPEG,89,sulphur-crested cockatoo
train/n01819313/n01819313_4745.JPEG,89,sulphur-crested cockatoo
train/n01819313/n01819313_3333.JPEG,89,sulphur-crested cockatoo
train/n01819313/n01819313_237.JPEG,89,sulphur-crested cockatoo
train/n01819313/n01819313_5804.JPEG,89,sulphur-crested cockatoo
train/n01819313/n01819313_791.JPEG,89,sulphur-crested cockatoo
train/n01819313/n01819313_5525.JPEG,89,sulphur-crested cockatoo
train/n01819313/n01819313_16470.JPEG,89,sulphur-crested cockatoo
train/n01820546/n01820546_6628.JPEG,90,lorikeet
train/n01820546/n01820546_2994.JPEG,90,lorikeet
train/n01820546/n01820546_6611.JPEG,90,lorikeet
train/n01820546/n01820546_6736.JPEG,90,lorikeet
train/n01820546/n01820546_5571.JPEG,90,lorikeet
train/n01820546/n01820546_4819.JPEG,90,lorikeet
train/n01820546/n01820546_1331.JPEG,90,lorikeet
train/n01820546/n01820546_4062.JPEG,90,lorikeet
train/n01820546/n01820546_1154.JPEG,90,lorikeet
train/n01820546/n01820546_1328.JPEG,90,lorikeet
train/n01820546/n01820546_945.JPEG,90,lorikeet
train/n01820546/n01820546_1530.JPEG,90,lorikeet
train/n01820546/n01820546_2786.JPEG,90,lorikeet
train/n01820546/n01820546_513.JPEG,90,lorikeet
train/n01820546/n01820546_21.JPEG,90,lorikeet
train/n01820546/n01820546_6765.JPEG,90,lorikeet
train/n01824575/n01824575_5741.JPEG,91,coucal
train/n01824575/n01824575_7867.JPEG,91,coucal
train/n01824575/n01824575_4939.JPEG,91,coucal
train/n01824575/n01824575_4378.JPEG,91,coucal
train/n01824575/n01824575_11629.JPEG,91,coucal
train/n01824575/n01824575_716.JPEG,91,coucal
train/n01824575/n01824575_2130.JPEG,91,coucal
train/n01824575/n01824575_12108.JPEG,91,coucal
train/n01824575/n01824575_2492.JPEG,91,coucal
train/n01824575/n01824575_924.JPEG,91,coucal
train/n01824575/n01824575_2280.JPEG,91,coucal
train/n01824575/n01824575_6228.JPEG,91,coucal
train/n01824575/n01824575_3274.JPEG,91,coucal
train/n01824575/n01824575_3267.JPEG,91,coucal
train/n01824575/n01824575_10698.JPEG,91,coucal
train/n01824575/n01824575_2369.JPEG,91,coucal
train/n01828970/n01828970_1726.JPEG,92,bee eater
train/n01828970/n01828970_2858.JPEG,92,bee eater
train/n01828970/n01828970_25642.JPEG,92,bee eater
train/n01828970/n01828970_1826.JPEG,92,bee eater
train/n01828970/n01828970_4867.JPEG,92,bee eater
train/n01828970/n01828970_5402.JPEG,92,bee eater
train/n01828970/n01828970_118.JPEG,92,bee eater
train/n01828970/n01828970_6926.JPEG,92,bee eater
train/n01828970/n01828970_8728.JPEG,92,bee eater
train/n01828970/n01828970_7955.JPEG,92,bee eater
train/n01828970/n01828970_5386.JPEG,92,bee eater
train/n01828970/n01828970_7769.JPEG,92,bee eater
train/n01828970/n01828970_9657.JPEG,92,bee eater
train/n01828970/n01828970_23283.JPEG,92,bee eater
train/n01828970/n01828970_5355.JPEG,92,bee eater
train/n01828970/n01828970_5562.JPEG,92,bee eater
train/n01829413/n01829413_2459.JPEG,93,hornbill
train/n01829413/n01829413_16872.JPEG,93,hornbill
train/n01829413/n01829413_3854.JPEG,93,hornbill
train/n01829413/n01829413_4781.JPEG,93,hornbill
train/n01829413/n01829413_10338.JPEG,93,hornbill
train/n01829413/n01829413_3114.JPEG,93,hornbill
train/n01829413/n01829413_4565.JPEG,93,hornbill
train/n01829413/n01829413_14583.JPEG,93,hornbill
train/n01829413/n01829413_6601.JPEG,93,hornbill
train/n01829413/n01829413_4763.JPEG,93,hornbill
train/n01829413/n01829413_2790.JPEG,93,hornbill
train/n01829413/n01829413_1501.JPEG,93,hornbill
train/n01829413/n01829413_5993.JPEG,93,hornbill
train/n01829413/n01829413_8832.JPEG,93,hornbill
train/n01829413/n01829413_13924.JPEG,93,hornbill
train/n01829413/n01829413_5607.JPEG,93,hornbill
train/n01833805/n01833805_78.JPEG,94,hummingbird
train/n01833805/n01833805_6774.JPEG,94,hummingbird
train/n01833805/n01833805_6318.JPEG,94,hummingbird
train/n01833805/n01833805_7006.JPEG,94,hummingbird
train/n01833805/n01833805_29362.JPEG,94,hummingbird
train/n01833805/n01833805_19783.JPEG,94,hummingbird
train/n01833805/n01833805_1145.JPEG,94,hummingbird
train/n01833805/n01833805_76.JPEG,94,hummingbird
train/n01833805/n01833805_9237.JPEG,94,hummingbird
train/n01833805/n01833805_4132.JPEG,94,hummingbird
train/n01833805/n01833805_2497.JPEG,94,hummingbird
train/n01833805/n01833805_9172.JPEG,94,hummingbird
train/n01833805/n01833805_8920.JPEG,94,hummingbird
train/n01833805/n01833805_8856.JPEG,94,hummingbird
train/n01833805/n01833805_5907.JPEG,94,hummingbird
train/n01833805/n01833805_7456.JPEG,94,hummingbird
train/n01843065/n01843065_5337.JPEG,95,jacamar
train/n01843065/n01843065_1308.JPEG,95,jacamar
train/n01843065/n01843065_5043.JPEG,95,jacamar
train/n01843065/n01843065_8325.JPEG,95,jacamar
train/n01843065/n01843065_328.JPEG,95,jacamar
train/n01843065/n01843065_3401.JPEG,95,jacamar
train/n01843065/n01843065_7364.JPEG,95,jacamar
train/n01843065/n01843065_3722.JPEG,95,jacamar
train/n01843065/n01843065_307.JPEG,95,jacamar
train/n01843065/n01843065_4888.JPEG,95,jacamar
train/n01843065/n01843065_5927.JPEG,95,jacamar
train/n01843065/n01843065_778.JPEG,95,jacamar
train/n01843065/n01843065_4650.JPEG,95,jacamar
train/n01843065/n01843065_320.JPEG,95,jacamar
train/n01843065/n01843065_4829.JPEG,95,jacamar
train/n01843065/n01843065_6198.JPEG,95,jacamar
train/n01843383/n01843383_3353.JPEG,96,toucan
train/n01843383/n01843383_7884.JPEG,96,toucan
train/n01843383/n01843383_11370.JPEG,96,toucan
train/n01843383/n01843383_2571.JPEG,96,toucan
train/n01843383/n01843383_3888.JPEG,96,toucan
train/n01843383/n01843383_7730.JPEG,96,toucan
train/n01843383/n01843383_10560.JPEG,96,toucan
train/n01843383/n01843383_4801.JPEG,96,toucan
train/n01843383/n01843383_8436.JPEG,96,toucan
train/n01843383/n01843383_6465.JPEG,96,toucan
train/n01843383/n01843383_3871.JPEG,96,toucan
train/n01843383/n01843383_4193.JPEG,96,toucan
train/n01843383/n01843383_1959.JPEG,96,toucan
train/n01843383/n01843383_1689.JPEG,96,toucan
train/n01843383/n01843383_908.JPEG,96,toucan
train/n01843383/n01843383_1016.JPEG,96,toucan
train/n01847000/n01847000_14020.JPEG,97,duck
train/n01847000/n01847000_13249.JPEG,97,duck
train/n01847000/n01847000_12779.JPEG,97,duck
train/n01847000/n01847000_38922.JPEG,97,duck
train/n01847000/n01847000_13668.JPEG,97,duck
train/n01847000/n01847000_6541.JPEG,97,duck
train/n01847000/n01847000_2583.JPEG,97,duck
train/n01847000/n01847000_15982.JPEG,97,duck
train/n01847000/n01847000_12144.JPEG,97,duck
train/n01847000/n01847000_11380.JPEG,97,duck
train/n01847000/n01847000_9312.JPEG,97,duck
train/n01847000/n01847000_4989.JPEG,97,duck
train/n01847000/n01847000_1787.JPEG,97,duck
train/n01847000/n01847000_12296.JPEG,97,duck
train/n01847000/n01847000_9187.JPEG,97,duck
train/n01847000/n01847000_15587.JPEG,97,duck
train/n01855032/n01855032_583.JPEG,98,red-breasted merganser
train/n01855032/n01855032_6973.JPEG,98,red-breasted merganser
train/n01855032/n01855032_1456.JPEG,98,red-breasted merganser
train/n01855032/n01855032_7210.JPEG,98,red-breasted merganser
train/n01855032/n01855032_1573.JPEG,98,red-breasted merganser
train/n01855032/n01855032_4236.JPEG,98,red-breasted merganser
train/n01855032/n01855032_1066.JPEG,98,red-breasted merganser
train/n01855032/n01855032_18.JPEG,98,red-breasted merganser
train/n01855032/n01855032_5722.JPEG,98,red-breasted merganser
train/n01855032/n01855032_6852.JPEG,98,red-breasted merganser
train/n01855032/n01855032_8450.JPEG,98,red-breasted merganser
train/n01855032/n01855032_8438.JPEG,98,red-breasted merganser
train/n01855032/n01855032_2301.JPEG,98,red-breasted merganser
train/n01855032/n01855032_2182.JPEG,98,red-breasted merganser
train/n01855032/n01855032_3275.JPEG,98,red-breasted merganser
train/n01855032/n01855032_209.JPEG,98,red-breasted merganser
train/n01855672/n01855672_4197.JPEG,99,goose
train/n01855672/n01855672_7783.JPEG,99,goose
train/n01855672/n01855672_9278.JPEG,99,goose
train/n01855672/n01855672_1553.JPEG,99,goose
train/n01855672/n01855672_14115.JPEG,99,goose
train/n01855672/n01855672_55477.JPEG,99,goose
train/n01855672/n01855672_6295.JPEG,99,goose
train/n01855672/n01855672_4879.JPEG,99,goose
train/n01855672/n01855672_8092.JPEG,99,goose
train/n01855672/n01855672_6657.JPEG,99,goose
train/n01855672/n01855672_2640.JPEG,99,goose
train/n01855672/n01855672_2544.JPEG,99,goose
train/n01855672/n01855672_4189.JPEG,99,goose
train/n01855672/n01855672_6431.JPEG,99,goose
train/n01855672/n01855672_9027.JPEG,99,goose
train/n01855672/n01855672_15582.JPEG,99,goose
train/n01860187/n01860187_35155.JPEG,100,black swan
train/n01860187/n01860187_37645.JPEG,100,black swan
train/n01860187/n01860187_9387.JPEG,100,black swan
train/n01860187/n01860187_1736.JPEG,100,black swan
train/n01860187/n01860187_13206.JPEG,100,black swan
train/n01860187/n01860187_4447.JPEG,100,black swan
train/n01860187/n01860187_24328.JPEG,100,black swan
train/n01860187/n01860187_3016.JPEG,100,black swan
train/n01860187/n01860187_13800.JPEG,100,black swan
train/n01860187/n01860187_473.JPEG,100,black swan
train/n01860187/n01860187_1019.JPEG,100,black swan
train/n01860187/n01860187_1151.JPEG,100,black swan
train/n01860187/n01860187_2690.JPEG,100,black swan
train/n01860187/n01860187_33503.JPEG,100,black swan
train/n01860187/n01860187_8666.JPEG,100,black swan
train/n01860187/n01860187_101.JPEG,100,black swan
train/n01871265/n01871265_2633.JPEG,101,tusker
train/n01871265/n01871265_3623.JPEG,101,tusker
train/n01871265/n01871265_15675.JPEG,101,tusker
train/n01871265/n01871265_7737.JPEG,101,tusker
train/n01871265/n01871265_6412.JPEG,101,tusker
train/n01871265/n01871265_13072.JPEG,101,tusker
train/n01871265/n01871265_7997.JPEG,101,tusker
train/n01871265/n01871265_186.JPEG,101,tusker
train/n01871265/n01871265_1590.JPEG,101,tusker
train/n01871265/n01871265_8115.JPEG,101,tusker
train/n01871265/n01871265_631.JPEG,101,tusker
train/n01871265/n01871265_3730.JPEG,101,tusker
train/n01871265/n01871265_2120.JPEG,101,tusker
train/n01871265/n01871265_5379.JPEG,101,tusker
train/n01871265/n01871265_4445.JPEG,101,tusker
train/n01871265/n01871265_5382.JPEG,101,tusker
train/n01872401/n01872401_28178.JPEG,102,echidna
train/n01872401/n01872401_4713.JPEG,102,echidna
train/n01872401/n01872401_484.JPEG,102,echidna
train/n01872401/n01872401_4831.JPEG,102,echidna
train/n01872401/n01872401_4689.JPEG,102,echidna
train/n01872401/n01872401_5821.JPEG,102,echidna
train/n01872401/n01872401_1488.JPEG,102,echidna
train/n01872401/n01872401_3063.JPEG,102,echidna
train/n01872401/n01872401_7380.JPEG,102,echidna
train/n01872401/n01872401_37272.JPEG,102,echidna
train/n01872401/n01872401_4498.JPEG,102,echidna
train/n01872401/n01872401_5789.JPEG,102,echidna
train/n01872401/n01872401_5717.JPEG,102,echidna
train/n01872401/n01872401_4970.JPEG,102,echidna
train/n01872401/n01872401_2425.JPEG,102,echidna
train/n01872401/n01872401_17162.JPEG,102,echidna
train/n01873310/n01873310_15958.JPEG,103,platypus
train/n01873310/n01873310_38335.JPEG,103,platypus
train/n01873310/n01873310_1380.JPEG,103,platypus
train/n01873310/n01873310_9211.JPEG,103,platypus
train/n01873310/n01873310_2844.JPEG,103,platypus
train/n01873310/n01873310_16325.JPEG,103,platypus
train/n01873310/n01873310_8238.JPEG,103,platypus
train/n01873310/n01873310_3553.JPEG,103,platypus
train/n01873310/n01873310_10560.JPEG,103,platypus
train/n01873310/n01873310_6403.JPEG,103,platypus
train/n01873310/n01873310_41916.JPEG,103,platypus
train/n01873310/n01873310_24477.JPEG,103,platypus
train/n01873310/n01873310_2060.JPEG,103,platypus
train/n01873310/n01873310_5606.JPEG,103,platypus
train/n01873310/n01873310_26014.JPEG,103,platypus
train/n01873310/n01873310_15714.JPEG,103,platypus
train/n01877812/n01877812_4959.JPEG,104,wallaby
train/n01877812/n01877812_8094.JPEG,104,wallaby
train/n01877812/n01877812_8026.JPEG,104,wallaby
train/n01877812/n01877812_2403.JPEG,104,wallaby
train/n01877812/n01877812_3397.JPEG,104,wallaby
train/n01877812/n01877812_7827.JPEG,104,wallaby
train/n01877812/n01877812_6752.JPEG,104,wallaby
train/n01877812/n01877812_6273.JPEG,104,wallaby
train/n01877812/n01877812_3163.JPEG,104,wallaby
train/n01877812/n01877812_4803.JPEG,104,wallaby
train/n01877812/n01877812_5142.JPEG,104,wallaby
train/n01877812/n01877812_435.JPEG,104,wallaby
train/n01877812/n01877812_7319.JPEG,104,wallaby
train/n01877812/n01877812_6624.JPEG,104,wallaby
train/n01877812/n01877812_2643.JPEG,104,wallaby
train/n01877812/n01877812_645.JPEG,104,wallaby
train/n01882714/n01882714_30254.JPEG,105,koala
train/n01882714/n01882714_2277.JPEG,105,koala
train/n01882714/n01882714_27647.JPEG,105,koala
train/n01882714/n01882714_45526.JPEG,105,koala
train/n01882714/n01882714_23577.JPEG,105,koala
train/n01882714/n01882714_8526.JPEG,105,koala
train/n01882714/n01882714_14631.JPEG,105,koala
train/n01882714/n01882714_55715.JPEG,105,koala
train/n01882714/n01882714_14565.JPEG,105,koala
train/n01882714/n01882714_46484.JPEG,105,koala
train/n01882714/n01882714_7219.JPEG,105,koala
train/n01882714/n01882714_10069.JPEG,105,koala
train/n01882714/n01882714_7166.JPEG,105,koala
train/n01882714/n01882714_2880.JPEG,105,koala
train/n01882714/n01882714_11018.JPEG,105,koala
train/n01882714/n01882714_10824.JPEG,105,koala
train/n01883070/n01883070_4975.JPEG,106,wombat
train/n01883070/n01883070_1257.JPEG,106,wombat
train/n01883070/n01883070_4937.JPEG,106,wombat
train/n01883070/n01883070_1624.JPEG,106,wombat
train/n01883070/n01883070_7451.JPEG,106,wombat
train/n01883070/n01883070_9216.JPEG,106,wombat
train/n01883070/n01883070_626.JPEG,106,wombat
train/n01883070/n01883070_555.JPEG,106,wombat
train/n01883070/n01883070_395.JPEG,106,wombat
train/n01883070/n01883070_1364.JPEG,106,wombat
train/n01883070/n01883070_4628.JPEG,106,wombat
train/n01883070/n01883070_2167.JPEG,106,wombat
train/n01883070/n01883070_6183.JPEG,106,wombat
train/n01883070/n01883070_15347.JPEG,106,wombat
train/n01883070/n01883070_2261.JPEG,106,wombat
train/n01883070/n01883070_23457.JPEG,106,wombat
train/n01910747/n01910747_563.JPEG,107,jellyfish
train/n01910747/n01910747_16782.JPEG,107,jellyfish
train/n01910747/n01910747_8750.JPEG,107,jellyfish
train/n01910747/n01910747_7685.JPEG,107,jellyfish
train/n01910747/n01910747_1161.JPEG,107,jellyfish
train/n01910747/n01910747_9830.JPEG,107,jellyfish
train/n01910747/n01910747_11798.JPEG,107,jellyfish
train/n01910747/n01910747_1221.JPEG,107,jellyfish
train/n01910747/n01910747_16430.JPEG,107,jellyfish
train/n01910747/n01910747_371.JPEG,107,jellyfish
train/n01910747/n01910747_3693.JPEG,107,jellyfish
train/n01910747/n01910747_10187.JPEG,107,jellyfish
train/n01910747/n01910747_3344.JPEG,107,jellyfish
train/n01910747/n01910747_648.JPEG,107,jellyfish
train/n01910747/n01910747_2169.JPEG,107,jellyfish
train/n01910747/n01910747_24010.JPEG,107,jellyfish
train/n01914609/n01914609_3334.JPEG,108,sea anemone
train/n01914609/n01914609_7288.JPEG,108,sea anemone
train/n01914609/n01914609_2435.JPEG,108,sea anemone
train/n01914609/n01914609_602.JPEG,108,sea anemone
train/n01914609/n01914609_11338.JPEG,108,sea anemone
train/n01914609/n01914609_16150.JPEG,108,sea anemone
train/n01914609/n01914609_294.JPEG,108,sea anemone
train/n01914609/n01914609_4338.JPEG,108,sea anemone
train/n01914609/n01914609_4209.JPEG,108,sea anemone
train/n01914609/n01914609_4020.JPEG,108,sea anemone
train/n01914609/n01914609_179.JPEG,108,sea anemone
train/n01914609/n01914609_6829.JPEG,108,sea anemone
train/n01914609/n01914609_21440.JPEG,108,sea anemone
train/n01914609/n01914609_4652.JPEG,108,sea anemone
train/n01914609/n01914609_5033.JPEG,108,sea anemone
train/n01914609/n01914609_7409.JPEG,108,sea anemone
train/n01917289/n01917289_3828.JPEG,109,brain coral
train/n01917289/n01917289_5319.JPEG,109,brain coral
train/n01917289/n01917289_1397.JPEG,109,brain coral
train/n01917289/n01917289_1172.JPEG,109,brain coral
train/n01917289/n01917289_512.JPEG,109,brain coral
train/n01917289/n01917289_432.JPEG,109,brain coral
train/n01917289/n01917289_1916.JPEG,109,brain coral
train/n01917289/n01917289_2237.JPEG,109,brain coral
train/n01917289/n01917289_1119.JPEG,109,brain coral
train/n01917289/n01917289_1898.JPEG,109,brain coral
train/n01917289/n01917289_3169.JPEG,109,brain coral
train/n01917289/n01917289_3251.JPEG,109,brain coral
train/n01917289/n01917289_2198.JPEG,109,brain coral
train/n01917289/n01917289_2143.JPEG,109,brain coral
train/n01917289/n01917289_3019.JPEG,109,brain coral
train/n01917289/n01917289_4219.JPEG,109,brain coral
train/n01924916/n01924916_6619.JPEG,110,flatworm
train/n01924916/n01924916_7553.JPEG,110,flatworm
train/n01924916/n01924916_2829.JPEG,110,flatworm
train/n01924916/n01924916_6213.JPEG,110,flatworm
train/n01924916/n01924916_2358.JPEG,110,flatworm
train/n01924916/n01924916_12454.JPEG,110,flatworm
train/n01924916/n01924916_3987.JPEG,110,flatworm
train/n01924916/n01924916_5373.JPEG,110,flatworm
train/n01924916/n01924916_6173.JPEG,110,flatworm
train/n01924916/n01924916_4653.JPEG,110,flatworm
train/n01924916/n01924916_9109.JPEG,110,flatworm
train/n01924916/n01924916_8265.JPEG,110,flatworm
train/n01924916/n01924916_9506.JPEG,110,flatworm
train/n01924916/n01924916_764.JPEG,110,flatworm
train/n01924916/n01924916_2122.JPEG,110,flatworm
train/n01924916/n01924916_10349.JPEG,110,flatworm
train/n01930112/n01930112_17220.JPEG,111,nematode
train/n01930112/n01930112_21470.JPEG,111,nematode
train/n01930112/n01930112_4083.JPEG,111,nematode
train/n01930112/n01930112_763.JPEG,111,nematode
train/n01930112/n01930112_13187.JPEG,111,nematode
train/n01930112/n01930112_5693.JPEG,111,nematode
train/n01930112/n01930112_9985.JPEG,111,nematode
train/n01930112/n01930112_18496.JPEG,111,nematode
train/n01930112/n01930112_1594.JPEG,111,nematode
train/n01930112/n01930112_24251.JPEG,111,nematode
train/n01930112/n01930112_4458.JPEG,111,nematode
train/n01930112/n01930112_21503.JPEG,111,nematode
train/n01930112/n01930112_14831.JPEG,111,nematode
train/n01930112/n01930112_7522.JPEG,111,nematode
train/n01930112/n01930112_8425.JPEG,111,nematode
train/n01930112/n01930112_13799.JPEG,111,nematode
train/n01943899/n01943899_8583.JPEG,112,conch
train/n01943899/n01943899_21843.JPEG,112,conch
train/n01943899/n01943899_5616.JPEG,112,conch
train/n01943899/n01943899_24082.JPEG,112,conch
train/n01943899/n01943899_7471.JPEG,112,conch
train/n01943899/n01943899_11959.JPEG,112,conch
train/n01943899/n01943899_14637.JPEG,112,conch
train/n01943899/n01943899_17874.JPEG,112,conch
train/n01943899/n01943899_8513.JPEG,112,conch
train/n01943899/n01943899_20070.JPEG,112,conch
train/n01943899/n01943899_8354.JPEG,112,conch
train/n01943899/n01943899_34817.JPEG,112,conch
train/n01943899/n01943899_23363.JPEG,112,conch
train/n01943899/n01943899_32720.JPEG,112,conch
train/n01943899/n01943899_7716.JPEG,112,conch
train/n01943899/n01943899_22470.JPEG,112,conch
train/n01944390/n01944390_34216.JPEG,113,snail
train/n01944390/n01944390_20500.JPEG,113,snail
train/n01944390/n01944390_788.JPEG,113,snail
train/n01944390/n01944390_10285.JPEG,113,snail
train/n01944390/n01944390_10159.JPEG,113,snail
train/n01944390/n01944390_15494.JPEG,113,snail
train/n01944390/n01944390_38680.JPEG,113,snail
train/n01944390/n01944390_1484.JPEG,113,snail
train/n01944390/n01944390_3725.JPEG,113,snail
train/n01944390/n01944390_13160.JPEG,113,snail
train/n01944390/n01944390_35388.JPEG,113,snail
train/n01944390/n01944390_14111.JPEG,113,snail
train/n01944390/n01944390_6515.JPEG,113,snail
train/n01944390/n01944390_20670.JPEG,113,snail
train/n01944390/n01944390_18539.JPEG,113,snail
train/n01944390/n01944390_1147.JPEG,113,snail
train/n01945685/n01945685_2329.JPEG,114,slug
train/n01945685/n01945685_682.JPEG,114,slug
train/n01945685/n01945685_141.JPEG,114,slug
train/n01945685/n01945685_11820.JPEG,114,slug
train/n01945685/n01945685_32254.JPEG,114,slug
train/n01945685/n01945685_6319.JPEG,114,slug
train/n01945685/n01945685_25898.JPEG,114,slug
train/n01945685/n01945685_10320.JPEG,114,slug
train/n01945685/n01945685_12417.JPEG,114,slug
train/n01945685/n01945685_17863.JPEG,114,slug
train/n01945685/n01945685_6915.JPEG,114,slug
train/n01945685/n01945685_9759.JPEG,114,slug
train/n01945685/n01945685_9713.JPEG,114,slug
train/n01945685/n01945685_33622.JPEG,114,slug
train/n01945685/n01945685_32747.JPEG,114,slug
train/n01945685/n01945685_5142.JPEG,114,slug
train/n01950731/n01950731_15106.JPEG,115,sea slug
train/n01950731/n01950731_1206.JPEG,115,sea slug
train/n01950731/n01950731_16500.JPEG,115,sea slug
train/n01950731/n01950731_1966.JPEG,115,sea slug
train/n01950731/n01950731_20940.JPEG,115,sea slug
train/n01950731/n01950731_11064.JPEG,115,sea slug
train/n01950731/n01950731_14174.JPEG,115,sea slug
train/n01950731/n01950731_7353.JPEG,115,sea slug
train/n01950731/n01950731_381.JPEG,115,sea slug
train/n01950731/n01950731_3184.JPEG,115,sea slug
train/n01950731/n01950731_653.JPEG,115,sea slug
train/n01950731/n01950731_9912.JPEG,115,sea slug
train/n01950731/n01950731_13583.JPEG,115,sea slug
train/n01950731/n01950731_12013.JPEG,115,sea slug
train/n01950731/n01950731_2891.JPEG,115,sea slug
train/n01950731/n01950731_5234.JPEG,115,sea slug
train/n01955084/n01955084_9097.JPEG,116,chiton
train/n01955084/n01955084_5166.JPEG,116,chiton
train/n01955084/n01955084_17396.JPEG,116,chiton
train/n01955084/n01955084_15783.JPEG,116,chiton
train/n01955084/n01955084_17995.JPEG,116,chiton
train/n01955084/n01955084_4558.JPEG,116,chiton
train/n01955084/n01955084_2383.JPEG,116,chiton
train/n01955084/n01955084_7040.JPEG,116,chiton
train/n01955084/n01955084_9827.JPEG,116,chiton
train/n01955084/n01955084_558.JPEG,116,chiton
train/n01955084/n01955084_6884.JPEG,116,chiton
train/n01955084/n01955084_2380.JPEG,116,chiton
train/n01955084/n01955084_4259.JPEG,116,chiton
train/n01955084/n01955084_8579.JPEG,116,chiton
train/n01955084/n01955084_2590.JPEG,116,chiton
train/n01955084/n01955084_9071.JPEG,116,chiton
train/n01968897/n01968897_10345.JPEG,117,chambered nautilus
train/n01968897/n01968897_2749.JPEG,117,chambered nautilus
train/n01968897/n01968897_8698.JPEG,117,chambered nautilus
train/n01968897/n01968897_18078.JPEG,117,chambered nautilus
train/n01968897/n01968897_20653.JPEG,117,chambered nautilus
train/n01968897/n01968897_22547.JPEG,117,chambered nautilus
train/n01968897/n01968897_20384.JPEG,117,chambered nautilus
train/n01968897/n01968897_8485.JPEG,117,chambered nautilus
train/n01968897/n01968897_15796.JPEG,117,chambered nautilus
train/n01968897/n01968897_6512.JPEG,117,chambered nautilus
train/n01968897/n01968897_6987.JPEG,117,chambered nautilus
train/n01968897/n01968897_25434.JPEG,117,chambered nautilus
train/n01968897/n01968897_25826.JPEG,117,chambered nautilus
train/n01968897/n01968897_23479.JPEG,117,chambered nautilus
train/n01968897/n01968897_22376.JPEG,117,chambered nautilus
train/n01968897/n01968897_5570.JPEG,117,chambered nautilus
train/n01978287/n01978287_3638.JPEG,118,Dungeness crab
train/n01978287/n01978287_8409.JPEG,118,Dungeness crab
train/n01978287/n01978287_11585.JPEG,118,Dungeness crab
train/n01978287/n01978287_2416.JPEG,118,Dungeness crab
train/n01978287/n01978287_5931.JPEG,118,Dungeness crab
train/n01978287/n01978287_9822.JPEG,118,Dungeness crab
train/n01978287/n01978287_5099.JPEG,118,Dungeness crab
train/n01978287/n01978287_739.JPEG,118,Dungeness crab
train/n01978287/n01978287_11771.JPEG,118,Dungeness crab
train/n01978287/n01978287_6151.JPEG,118,Dungeness crab
train/n01978287/n01978287_5176.JPEG,118,Dungeness crab
train/n01978287/n01978287_3462.JPEG,118,Dungeness crab
train/n01978287/n01978287_9411.JPEG,118,Dungeness crab
train/n01978287/n01978287_11490.JPEG,118,Dungeness crab
train/n01978287/n01978287_3214.JPEG,118,Dungeness crab
train/n01978287/n01978287_4903.JPEG,118,Dungeness crab
train/n01978455/n01978455_3850.JPEG,119,rock crab
train/n01978455/n01978455_12201.JPEG,119,rock crab
train/n01978455/n01978455_2462.JPEG,119,rock crab
train/n01978455/n01978455_11947.JPEG,119,rock crab
train/n01978455/n01978455_12778.JPEG,119,rock crab
train/n01978455/n01978455_337.JPEG,119,rock crab
train/n01978455/n01978455_8453.JPEG,119,rock crab
train/n01978455/n01978455_6622.JPEG,119,rock crab
train/n01978455/n01978455_10554.JPEG,119,rock crab
train/n01978455/n01978455_6481.JPEG,119,rock crab
train/n01978455/n01978455_4170.JPEG,119,rock crab
train/n01978455/n01978455_7350.JPEG,119,rock crab
train/n01978455/n01978455_3403.JPEG,119,rock crab
train/n01978455/n01978455_11036.JPEG,119,rock crab
train/n01978455/n01978455_10165.JPEG,119,rock crab
train/n01978455/n01978455_815.JPEG,119,rock crab
train/n01980166/n01980166_7856.JPEG,120,fiddler crab
train/n01980166/n01980166_84.JPEG,120,fiddler crab
train/n01980166/n01980166_564.JPEG,120,fiddler crab
train/n01980166/n01980166_1130.JPEG,120,fiddler crab
train/n01980166/n01980166_5774.JPEG,120,fiddler crab
train/n01980166/n01980166_9078.JPEG,120,fiddler crab
train/n01980166/n01980166_8379.JPEG,120,fiddler crab
train/n01980166/n01980166_5230.JPEG,120,fiddler crab
train/n01980166/n01980166_1001.JPEG,120,fiddler crab
train/n01980166/n01980166_5818.JPEG,120,fiddler crab
train/n01980166/n01980166_1207.JPEG,120,fiddler crab
train/n01980166/n01980166_9498.JPEG,120,fiddler crab
train/n01980166/n01980166_4097.JPEG,120,fiddler crab
train/n01980166/n01980166_242.JPEG,120,fiddler crab
train/n01980166/n01980166_2746.JPEG,120,fiddler crab
train/n01980166/n01980166_3964.JPEG,120,fiddler crab
train/n01981276/n01981276_17111.JPEG,121,red king crab
train/n01981276/n01981276_8586.JPEG,121,red king crab
train/n01981276/n01981276_5172.JPEG,121,red king crab
train/n01981276/n01981276_15823.JPEG,121,red king crab
train/n01981276/n01981276_1918.JPEG,121,red king crab
train/n01981276/n01981276_16172.JPEG,121,red king crab
train/n01981276/n01981276_21136.JPEG,121,red king crab
train/n01981276/n01981276_27780.JPEG,121,red king crab
train/n01981276/n01981276_22116.JPEG,121,red king crab
train/n01981276/n01981276_1791.JPEG,121,red king crab
train/n01981276/n01981276_8735.JPEG,121,red king crab
train/n01981276/n01981276_13788.JPEG,121,red king crab
train/n01981276/n01981276_5222.JPEG,121,red king crab
train/n01981276/n01981276_13516.JPEG,121,red king crab
train/n01981276/n01981276_27721.JPEG,121,red king crab
train/n01981276/n01981276_28736.JPEG,121,red king crab
train/n01983481/n01983481_4990.JPEG,122,American lobster
train/n01983481/n01983481_22027.JPEG,122,American lobster
train/n01983481/n01983481_20539.JPEG,122,American lobster
train/n01983481/n01983481_19944.JPEG,122,American lobster
train/n01983481/n01983481_12813.JPEG,122,American lobster
train/n01983481/n01983481_19942.JPEG,122,American lobster
train/n01983481/n01983481_12939.JPEG,122,American lobster
train/n01983481/n01983481_5623.JPEG,122,American lobster
train/n01983481/n01983481_6844.JPEG,122,American lobster
train/n01983481/n01983481_1818.JPEG,122,American lobster
train/n01983481/n01983481_20334.JPEG,122,American lobster
train/n01983481/n01983481_573.JPEG,122,American lobster
train/n01983481/n01983481_2686.JPEG,122,American lobster
train/n01983481/n01983481_13929.JPEG,122,American lobster
train/n01983481/n01983481_8087.JPEG,122,American lobster
train/n01983481/n01983481_14152.JPEG,122,American lobster
train/n01984695/n01984695_4959.JPEG,123,spiny lobster
train/n01984695/n01984695_104276.JPEG,123,spiny lobster
train/n01984695/n01984695_63425.JPEG,123,spiny lobster
train/n01984695/n01984695_9456.JPEG,123,spiny lobster
train/n01984695/n01984695_15426.JPEG,123,spiny lobster
train/n01984695/n01984695_18145.JPEG,123,spiny lobster
train/n01984695/n01984695_39707.JPEG,123,spiny lobster
train/n01984695/n01984695_8551.JPEG,123,spiny lobster
train/n01984695/n01984695_62899.JPEG,123,spiny lobster
train/n01984695/n01984695_12531.JPEG,123,spiny lobster
train/n01984695/n01984695_70214.JPEG,123,spiny lobster
train/n01984695/n01984695_7534.JPEG,123,spiny lobster
train/n01984695/n01984695_23370.JPEG,123,spiny lobster
train/n01984695/n01984695_68154.JPEG,123,spiny lobster
train/n01984695/n01984695_27107.JPEG,123,spiny lobster
train/n01984695/n01984695_16993.JPEG,123,spiny lobster
train/n01985128/n01985128_12618.JPEG,124,crayfish
train/n01985128/n01985128_31792.JPEG,124,crayfish
train/n01985128/n01985128_25359.JPEG,124,crayfish
train/n01985128/n01985128_3834.JPEG,124,crayfish
train/n01985128/n01985128_20599.JPEG,124,crayfish
train/n01985128/n01985128_16346.JPEG,124,crayfish
train/n01985128/n01985128_4939.JPEG,124,crayfish
train/n01985128/n01985128_1763.JPEG,124,crayfish
train/n01985128/n01985128_28087.JPEG,124,crayfish
train/n01985128/n01985128_16979.JPEG,124,crayfish
train/n01985128/n01985128_5954.JPEG,124,crayfish
train/n01985128/n01985128_30343.JPEG,124,crayfish
train/n01985128/n01985128_1027.JPEG,124,crayfish
train/n01985128/n01985128_21739.JPEG,124,crayfish
train/n01985128/n01985128_20700.JPEG,124,crayfish
train/n01985128/n01985128_1217.JPEG,124,crayfish
train/n01986214/n01986214_4833.JPEG,125,hermit crab
train/n01986214/n01986214_3550.JPEG,125,hermit crab
train/n01986214/n01986214_1924.JPEG,125,hermit crab
train/n01986214/n01986214_5381.JPEG,125,hermit crab
train/n01986214/n01986214_21159.JPEG,125,hermit crab
train/n01986214/n01986214_28400.JPEG,125,hermit crab
train/n01986214/n01986214_5303.JPEG,125,hermit crab
train/n01986214/n01986214_8373.JPEG,125,hermit crab
train/n01986214/n01986214_8545.JPEG,125,hermit crab
train/n01986214/n01986214_11437.JPEG,125,hermit crab
train/n01986214/n01986214_17524.JPEG,125,hermit crab
train/n01986214/n01986214_10318.JPEG,125,hermit crab
train/n01986214/n01986214_2213.JPEG,125,hermit crab
train/n01986214/n01986214_23122.JPEG,125,hermit crab
train/n01986214/n01986214_3084.JPEG,125,hermit crab
train/n01986214/n01986214_8484.JPEG,125,hermit crab
train/n01990800/n01990800_3465.JPEG,126,isopod
train/n01990800/n01990800_10074.JPEG,126,isopod
train/n01990800/n01990800_4412.JPEG,126,isopod
train/n01990800/n01990800_1816.JPEG,126,isopod
train/n01990800/n01990800_7090.JPEG,126,isopod
train/n01990800/n01990800_4833.JPEG,126,isopod
train/n01990800/n01990800_12076.JPEG,126,isopod
train/n01990800/n01990800_8260.JPEG,126,isopod
train/n01990800/n01990800_7983.JPEG,126,isopod
train/n01990800/n01990800_19606.JPEG,126,isopod
train/n01990800/n01990800_2527.JPEG,126,isopod
train/n01990800/n01990800_10744.JPEG,126,isopod
train/n01990800/n01990800_1143.JPEG,126,isopod
train/n01990800/n01990800_11745.JPEG,126,isopod
train/n01990800/n01990800_12854.JPEG,126,isopod
train/n01990800/n01990800_1592.JPEG,126,isopod
train/n02002556/n02002556_8647.JPEG,127,white stork
train/n02002556/n02002556_8547.JPEG,127,white stork
train/n02002556/n02002556_5602.JPEG,127,white stork
train/n02002556/n02002556_5144.JPEG,127,white stork
train/n02002556/n02002556_9160.JPEG,127,white stork
train/n02002556/n02002556_848.JPEG,127,white stork
train/n02002556/n02002556_20064.JPEG,127,white stork
train/n02002556/n02002556_22710.JPEG,127,white stork
train/n02002556/n02002556_7687.JPEG,127,white stork
train/n02002556/n02002556_3037.JPEG,127,white stork
train/n02002556/n02002556_6381.JPEG,127,white stork
train/n02002556/n02002556_1540.JPEG,127,white stork
train/n02002556/n02002556_5141.JPEG,127,white stork
train/n02002556/n02002556_10189.JPEG,127,white stork
train/n02002556/n02002556_2491.JPEG,127,white stork
train/n02002556/n02002556_4226.JPEG,127,white stork
train/n02002724/n02002724_7824.JPEG,128,black stork
train/n02002724/n02002724_1590.JPEG,128,black stork
train/n02002724/n02002724_1130.JPEG,128,black stork
train/n02002724/n02002724_7059.JPEG,128,black stork
train/n02002724/n02002724_7305.JPEG,128,black stork
train/n02002724/n02002724_7889.JPEG,128,black stork
train/n02002724/n02002724_4713.JPEG,128,black stork
train/n02002724/n02002724_7541.JPEG,128,black stork
train/n02002724/n02002724_4963.JPEG,128,black stork
train/n02002724/n02002724_195.JPEG,128,black stork
train/n02002724/n02002724_2217.JPEG,128,black stork
train/n02002724/n02002724_1216.JPEG,128,black stork
train/n02002724/n02002724_14971.JPEG,128,black stork
train/n02002724/n02002724_2558.JPEG,128,black stork
train/n02002724/n02002724_12788.JPEG,128,black stork
train/n02002724/n02002724_4343.JPEG,128,black stork
train/n02006656/n02006656_6978.JPEG,129,spoonbill
train/n02006656/n02006656_5989.JPEG,129,spoonbill
train/n02006656/n02006656_93.JPEG,129,spoonbill
train/n02006656/n02006656_580.JPEG,129,spoonbill
train/n02006656/n02006656_4075.JPEG,129,spoonbill
train/n02006656/n02006656_10975.JPEG,129,spoonbill
train/n02006656/n02006656_5461.JPEG,129,spoonbill
train/n02006656/n02006656_3739.JPEG,129,spoonbill
train/n02006656/n02006656_5476.JPEG,129,spoonbill
train/n02006656/n02006656_4994.JPEG,129,spoonbill
train/n02006656/n02006656_5092.JPEG,129,spoonbill
train/n02006656/n02006656_1087.JPEG,129,spoonbill
train/n02006656/n02006656_10440.JPEG,129,spoonbill
train/n02006656/n02006656_4113.JPEG,129,spoonbill
train/n02006656/n02006656_10077.JPEG,129,spoonbill
train/n02006656/n02006656_6291.JPEG,129,spoonbill
train/n02007558/n02007558_2971.JPEG,130,flamingo
train/n02007558/n02007558_1072.JPEG,130,flamingo
train/n02007558/n02007558_3318.JPEG,130,flamingo
train/n02007558/n02007558_948.JPEG,130,flamingo
train/n02007558/n02007558_84.JPEG,130,flamingo
train/n02007558/n02007558_2962.JPEG,130,flamingo
train/n02007558/n02007558_14692.JPEG,130,flamingo
train/n02007558/n02007558_10956.JPEG,130,flamingo
train/n02007558/n02007558_2257.JPEG,130,flamingo
train/n02007558/n02007558_4416.JPEG,130,flamingo
train/n02007558/n02007558_29332.JPEG,130,flamingo
train/n02007558/n02007558_4924.JPEG,130,flamingo
train/n02007558/n02007558_14108.JPEG,130,flamingo
train/n02007558/n02007558_3461.JPEG,130,flamingo
train/n02007558/n02007558_9659.JPEG,130,flamingo
train/n02007558/n02007558_9242.JPEG,130,flamingo
train/n02009229/n02009229_5467.JPEG,131,little blue heron
train/n02009229/n02009229_6759.JPEG,131,little blue heron
train/n02009229/n02009229_808.JPEG,131,little blue heron
train/n02009229/n02009229_851.JPEG,131,little blue heron
train/n02009229/n02009229_2844.JPEG,131,little blue heron
train/n02009229/n02009229_4397.JPEG,131,little blue heron
train/n02009229/n02009229_576.JPEG,131,little blue heron
train/n02009229/n02009229_3028.JPEG,131,little blue heron
train/n02009229/n02009229_2394.JPEG,131,little blue heron
train/n02009229/n02009229_2385.JPEG,131,little blue heron
train/n02009229/n02009229_9803.JPEG,131,little blue heron
train/n02009229/n02009229_10095.JPEG,131,little blue heron
train/n02009229/n02009229_13344.JPEG,131,little blue heron
train/n02009229/n02009229_867.JPEG,131,little blue heron
train/n02009229/n02009229_11916.JPEG,131,little blue heron
train/n02009229/n02009229_18416.JPEG,131,little blue heron
train/n02009912/n02009912_33087.JPEG,132,great egret
train/n02009912/n02009912_20141.JPEG,132,great egret
train/n02009912/n02009912_3622.JPEG,132,great egret
train/n02009912/n02009912_2823.JPEG,132,great egret
train/n02009912/n02009912_36443.JPEG,132,great egret
train/n02009912/n02009912_5839.JPEG,132,great egret
train/n02009912/n02009912_30479.JPEG,132,great egret
train/n02009912/n02009912_5497.JPEG,132,great egret
train/n02009912/n02009912_598.JPEG,132,great egret
train/n02009912/n02009912_6085.JPEG,132,great egret
train/n02009912/n02009912_24036.JPEG,132,great egret
train/n02009912/n02009912_3450.JPEG,132,great egret
train/n02009912/n02009912_5794.JPEG,132,great egret
train/n02009912/n02009912_9777.JPEG,132,great egret
train/n02009912/n02009912_6115.JPEG,132,great egret
train/n02009912/n02009912_16841.JPEG,132,great egret
train/n02011460/n02011460_1685.JPEG,133,bittern bird
train/n02011460/n02011460_1439.JPEG,133,bittern bird
train/n02011460/n02011460_2555.JPEG,133,bittern bird
train/n02011460/n02011460_1787.JPEG,133,bittern bird
train/n02011460/n02011460_6140.JPEG,133,bittern bird
train/n02011460/n02011460_17782.JPEG,133,bittern bird
train/n02011460/n02011460_2072.JPEG,133,bittern bird
train/n02011460/n02011460_4521.JPEG,133,bittern bird
train/n02011460/n02011460_280.JPEG,133,bittern bird
train/n02011460/n02011460_2593.JPEG,133,bittern bird
train/n02011460/n02011460_7293.JPEG,133,bittern bird
train/n02011460/n02011460_1249.JPEG,133,bittern bird
train/n02011460/n02011460_4054.JPEG,133,bittern bird
train/n02011460/n02011460_898.JPEG,133,bittern bird
train/n02011460/n02011460_6823.JPEG,133,bittern bird
train/n02011460/n02011460_4479.JPEG,133,bittern bird
train/n02012849/n02012849_13431.JPEG,134,crane bird
train/n02012849/n02012849_1231.JPEG,134,crane bird
train/n02012849/n02012849_47099.JPEG,134,crane bird
train/n02012849/n02012849_8289.JPEG,134,crane bird
train/n02012849/n02012849_11929.JPEG,134,crane bird
train/n02012849/n02012849_12185.JPEG,134,crane bird
train/n02012849/n02012849_8116.JPEG,134,crane bird
train/n02012849/n02012849_13953.JPEG,134,crane bird
train/n02012849/n02012849_2125.JPEG,134,crane bird
train/n02012849/n02012849_13563.JPEG,134,crane bird
train/n02012849/n02012849_1513.JPEG,134,crane bird
train/n02012849/n02012849_10259.JPEG,134,crane bird
train/n02012849/n02012849_10793.JPEG,134,crane bird
train/n02012849/n02012849_10612.JPEG,134,crane bird
train/n02012849/n02012849_9792.JPEG,134,crane bird
train/n02012849/n02012849_5113.JPEG,134,crane bird
train/n02013706/n02013706_6950.JPEG,135,limpkin
train/n02013706/n02013706_6012.JPEG,135,limpkin
train/n02013706/n02013706_2520.JPEG,135,limpkin
train/n02013706/n02013706_2660.JPEG,135,limpkin
train/n02013706/n02013706_1195.JPEG,135,limpkin
train/n02013706/n02013706_1032.JPEG,135,limpkin
train/n02013706/n02013706_5906.JPEG,135,limpkin
train/n02013706/n02013706_2034.JPEG,135,limpkin
train/n02013706/n02013706_2909.JPEG,135,limpkin
train/n02013706/n02013706_789.JPEG,135,limpkin
train/n02013706/n02013706_1205.JPEG,135,limpkin
train/n02013706/n02013706_3006.JPEG,135,limpkin
train/n02013706/n02013706_2119.JPEG,135,limpkin
train/n02013706/n02013706_5034.JPEG,135,limpkin
train/n02013706/n02013706_7156.JPEG,135,limpkin
train/n02013706/n02013706_3479.JPEG,135,limpkin
train/n02017213/n02017213_5994.JPEG,136,common gallinule
train/n02017213/n02017213_13469.JPEG,136,common gallinule
train/n02017213/n02017213_7185.JPEG,136,common gallinule
train/n02017213/n02017213_549.JPEG,136,common gallinule
train/n02017213/n02017213_4009.JPEG,136,common gallinule
train/n02017213/n02017213_2673.JPEG,136,common gallinule
train/n02017213/n02017213_4354.JPEG,136,common gallinule
train/n02017213/n02017213_1053.JPEG,136,common gallinule
train/n02017213/n02017213_7037.JPEG,136,common gallinule
train/n02017213/n02017213_9755.JPEG,136,common gallinule
train/n02017213/n02017213_2239.JPEG,136,common gallinule
train/n02017213/n02017213_1033.JPEG,136,common gallinule
train/n02017213/n02017213_12085.JPEG,136,common gallinule
train/n02017213/n02017213_2529.JPEG,136,common gallinule
train/n02017213/n02017213_5410.JPEG,136,common gallinule
train/n02017213/n02017213_17015.JPEG,136,common gallinule
train/n02018207/n02018207_3453.JPEG,137,American coot
train/n02018207/n02018207_64.JPEG,137,American coot
train/n02018207/n02018207_13110.JPEG,137,American coot
train/n02018207/n02018207_1755.JPEG,137,American coot
train/n02018207/n02018207_17950.JPEG,137,American coot
train/n02018207/n02018207_11847.JPEG,137,American coot
train/n02018207/n02018207_7111.JPEG,137,American coot
train/n02018207/n02018207_16578.JPEG,137,American coot
train/n02018207/n02018207_2849.JPEG,137,American coot
train/n02018207/n02018207_15588.JPEG,137,American coot
train/n02018207/n02018207_6397.JPEG,137,American coot
train/n02018207/n02018207_24340.JPEG,137,American coot
train/n02018207/n02018207_3027.JPEG,137,American coot
train/n02018207/n02018207_2351.JPEG,137,American coot
train/n02018207/n02018207_1745.JPEG,137,American coot
train/n02018207/n02018207_3255.JPEG,137,American coot
train/n02018795/n02018795_1244.JPEG,138,bustard
train/n02018795/n02018795_9478.JPEG,138,bustard
train/n02018795/n02018795_1747.JPEG,138,bustard
train/n02018795/n02018795_6210.JPEG,138,bustard
train/n02018795/n02018795_3622.JPEG,138,bustard
train/n02018795/n02018795_13290.JPEG,138,bustard
train/n02018795/n02018795_12068.JPEG,138,bustard
train/n02018795/n02018795_15599.JPEG,138,bustard
train/n02018795/n02018795_6875.JPEG,138,bustard
train/n02018795/n02018795_6573.JPEG,138,bustard
train/n02018795/n02018795_8263.JPEG,138,bustard
train/n02018795/n02018795_14600.JPEG,138,bustard
train/n02018795/n02018795_5999.JPEG,138,bustard
train/n02018795/n02018795_3426.JPEG,138,bustard
train/n02018795/n02018795_6408.JPEG,138,bustard
train/n02018795/n02018795_8476.JPEG,138,bustard
train/n02025239/n02025239_1403.JPEG,139,ruddy turnstone
train/n02025239/n02025239_484.JPEG,139,ruddy turnstone
train/n02025239/n02025239_11121.JPEG,139,ruddy turnstone
train/n02025239/n02025239_2481.JPEG,139,ruddy turnstone
train/n02025239/n02025239_319.JPEG,139,ruddy turnstone
train/n02025239/n02025239_4822.JPEG,139,ruddy turnstone
train/n02025239/n02025239_17312.JPEG,139,ruddy turnstone
train/n02025239/n02025239_6967.JPEG,139,ruddy turnstone
train/n02025239/n02025239_22207.JPEG,139,ruddy turnstone
train/n02025239/n02025239_3128.JPEG,139,ruddy turnstone
train/n02025239/n02025239_1207.JPEG,139,ruddy turnstone
train/n02025239/n02025239_4025.JPEG,139,ruddy turnstone
train/n02025239/n02025239_11023.JPEG,139,ruddy turnstone
train/n02025239/n02025239_3954.JPEG,139,ruddy turnstone
train/n02025239/n02025239_3792.JPEG,139,ruddy turnstone
train/n02025239/n02025239_9521.JPEG,139,ruddy turnstone
train/n02027492/n02027492_8408.JPEG,140,dunlin
train/n02027492/n02027492_2873.JPEG,140,dunlin
train/n02027492/n02027492_563.JPEG,140,dunlin
train/n02027492/n02027492_22163.JPEG,140,dunlin
train/n02027492/n02027492_3993.JPEG,140,dunlin
train/n02027492/n02027492_910.JPEG,140,dunlin
train/n02027492/n02027492_12170.JPEG,140,dunlin
train/n02027492/n02027492_1000.JPEG,140,dunlin
train/n02027492/n02027492_183.JPEG,140,dunlin
train/n02027492/n02027492_12501.JPEG,140,dunlin
train/n02027492/n02027492_5927.JPEG,140,dunlin
train/n02027492/n02027492_1509.JPEG,140,dunlin
train/n02027492/n02027492_1606.JPEG,140,dunlin
train/n02027492/n02027492_154.JPEG,140,dunlin
train/n02027492/n02027492_4464.JPEG,140,dunlin
train/n02027492/n02027492_1213.JPEG,140,dunlin
train/n02028035/n02028035_4630.JPEG,141,common redshank
train/n02028035/n02028035_10438.JPEG,141,common redshank
train/n02028035/n02028035_9713.JPEG,141,common redshank
train/n02028035/n02028035_8247.JPEG,141,common redshank
train/n02028035/n02028035_11812.JPEG,141,common redshank
train/n02028035/n02028035_21462.JPEG,141,common redshank
train/n02028035/n02028035_33437.JPEG,141,common redshank
train/n02028035/n02028035_32557.JPEG,141,common redshank
train/n02028035/n02028035_10973.JPEG,141,common redshank
train/n02028035/n02028035_2514.JPEG,141,common redshank
train/n02028035/n02028035_8772.JPEG,141,common redshank
train/n02028035/n02028035_1601.JPEG,141,common redshank
train/n02028035/n02028035_24277.JPEG,141,common redshank
train/n02028035/n02028035_12474.JPEG,141,common redshank
train/n02028035/n02028035_23753.JPEG,141,common redshank
train/n02028035/n02028035_18857.JPEG,141,common redshank
train/n02033041/n02033041_2001.JPEG,142,dowitcher
train/n02033041/n02033041_9728.JPEG,142,dowitcher
train/n02033041/n02033041_9317.JPEG,142,dowitcher
train/n02033041/n02033041_224.JPEG,142,dowitcher
train/n02033041/n02033041_3073.JPEG,142,dowitcher
train/n02033041/n02033041_2999.JPEG,142,dowitcher
train/n02033041/n02033041_2672.JPEG,142,dowitcher
train/n02033041/n02033041_6420.JPEG,142,dowitcher
train/n02033041/n02033041_4993.JPEG,142,dowitcher
train/n02033041/n02033041_4037.JPEG,142,dowitcher
train/n02033041/n02033041_13608.JPEG,142,dowitcher
train/n02033041/n02033041_2774.JPEG,142,dowitcher
train/n02033041/n02033041_5.JPEG,142,dowitcher
train/n02033041/n02033041_5403.JPEG,142,dowitcher
train/n02033041/n02033041_2066.JPEG,142,dowitcher
train/n02033041/n02033041_9173.JPEG,142,dowitcher
train/n02037110/n02037110_6550.JPEG,143,oystercatcher
train/n02037110/n02037110_8397.JPEG,143,oystercatcher
train/n02037110/n02037110_6733.JPEG,143,oystercatcher
train/n02037110/n02037110_3246.JPEG,143,oystercatcher
train/n02037110/n02037110_4148.JPEG,143,oystercatcher
train/n02037110/n02037110_2192.JPEG,143,oystercatcher
train/n02037110/n02037110_12288.JPEG,143,oystercatcher
train/n02037110/n02037110_10477.JPEG,143,oystercatcher
train/n02037110/n02037110_25247.JPEG,143,oystercatcher
train/n02037110/n02037110_22661.JPEG,143,oystercatcher
train/n02037110/n02037110_9782.JPEG,143,oystercatcher
train/n02037110/n02037110_10490.JPEG,143,oystercatcher
train/n02037110/n02037110_34101.JPEG,143,oystercatcher
train/n02037110/n02037110_2474.JPEG,143,oystercatcher
train/n02037110/n02037110_5331.JPEG,143,oystercatcher
train/n02037110/n02037110_13007.JPEG,143,oystercatcher
train/n02051845/n02051845_13035.JPEG,144,pelican
train/n02051845/n02051845_5119.JPEG,144,pelican
train/n02051845/n02051845_4170.JPEG,144,pelican
train/n02051845/n02051845_13029.JPEG,144,pelican
train/n02051845/n02051845_24324.JPEG,144,pelican
train/n02051845/n02051845_7875.JPEG,144,pelican
train/n02051845/n02051845_9754.JPEG,144,pelican
train/n02051845/n02051845_12980.JPEG,144,pelican
train/n02051845/n02051845_15801.JPEG,144,pelican
train/n02051845/n02051845_35903.JPEG,144,pelican
train/n02051845/n02051845_7196.JPEG,144,pelican
train/n02051845/n02051845_6822.JPEG,144,pelican
train/n02051845/n02051845_5949.JPEG,144,pelican
train/n02051845/n02051845_4768.JPEG,144,pelican
train/n02051845/n02051845_12517.JPEG,144,pelican
train/n02051845/n02051845_7470.JPEG,144,pelican
train/n02056570/n02056570_1303.JPEG,145,king penguin
train/n02056570/n02056570_9186.JPEG,145,king penguin
train/n02056570/n02056570_5567.JPEG,145,king penguin
train/n02056570/n02056570_9198.JPEG,145,king penguin
train/n02056570/n02056570_7261.JPEG,145,king penguin
train/n02056570/n02056570_8313.JPEG,145,king penguin
train/n02056570/n02056570_8710.JPEG,145,king penguin
train/n02056570/n02056570_9447.JPEG,145,king penguin
train/n02056570/n02056570_8124.JPEG,145,king penguin
train/n02056570/n02056570_8275.JPEG,145,king penguin
train/n02056570/n02056570_5421.JPEG,145,king penguin
train/n02056570/n02056570_9771.JPEG,145,king penguin
train/n02056570/n02056570_8737.JPEG,145,king penguin
train/n02056570/n02056570_741.JPEG,145,king penguin
train/n02056570/n02056570_6711.JPEG,145,king penguin
train/n02056570/n02056570_3186.JPEG,145,king penguin
train/n02058221/n02058221_41068.JPEG,146,albatross
train/n02058221/n02058221_34990.JPEG,146,albatross
train/n02058221/n02058221_1758.JPEG,146,albatross
train/n02058221/n02058221_37182.JPEG,146,albatross
train/n02058221/n02058221_7102.JPEG,146,albatross
train/n02058221/n02058221_9062.JPEG,146,albatross
train/n02058221/n02058221_10935.JPEG,146,albatross
train/n02058221/n02058221_2421.JPEG,146,albatross
train/n02058221/n02058221_3231.JPEG,146,albatross
train/n02058221/n02058221_9436.JPEG,146,albatross
train/n02058221/n02058221_9946.JPEG,146,albatross
train/n02058221/n02058221_15746.JPEG,146,albatross
train/n02058221/n02058221_8968.JPEG,146,albatross
train/n02058221/n02058221_9869.JPEG,146,albatross
train/n02058221/n02058221_12780.JPEG,146,albatross
train/n02058221/n02058221_10842.JPEG,146,albatross
train/n02066245/n02066245_6824.JPEG,147,grey whale
train/n02066245/n02066245_10189.JPEG,147,grey whale
train/n02066245/n02066245_12393.JPEG,147,grey whale
train/n02066245/n02066245_23947.JPEG,147,grey whale
train/n02066245/n02066245_12347.JPEG,147,grey whale
train/n02066245/n02066245_16778.JPEG,147,grey whale
train/n02066245/n02066245_11558.JPEG,147,grey whale
train/n02066245/n02066245_932.JPEG,147,grey whale
train/n02066245/n02066245_558.JPEG,147,grey whale
train/n02066245/n02066245_45186.JPEG,147,grey whale
train/n02066245/n02066245_32781.JPEG,147,grey whale
train/n02066245/n02066245_95.JPEG,147,grey whale
train/n02066245/n02066245_6928.JPEG,147,grey whale
train/n02066245/n02066245_19091.JPEG,147,grey whale
train/n02066245/n02066245_4285.JPEG,147,grey whale
train/n02066245/n02066245_4452.JPEG,147,grey whale
train/n02071294/n02071294_11765.JPEG,148,killer whale
train/n02071294/n02071294_794.JPEG,148,killer whale
train/n02071294/n02071294_2236.JPEG,148,killer whale
train/n02071294/n02071294_263.JPEG,148,killer whale
train/n02071294/n02071294_32846.JPEG,148,killer whale
train/n02071294/n02071294_3695.JPEG,148,killer whale
train/n02071294/n02071294_2943.JPEG,148,killer whale
train/n02071294/n02071294_18362.JPEG,148,killer whale
train/n02071294/n02071294_20772.JPEG,148,killer whale
train/n02071294/n02071294_34542.JPEG,148,killer whale
train/n02071294/n02071294_13028.JPEG,148,killer whale
train/n02071294/n02071294_1834.JPEG,148,killer whale
train/n02071294/n02071294_8717.JPEG,148,killer whale
train/n02071294/n02071294_4111.JPEG,148,killer whale
train/n02071294/n02071294_6943.JPEG,148,killer whale
train/n02071294/n02071294_6216.JPEG,148,killer whale
train/n02074367/n02074367_7877.JPEG,149,dugong
train/n02074367/n02074367_8519.JPEG,149,dugong
train/n02074367/n02074367_15719.JPEG,149,dugong
train/n02074367/n02074367_4650.JPEG,149,dugong
train/n02074367/n02074367_7545.JPEG,149,dugong
train/n02074367/n02074367_92.JPEG,149,dugong
train/n02074367/n02074367_2359.JPEG,149,dugong
train/n02074367/n02074367_6225.JPEG,149,dugong
train/n02074367/n02074367_1130.JPEG,149,dugong
train/n02074367/n02074367_3024.JPEG,149,dugong
train/n02074367/n02074367_7295.JPEG,149,dugong
train/n02074367/n02074367_4317.JPEG,149,dugong
train/n02074367/n02074367_1102.JPEG,149,dugong
train/n02074367/n02074367_6780.JPEG,149,dugong
train/n02074367/n02074367_1806.JPEG,149,dugong
train/n02074367/n02074367_521.JPEG,149,dugong
train/n02077923/n02077923_717.JPEG,150,sea lion
train/n02077923/n02077923_3057.JPEG,150,sea lion
train/n02077923/n02077923_11680.JPEG,150,sea lion
train/n02077923/n02077923_12392.JPEG,150,sea lion
train/n02077923/n02077923_14298.JPEG,150,sea lion
train/n02077923/n02077923_701.JPEG,150,sea lion
train/n02077923/n02077923_127.JPEG,150,sea lion
train/n02077923/n02077923_1930.JPEG,150,sea lion
train/n02077923/n02077923_15334.JPEG,150,sea lion
train/n02077923/n02077923_4816.JPEG,150,sea lion
train/n02077923/n02077923_5555.JPEG,150,sea lion
train/n02077923/n02077923_676.JPEG,150,sea lion
train/n02077923/n02077923_257.JPEG,150,sea lion
train/n02077923/n02077923_375.JPEG,150,sea lion
train/n02077923/n02077923_15663.JPEG,150,sea lion
train/n02077923/n02077923_5242.JPEG,150,sea lion
train/n02085620/n02085620_3910.JPEG,151,Chihuahua
train/n02085620/n02085620_13654.JPEG,151,Chihuahua
train/n02085620/n02085620_6311.JPEG,151,Chihuahua
train/n02085620/n02085620_29052.JPEG,151,Chihuahua
train/n02085620/n02085620_16935.JPEG,151,Chihuahua
train/n02085620/n02085620_4919.JPEG,151,Chihuahua
train/n02085620/n02085620_4906.JPEG,151,Chihuahua
train/n02085620/n02085620_3911.JPEG,151,Chihuahua
train/n02085620/n02085620_6711.JPEG,151,Chihuahua
train/n02085620/n02085620_12717.JPEG,151,Chihuahua
train/n02085620/n02085620_3937.JPEG,151,Chihuahua
train/n02085620/n02085620_9467.JPEG,151,Chihuahua
train/n02085620/n02085620_2866.JPEG,151,Chihuahua
train/n02085620/n02085620_6588.JPEG,151,Chihuahua
train/n02085620/n02085620_10722.JPEG,151,Chihuahua
train/n02085620/n02085620_5477.JPEG,151,Chihuahua
train/n02085782/n02085782_6137.JPEG,152,Japanese Chin
train/n02085782/n02085782_207.JPEG,152,Japanese Chin
train/n02085782/n02085782_6120.JPEG,152,Japanese Chin
train/n02085782/n02085782_13447.JPEG,152,Japanese Chin
train/n02085782/n02085782_1890.JPEG,152,Japanese Chin
train/n02085782/n02085782_3021.JPEG,152,Japanese Chin
train/n02085782/n02085782_8636.JPEG,152,Japanese Chin
train/n02085782/n02085782_8366.JPEG,152,Japanese Chin
train/n02085782/n02085782_1085.JPEG,152,Japanese Chin
train/n02085782/n02085782_8327.JPEG,152,Japanese Chin
train/n02085782/n02085782_1778.JPEG,152,Japanese Chin
train/n02085782/n02085782_4269.JPEG,152,Japanese Chin
train/n02085782/n02085782_7717.JPEG,152,Japanese Chin
train/n02085782/n02085782_8376.JPEG,152,Japanese Chin
train/n02085782/n02085782_2293.JPEG,152,Japanese Chin
train/n02085782/n02085782_910.JPEG,152,Japanese Chin
train/n02085936/n02085936_1810.JPEG,153,Maltese
train/n02085936/n02085936_8872.JPEG,153,Maltese
train/n02085936/n02085936_15599.JPEG,153,Maltese
train/n02085936/n02085936_2167.JPEG,153,Maltese
train/n02085936/n02085936_8228.JPEG,153,Maltese
train/n02085936/n02085936_7885.JPEG,153,Maltese
train/n02085936/n02085936_1549.JPEG,153,Maltese
train/n02085936/n02085936_8365.JPEG,153,Maltese
train/n02085936/n02085936_18013.JPEG,153,Maltese
train/n02085936/n02085936_8977.JPEG,153,Maltese
train/n02085936/n02085936_566.JPEG,153,Maltese
train/n02085936/n02085936_6034.JPEG,153,Maltese
train/n02085936/n02085936_312.JPEG,153,Maltese
train/n02085936/n02085936_8771.JPEG,153,Maltese
train/n02085936/n02085936_14595.JPEG,153,Maltese
train/n02085936/n02085936_12983.JPEG,153,Maltese
train/n02086079/n02086079_7444.JPEG,154,Pekingese
train/n02086079/n02086079_14990.JPEG,154,Pekingese
train/n02086079/n02086079_3668.JPEG,154,Pekingese
train/n02086079/n02086079_33479.JPEG,154,Pekingese
train/n02086079/n02086079_14924.JPEG,154,Pekingese
train/n02086079/n02086079_16566.JPEG,154,Pekingese
train/n02086079/n02086079_5084.JPEG,154,Pekingese
train/n02086079/n02086079_38682.JPEG,154,Pekingese
train/n02086079/n02086079_4371.JPEG,154,Pekingese
train/n02086079/n02086079_4931.JPEG,154,Pekingese
train/n02086079/n02086079_15769.JPEG,154,Pekingese
train/n02086079/n02086079_15180.JPEG,154,Pekingese
train/n02086079/n02086079_19016.JPEG,154,Pekingese
train/n02086079/n02086079_6393.JPEG,154,Pekingese
train/n02086079/n02086079_924.JPEG,154,Pekingese
train/n02086079/n02086079_734.JPEG,154,Pekingese
train/n02086240/n02086240_7897.JPEG,155,Shih Tzu
train/n02086240/n02086240_6333.JPEG,155,Shih Tzu
train/n02086240/n02086240_61.JPEG,155,Shih Tzu
train/n02086240/n02086240_1292.JPEG,155,Shih Tzu
train/n02086240/n02086240_1342.JPEG,155,Shih Tzu
train/n02086240/n02086240_1606.JPEG,155,Shih Tzu
train/n02086240/n02086240_8119.JPEG,155,Shih Tzu
train/n02086240/n02086240_10350.JPEG,155,Shih Tzu
train/n02086240/n02086240_3877.JPEG,155,Shih Tzu
train/n02086240/n02086240_5300.JPEG,155,Shih Tzu
train/n02086240/n02086240_12991.JPEG,155,Shih Tzu
train/n02086240/n02086240_4646.JPEG,155,Shih Tzu
train/n02086240/n02086240_11588.JPEG,155,Shih Tzu
train/n02086240/n02086240_6222.JPEG,155,Shih Tzu
train/n02086240/n02086240_2601.JPEG,155,Shih Tzu
train/n02086240/n02086240_9296.JPEG,155,Shih Tzu
train/n02086646/n02086646_3688.JPEG,156,King Charles Spaniel
train/n02086646/n02086646_5687.JPEG,156,King Charles Spaniel
train/n02086646/n02086646_2924.JPEG,156,King Charles Spaniel
train/n02086646/n02086646_6893.JPEG,156,King Charles Spaniel
train/n02086646/n02086646_7550.JPEG,156,King Charles Spaniel
train/n02086646/n02086646_8041.JPEG,156,King Charles Spaniel
train/n02086646/n02086646_3536.JPEG,156,King Charles Spaniel
train/n02086646/n02086646_2935.JPEG,156,King Charles Spaniel
train/n02086646/n02086646_5550.JPEG,156,King Charles Spaniel
train/n02086646/n02086646_7451.JPEG,156,King Charles Spaniel
train/n02086646/n02086646_2932.JPEG,156,King Charles Spaniel
train/n02086646/n02086646_1461.JPEG,156,King Charles Spaniel
train/n02086646/n02086646_6303.JPEG,156,King Charles Spaniel
train/n02086646/n02086646_6843.JPEG,156,King Charles Spaniel
train/n02086646/n02086646_3609.JPEG,156,King Charles Spaniel
train/n02086646/n02086646_7391.JPEG,156,King Charles Spaniel
train/n02086910/n02086910_2691.JPEG,157,Papillon
train/n02086910/n02086910_7166.JPEG,157,Papillon
train/n02086910/n02086910_14352.JPEG,157,Papillon
train/n02086910/n02086910_10571.JPEG,157,Papillon
train/n02086910/n02086910_11044.JPEG,157,Papillon
train/n02086910/n02086910_12539.JPEG,157,Papillon
train/n02086910/n02086910_3686.JPEG,157,Papillon
train/n02086910/n02086910_11623.JPEG,157,Papillon
train/n02086910/n02086910_11146.JPEG,157,Papillon
train/n02086910/n02086910_2676.JPEG,157,Papillon
train/n02086910/n02086910_14498.JPEG,157,Papillon
train/n02086910/n02086910_2918.JPEG,157,Papillon
train/n02086910/n02086910_6135.JPEG,157,Papillon
train/n02086910/n02086910_1348.JPEG,157,Papillon
train/n02086910/n02086910_2769.JPEG,157,Papillon
train/n02086910/n02086910_8143.JPEG,157,Papillon
train/n02087046/n02087046_1206.JPEG,158,toy terrier
train/n02087046/n02087046_23878.JPEG,158,toy terrier
train/n02087046/n02087046_2801.JPEG,158,toy terrier
train/n02087046/n02087046_7063.JPEG,158,toy terrier
train/n02087046/n02087046_7396.JPEG,158,toy terrier
train/n02087046/n02087046_2124.JPEG,158,toy terrier
train/n02087046/n02087046_4140.JPEG,158,toy terrier
train/n02087046/n02087046_18995.JPEG,158,toy terrier
train/n02087046/n02087046_4127.JPEG,158,toy terrier
train/n02087046/n02087046_2969.JPEG,158,toy terrier
train/n02087046/n02087046_4719.JPEG,158,toy terrier
train/n02087046/n02087046_539.JPEG,158,toy terrier
train/n02087046/n02087046_2234.JPEG,158,toy terrier
train/n02087046/n02087046_4953.JPEG,158,toy terrier
train/n02087046/n02087046_1363.JPEG,158,toy terrier
train/n02087046/n02087046_1407.JPEG,158,toy terrier
train/n02087394/n02087394_1088.JPEG,159,Rhodesian Ridgeback
train/n02087394/n02087394_34948.JPEG,159,Rhodesian Ridgeback
train/n02087394/n02087394_7529.JPEG,159,Rhodesian Ridgeback
train/n02087394/n02087394_1864.JPEG,159,Rhodesian Ridgeback
train/n02087394/n02087394_1969.JPEG,159,Rhodesian Ridgeback
train/n02087394/n02087394_4458.JPEG,159,Rhodesian Ridgeback
train/n02087394/n02087394_736.JPEG,159,Rhodesian Ridgeback
train/n02087394/n02087394_25491.JPEG,159,Rhodesian Ridgeback
train/n02087394/n02087394_14572.JPEG,159,Rhodesian Ridgeback
train/n02087394/n02087394_4364.JPEG,159,Rhodesian Ridgeback
train/n02087394/n02087394_1891.JPEG,159,Rhodesian Ridgeback
train/n02087394/n02087394_11735.JPEG,159,Rhodesian Ridgeback
train/n02087394/n02087394_35004.JPEG,159,Rhodesian Ridgeback
train/n02087394/n02087394_11290.JPEG,159,Rhodesian Ridgeback
train/n02087394/n02087394_8630.JPEG,159,Rhodesian Ridgeback
train/n02087394/n02087394_15980.JPEG,159,Rhodesian Ridgeback
train/n02088094/n02088094_1327.JPEG,160,Afghan Hound
train/n02088094/n02088094_7189.JPEG,160,Afghan Hound
train/n02088094/n02088094_7523.JPEG,160,Afghan Hound
train/n02088094/n02088094_492.JPEG,160,Afghan Hound
train/n02088094/n02088094_10250.JPEG,160,Afghan Hound
train/n02088094/n02088094_3779.JPEG,160,Afghan Hound
train/n02088094/n02088094_2614.JPEG,160,Afghan Hound
train/n02088094/n02088094_3479.JPEG,160,Afghan Hound
train/n02088094/n02088094_1582.JPEG,160,Afghan Hound
train/n02088094/n02088094_6761.JPEG,160,Afghan Hound
train/n02088094/n02088094_1010.JPEG,160,Afghan Hound
train/n02088094/n02088094_649.JPEG,160,Afghan Hound
train/n02088094/n02088094_2364.JPEG,160,Afghan Hound
train/n02088094/n02088094_10581.JPEG,160,Afghan Hound
train/n02088094/n02088094_2156.JPEG,160,Afghan Hound
train/n02088094/n02088094_900.JPEG,160,Afghan Hound
train/n02088238/n02088238_9827.JPEG,161,Basset Hound
train/n02088238/n02088238_2591.JPEG,161,Basset Hound
train/n02088238/n02088238_5354.JPEG,161,Basset Hound
train/n02088238/n02088238_2921.JPEG,161,Basset Hound
train/n02088238/n02088238_4384.JPEG,161,Basset Hound
train/n02088238/n02088238_9524.JPEG,161,Basset Hound
train/n02088238/n02088238_6769.JPEG,161,Basset Hound
train/n02088238/n02088238_1693.JPEG,161,Basset Hound
train/n02088238/n02088238_7806.JPEG,161,Basset Hound
train/n02088238/n02088238_160.JPEG,161,Basset Hound
train/n02088238/n02088238_13349.JPEG,161,Basset Hound
train/n02088238/n02088238_10997.JPEG,161,Basset Hound
train/n02088238/n02088238_10634.JPEG,161,Basset Hound
train/n02088238/n02088238_7275.JPEG,161,Basset Hound
train/n02088238/n02088238_10106.JPEG,161,Basset Hound
train/n02088238/n02088238_12160.JPEG,161,Basset Hound
train/n02088364/n02088364_4779.JPEG,162,Beagle
train/n02088364/n02088364_1499.JPEG,162,Beagle
train/n02088364/n02088364_15454.JPEG,162,Beagle
train/n02088364/n02088364_4124.JPEG,162,Beagle
train/n02088364/n02088364_10947.JPEG,162,Beagle
train/n02088364/n02088364_13498.JPEG,162,Beagle
train/n02088364/n02088364_15723.JPEG,162,Beagle
train/n02088364/n02088364_8883.JPEG,162,Beagle
train/n02088364/n02088364_10398.JPEG,162,Beagle
train/n02088364/n02088364_1145.JPEG,162,Beagle
train/n02088364/n02088364_1341.JPEG,162,Beagle
train/n02088364/n02088364_17474.JPEG,162,Beagle
train/n02088364/n02088364_4893.JPEG,162,Beagle
train/n02088364/n02088364_1856.JPEG,162,Beagle
train/n02088364/n02088364_4670.JPEG,162,Beagle
train/n02088364/n02088364_3585.JPEG,162,Beagle
train/n02088466/n02088466_9116.JPEG,163,Bloodhound
train/n02088466/n02088466_8754.JPEG,163,Bloodhound
train/n02088466/n02088466_5492.JPEG,163,Bloodhound
train/n02088466/n02088466_2030.JPEG,163,Bloodhound
train/n02088466/n02088466_1227.JPEG,163,Bloodhound
train/n02088466/n02088466_11331.JPEG,163,Bloodhound
train/n02088466/n02088466_2417.JPEG,163,Bloodhound
train/n02088466/n02088466_5182.JPEG,163,Bloodhound
train/n02088466/n02088466_2298.JPEG,163,Bloodhound
train/n02088466/n02088466_11338.JPEG,163,Bloodhound
train/n02088466/n02088466_73.JPEG,163,Bloodhound
train/n02088466/n02088466_6437.JPEG,163,Bloodhound
train/n02088466/n02088466_6779.JPEG,163,Bloodhound
train/n02088466/n02088466_8820.JPEG,163,Bloodhound
train/n02088466/n02088466_11897.JPEG,163,Bloodhound
train/n02088466/n02088466_9851.JPEG,163,Bloodhound
train/n02088632/n02088632_7590.JPEG,164,Bluetick Coonhound
train/n02088632/n02088632_1112.JPEG,164,Bluetick Coonhound
train/n02088632/n02088632_1118.JPEG,164,Bluetick Coonhound
train/n02088632/n02088632_2897.JPEG,164,Bluetick Coonhound
train/n02088632/n02088632_3640.JPEG,164,Bluetick Coonhound
train/n02088632/n02088632_8738.JPEG,164,Bluetick Coonhound
train/n02088632/n02088632_8159.JPEG,164,Bluetick Coonhound
train/n02088632/n02088632_1037.JPEG,164,Bluetick Coonhound
train/n02088632/n02088632_1277.JPEG,164,Bluetick Coonhound
train/n02088632/n02088632_4308.JPEG,164,Bluetick Coonhound
train/n02088632/n02088632_10.JPEG,164,Bluetick Coonhound
train/n02088632/n02088632_5931.JPEG,164,Bluetick Coonhound
train/n02088632/n02088632_7730.JPEG,164,Bluetick Coonhound
train/n02088632/n02088632_2475.JPEG,164,Bluetick Coonhound
train/n02088632/n02088632_13.JPEG,164,Bluetick Coonhound
train/n02088632/n02088632_4157.JPEG,164,Bluetick Coonhound
train/n02089078/n02089078_6568.JPEG,165,Black and Tan Coonhound
train/n02089078/n02089078_8883.JPEG,165,Black and Tan Coonhound
train/n02089078/n02089078_9083.JPEG,165,Black and Tan Coonhound
train/n02089078/n02089078_7544.JPEG,165,Black and Tan Coonhound
train/n02089078/n02089078_10169.JPEG,165,Black and Tan Coonhound
train/n02089078/n02089078_1680.JPEG,165,Black and Tan Coonhound
train/n02089078/n02089078_5964.JPEG,165,Black and Tan Coonhound
train/n02089078/n02089078_273.JPEG,165,Black and Tan Coonhound
train/n02089078/n02089078_8718.JPEG,165,Black and Tan Coonhound
train/n02089078/n02089078_4355.JPEG,165,Black and Tan Coonhound
train/n02089078/n02089078_8320.JPEG,165,Black and Tan Coonhound
train/n02089078/n02089078_8113.JPEG,165,Black and Tan Coonhound
train/n02089078/n02089078_3597.JPEG,165,Black and Tan Coonhound
train/n02089078/n02089078_3191.JPEG,165,Black and Tan Coonhound
train/n02089078/n02089078_4097.JPEG,165,Black and Tan Coonhound
train/n02089078/n02089078_7912.JPEG,165,Black and Tan Coonhound
train/n02089867/n02089867_5396.JPEG,166,Treeing Walker Coonhound
train/n02089867/n02089867_4230.JPEG,166,Treeing Walker Coonhound
train/n02089867/n02089867_7264.JPEG,166,Treeing Walker Coonhound
train/n02089867/n02089867_7549.JPEG,166,Treeing Walker Coonhound
train/n02089867/n02089867_4317.JPEG,166,Treeing Walker Coonhound
train/n02089867/n02089867_3541.JPEG,166,Treeing Walker Coonhound
train/n02089867/n02089867_844.JPEG,166,Treeing Walker Coonhound
train/n02089867/n02089867_3291.JPEG,166,Treeing Walker Coonhound
train/n02089867/n02089867_4610.JPEG,166,Treeing Walker Coonhound
train/n02089867/n02089867_479.JPEG,166,Treeing Walker Coonhound
train/n02089867/n02089867_4342.JPEG,166,Treeing Walker Coonhound
train/n02089867/n02089867_2033.JPEG,166,Treeing Walker Coonhound
train/n02089867/n02089867_3679.JPEG,166,Treeing Walker Coonhound
train/n02089867/n02089867_1230.JPEG,166,Treeing Walker Coonhound
train/n02089867/n02089867_810.JPEG,166,Treeing Walker Coonhound
train/n02089867/n02089867_5772.JPEG,166,Treeing Walker Coonhound
train/n02089973/n02089973_5102.JPEG,167,English foxhound
train/n02089973/n02089973_1066.JPEG,167,English foxhound
train/n02089973/n02089973_275.JPEG,167,English foxhound
train/n02089973/n02089973_164.JPEG,167,English foxhound
train/n02089973/n02089973_6673.JPEG,167,English foxhound
train/n02089973/n02089973_525.JPEG,167,English foxhound
train/n02089973/n02089973_2939.JPEG,167,English foxhound
train/n02089973/n02089973_6252.JPEG,167,English foxhound
train/n02089973/n02089973_1030.JPEG,167,English foxhound
train/n02089973/n02089973_251.JPEG,167,English foxhound
train/n02089973/n02089973_3136.JPEG,167,English foxhound
train/n02089973/n02089973_5811.JPEG,167,English foxhound
train/n02089973/n02089973_3838.JPEG,167,English foxhound
train/n02089973/n02089973_4121.JPEG,167,English foxhound
train/n02089973/n02089973_6321.JPEG,167,English foxhound
train/n02089973/n02089973_4523.JPEG,167,English foxhound
train/n02090379/n02090379_3899.JPEG,168,Redbone Coonhound
train/n02090379/n02090379_2787.JPEG,168,Redbone Coonhound
train/n02090379/n02090379_5466.JPEG,168,Redbone Coonhound
train/n02090379/n02090379_2346.JPEG,168,Redbone Coonhound
train/n02090379/n02090379_5492.JPEG,168,Redbone Coonhound
train/n02090379/n02090379_6373.JPEG,168,Redbone Coonhound
train/n02090379/n02090379_8534.JPEG,168,Redbone Coonhound
train/n02090379/n02090379_3149.JPEG,168,Redbone Coonhound
train/n02090379/n02090379_5818.JPEG,168,Redbone Coonhound
train/n02090379/n02090379_4507.JPEG,168,Redbone Coonhound
train/n02090379/n02090379_6386.JPEG,168,Redbone Coonhound
train/n02090379/n02090379_141.JPEG,168,Redbone Coonhound
train/n02090379/n02090379_1523.JPEG,168,Redbone Coonhound
train/n02090379/n02090379_3737.JPEG,168,Redbone Coonhound
train/n02090379/n02090379_222.JPEG,168,Redbone Coonhound
train/n02090379/n02090379_377.JPEG,168,Redbone Coonhound
train/n02090622/n02090622_11466.JPEG,169,borzoi
train/n02090622/n02090622_2636.JPEG,169,borzoi
train/n02090622/n02090622_5599.JPEG,169,borzoi
train/n02090622/n02090622_5025.JPEG,169,borzoi
train/n02090622/n02090622_3268.JPEG,169,borzoi
train/n02090622/n02090622_3106.JPEG,169,borzoi
train/n02090622/n02090622_3275.JPEG,169,borzoi
train/n02090622/n02090622_7122.JPEG,169,borzoi
train/n02090622/n02090622_202.JPEG,169,borzoi
train/n02090622/n02090622_7664.JPEG,169,borzoi
train/n02090622/n02090622_2715.JPEG,169,borzoi
train/n02090622/n02090622_95.JPEG,169,borzoi
train/n02090622/n02090622_5787.JPEG,169,borzoi
train/n02090622/n02090622_1914.JPEG,169,borzoi
train/n02090622/n02090622_5866.JPEG,169,borzoi
train/n02090622/n02090622_7310.JPEG,169,borzoi
train/n02090721/n02090721_4801.JPEG,170,Irish Wolfhound
train/n02090721/n02090721_4061.JPEG,170,Irish Wolfhound
train/n02090721/n02090721_6780.JPEG,170,Irish Wolfhound
train/n02090721/n02090721_242.JPEG,170,Irish Wolfhound
train/n02090721/n02090721_568.JPEG,170,Irish Wolfhound
train/n02090721/n02090721_655.JPEG,170,Irish Wolfhound
train/n02090721/n02090721_6863.JPEG,170,Irish Wolfhound
train/n02090721/n02090721_4200.JPEG,170,Irish Wolfhound
train/n02090721/n02090721_2476.JPEG,170,Irish Wolfhound
train/n02090721/n02090721_5127.JPEG,170,Irish Wolfhound
train/n02090721/n02090721_4320.JPEG,170,Irish Wolfhound
train/n02090721/n02090721_1907.JPEG,170,Irish Wolfhound
train/n02090721/n02090721_6650.JPEG,170,Irish Wolfhound
train/n02090721/n02090721_935.JPEG,170,Irish Wolfhound
train/n02090721/n02090721_6936.JPEG,170,Irish Wolfhound
train/n02090721/n02090721_783.JPEG,170,Irish Wolfhound
train/n02091032/n02091032_4143.JPEG,171,Italian Greyhound
train/n02091032/n02091032_8747.JPEG,171,Italian Greyhound
train/n02091032/n02091032_6689.JPEG,171,Italian Greyhound
train/n02091032/n02091032_557.JPEG,171,Italian Greyhound
train/n02091032/n02091032_5180.JPEG,171,Italian Greyhound
train/n02091032/n02091032_12144.JPEG,171,Italian Greyhound
train/n02091032/n02091032_2934.JPEG,171,Italian Greyhound
train/n02091032/n02091032_541.JPEG,171,Italian Greyhound
train/n02091032/n02091032_3025.JPEG,171,Italian Greyhound
train/n02091032/n02091032_8265.JPEG,171,Italian Greyhound
train/n02091032/n02091032_6345.JPEG,171,Italian Greyhound
train/n02091032/n02091032_9962.JPEG,171,Italian Greyhound
train/n02091032/n02091032_5526.JPEG,171,Italian Greyhound
train/n02091032/n02091032_2472.JPEG,171,Italian Greyhound
train/n02091032/n02091032_1071.JPEG,171,Italian Greyhound
train/n02091032/n02091032_7757.JPEG,171,Italian Greyhound
train/n02091134/n02091134_1191.JPEG,172,Whippet
train/n02091134/n02091134_7605.JPEG,172,Whippet
train/n02091134/n02091134_694.JPEG,172,Whippet
train/n02091134/n02091134_17.JPEG,172,Whippet
train/n02091134/n02091134_1268.JPEG,172,Whippet
train/n02091134/n02091134_6037.JPEG,172,Whippet
train/n02091134/n02091134_7418.JPEG,172,Whippet
train/n02091134/n02091134_6999.JPEG,172,Whippet
train/n02091134/n02091134_7799.JPEG,172,Whippet
train/n02091134/n02091134_6866.JPEG,172,Whippet
train/n02091134/n02091134_10624.JPEG,172,Whippet
train/n02091134/n02091134_1241.JPEG,172,Whippet
train/n02091134/n02091134_744.JPEG,172,Whippet
train/n02091134/n02091134_7213.JPEG,172,Whippet
train/n02091134/n02091134_4281.JPEG,172,Whippet
train/n02091134/n02091134_7309.JPEG,172,Whippet
train/n02091244/n02091244_5518.JPEG,173,Ibizan Hound
train/n02091244/n02091244_26.JPEG,173,Ibizan Hound
train/n02091244/n02091244_976.JPEG,173,Ibizan Hound
train/n02091244/n02091244_1285.JPEG,173,Ibizan Hound
train/n02091244/n02091244_5436.JPEG,173,Ibizan Hound
train/n02091244/n02091244_4613.JPEG,173,Ibizan Hound
train/n02091244/n02091244_8350.JPEG,173,Ibizan Hound
train/n02091244/n02091244_9395.JPEG,173,Ibizan Hound
train/n02091244/n02091244_9601.JPEG,173,Ibizan Hound
train/n02091244/n02091244_11877.JPEG,173,Ibizan Hound
train/n02091244/n02091244_4117.JPEG,173,Ibizan Hound
train/n02091244/n02091244_7880.JPEG,173,Ibizan Hound
train/n02091244/n02091244_966.JPEG,173,Ibizan Hound
train/n02091244/n02091244_9356.JPEG,173,Ibizan Hound
train/n02091244/n02091244_3263.JPEG,173,Ibizan Hound
train/n02091244/n02091244_9944.JPEG,173,Ibizan Hound
train/n02091467/n02091467_2075.JPEG,174,Norwegian Elkhound
train/n02091467/n02091467_6903.JPEG,174,Norwegian Elkhound
train/n02091467/n02091467_13304.JPEG,174,Norwegian Elkhound
train/n02091467/n02091467_9740.JPEG,174,Norwegian Elkhound
train/n02091467/n02091467_5344.JPEG,174,Norwegian Elkhound
train/n02091467/n02091467_11549.JPEG,174,Norwegian Elkhound
train/n02091467/n02091467_10455.JPEG,174,Norwegian Elkhound
train/n02091467/n02091467_10712.JPEG,174,Norwegian Elkhound
train/n02091467/n02091467_7444.JPEG,174,Norwegian Elkhound
train/n02091467/n02091467_5720.JPEG,174,Norwegian Elkhound
train/n02091467/n02091467_4938.JPEG,174,Norwegian Elkhound
train/n02091467/n02091467_2122.JPEG,174,Norwegian Elkhound
train/n02091467/n02091467_12171.JPEG,174,Norwegian Elkhound
train/n02091467/n02091467_1406.JPEG,174,Norwegian Elkhound
train/n02091467/n02091467_4024.JPEG,174,Norwegian Elkhound
train/n02091467/n02091467_3526.JPEG,174,Norwegian Elkhound
train/n02091635/n02091635_521.JPEG,175,Otterhound
train/n02091635/n02091635_11045.JPEG,175,Otterhound
train/n02091635/n02091635_923.JPEG,175,Otterhound
train/n02091635/n02091635_1333.JPEG,175,Otterhound
train/n02091635/n02091635_9935.JPEG,175,Otterhound
train/n02091635/n02091635_663.JPEG,175,Otterhound
train/n02091635/n02091635_8214.JPEG,175,Otterhound
train/n02091635/n02091635_2068.JPEG,175,Otterhound
train/n02091635/n02091635_6899.JPEG,175,Otterhound
train/n02091635/n02091635_2958.JPEG,175,Otterhound
train/n02091635/n02091635_4554.JPEG,175,Otterhound
train/n02091635/n02091635_9790.JPEG,175,Otterhound
train/n02091635/n02091635_4718.JPEG,175,Otterhound
train/n02091635/n02091635_7229.JPEG,175,Otterhound
train/n02091635/n02091635_5164.JPEG,175,Otterhound
train/n02091635/n02091635_2886.JPEG,175,Otterhound
train/n02091831/n02091831_6988.JPEG,176,Saluki
train/n02091831/n02091831_3225.JPEG,176,Saluki
train/n02091831/n02091831_840.JPEG,176,Saluki
train/n02091831/n02091831_4091.JPEG,176,Saluki
train/n02091831/n02091831_3300.JPEG,176,Saluki
train/n02091831/n02091831_4502.JPEG,176,Saluki
train/n02091831/n02091831_617.JPEG,176,Saluki
train/n02091831/n02091831_4416.JPEG,176,Saluki
train/n02091831/n02091831_13353.JPEG,176,Saluki
train/n02091831/n02091831_2108.JPEG,176,Saluki
train/n02091831/n02091831_4177.JPEG,176,Saluki
train/n02091831/n02091831_3538.JPEG,176,Saluki
train/n02091831/n02091831_2318.JPEG,176,Saluki
train/n02091831/n02091831_7086.JPEG,176,Saluki
train/n02091831/n02091831_7668.JPEG,176,Saluki
train/n02091831/n02091831_1931.JPEG,176,Saluki
train/n02092002/n02092002_2409.JPEG,177,Scottish Deerhound
train/n02092002/n02092002_15189.JPEG,177,Scottish Deerhound
train/n02092002/n02092002_6243.JPEG,177,Scottish Deerhound
train/n02092002/n02092002_14511.JPEG,177,Scottish Deerhound
train/n02092002/n02092002_969.JPEG,177,Scottish Deerhound
train/n02092002/n02092002_687.JPEG,177,Scottish Deerhound
train/n02092002/n02092002_15157.JPEG,177,Scottish Deerhound
train/n02092002/n02092002_15402.JPEG,177,Scottish Deerhound
train/n02092002/n02092002_2623.JPEG,177,Scottish Deerhound
train/n02092002/n02092002_847.JPEG,177,Scottish Deerhound
train/n02092002/n02092002_5581.JPEG,177,Scottish Deerhound
train/n02092002/n02092002_10279.JPEG,177,Scottish Deerhound
train/n02092002/n02092002_11855.JPEG,177,Scottish Deerhound
train/n02092002/n02092002_8840.JPEG,177,Scottish Deerhound
train/n02092002/n02092002_12649.JPEG,177,Scottish Deerhound
train/n02092002/n02092002_6154.JPEG,177,Scottish Deerhound
train/n02092339/n02092339_2528.JPEG,178,Weimaraner
train/n02092339/n02092339_4164.JPEG,178,Weimaraner
train/n02092339/n02092339_6883.JPEG,178,Weimaraner
train/n02092339/n02092339_6668.JPEG,178,Weimaraner
train/n02092339/n02092339_1199.JPEG,178,Weimaraner
train/n02092339/n02092339_5626.JPEG,178,Weimaraner
train/n02092339/n02092339_4057.JPEG,178,Weimaraner
train/n02092339/n02092339_7782.JPEG,178,Weimaraner
train/n02092339/n02092339_6693.JPEG,178,Weimaraner
train/n02092339/n02092339_1545.JPEG,178,Weimaraner
train/n02092339/n02092339_1386.JPEG,178,Weimaraner
train/n02092339/n02092339_2748.JPEG,178,Weimaraner
train/n02092339/n02092339_5150.JPEG,178,Weimaraner
train/n02092339/n02092339_2691.JPEG,178,Weimaraner
train/n02092339/n02092339_1191.JPEG,178,Weimaraner
train/n02092339/n02092339_2755.JPEG,178,Weimaraner
train/n02093256/n02093256_3712.JPEG,179,Staffordshire Bull Terrier
train/n02093256/n02093256_6469.JPEG,179,Staffordshire Bull Terrier
train/n02093256/n02093256_45211.JPEG,179,Staffordshire Bull Terrier
train/n02093256/n02093256_11462.JPEG,179,Staffordshire Bull Terrier
train/n02093256/n02093256_5916.JPEG,179,Staffordshire Bull Terrier
train/n02093256/n02093256_12775.JPEG,179,Staffordshire Bull Terrier
train/n02093256/n02093256_5808.JPEG,179,Staffordshire Bull Terrier
train/n02093256/n02093256_42398.JPEG,179,Staffordshire Bull Terrier
train/n02093256/n02093256_1674.JPEG,179,Staffordshire Bull Terrier
train/n02093256/n02093256_7798.JPEG,179,Staffordshire Bull Terrier
train/n02093256/n02093256_13928.JPEG,179,Staffordshire Bull Terrier
train/n02093256/n02093256_4068.JPEG,179,Staffordshire Bull Terrier
train/n02093256/n02093256_3726.JPEG,179,Staffordshire Bull Terrier
train/n02093256/n02093256_1213.JPEG,179,Staffordshire Bull Terrier
train/n02093256/n02093256_6644.JPEG,179,Staffordshire Bull Terrier
train/n02093256/n02093256_535.JPEG,179,Staffordshire Bull Terrier
train/n02093428/n02093428_14075.JPEG,180,American Staffordshire Terrier
train/n02093428/n02093428_20051.JPEG,180,American Staffordshire Terrier
train/n02093428/n02093428_2767.JPEG,180,American Staffordshire Terrier
train/n02093428/n02093428_14279.JPEG,180,American Staffordshire Terrier
train/n02093428/n02093428_53.JPEG,180,American Staffordshire Terrier
train/n02093428/n02093428_13714.JPEG,180,American Staffordshire Terrier
train/n02093428/n02093428_1939.JPEG,180,American Staffordshire Terrier
train/n02093428/n02093428_13066.JPEG,180,American Staffordshire Terrier
train/n02093428/n02093428_18074.JPEG,180,American Staffordshire Terrier
train/n02093428/n02093428_1540.JPEG,180,American Staffordshire Terrier
train/n02093428/n02093428_7924.JPEG,180,American Staffordshire Terrier
train/n02093428/n02093428_233.JPEG,180,American Staffordshire Terrier
train/n02093428/n02093428_8135.JPEG,180,American Staffordshire Terrier
train/n02093428/n02093428_12454.JPEG,180,American Staffordshire Terrier
train/n02093428/n02093428_7409.JPEG,180,American Staffordshire Terrier
train/n02093428/n02093428_6794.JPEG,180,American Staffordshire Terrier
train/n02093647/n02093647_4444.JPEG,181,Bedlington Terrier
train/n02093647/n02093647_4952.JPEG,181,Bedlington Terrier
train/n02093647/n02093647_7369.JPEG,181,Bedlington Terrier
train/n02093647/n02093647_7723.JPEG,181,Bedlington Terrier
train/n02093647/n02093647_1952.JPEG,181,Bedlington Terrier
train/n02093647/n02093647_286.JPEG,181,Bedlington Terrier
train/n02093647/n02093647_4727.JPEG,181,Bedlington Terrier
train/n02093647/n02093647_1143.JPEG,181,Bedlington Terrier
train/n02093647/n02093647_642.JPEG,181,Bedlington Terrier
train/n02093647/n02093647_912.JPEG,181,Bedlington Terrier
train/n02093647/n02093647_2822.JPEG,181,Bedlington Terrier
train/n02093647/n02093647_311.JPEG,181,Bedlington Terrier
train/n02093647/n02093647_7316.JPEG,181,Bedlington Terrier
train/n02093647/n02093647_4093.JPEG,181,Bedlington Terrier
train/n02093647/n02093647_4240.JPEG,181,Bedlington Terrier
train/n02093647/n02093647_5003.JPEG,181,Bedlington Terrier
train/n02093754/n02093754_5667.JPEG,182,Border Terrier
train/n02093754/n02093754_680.JPEG,182,Border Terrier
train/n02093754/n02093754_875.JPEG,182,Border Terrier
train/n02093754/n02093754_4796.JPEG,182,Border Terrier
train/n02093754/n02093754_2240.JPEG,182,Border Terrier
train/n02093754/n02093754_7537.JPEG,182,Border Terrier
train/n02093754/n02093754_8047.JPEG,182,Border Terrier
train/n02093754/n02093754_4756.JPEG,182,Border Terrier
train/n02093754/n02093754_642.JPEG,182,Border Terrier
train/n02093754/n02093754_5891.JPEG,182,Border Terrier
train/n02093754/n02093754_6073.JPEG,182,Border Terrier
train/n02093754/n02093754_774.JPEG,182,Border Terrier
train/n02093754/n02093754_286.JPEG,182,Border Terrier
train/n02093754/n02093754_7198.JPEG,182,Border Terrier
train/n02093754/n02093754_6682.JPEG,182,Border Terrier
train/n02093754/n02093754_5594.JPEG,182,Border Terrier
train/n02093859/n02093859_202.JPEG,183,Kerry Blue Terrier
train/n02093859/n02093859_5213.JPEG,183,Kerry Blue Terrier
train/n02093859/n02093859_1571.JPEG,183,Kerry Blue Terrier
train/n02093859/n02093859_2114.JPEG,183,Kerry Blue Terrier
train/n02093859/n02093859_5271.JPEG,183,Kerry Blue Terrier
train/n02093859/n02093859_3362.JPEG,183,Kerry Blue Terrier
train/n02093859/n02093859_5153.JPEG,183,Kerry Blue Terrier
train/n02093859/n02093859_170.JPEG,183,Kerry Blue Terrier
train/n02093859/n02093859_5144.JPEG,183,Kerry Blue Terrier
train/n02093859/n02093859_2945.JPEG,183,Kerry Blue Terrier
train/n02093859/n02093859_2231.JPEG,183,Kerry Blue Terrier
train/n02093859/n02093859_2275.JPEG,183,Kerry Blue Terrier
train/n02093859/n02093859_3506.JPEG,183,Kerry Blue Terrier
train/n02093859/n02093859_3773.JPEG,183,Kerry Blue Terrier
train/n02093859/n02093859_4576.JPEG,183,Kerry Blue Terrier
train/n02093859/n02093859_809.JPEG,183,Kerry Blue Terrier
train/n02093991/n02093991_9043.JPEG,184,Irish Terrier
train/n02093991/n02093991_1563.JPEG,184,Irish Terrier
train/n02093991/n02093991_2095.JPEG,184,Irish Terrier
train/n02093991/n02093991_4308.JPEG,184,Irish Terrier
train/n02093991/n02093991_2703.JPEG,184,Irish Terrier
train/n02093991/n02093991_6588.JPEG,184,Irish Terrier
train/n02093991/n02093991_8109.JPEG,184,Irish Terrier
train/n02093991/n02093991_8651.JPEG,184,Irish Terrier
train/n02093991/n02093991_6309.JPEG,184,Irish Terrier
train/n02093991/n02093991_3364.JPEG,184,Irish Terrier
train/n02093991/n02093991_6931.JPEG,184,Irish Terrier
train/n02093991/n02093991_3733.JPEG,184,Irish Terrier
train/n02093991/n02093991_8214.JPEG,184,Irish Terrier
train/n02093991/n02093991_10614.JPEG,184,Irish Terrier
train/n02093991/n02093991_2719.JPEG,184,Irish Terrier
train/n02093991/n02093991_273.JPEG,184,Irish Terrier
train/n02094114/n02094114_7224.JPEG,185,Norfolk Terrier
train/n02094114/n02094114_7124.JPEG,185,Norfolk Terrier
train/n02094114/n02094114_7293.JPEG,185,Norfolk Terrier
train/n02094114/n02094114_3060.JPEG,185,Norfolk Terrier
train/n02094114/n02094114_2043.JPEG,185,Norfolk Terrier
train/n02094114/n02094114_2810.JPEG,185,Norfolk Terrier
train/n02094114/n02094114_7024.JPEG,185,Norfolk Terrier
train/n02094114/n02094114_8476.JPEG,185,Norfolk Terrier
train/n02094114/n02094114_3370.JPEG,185,Norfolk Terrier
train/n02094114/n02094114_7239.JPEG,185,Norfolk Terrier
train/n02094114/n02094114_4834.JPEG,185,Norfolk Terrier
train/n02094114/n02094114_1116.JPEG,185,Norfolk Terrier
train/n02094114/n02094114_5944.JPEG,185,Norfolk Terrier
train/n02094114/n02094114_7813.JPEG,185,Norfolk Terrier
train/n02094114/n02094114_2454.JPEG,185,Norfolk Terrier
train/n02094114/n02094114_4479.JPEG,185,Norfolk Terrier
train/n02094258/n02094258_5674.JPEG,186,Norwich Terrier
train/n02094258/n02094258_6664.JPEG,186,Norwich Terrier
train/n02094258/n02094258_4333.JPEG,186,Norwich Terrier
train/n02094258/n02094258_1163.JPEG,186,Norwich Terrier
train/n02094258/n02094258_655.JPEG,186,Norwich Terrier
train/n02094258/n02094258_3315.JPEG,186,Norwich Terrier
train/n02094258/n02094258_4410.JPEG,186,Norwich Terrier
train/n02094258/n02094258_3630.JPEG,186,Norwich Terrier
train/n02094258/n02094258_3249.JPEG,186,Norwich Terrier
train/n02094258/n02094258_4726.JPEG,186,Norwich Terrier
train/n02094258/n02094258_4718.JPEG,186,Norwich Terrier
train/n02094258/n02094258_5287.JPEG,186,Norwich Terrier
train/n02094258/n02094258_2801.JPEG,186,Norwich Terrier
train/n02094258/n02094258_2108.JPEG,186,Norwich Terrier
train/n02094258/n02094258_1219.JPEG,186,Norwich Terrier
train/n02094258/n02094258_4476.JPEG,186,Norwich Terrier
train/n02094433/n02094433_477.JPEG,187,Yorkshire Terrier
train/n02094433/n02094433_13979.JPEG,187,Yorkshire Terrier
train/n02094433/n02094433_962.JPEG,187,Yorkshire Terrier
train/n02094433/n02094433_2483.JPEG,187,Yorkshire Terrier
train/n02094433/n02094433_2409.JPEG,187,Yorkshire Terrier
train/n02094433/n02094433_1824.JPEG,187,Yorkshire Terrier
train/n02094433/n02094433_16100.JPEG,187,Yorkshire Terrier
train/n02094433/n02094433_12720.JPEG,187,Yorkshire Terrier
train/n02094433/n02094433_12589.JPEG,187,Yorkshire Terrier
train/n02094433/n02094433_2061.JPEG,187,Yorkshire Terrier
train/n02094433/n02094433_6402.JPEG,187,Yorkshire Terrier
train/n02094433/n02094433_4458.JPEG,187,Yorkshire Terrier
train/n02094433/n02094433_2132.JPEG,187,Yorkshire Terrier
train/n02094433/n02094433_779.JPEG,187,Yorkshire Terrier
train/n02094433/n02094433_2643.JPEG,187,Yorkshire Terrier
train/n02094433/n02094433_3125.JPEG,187,Yorkshire Terrier
train/n02095314/n02095314_3039.JPEG,188,Wire Fox Terrier
train/n02095314/n02095314_5005.JPEG,188,Wire Fox Terrier
train/n02095314/n02095314_3695.JPEG,188,Wire Fox Terrier
train/n02095314/n02095314_614.JPEG,188,Wire Fox Terrier
train/n02095314/n02095314_1791.JPEG,188,Wire Fox Terrier
train/n02095314/n02095314_3092.JPEG,188,Wire Fox Terrier
train/n02095314/n02095314_5974.JPEG,188,Wire Fox Terrier
train/n02095314/n02095314_2645.JPEG,188,Wire Fox Terrier
train/n02095314/n02095314_382.JPEG,188,Wire Fox Terrier
train/n02095314/n02095314_6063.JPEG,188,Wire Fox Terrier
train/n02095314/n02095314_2932.JPEG,188,Wire Fox Terrier
train/n02095314/n02095314_1831.JPEG,188,Wire Fox Terrier
train/n02095314/n02095314_4919.JPEG,188,Wire Fox Terrier
train/n02095314/n02095314_1656.JPEG,188,Wire Fox Terrier
train/n02095314/n02095314_5506.JPEG,188,Wire Fox Terrier
train/n02095314/n02095314_3350.JPEG,188,Wire Fox Terrier
train/n02095570/n02095570_6225.JPEG,189,Lakeland Terrier
train/n02095570/n02095570_5068.JPEG,189,Lakeland Terrier
train/n02095570/n02095570_445.JPEG,189,Lakeland Terrier
train/n02095570/n02095570_964.JPEG,189,Lakeland Terrier
train/n02095570/n02095570_1680.JPEG,189,Lakeland Terrier
train/n02095570/n02095570_7005.JPEG,189,Lakeland Terrier
train/n02095570/n02095570_10672.JPEG,189,Lakeland Terrier
train/n02095570/n02095570_1031.JPEG,189,Lakeland Terrier
train/n02095570/n02095570_4507.JPEG,189,Lakeland Terrier
train/n02095570/n02095570_7332.JPEG,189,Lakeland Terrier
train/n02095570/n02095570_278.JPEG,189,Lakeland Terrier
train/n02095570/n02095570_11661.JPEG,189,Lakeland Terrier
train/n02095570/n02095570_2112.JPEG,189,Lakeland Terrier
train/n02095570/n02095570_8650.JPEG,189,Lakeland Terrier
train/n02095570/n02095570_3603.JPEG,189,Lakeland Terrier
train/n02095570/n02095570_9189.JPEG,189,Lakeland Terrier
train/n02095889/n02095889_2369.JPEG,190,Sealyham Terrier
train/n02095889/n02095889_3277.JPEG,190,Sealyham Terrier
train/n02095889/n02095889_8681.JPEG,190,Sealyham Terrier
train/n02095889/n02095889_4899.JPEG,190,Sealyham Terrier
train/n02095889/n02095889_1350.JPEG,190,Sealyham Terrier
train/n02095889/n02095889_14188.JPEG,190,Sealyham Terrier
train/n02095889/n02095889_6034.JPEG,190,Sealyham Terrier
train/n02095889/n02095889_662.JPEG,190,Sealyham Terrier
train/n02095889/n02095889_7603.JPEG,190,Sealyham Terrier
train/n02095889/n02095889_8747.JPEG,190,Sealyham Terrier
train/n02095889/n02095889_231.JPEG,190,Sealyham Terrier
train/n02095889/n02095889_9428.JPEG,190,Sealyham Terrier
train/n02095889/n02095889_2019.JPEG,190,Sealyham Terrier
train/n02095889/n02095889_2746.JPEG,190,Sealyham Terrier
train/n02095889/n02095889_14557.JPEG,190,Sealyham Terrier
train/n02095889/n02095889_635.JPEG,190,Sealyham Terrier
train/n02096051/n02096051_4882.JPEG,191,Airedale Terrier
train/n02096051/n02096051_7860.JPEG,191,Airedale Terrier
train/n02096051/n02096051_6570.JPEG,191,Airedale Terrier
train/n02096051/n02096051_2496.JPEG,191,Airedale Terrier
train/n02096051/n02096051_551.JPEG,191,Airedale Terrier
train/n02096051/n02096051_8989.JPEG,191,Airedale Terrier
train/n02096051/n02096051_2552.JPEG,191,Airedale Terrier
train/n02096051/n02096051_2603.JPEG,191,Airedale Terrier
train/n02096051/n02096051_1382.JPEG,191,Airedale Terrier
train/n02096051/n02096051_1971.JPEG,191,Airedale Terrier
train/n02096051/n02096051_1.JPEG,191,Airedale Terrier
train/n02096051/n02096051_2132.JPEG,191,Airedale Terrier
train/n02096051/n02096051_5234.JPEG,191,Airedale Terrier
train/n02096051/n02096051_588.JPEG,191,Airedale Terrier
train/n02096051/n02096051_6396.JPEG,191,Airedale Terrier
train/n02096051/n02096051_3619.JPEG,191,Airedale Terrier
train/n02096177/n02096177_3833.JPEG,192,Cairn Terrier
train/n02096177/n02096177_2797.JPEG,192,Cairn Terrier
train/n02096177/n02096177_3475.JPEG,192,Cairn Terrier
train/n02096177/n02096177_7700.JPEG,192,Cairn Terrier
train/n02096177/n02096177_9157.JPEG,192,Cairn Terrier
train/n02096177/n02096177_10575.JPEG,192,Cairn Terrier
train/n02096177/n02096177_1516.JPEG,192,Cairn Terrier
train/n02096177/n02096177_2941.JPEG,192,Cairn Terrier
train/n02096177/n02096177_5274.JPEG,192,Cairn Terrier
train/n02096177/n02096177_9477.JPEG,192,Cairn Terrier
train/n02096177/n02096177_6159.JPEG,192,Cairn Terrier
train/n02096177/n02096177_5147.JPEG,192,Cairn Terrier
train/n02096177/n02096177_9105.JPEG,192,Cairn Terrier
train/n02096177/n02096177_12785.JPEG,192,Cairn Terrier
train/n02096177/n02096177_8148.JPEG,192,Cairn Terrier
train/n02096177/n02096177_1984.JPEG,192,Cairn Terrier
train/n02096294/n02096294_2942.JPEG,193,Australian Terrier
train/n02096294/n02096294_10249.JPEG,193,Australian Terrier
train/n02096294/n02096294_5788.JPEG,193,Australian Terrier
train/n02096294/n02096294_3352.JPEG,193,Australian Terrier
train/n02096294/n02096294_2851.JPEG,193,Australian Terrier
train/n02096294/n02096294_963.JPEG,193,Australian Terrier
train/n02096294/n02096294_1212.JPEG,193,Australian Terrier
train/n02096294/n02096294_6846.JPEG,193,Australian Terrier
train/n02096294/n02096294_6457.JPEG,193,Australian Terrier
train/n02096294/n02096294_2785.JPEG,193,Australian Terrier
train/n02096294/n02096294_6678.JPEG,193,Australian Terrier
train/n02096294/n02096294_285.JPEG,193,Australian Terrier
train/n02096294/n02096294_7751.JPEG,193,Australian Terrier
train/n02096294/n02096294_8706.JPEG,193,Australian Terrier
train/n02096294/n02096294_5812.JPEG,193,Australian Terrier
train/n02096294/n02096294_5131.JPEG,193,Australian Terrier
train/n02096437/n02096437_5986.JPEG,194,Dandie Dinmont Terrier
train/n02096437/n02096437_7259.JPEG,194,Dandie Dinmont Terrier
train/n02096437/n02096437_2581.JPEG,194,Dandie Dinmont Terrier
train/n02096437/n02096437_2775.JPEG,194,Dandie Dinmont Terrier
train/n02096437/n02096437_5876.JPEG,194,Dandie Dinmont Terrier
train/n02096437/n02096437_1471.JPEG,194,Dandie Dinmont Terrier
train/n02096437/n02096437_3534.JPEG,194,Dandie Dinmont Terrier
train/n02096437/n02096437_5438.JPEG,194,Dandie Dinmont Terrier
train/n02096437/n02096437_3701.JPEG,194,Dandie Dinmont Terrier
train/n02096437/n02096437_8330.JPEG,194,Dandie Dinmont Terrier
train/n02096437/n02096437_835.JPEG,194,Dandie Dinmont Terrier
train/n02096437/n02096437_7198.JPEG,194,Dandie Dinmont Terrier
train/n02096437/n02096437_746.JPEG,194,Dandie Dinmont Terrier
train/n02096437/n02096437_117.JPEG,194,Dandie Dinmont Terrier
train/n02096437/n02096437_407.JPEG,194,Dandie Dinmont Terrier
train/n02096437/n02096437_4915.JPEG,194,Dandie Dinmont Terrier
train/n02096585/n02096585_412.JPEG,195,Boston Terrier
train/n02096585/n02096585_11164.JPEG,195,Boston Terrier
train/n02096585/n02096585_2154.JPEG,195,Boston Terrier
train/n02096585/n02096585_2290.JPEG,195,Boston Terrier
train/n02096585/n02096585_1581.JPEG,195,Boston Terrier
train/n02096585/n02096585_10899.JPEG,195,Boston Terrier
train/n02096585/n02096585_8417.JPEG,195,Boston Terrier
train/n02096585/n02096585_5927.JPEG,195,Boston Terrier
train/n02096585/n02096585_1883.JPEG,195,Boston Terrier
train/n02096585/n02096585_90.JPEG,195,Boston Terrier
train/n02096585/n02096585_6358.JPEG,195,Boston Terrier
train/n02096585/n02096585_11959.JPEG,195,Boston Terrier
train/n02096585/n02096585_6909.JPEG,195,Boston Terrier
train/n02096585/n02096585_4746.JPEG,195,Boston Terrier
train/n02096585/n02096585_3915.JPEG,195,Boston Terrier
train/n02096585/n02096585_7729.JPEG,195,Boston Terrier
train/n02097047/n02097047_1179.JPEG,196,Miniature Schnauzer
train/n02097047/n02097047_799.JPEG,196,Miniature Schnauzer
train/n02097047/n02097047_851.JPEG,196,Miniature Schnauzer
train/n02097047/n02097047_1716.JPEG,196,Miniature Schnauzer
train/n02097047/n02097047_1851.JPEG,196,Miniature Schnauzer
train/n02097047/n02097047_390.JPEG,196,Miniature Schnauzer
train/n02097047/n02097047_2752.JPEG,196,Miniature Schnauzer
train/n02097047/n02097047_2747.JPEG,196,Miniature Schnauzer
train/n02097047/n02097047_1523.JPEG,196,Miniature Schnauzer
train/n02097047/n02097047_2079.JPEG,196,Miniature Schnauzer
train/n02097047/n02097047_6169.JPEG,196,Miniature Schnauzer
train/n02097047/n02097047_1407.JPEG,196,Miniature Schnauzer
train/n02097047/n02097047_418.JPEG,196,Miniature Schnauzer
train/n02097047/n02097047_551.JPEG,196,Miniature Schnauzer
train/n02097047/n02097047_772.JPEG,196,Miniature Schnauzer
train/n02097047/n02097047_5566.JPEG,196,Miniature Schnauzer
train/n02097130/n02097130_4625.JPEG,197,Giant Schnauzer
train/n02097130/n02097130_4963.JPEG,197,Giant Schnauzer
train/n02097130/n02097130_6677.JPEG,197,Giant Schnauzer
train/n02097130/n02097130_9230.JPEG,197,Giant Schnauzer
train/n02097130/n02097130_5281.JPEG,197,Giant Schnauzer
train/n02097130/n02097130_7215.JPEG,197,Giant Schnauzer
train/n02097130/n02097130_10830.JPEG,197,Giant Schnauzer
train/n02097130/n02097130_8.JPEG,197,Giant Schnauzer
train/n02097130/n02097130_716.JPEG,197,Giant Schnauzer
train/n02097130/n02097130_6369.JPEG,197,Giant Schnauzer
train/n02097130/n02097130_8652.JPEG,197,Giant Schnauzer
train/n02097130/n02097130_1287.JPEG,197,Giant Schnauzer
train/n02097130/n02097130_4728.JPEG,197,Giant Schnauzer
train/n02097130/n02097130_1117.JPEG,197,Giant Schnauzer
train/n02097130/n02097130_3277.JPEG,197,Giant Schnauzer
train/n02097130/n02097130_8550.JPEG,197,Giant Schnauzer
train/n02097209/n02097209_7996.JPEG,198,Standard Schnauzer
train/n02097209/n02097209_3145.JPEG,198,Standard Schnauzer
train/n02097209/n02097209_2522.JPEG,198,Standard Schnauzer
train/n02097209/n02097209_6865.JPEG,198,Standard Schnauzer
train/n02097209/n02097209_3411.JPEG,198,Standard Schnauzer
train/n02097209/n02097209_2783.JPEG,198,Standard Schnauzer
train/n02097209/n02097209_2207.JPEG,198,Standard Schnauzer
train/n02097209/n02097209_5563.JPEG,198,Standard Schnauzer
train/n02097209/n02097209_2058.JPEG,198,Standard Schnauzer
train/n02097209/n02097209_5499.JPEG,198,Standard Schnauzer
train/n02097209/n02097209_5819.JPEG,198,Standard Schnauzer
train/n02097209/n02097209_6055.JPEG,198,Standard Schnauzer
train/n02097209/n02097209_6864.JPEG,198,Standard Schnauzer
train/n02097209/n02097209_3715.JPEG,198,Standard Schnauzer
train/n02097209/n02097209_7477.JPEG,198,Standard Schnauzer
train/n02097209/n02097209_1395.JPEG,198,Standard Schnauzer
train/n02097298/n02097298_6720.JPEG,199,Scottish Terrier
train/n02097298/n02097298_9312.JPEG,199,Scottish Terrier
train/n02097298/n02097298_8105.JPEG,199,Scottish Terrier
train/n02097298/n02097298_11248.JPEG,199,Scottish Terrier
train/n02097298/n02097298_9265.JPEG,199,Scottish Terrier
train/n02097298/n02097298_8026.JPEG,199,Scottish Terrier
train/n02097298/n02097298_7517.JPEG,199,Scottish Terrier
train/n02097298/n02097298_11702.JPEG,199,Scottish Terrier
train/n02097298/n02097298_6825.JPEG,199,Scottish Terrier
train/n02097298/n02097298_8394.JPEG,199,Scottish Terrier
train/n02097298/n02097298_8918.JPEG,199,Scottish Terrier
train/n02097298/n02097298_15254.JPEG,199,Scottish Terrier
train/n02097298/n02097298_14092.JPEG,199,Scottish Terrier
train/n02097298/n02097298_12644.JPEG,199,Scottish Terrier
train/n02097298/n02097298_1541.JPEG,199,Scottish Terrier
train/n02097298/n02097298_855.JPEG,199,Scottish Terrier
train/n02097474/n02097474_17467.JPEG,200,Tibetan Terrier
train/n02097474/n02097474_9383.JPEG,200,Tibetan Terrier
train/n02097474/n02097474_8583.JPEG,200,Tibetan Terrier
train/n02097474/n02097474_1728.JPEG,200,Tibetan Terrier
train/n02097474/n02097474_13997.JPEG,200,Tibetan Terrier
train/n02097474/n02097474_2859.JPEG,200,Tibetan Terrier
train/n02097474/n02097474_23.JPEG,200,Tibetan Terrier
train/n02097474/n02097474_3321.JPEG,200,Tibetan Terrier
train/n02097474/n02097474_7595.JPEG,200,Tibetan Terrier
train/n02097474/n02097474_17588.JPEG,200,Tibetan Terrier
train/n02097474/n02097474_17182.JPEG,200,Tibetan Terrier
train/n02097474/n02097474_1809.JPEG,200,Tibetan Terrier
train/n02097474/n02097474_15993.JPEG,200,Tibetan Terrier
train/n02097474/n02097474_17305.JPEG,200,Tibetan Terrier
train/n02097474/n02097474_8893.JPEG,200,Tibetan Terrier
train/n02097474/n02097474_11337.JPEG,200,Tibetan Terrier
train/n02097658/n02097658_1292.JPEG,201,Australian Silky Terrier
train/n02097658/n02097658_1711.JPEG,201,Australian Silky Terrier
train/n02097658/n02097658_11060.JPEG,201,Australian Silky Terrier
train/n02097658/n02097658_8594.JPEG,201,Australian Silky Terrier
train/n02097658/n02097658_4331.JPEG,201,Australian Silky Terrier
train/n02097658/n02097658_938.JPEG,201,Australian Silky Terrier
train/n02097658/n02097658_1225.JPEG,201,Australian Silky Terrier
train/n02097658/n02097658_3777.JPEG,201,Australian Silky Terrier
train/n02097658/n02097658_4760.JPEG,201,Australian Silky Terrier
train/n02097658/n02097658_2695.JPEG,201,Australian Silky Terrier
train/n02097658/n02097658_1495.JPEG,201,Australian Silky Terrier
train/n02097658/n02097658_966.JPEG,201,Australian Silky Terrier
train/n02097658/n02097658_3248.JPEG,201,Australian Silky Terrier
train/n02097658/n02097658_9.JPEG,201,Australian Silky Terrier
train/n02097658/n02097658_26.JPEG,201,Australian Silky Terrier
train/n02097658/n02097658_4837.JPEG,201,Australian Silky Terrier
train/n02098105/n02098105_1290.JPEG,202,Soft-coated Wheaten Terrier
train/n02098105/n02098105_1972.JPEG,202,Soft-coated Wheaten Terrier
train/n02098105/n02098105_2043.JPEG,202,Soft-coated Wheaten Terrier
train/n02098105/n02098105_1213.JPEG,202,Soft-coated Wheaten Terrier
train/n02098105/n02098105_1119.JPEG,202,Soft-coated Wheaten Terrier
train/n02098105/n02098105_2291.JPEG,202,Soft-coated Wheaten Terrier
train/n02098105/n02098105_936.JPEG,202,Soft-coated Wheaten Terrier
train/n02098105/n02098105_3218.JPEG,202,Soft-coated Wheaten Terrier
train/n02098105/n02098105_1263.JPEG,202,Soft-coated Wheaten Terrier
train/n02098105/n02098105_4994.JPEG,202,Soft-coated Wheaten Terrier
train/n02098105/n02098105_6863.JPEG,202,Soft-coated Wheaten Terrier
train/n02098105/n02098105_2082.JPEG,202,Soft-coated Wheaten Terrier
train/n02098105/n02098105_421.JPEG,202,Soft-coated Wheaten Terrier
train/n02098105/n02098105_2927.JPEG,202,Soft-coated Wheaten Terrier
train/n02098105/n02098105_162.JPEG,202,Soft-coated Wheaten Terrier
train/n02098105/n02098105_2160.JPEG,202,Soft-coated Wheaten Terrier
train/n02098286/n02098286_6424.JPEG,203,West Highland White Terrier
train/n02098286/n02098286_5959.JPEG,203,West Highland White Terrier
train/n02098286/n02098286_950.JPEG,203,West Highland White Terrier
train/n02098286/n02098286_5569.JPEG,203,West Highland White Terrier
train/n02098286/n02098286_1260.JPEG,203,West Highland White Terrier
train/n02098286/n02098286_4648.JPEG,203,West Highland White Terrier
train/n02098286/n02098286_2449.JPEG,203,West Highland White Terrier
train/n02098286/n02098286_3154.JPEG,203,West Highland White Terrier
train/n02098286/n02098286_4516.JPEG,203,West Highland White Terrier
train/n02098286/n02098286_1491.JPEG,203,West Highland White Terrier
train/n02098286/n02098286_2282.JPEG,203,West Highland White Terrier
train/n02098286/n02098286_4286.JPEG,203,West Highland White Terrier
train/n02098286/n02098286_4357.JPEG,203,West Highland White Terrier
train/n02098286/n02098286_2579.JPEG,203,West Highland White Terrier
train/n02098286/n02098286_3622.JPEG,203,West Highland White Terrier
train/n02098286/n02098286_3193.JPEG,203,West Highland White Terrier
train/n02098413/n02098413_1412.JPEG,204,Lhasa Apso
train/n02098413/n02098413_14709.JPEG,204,Lhasa Apso
train/n02098413/n02098413_7027.JPEG,204,Lhasa Apso
train/n02098413/n02098413_17228.JPEG,204,Lhasa Apso
train/n02098413/n02098413_8631.JPEG,204,Lhasa Apso
train/n02098413/n02098413_680.JPEG,204,Lhasa Apso
train/n02098413/n02098413_19610.JPEG,204,Lhasa Apso
train/n02098413/n02098413_3959.JPEG,204,Lhasa Apso
train/n02098413/n02098413_49.JPEG,204,Lhasa Apso
train/n02098413/n02098413_7519.JPEG,204,Lhasa Apso
train/n02098413/n02098413_18706.JPEG,204,Lhasa Apso
train/n02098413/n02098413_4145.JPEG,204,Lhasa Apso
train/n02098413/n02098413_1610.JPEG,204,Lhasa Apso
train/n02098413/n02098413_2169.JPEG,204,Lhasa Apso
train/n02098413/n02098413_8524.JPEG,204,Lhasa Apso
train/n02098413/n02098413_3265.JPEG,204,Lhasa Apso
train/n02099267/n02099267_11264.JPEG,205,Flat-Coated Retriever
train/n02099267/n02099267_1406.JPEG,205,Flat-Coated Retriever
train/n02099267/n02099267_2450.JPEG,205,Flat-Coated Retriever
train/n02099267/n02099267_5439.JPEG,205,Flat-Coated Retriever
train/n02099267/n02099267_8160.JPEG,205,Flat-Coated Retriever
train/n02099267/n02099267_785.JPEG,205,Flat-Coated Retriever
train/n02099267/n02099267_3901.JPEG,205,Flat-Coated Retriever
train/n02099267/n02099267_8149.JPEG,205,Flat-Coated Retriever
train/n02099267/n02099267_4778.JPEG,205,Flat-Coated Retriever
train/n02099267/n02099267_6310.JPEG,205,Flat-Coated Retriever
train/n02099267/n02099267_6269.JPEG,205,Flat-Coated Retriever
train/n02099267/n02099267_2897.JPEG,205,Flat-Coated Retriever
train/n02099267/n02099267_4271.JPEG,205,Flat-Coated Retriever
train/n02099267/n02099267_17996.JPEG,205,Flat-Coated Retriever
train/n02099267/n02099267_787.JPEG,205,Flat-Coated Retriever
train/n02099267/n02099267_4906.JPEG,205,Flat-Coated Retriever
train/n02099429/n02099429_5757.JPEG,206,Curly-coated Retriever
train/n02099429/n02099429_5688.JPEG,206,Curly-coated Retriever
train/n02099429/n02099429_4263.JPEG,206,Curly-coated Retriever
train/n02099429/n02099429_5308.JPEG,206,Curly-coated Retriever
train/n02099429/n02099429_1705.JPEG,206,Curly-coated Retriever
train/n02099429/n02099429_967.JPEG,206,Curly-coated Retriever
train/n02099429/n02099429_3477.JPEG,206,Curly-coated Retriever
train/n02099429/n02099429_2002.JPEG,206,Curly-coated Retriever
train/n02099429/n02099429_4659.JPEG,206,Curly-coated Retriever
train/n02099429/n02099429_2248.JPEG,206,Curly-coated Retriever
train/n02099429/n02099429_4696.JPEG,206,Curly-coated Retriever
train/n02099429/n02099429_1010.JPEG,206,Curly-coated Retriever
train/n02099429/n02099429_4654.JPEG,206,Curly-coated Retriever
train/n02099429/n02099429_5040.JPEG,206,Curly-coated Retriever
train/n02099429/n02099429_910.JPEG,206,Curly-coated Retriever
train/n02099429/n02099429_5736.JPEG,206,Curly-coated Retriever
train/n02099601/n02099601_2495.JPEG,207,Golden Retriever
train/n02099601/n02099601_6061.JPEG,207,Golden Retriever
train/n02099601/n02099601_2805.JPEG,207,Golden Retriever
train/n02099601/n02099601_2916.JPEG,207,Golden Retriever
train/n02099601/n02099601_2876.JPEG,207,Golden Retriever
train/n02099601/n02099601_5014.JPEG,207,Golden Retriever
train/n02099601/n02099601_4298.JPEG,207,Golden Retriever
train/n02099601/n02099601_7075.JPEG,207,Golden Retriever
train/n02099601/n02099601_697.JPEG,207,Golden Retriever
train/n02099601/n02099601_1352.JPEG,207,Golden Retriever
train/n02099601/n02099601_7041.JPEG,207,Golden Retriever
train/n02099601/n02099601_3236.JPEG,207,Golden Retriever
train/n02099601/n02099601_6877.JPEG,207,Golden Retriever
train/n02099601/n02099601_30792.JPEG,207,Golden Retriever
train/n02099601/n02099601_3736.JPEG,207,Golden Retriever
train/n02099601/n02099601_3815.JPEG,207,Golden Retriever
train/n02099712/n02099712_779.JPEG,208,Labrador Retriever
train/n02099712/n02099712_889.JPEG,208,Labrador Retriever
train/n02099712/n02099712_56.JPEG,208,Labrador Retriever
train/n02099712/n02099712_3815.JPEG,208,Labrador Retriever
train/n02099712/n02099712_7939.JPEG,208,Labrador Retriever
train/n02099712/n02099712_8048.JPEG,208,Labrador Retriever
train/n02099712/n02099712_2396.JPEG,208,Labrador Retriever
train/n02099712/n02099712_3981.JPEG,208,Labrador Retriever
train/n02099712/n02099712_3178.JPEG,208,Labrador Retriever
train/n02099712/n02099712_1491.JPEG,208,Labrador Retriever
train/n02099712/n02099712_29.JPEG,208,Labrador Retriever
train/n02099712/n02099712_6577.JPEG,208,Labrador Retriever
train/n02099712/n02099712_31.JPEG,208,Labrador Retriever
train/n02099712/n02099712_5457.JPEG,208,Labrador Retriever
train/n02099712/n02099712_2793.JPEG,208,Labrador Retriever
train/n02099712/n02099712_2643.JPEG,208,Labrador Retriever
train/n02099849/n02099849_170.JPEG,209,Chesapeake Bay Retriever
train/n02099849/n02099849_4872.JPEG,209,Chesapeake Bay Retriever
train/n02099849/n02099849_1385.JPEG,209,Chesapeake Bay Retriever
train/n02099849/n02099849_3595.JPEG,209,Chesapeake Bay Retriever
train/n02099849/n02099849_2785.JPEG,209,Chesapeake Bay Retriever
train/n02099849/n02099849_4322.JPEG,209,Chesapeake Bay Retriever
train/n02099849/n02099849_1480.JPEG,209,Chesapeake Bay Retriever
train/n02099849/n02099849_2879.JPEG,209,Chesapeake Bay Retriever
train/n02099849/n02099849_528.JPEG,209,Chesapeake Bay Retriever
train/n02099849/n02099849_7731.JPEG,209,Chesapeake Bay Retriever
train/n02099849/n02099849_3666.JPEG,209,Chesapeake Bay Retriever
train/n02099849/n02099849_3592.JPEG,209,Chesapeake Bay Retriever
train/n02099849/n02099849_7574.JPEG,209,Chesapeake Bay Retriever
train/n02099849/n02099849_4667.JPEG,209,Chesapeake Bay Retriever
train/n02099849/n02099849_4827.JPEG,209,Chesapeake Bay Retriever
train/n02099849/n02099849_1970.JPEG,209,Chesapeake Bay Retriever
train/n02100236/n02100236_8241.JPEG,210,German Shorthaired Pointer
train/n02100236/n02100236_8576.JPEG,210,German Shorthaired Pointer
train/n02100236/n02100236_1048.JPEG,210,German Shorthaired Pointer
train/n02100236/n02100236_159.JPEG,210,German Shorthaired Pointer
train/n02100236/n02100236_6318.JPEG,210,German Shorthaired Pointer
train/n02100236/n02100236_11168.JPEG,210,German Shorthaired Pointer
train/n02100236/n02100236_9289.JPEG,210,German Shorthaired Pointer
train/n02100236/n02100236_6293.JPEG,210,German Shorthaired Pointer
train/n02100236/n02100236_6229.JPEG,210,German Shorthaired Pointer
train/n02100236/n02100236_5647.JPEG,210,German Shorthaired Pointer
train/n02100236/n02100236_4083.JPEG,210,German Shorthaired Pointer
train/n02100236/n02100236_5006.JPEG,210,German Shorthaired Pointer
train/n02100236/n02100236_10811.JPEG,210,German Shorthaired Pointer
train/n02100236/n02100236_2163.JPEG,210,German Shorthaired Pointer
train/n02100236/n02100236_9251.JPEG,210,German Shorthaired Pointer
train/n02100236/n02100236_109.JPEG,210,German Shorthaired Pointer
train/n02100583/n02100583_11797.JPEG,211,Vizsla
train/n02100583/n02100583_13292.JPEG,211,Vizsla
train/n02100583/n02100583_49950.JPEG,211,Vizsla
train/n02100583/n02100583_1009.JPEG,211,Vizsla
train/n02100583/n02100583_24607.JPEG,211,Vizsla
train/n02100583/n02100583_1049.JPEG,211,Vizsla
train/n02100583/n02100583_26000.JPEG,211,Vizsla
train/n02100583/n02100583_6155.JPEG,211,Vizsla
train/n02100583/n02100583_1451.JPEG,211,Vizsla
train/n02100583/n02100583_140.JPEG,211,Vizsla
train/n02100583/n02100583_3901.JPEG,211,Vizsla
train/n02100583/n02100583_22525.JPEG,211,Vizsla
train/n02100583/n02100583_14211.JPEG,211,Vizsla
train/n02100583/n02100583_9112.JPEG,211,Vizsla
train/n02100583/n02100583_24179.JPEG,211,Vizsla
train/n02100583/n02100583_9614.JPEG,211,Vizsla
train/n02100735/n02100735_6808.JPEG,212,English Setter
train/n02100735/n02100735_4181.JPEG,212,English Setter
train/n02100735/n02100735_61.JPEG,212,English Setter
train/n02100735/n02100735_4529.JPEG,212,English Setter
train/n02100735/n02100735_8797.JPEG,212,English Setter
train/n02100735/n02100735_10219.JPEG,212,English Setter
train/n02100735/n02100735_2536.JPEG,212,English Setter
train/n02100735/n02100735_1394.JPEG,212,English Setter
train/n02100735/n02100735_3595.JPEG,212,English Setter
train/n02100735/n02100735_861.JPEG,212,English Setter
train/n02100735/n02100735_1484.JPEG,212,English Setter
train/n02100735/n02100735_1127.JPEG,212,English Setter
train/n02100735/n02100735_3271.JPEG,212,English Setter
train/n02100735/n02100735_1847.JPEG,212,English Setter
train/n02100735/n02100735_5584.JPEG,212,English Setter
train/n02100735/n02100735_1098.JPEG,212,English Setter
train/n02100877/n02100877_9287.JPEG,213,Irish Setter
train/n02100877/n02100877_2861.JPEG,213,Irish Setter
train/n02100877/n02100877_694.JPEG,213,Irish Setter
train/n02100877/n02100877_480.JPEG,213,Irish Setter
train/n02100877/n02100877_7314.JPEG,213,Irish Setter
train/n02100877/n02100877_4741.JPEG,213,Irish Setter
train/n02100877/n02100877_8955.JPEG,213,Irish Setter
train/n02100877/n02100877_12325.JPEG,213,Irish Setter
train/n02100877/n02100877_647.JPEG,213,Irish Setter
train/n02100877/n02100877_11823.JPEG,213,Irish Setter
train/n02100877/n02100877_21599.JPEG,213,Irish Setter
train/n02100877/n02100877_7286.JPEG,213,Irish Setter
train/n02100877/n02100877_27679.JPEG,213,Irish Setter
train/n02100877/n02100877_13994.JPEG,213,Irish Setter
train/n02100877/n02100877_20982.JPEG,213,Irish Setter
train/n02100877/n02100877_172.JPEG,213,Irish Setter
train/n02101006/n02101006_7599.JPEG,214,Gordon Setter
train/n02101006/n02101006_2742.JPEG,214,Gordon Setter
train/n02101006/n02101006_659.JPEG,214,Gordon Setter
train/n02101006/n02101006_370.JPEG,214,Gordon Setter
train/n02101006/n02101006_4488.JPEG,214,Gordon Setter
train/n02101006/n02101006_3203.JPEG,214,Gordon Setter
train/n02101006/n02101006_1067.JPEG,214,Gordon Setter
train/n02101006/n02101006_13204.JPEG,214,Gordon Setter
train/n02101006/n02101006_648.JPEG,214,Gordon Setter
train/n02101006/n02101006_3798.JPEG,214,Gordon Setter
train/n02101006/n02101006_4972.JPEG,214,Gordon Setter
train/n02101006/n02101006_979.JPEG,214,Gordon Setter
train/n02101006/n02101006_1354.JPEG,214,Gordon Setter
train/n02101006/n02101006_7731.JPEG,214,Gordon Setter
train/n02101006/n02101006_4961.JPEG,214,Gordon Setter
train/n02101006/n02101006_7062.JPEG,214,Gordon Setter
train/n02101388/n02101388_5820.JPEG,215,Brittany dog
train/n02101388/n02101388_7003.JPEG,215,Brittany dog
train/n02101388/n02101388_2650.JPEG,215,Brittany dog
train/n02101388/n02101388_63.JPEG,215,Brittany dog
train/n02101388/n02101388_4808.JPEG,215,Brittany dog
train/n02101388/n02101388_11775.JPEG,215,Brittany dog
train/n02101388/n02101388_9449.JPEG,215,Brittany dog
train/n02101388/n02101388_10842.JPEG,215,Brittany dog
train/n02101388/n02101388_13817.JPEG,215,Brittany dog
train/n02101388/n02101388_5890.JPEG,215,Brittany dog
train/n02101388/n02101388_12764.JPEG,215,Brittany dog
train/n02101388/n02101388_24571.JPEG,215,Brittany dog
train/n02101388/n02101388_8740.JPEG,215,Brittany dog
train/n02101388/n02101388_183.JPEG,215,Brittany dog
train/n02101388/n02101388_9312.JPEG,215,Brittany dog
train/n02101388/n02101388_2645.JPEG,215,Brittany dog
train/n02101556/n02101556_1646.JPEG,216,Clumber Spaniel
train/n02101556/n02101556_873.JPEG,216,Clumber Spaniel
train/n02101556/n02101556_6470.JPEG,216,Clumber Spaniel
train/n02101556/n02101556_4213.JPEG,216,Clumber Spaniel
train/n02101556/n02101556_275.JPEG,216,Clumber Spaniel
train/n02101556/n02101556_6669.JPEG,216,Clumber Spaniel
train/n02101556/n02101556_5291.JPEG,216,Clumber Spaniel
train/n02101556/n02101556_2831.JPEG,216,Clumber Spaniel
train/n02101556/n02101556_10245.JPEG,216,Clumber Spaniel
train/n02101556/n02101556_14720.JPEG,216,Clumber Spaniel
train/n02101556/n02101556_5563.JPEG,216,Clumber Spaniel
train/n02101556/n02101556_2801.JPEG,216,Clumber Spaniel
train/n02101556/n02101556_4656.JPEG,216,Clumber Spaniel
train/n02101556/n02101556_9274.JPEG,216,Clumber Spaniel
train/n02101556/n02101556_1835.JPEG,216,Clumber Spaniel
train/n02101556/n02101556_4237.JPEG,216,Clumber Spaniel
train/n02102040/n02102040_2977.JPEG,217,English Springer Spaniel
train/n02102040/n02102040_3324.JPEG,217,English Springer Spaniel
train/n02102040/n02102040_5194.JPEG,217,English Springer Spaniel
train/n02102040/n02102040_8373.JPEG,217,English Springer Spaniel
train/n02102040/n02102040_5827.JPEG,217,English Springer Spaniel
train/n02102040/n02102040_5855.JPEG,217,English Springer Spaniel
train/n02102040/n02102040_7554.JPEG,217,English Springer Spaniel
train/n02102040/n02102040_132.JPEG,217,English Springer Spaniel
train/n02102040/n02102040_3695.JPEG,217,English Springer Spaniel
train/n02102040/n02102040_5353.JPEG,217,English Springer Spaniel
train/n02102040/n02102040_2883.JPEG,217,English Springer Spaniel
train/n02102040/n02102040_2951.JPEG,217,English Springer Spaniel
train/n02102040/n02102040_729.JPEG,217,English Springer Spaniel
train/n02102040/n02102040_1907.JPEG,217,English Springer Spaniel
train/n02102040/n02102040_8132.JPEG,217,English Springer Spaniel
train/n02102040/n02102040_672.JPEG,217,English Springer Spaniel
train/n02102177/n02102177_3710.JPEG,218,Welsh Springer Spaniel
train/n02102177/n02102177_6860.JPEG,218,Welsh Springer Spaniel
train/n02102177/n02102177_7588.JPEG,218,Welsh Springer Spaniel
train/n02102177/n02102177_9150.JPEG,218,Welsh Springer Spaniel
train/n02102177/n02102177_8692.JPEG,218,Welsh Springer Spaniel
train/n02102177/n02102177_2578.JPEG,218,Welsh Springer Spaniel
train/n02102177/n02102177_5953.JPEG,218,Welsh Springer Spaniel
train/n02102177/n02102177_1755.JPEG,218,Welsh Springer Spaniel
train/n02102177/n02102177_5733.JPEG,218,Welsh Springer Spaniel
train/n02102177/n02102177_1107.JPEG,218,Welsh Springer Spaniel
train/n02102177/n02102177_2138.JPEG,218,Welsh Springer Spaniel
train/n02102177/n02102177_6554.JPEG,218,Welsh Springer Spaniel
train/n02102177/n02102177_1944.JPEG,218,Welsh Springer Spaniel
train/n02102177/n02102177_4242.JPEG,218,Welsh Springer Spaniel
train/n02102177/n02102177_4771.JPEG,218,Welsh Springer Spaniel
train/n02102177/n02102177_2018.JPEG,218,Welsh Springer Spaniel
train/n02102318/n02102318_2944.JPEG,219,Cocker Spaniel
train/n02102318/n02102318_5052.JPEG,219,Cocker Spaniel
train/n02102318/n02102318_2984.JPEG,219,Cocker Spaniel
train/n02102318/n02102318_3743.JPEG,219,Cocker Spaniel
train/n02102318/n02102318_8263.JPEG,219,Cocker Spaniel
train/n02102318/n02102318_3476.JPEG,219,Cocker Spaniel
train/n02102318/n02102318_4615.JPEG,219,Cocker Spaniel
train/n02102318/n02102318_2156.JPEG,219,Cocker Spaniel
train/n02102318/n02102318_15834.JPEG,219,Cocker Spaniel
train/n02102318/n02102318_1318.JPEG,219,Cocker Spaniel
train/n02102318/n02102318_16959.JPEG,219,Cocker Spaniel
train/n02102318/n02102318_15637.JPEG,219,Cocker Spaniel
train/n02102318/n02102318_8239.JPEG,219,Cocker Spaniel
train/n02102318/n02102318_3991.JPEG,219,Cocker Spaniel
train/n02102318/n02102318_12352.JPEG,219,Cocker Spaniel
train/n02102318/n02102318_1708.JPEG,219,Cocker Spaniel
train/n02102480/n02102480_779.JPEG,220,Sussex Spaniel
train/n02102480/n02102480_6966.JPEG,220,Sussex Spaniel
train/n02102480/n02102480_10920.JPEG,220,Sussex Spaniel
train/n02102480/n02102480_14839.JPEG,220,Sussex Spaniel
train/n02102480/n02102480_7980.JPEG,220,Sussex Spaniel
train/n02102480/n02102480_6982.JPEG,220,Sussex Spaniel
train/n02102480/n02102480_10968.JPEG,220,Sussex Spaniel
train/n02102480/n02102480_9483.JPEG,220,Sussex Spaniel
train/n02102480/n02102480_11670.JPEG,220,Sussex Spaniel
train/n02102480/n02102480_4223.JPEG,220,Sussex Spaniel
train/n02102480/n02102480_6465.JPEG,220,Sussex Spaniel
train/n02102480/n02102480_8672.JPEG,220,Sussex Spaniel
train/n02102480/n02102480_4342.JPEG,220,Sussex Spaniel
train/n02102480/n02102480_10119.JPEG,220,Sussex Spaniel
train/n02102480/n02102480_5380.JPEG,220,Sussex Spaniel
train/n02102480/n02102480_9075.JPEG,220,Sussex Spaniel
train/n02102973/n02102973_6772.JPEG,221,Irish Water Spaniel
train/n02102973/n02102973_645.JPEG,221,Irish Water Spaniel
train/n02102973/n02102973_585.JPEG,221,Irish Water Spaniel
train/n02102973/n02102973_1381.JPEG,221,Irish Water Spaniel
train/n02102973/n02102973_1975.JPEG,221,Irish Water Spaniel
train/n02102973/n02102973_8206.JPEG,221,Irish Water Spaniel
train/n02102973/n02102973_544.JPEG,221,Irish Water Spaniel
train/n02102973/n02102973_6799.JPEG,221,Irish Water Spaniel
train/n02102973/n02102973_3731.JPEG,221,Irish Water Spaniel
train/n02102973/n02102973_1131.JPEG,221,Irish Water Spaniel
train/n02102973/n02102973_5928.JPEG,221,Irish Water Spaniel
train/n02102973/n02102973_7642.JPEG,221,Irish Water Spaniel
train/n02102973/n02102973_4253.JPEG,221,Irish Water Spaniel
train/n02102973/n02102973_3840.JPEG,221,Irish Water Spaniel
train/n02102973/n02102973_8012.JPEG,221,Irish Water Spaniel
train/n02102973/n02102973_3993.JPEG,221,Irish Water Spaniel
train/n02104029/n02104029_1206.JPEG,222,Kuvasz
train/n02104029/n02104029_692.JPEG,222,Kuvasz
train/n02104029/n02104029_1096.JPEG,222,Kuvasz
train/n02104029/n02104029_7289.JPEG,222,Kuvasz
train/n02104029/n02104029_713.JPEG,222,Kuvasz
train/n02104029/n02104029_588.JPEG,222,Kuvasz
train/n02104029/n02104029_3271.JPEG,222,Kuvasz
train/n02104029/n02104029_5448.JPEG,222,Kuvasz
train/n02104029/n02104029_6800.JPEG,222,Kuvasz
train/n02104029/n02104029_4594.JPEG,222,Kuvasz
train/n02104029/n02104029_6176.JPEG,222,Kuvasz
train/n02104029/n02104029_1635.JPEG,222,Kuvasz
train/n02104029/n02104029_7489.JPEG,222,Kuvasz
train/n02104029/n02104029_2504.JPEG,222,Kuvasz
train/n02104029/n02104029_610.JPEG,222,Kuvasz
train/n02104029/n02104029_1405.JPEG,222,Kuvasz
train/n02104365/n02104365_5603.JPEG,223,Schipperke
train/n02104365/n02104365_5945.JPEG,223,Schipperke
train/n02104365/n02104365_6975.JPEG,223,Schipperke
train/n02104365/n02104365_2499.JPEG,223,Schipperke
train/n02104365/n02104365_7156.JPEG,223,Schipperke
train/n02104365/n02104365_4810.JPEG,223,Schipperke
train/n02104365/n02104365_6879.JPEG,223,Schipperke
train/n02104365/n02104365_1397.JPEG,223,Schipperke
train/n02104365/n02104365_2693.JPEG,223,Schipperke
train/n02104365/n02104365_10022.JPEG,223,Schipperke
train/n02104365/n02104365_4233.JPEG,223,Schipperke
train/n02104365/n02104365_6055.JPEG,223,Schipperke
train/n02104365/n02104365_4895.JPEG,223,Schipperke
train/n02104365/n02104365_81.JPEG,223,Schipperke
train/n02104365/n02104365_10738.JPEG,223,Schipperke
train/n02104365/n02104365_8622.JPEG,223,Schipperke
train/n02105056/n02105056_10728.JPEG,224,Groenendael dog
train/n02105056/n02105056_2678.JPEG,224,Groenendael dog
train/n02105056/n02105056_933.JPEG,224,Groenendael dog
train/n02105056/n02105056_13222.JPEG,224,Groenendael dog
train/n02105056/n02105056_13170.JPEG,224,Groenendael dog
train/n02105056/n02105056_11015.JPEG,224,Groenendael dog
train/n02105056/n02105056_13781.JPEG,224,Groenendael dog
train/n02105056/n02105056_14420.JPEG,224,Groenendael dog
train/n02105056/n02105056_6252.JPEG,224,Groenendael dog
train/n02105056/n02105056_15309.JPEG,224,Groenendael dog
train/n02105056/n02105056_4842.JPEG,224,Groenendael dog
train/n02105056/n02105056_5012.JPEG,224,Groenendael dog
train/n02105056/n02105056_15056.JPEG,224,Groenendael dog
train/n02105056/n02105056_4469.JPEG,224,Groenendael dog
train/n02105056/n02105056_3714.JPEG,224,Groenendael dog
train/n02105056/n02105056_12288.JPEG,224,Groenendael dog
train/n02105162/n02105162_529.JPEG,225,Malinois
train/n02105162/n02105162_2242.JPEG,225,Malinois
train/n02105162/n02105162_3993.JPEG,225,Malinois
train/n02105162/n02105162_366.JPEG,225,Malinois
train/n02105162/n02105162_1614.JPEG,225,Malinois
train/n02105162/n02105162_1219.JPEG,225,Malinois
train/n02105162/n02105162_3034.JPEG,225,Malinois
train/n02105162/n02105162_7873.JPEG,225,Malinois
train/n02105162/n02105162_8125.JPEG,225,Malinois
train/n02105162/n02105162_3532.JPEG,225,Malinois
train/n02105162/n02105162_5141.JPEG,225,Malinois
train/n02105162/n02105162_7885.JPEG,225,Malinois
train/n02105162/n02105162_2958.JPEG,225,Malinois
train/n02105162/n02105162_2193.JPEG,225,Malinois
train/n02105162/n02105162_2240.JPEG,225,Malinois
train/n02105162/n02105162_1058.JPEG,225,Malinois
train/n02105251/n02105251_3876.JPEG,226,Briard
train/n02105251/n02105251_14234.JPEG,226,Briard
train/n02105251/n02105251_3680.JPEG,226,Briard
train/n02105251/n02105251_2758.JPEG,226,Briard
train/n02105251/n02105251_12725.JPEG,226,Briard
train/n02105251/n02105251_8857.JPEG,226,Briard
train/n02105251/n02105251_7040.JPEG,226,Briard
train/n02105251/n02105251_12136.JPEG,226,Briard
train/n02105251/n02105251_2723.JPEG,226,Briard
train/n02105251/n02105251_5479.JPEG,226,Briard
train/n02105251/n02105251_1678.JPEG,226,Briard
train/n02105251/n02105251_7033.JPEG,226,Briard
train/n02105251/n02105251_1655.JPEG,226,Briard
train/n02105251/n02105251_6134.JPEG,226,Briard
train/n02105251/n02105251_6136.JPEG,226,Briard
train/n02105251/n02105251_4660.JPEG,226,Briard
train/n02105412/n02105412_1098.JPEG,227,Australian Kelpie
train/n02105412/n02105412_2677.JPEG,227,Australian Kelpie
train/n02105412/n02105412_3582.JPEG,227,Australian Kelpie
train/n02105412/n02105412_5090.JPEG,227,Australian Kelpie
train/n02105412/n02105412_4662.JPEG,227,Australian Kelpie
train/n02105412/n02105412_2438.JPEG,227,Australian Kelpie
train/n02105412/n02105412_7106.JPEG,227,Australian Kelpie
train/n02105412/n02105412_6470.JPEG,227,Australian Kelpie
train/n02105412/n02105412_5926.JPEG,227,Australian Kelpie
train/n02105412/n02105412_6154.JPEG,227,Australian Kelpie
train/n02105412/n02105412_5742.JPEG,227,Australian Kelpie
train/n02105412/n02105412_1076.JPEG,227,Australian Kelpie
train/n02105412/n02105412_437.JPEG,227,Australian Kelpie
train/n02105412/n02105412_4486.JPEG,227,Australian Kelpie
train/n02105412/n02105412_4529.JPEG,227,Australian Kelpie
train/n02105412/n02105412_8191.JPEG,227,Australian Kelpie
train/n02105505/n02105505_934.JPEG,228,Komondor
train/n02105505/n02105505_2677.JPEG,228,Komondor
train/n02105505/n02105505_2202.JPEG,228,Komondor
train/n02105505/n02105505_4639.JPEG,228,Komondor
train/n02105505/n02105505_5870.JPEG,228,Komondor
train/n02105505/n02105505_2084.JPEG,228,Komondor
train/n02105505/n02105505_1926.JPEG,228,Komondor
train/n02105505/n02105505_3030.JPEG,228,Komondor
train/n02105505/n02105505_5289.JPEG,228,Komondor
train/n02105505/n02105505_2053.JPEG,228,Komondor
train/n02105505/n02105505_657.JPEG,228,Komondor
train/n02105505/n02105505_2120.JPEG,228,Komondor
train/n02105505/n02105505_81.JPEG,228,Komondor
train/n02105505/n02105505_3634.JPEG,228,Komondor
train/n02105505/n02105505_6957.JPEG,228,Komondor
train/n02105505/n02105505_890.JPEG,228,Komondor
train/n02105641/n02105641_713.JPEG,229,Old English Sheepdog
train/n02105641/n02105641_7423.JPEG,229,Old English Sheepdog
train/n02105641/n02105641_2837.JPEG,229,Old English Sheepdog
train/n02105641/n02105641_7271.JPEG,229,Old English Sheepdog
train/n02105641/n02105641_1433.JPEG,229,Old English Sheepdog
train/n02105641/n02105641_6957.JPEG,229,Old English Sheepdog
train/n02105641/n02105641_4066.JPEG,229,Old English Sheepdog
train/n02105641/n02105641_10048.JPEG,229,Old English Sheepdog
train/n02105641/n02105641_5562.JPEG,229,Old English Sheepdog
train/n02105641/n02105641_2240.JPEG,229,Old English Sheepdog
train/n02105641/n02105641_11724.JPEG,229,Old English Sheepdog
train/n02105641/n02105641_8594.JPEG,229,Old English Sheepdog
train/n02105641/n02105641_5573.JPEG,229,Old English Sheepdog
train/n02105641/n02105641_8276.JPEG,229,Old English Sheepdog
train/n02105641/n02105641_11657.JPEG,229,Old English Sheepdog
train/n02105641/n02105641_10769.JPEG,229,Old English Sheepdog
train/n02105855/n02105855_11016.JPEG,230,Shetland Sheepdog
train/n02105855/n02105855_8794.JPEG,230,Shetland Sheepdog
train/n02105855/n02105855_19746.JPEG,230,Shetland Sheepdog
train/n02105855/n02105855_6668.JPEG,230,Shetland Sheepdog
train/n02105855/n02105855_9991.JPEG,230,Shetland Sheepdog
train/n02105855/n02105855_10726.JPEG,230,Shetland Sheepdog
train/n02105855/n02105855_11598.JPEG,230,Shetland Sheepdog
train/n02105855/n02105855_8235.JPEG,230,Shetland Sheepdog
train/n02105855/n02105855_1802.JPEG,230,Shetland Sheepdog
train/n02105855/n02105855_15214.JPEG,230,Shetland Sheepdog
train/n02105855/n02105855_3998.JPEG,230,Shetland Sheepdog
train/n02105855/n02105855_11171.JPEG,230,Shetland Sheepdog
train/n02105855/n02105855_11090.JPEG,230,Shetland Sheepdog
train/n02105855/n02105855_1013.JPEG,230,Shetland Sheepdog
train/n02105855/n02105855_17724.JPEG,230,Shetland Sheepdog
train/n02105855/n02105855_2229.JPEG,230,Shetland Sheepdog
train/n02106030/n02106030_21294.JPEG,231,collie
train/n02106030/n02106030_6071.JPEG,231,collie
train/n02106030/n02106030_10523.JPEG,231,collie
train/n02106030/n02106030_124.JPEG,231,collie
train/n02106030/n02106030_4850.JPEG,231,collie
train/n02106030/n02106030_15770.JPEG,231,collie
train/n02106030/n02106030_8765.JPEG,231,collie
train/n02106030/n02106030_5462.JPEG,231,collie
train/n02106030/n02106030_7800.JPEG,231,collie
train/n02106030/n02106030_5862.JPEG,231,collie
train/n02106030/n02106030_8570.JPEG,231,collie
train/n02106030/n02106030_26027.JPEG,231,collie
train/n02106030/n02106030_7290.JPEG,231,collie
train/n02106030/n02106030_7410.JPEG,231,collie
train/n02106030/n02106030_14063.JPEG,231,collie
train/n02106030/n02106030_7812.JPEG,231,collie
train/n02106166/n02106166_7454.JPEG,232,Border Collie
train/n02106166/n02106166_6853.JPEG,232,Border Collie
train/n02106166/n02106166_998.JPEG,232,Border Collie
train/n02106166/n02106166_11397.JPEG,232,Border Collie
train/n02106166/n02106166_1574.JPEG,232,Border Collie
train/n02106166/n02106166_8285.JPEG,232,Border Collie
train/n02106166/n02106166_19258.JPEG,232,Border Collie
train/n02106166/n02106166_15375.JPEG,232,Border Collie
train/n02106166/n02106166_470.JPEG,232,Border Collie
train/n02106166/n02106166_1340.JPEG,232,Border Collie
train/n02106166/n02106166_2945.JPEG,232,Border Collie
train/n02106166/n02106166_11723.JPEG,232,Border Collie
train/n02106166/n02106166_11804.JPEG,232,Border Collie
train/n02106166/n02106166_2594.JPEG,232,Border Collie
train/n02106166/n02106166_10083.JPEG,232,Border Collie
train/n02106166/n02106166_6545.JPEG,232,Border Collie
train/n02106382/n02106382_3943.JPEG,233,Bouvier des Flandres dog
train/n02106382/n02106382_4730.JPEG,233,Bouvier des Flandres dog
train/n02106382/n02106382_7656.JPEG,233,Bouvier des Flandres dog
train/n02106382/n02106382_6098.JPEG,233,Bouvier des Flandres dog
train/n02106382/n02106382_3512.JPEG,233,Bouvier des Flandres dog
train/n02106382/n02106382_10177.JPEG,233,Bouvier des Flandres dog
train/n02106382/n02106382_15477.JPEG,233,Bouvier des Flandres dog
train/n02106382/n02106382_12636.JPEG,233,Bouvier des Flandres dog
train/n02106382/n02106382_1893.JPEG,233,Bouvier des Flandres dog
train/n02106382/n02106382_671.JPEG,233,Bouvier des Flandres dog
train/n02106382/n02106382_9217.JPEG,233,Bouvier des Flandres dog
train/n02106382/n02106382_610.JPEG,233,Bouvier des Flandres dog
train/n02106382/n02106382_4597.JPEG,233,Bouvier des Flandres dog
train/n02106382/n02106382_338.JPEG,233,Bouvier des Flandres dog
train/n02106382/n02106382_12983.JPEG,233,Bouvier des Flandres dog
train/n02106382/n02106382_4849.JPEG,233,Bouvier des Flandres dog
train/n02106550/n02106550_4084.JPEG,234,Rottweiler
train/n02106550/n02106550_1562.JPEG,234,Rottweiler
train/n02106550/n02106550_5493.JPEG,234,Rottweiler
train/n02106550/n02106550_2352.JPEG,234,Rottweiler
train/n02106550/n02106550_8575.JPEG,234,Rottweiler
train/n02106550/n02106550_13263.JPEG,234,Rottweiler
train/n02106550/n02106550_2911.JPEG,234,Rottweiler
train/n02106550/n02106550_8064.JPEG,234,Rottweiler
train/n02106550/n02106550_344.JPEG,234,Rottweiler
train/n02106550/n02106550_1840.JPEG,234,Rottweiler
train/n02106550/n02106550_11924.JPEG,234,Rottweiler
train/n02106550/n02106550_1389.JPEG,234,Rottweiler
train/n02106550/n02106550_1537.JPEG,234,Rottweiler
train/n02106550/n02106550_4339.JPEG,234,Rottweiler
train/n02106550/n02106550_6105.JPEG,234,Rottweiler
train/n02106550/n02106550_11878.JPEG,234,Rottweiler
train/n02106662/n02106662_11273.JPEG,235,German Shepherd Dog
train/n02106662/n02106662_1591.JPEG,235,German Shepherd Dog
train/n02106662/n02106662_8002.JPEG,235,German Shepherd Dog
train/n02106662/n02106662_34015.JPEG,235,German Shepherd Dog
train/n02106662/n02106662_85628.JPEG,235,German Shepherd Dog
train/n02106662/n02106662_1655.JPEG,235,German Shepherd Dog
train/n02106662/n02106662_81445.JPEG,235,German Shepherd Dog
train/n02106662/n02106662_1358.JPEG,235,German Shepherd Dog
train/n02106662/n02106662_824.JPEG,235,German Shepherd Dog
train/n02106662/n02106662_835.JPEG,235,German Shepherd Dog
train/n02106662/n02106662_8429.JPEG,235,German Shepherd Dog
train/n02106662/n02106662_12467.JPEG,235,German Shepherd Dog
train/n02106662/n02106662_87364.JPEG,235,German Shepherd Dog
train/n02106662/n02106662_19970.JPEG,235,German Shepherd Dog
train/n02106662/n02106662_46290.JPEG,235,German Shepherd Dog
train/n02106662/n02106662_23730.JPEG,235,German Shepherd Dog
train/n02107142/n02107142_21580.JPEG,236,Dobermann
train/n02107142/n02107142_7841.JPEG,236,Dobermann
train/n02107142/n02107142_13011.JPEG,236,Dobermann
train/n02107142/n02107142_10745.JPEG,236,Dobermann
train/n02107142/n02107142_58706.JPEG,236,Dobermann
train/n02107142/n02107142_1201.JPEG,236,Dobermann
train/n02107142/n02107142_5663.JPEG,236,Dobermann
train/n02107142/n02107142_33044.JPEG,236,Dobermann
train/n02107142/n02107142_12673.JPEG,236,Dobermann
train/n02107142/n02107142_27935.JPEG,236,Dobermann
train/n02107142/n02107142_48553.JPEG,236,Dobermann
train/n02107142/n02107142_6807.JPEG,236,Dobermann
train/n02107142/n02107142_19568.JPEG,236,Dobermann
train/n02107142/n02107142_2077.JPEG,236,Dobermann
train/n02107142/n02107142_2314.JPEG,236,Dobermann
train/n02107142/n02107142_426.JPEG,236,Dobermann
train/n02107312/n02107312_3262.JPEG,237,Miniature Pinscher
train/n02107312/n02107312_5474.JPEG,237,Miniature Pinscher
train/n02107312/n02107312_1495.JPEG,237,Miniature Pinscher
train/n02107312/n02107312_2573.JPEG,237,Miniature Pinscher
train/n02107312/n02107312_3905.JPEG,237,Miniature Pinscher
train/n02107312/n02107312_1928.JPEG,237,Miniature Pinscher
train/n02107312/n02107312_3079.JPEG,237,Miniature Pinscher
train/n02107312/n02107312_4938.JPEG,237,Miniature Pinscher
train/n02107312/n02107312_7654.JPEG,237,Miniature Pinscher
train/n02107312/n02107312_1724.JPEG,237,Miniature Pinscher
train/n02107312/n02107312_465.JPEG,237,Miniature Pinscher
train/n02107312/n02107312_4111.JPEG,237,Miniature Pinscher
train/n02107312/n02107312_3666.JPEG,237,Miniature Pinscher
train/n02107312/n02107312_1233.JPEG,237,Miniature Pinscher
train/n02107312/n02107312_4038.JPEG,237,Miniature Pinscher
train/n02107312/n02107312_4460.JPEG,237,Miniature Pinscher
train/n02107574/n02107574_2899.JPEG,238,Greater Swiss Mountain Dog
train/n02107574/n02107574_3994.JPEG,238,Greater Swiss Mountain Dog
train/n02107574/n02107574_5846.JPEG,238,Greater Swiss Mountain Dog
train/n02107574/n02107574_1926.JPEG,238,Greater Swiss Mountain Dog
train/n02107574/n02107574_3439.JPEG,238,Greater Swiss Mountain Dog
train/n02107574/n02107574_2173.JPEG,238,Greater Swiss Mountain Dog
train/n02107574/n02107574_868.JPEG,238,Greater Swiss Mountain Dog
train/n02107574/n02107574_5991.JPEG,238,Greater Swiss Mountain Dog
train/n02107574/n02107574_751.JPEG,238,Greater Swiss Mountain Dog
train/n02107574/n02107574_592.JPEG,238,Greater Swiss Mountain Dog
train/n02107574/n02107574_6337.JPEG,238,Greater Swiss Mountain Dog
train/n02107574/n02107574_951.JPEG,238,Greater Swiss Mountain Dog
train/n02107574/n02107574_324.JPEG,238,Greater Swiss Mountain Dog
train/n02107574/n02107574_5134.JPEG,238,Greater Swiss Mountain Dog
train/n02107574/n02107574_3909.JPEG,238,Greater Swiss Mountain Dog
train/n02107574/n02107574_5222.JPEG,238,Greater Swiss Mountain Dog
train/n02107683/n02107683_3235.JPEG,239,Bernese Mountain Dog
train/n02107683/n02107683_2904.JPEG,239,Bernese Mountain Dog
train/n02107683/n02107683_6950.JPEG,239,Bernese Mountain Dog
train/n02107683/n02107683_3440.JPEG,239,Bernese Mountain Dog
train/n02107683/n02107683_4350.JPEG,239,Bernese Mountain Dog
train/n02107683/n02107683_6713.JPEG,239,Bernese Mountain Dog
train/n02107683/n02107683_3136.JPEG,239,Bernese Mountain Dog
train/n02107683/n02107683_7096.JPEG,239,Bernese Mountain Dog
train/n02107683/n02107683_740.JPEG,239,Bernese Mountain Dog
train/n02107683/n02107683_3366.JPEG,239,Bernese Mountain Dog
train/n02107683/n02107683_2177.JPEG,239,Bernese Mountain Dog
train/n02107683/n02107683_577.JPEG,239,Bernese Mountain Dog
train/n02107683/n02107683_2893.JPEG,239,Bernese Mountain Dog
train/n02107683/n02107683_5536.JPEG,239,Bernese Mountain Dog
train/n02107683/n02107683_5635.JPEG,239,Bernese Mountain Dog
train/n02107683/n02107683_3680.JPEG,239,Bernese Mountain Dog
train/n02107908/n02107908_5402.JPEG,240,Appenzeller Sennenhund
train/n02107908/n02107908_466.JPEG,240,Appenzeller Sennenhund
train/n02107908/n02107908_6133.JPEG,240,Appenzeller Sennenhund
train/n02107908/n02107908_12312.JPEG,240,Appenzeller Sennenhund
train/n02107908/n02107908_7643.JPEG,240,Appenzeller Sennenhund
train/n02107908/n02107908_11945.JPEG,240,Appenzeller Sennenhund
train/n02107908/n02107908_5683.JPEG,240,Appenzeller Sennenhund
train/n02107908/n02107908_11289.JPEG,240,Appenzeller Sennenhund
train/n02107908/n02107908_4883.JPEG,240,Appenzeller Sennenhund
train/n02107908/n02107908_7267.JPEG,240,Appenzeller Sennenhund
train/n02107908/n02107908_1448.JPEG,240,Appenzeller Sennenhund
train/n02107908/n02107908_11343.JPEG,240,Appenzeller Sennenhund
train/n02107908/n02107908_6466.JPEG,240,Appenzeller Sennenhund
train/n02107908/n02107908_10206.JPEG,240,Appenzeller Sennenhund
train/n02107908/n02107908_3585.JPEG,240,Appenzeller Sennenhund
train/n02107908/n02107908_7688.JPEG,240,Appenzeller Sennenhund
train/n02108000/n02108000_4327.JPEG,241,Entlebucher Sennenhund
train/n02108000/n02108000_3306.JPEG,241,Entlebucher Sennenhund
train/n02108000/n02108000_386.JPEG,241,Entlebucher Sennenhund
train/n02108000/n02108000_5512.JPEG,241,Entlebucher Sennenhund
train/n02108000/n02108000_4550.JPEG,241,Entlebucher Sennenhund
train/n02108000/n02108000_5229.JPEG,241,Entlebucher Sennenhund
train/n02108000/n02108000_1266.JPEG,241,Entlebucher Sennenhund
train/n02108000/n02108000_14.JPEG,241,Entlebucher Sennenhund
train/n02108000/n02108000_756.JPEG,241,Entlebucher Sennenhund
train/n02108000/n02108000_3809.JPEG,241,Entlebucher Sennenhund
train/n02108000/n02108000_5925.JPEG,241,Entlebucher Sennenhund
train/n02108000/n02108000_4696.JPEG,241,Entlebucher Sennenhund
train/n02108000/n02108000_3356.JPEG,241,Entlebucher Sennenhund
train/n02108000/n02108000_7035.JPEG,241,Entlebucher Sennenhund
train/n02108000/n02108000_3500.JPEG,241,Entlebucher Sennenhund
train/n02108000/n02108000_2635.JPEG,241,Entlebucher Sennenhund
train/n02108089/n02108089_15253.JPEG,242,Boxer
train/n02108089/n02108089_4865.JPEG,242,Boxer
train/n02108089/n02108089_2546.JPEG,242,Boxer
train/n02108089/n02108089_2863.JPEG,242,Boxer
train/n02108089/n02108089_16215.JPEG,242,Boxer
train/n02108089/n02108089_6392.JPEG,242,Boxer
train/n02108089/n02108089_1103.JPEG,242,Boxer
train/n02108089/n02108089_10253.JPEG,242,Boxer
train/n02108089/n02108089_9841.JPEG,242,Boxer
train/n02108089/n02108089_42113.JPEG,242,Boxer
train/n02108089/n02108089_12302.JPEG,242,Boxer
train/n02108089/n02108089_2967.JPEG,242,Boxer
train/n02108089/n02108089_19350.JPEG,242,Boxer
train/n02108089/n02108089_20271.JPEG,242,Boxer
train/n02108089/n02108089_14305.JPEG,242,Boxer
train/n02108089/n02108089_2441.JPEG,242,Boxer
train/n02108422/n02108422_8105.JPEG,243,Bullmastiff
train/n02108422/n02108422_282.JPEG,243,Bullmastiff
train/n02108422/n02108422_4190.JPEG,243,Bullmastiff
train/n02108422/n02108422_7067.JPEG,243,Bullmastiff
train/n02108422/n02108422_4843.JPEG,243,Bullmastiff
train/n02108422/n02108422_8537.JPEG,243,Bullmastiff
train/n02108422/n02108422_8840.JPEG,243,Bullmastiff
train/n02108422/n02108422_5609.JPEG,243,Bullmastiff
train/n02108422/n02108422_11510.JPEG,243,Bullmastiff
train/n02108422/n02108422_11991.JPEG,243,Bullmastiff
train/n02108422/n02108422_149.JPEG,243,Bullmastiff
train/n02108422/n02108422_1029.JPEG,243,Bullmastiff
train/n02108422/n02108422_1285.JPEG,243,Bullmastiff
train/n02108422/n02108422_11504.JPEG,243,Bullmastiff
train/n02108422/n02108422_7139.JPEG,243,Bullmastiff
train/n02108422/n02108422_577.JPEG,243,Bullmastiff
train/n02108551/n02108551_10806.JPEG,244,Tibetan Mastiff
train/n02108551/n02108551_11796.JPEG,244,Tibetan Mastiff
train/n02108551/n02108551_2997.JPEG,244,Tibetan Mastiff
train/n02108551/n02108551_26059.JPEG,244,Tibetan Mastiff
train/n02108551/n02108551_5366.JPEG,244,Tibetan Mastiff
train/n02108551/n02108551_25931.JPEG,244,Tibetan Mastiff
train/n02108551/n02108551_20517.JPEG,244,Tibetan Mastiff
train/n02108551/n02108551_10703.JPEG,244,Tibetan Mastiff
train/n02108551/n02108551_26829.JPEG,244,Tibetan Mastiff
train/n02108551/n02108551_10897.JPEG,244,Tibetan Mastiff
train/n02108551/n02108551_2667.JPEG,244,Tibetan Mastiff
train/n02108551/n02108551_7110.JPEG,244,Tibetan Mastiff
train/n02108551/n02108551_18687.JPEG,244,Tibetan Mastiff
train/n02108551/n02108551_6100.JPEG,244,Tibetan Mastiff
train/n02108551/n02108551_7256.JPEG,244,Tibetan Mastiff
train/n02108551/n02108551_764.JPEG,244,Tibetan Mastiff
train/n02108915/n02108915_1109.JPEG,245,French Bulldog
train/n02108915/n02108915_8574.JPEG,245,French Bulldog
train/n02108915/n02108915_6134.JPEG,245,French Bulldog
train/n02108915/n02108915_11270.JPEG,245,French Bulldog
train/n02108915/n02108915_6880.JPEG,245,French Bulldog
train/n02108915/n02108915_6535.JPEG,245,French Bulldog
train/n02108915/n02108915_6531.JPEG,245,French Bulldog
train/n02108915/n02108915_1283.JPEG,245,French Bulldog
train/n02108915/n02108915_863.JPEG,245,French Bulldog
train/n02108915/n02108915_643.JPEG,245,French Bulldog
train/n02108915/n02108915_287.JPEG,245,French Bulldog
train/n02108915/n02108915_11826.JPEG,245,French Bulldog
train/n02108915/n02108915_1119.JPEG,245,French Bulldog
train/n02108915/n02108915_2937.JPEG,245,French Bulldog
train/n02108915/n02108915_1181.JPEG,245,French Bulldog
train/n02108915/n02108915_2643.JPEG,245,French Bulldog
train/n02109047/n02109047_51764.JPEG,246,Great Dane
train/n02109047/n02109047_1949.JPEG,246,Great Dane
train/n02109047/n02109047_17369.JPEG,246,Great Dane
train/n02109047/n02109047_58797.JPEG,246,Great Dane
train/n02109047/n02109047_11016.JPEG,246,Great Dane
train/n02109047/n02109047_5553.JPEG,246,Great Dane
train/n02109047/n02109047_12488.JPEG,246,Great Dane
train/n02109047/n02109047_8492.JPEG,246,Great Dane
train/n02109047/n02109047_62943.JPEG,246,Great Dane
train/n02109047/n02109047_7150.JPEG,246,Great Dane
train/n02109047/n02109047_5530.JPEG,246,Great Dane
train/n02109047/n02109047_379.JPEG,246,Great Dane
train/n02109047/n02109047_26128.JPEG,246,Great Dane
train/n02109047/n02109047_1608.JPEG,246,Great Dane
train/n02109047/n02109047_59171.JPEG,246,Great Dane
train/n02109047/n02109047_20227.JPEG,246,Great Dane
train/n02109525/n02109525_23321.JPEG,247,St. Bernard
train/n02109525/n02109525_6931.JPEG,247,St. Bernard
train/n02109525/n02109525_6055.JPEG,247,St. Bernard
train/n02109525/n02109525_58187.JPEG,247,St. Bernard
train/n02109525/n02109525_57282.JPEG,247,St. Bernard
train/n02109525/n02109525_15305.JPEG,247,St. Bernard
train/n02109525/n02109525_17133.JPEG,247,St. Bernard
train/n02109525/n02109525_6672.JPEG,247,St. Bernard
train/n02109525/n02109525_13293.JPEG,247,St. Bernard
train/n02109525/n02109525_2793.JPEG,247,St. Bernard
train/n02109525/n02109525_63913.JPEG,247,St. Bernard
train/n02109525/n02109525_24046.JPEG,247,St. Bernard
train/n02109525/n02109525_29222.JPEG,247,St. Bernard
train/n02109525/n02109525_41030.JPEG,247,St. Bernard
train/n02109525/n02109525_30854.JPEG,247,St. Bernard
train/n02109525/n02109525_999.JPEG,247,St. Bernard
train/n02109961/n02109961_44886.JPEG,248,husky
train/n02109961/n02109961_13531.JPEG,248,husky
train/n02109961/n02109961_6821.JPEG,248,husky
train/n02109961/n02109961_7025.JPEG,248,husky
train/n02109961/n02109961_4137.JPEG,248,husky
train/n02109961/n02109961_8443.JPEG,248,husky
train/n02109961/n02109961_57208.JPEG,248,husky
train/n02109961/n02109961_54928.JPEG,248,husky
train/n02109961/n02109961_35664.JPEG,248,husky
train/n02109961/n02109961_16753.JPEG,248,husky
train/n02109961/n02109961_17972.JPEG,248,husky
train/n02109961/n02109961_50331.JPEG,248,husky
train/n02109961/n02109961_59649.JPEG,248,husky
train/n02109961/n02109961_2369.JPEG,248,husky
train/n02109961/n02109961_57667.JPEG,248,husky
train/n02109961/n02109961_1789.JPEG,248,husky
train/n02110063/n02110063_830.JPEG,249,Alaskan Malamute
train/n02110063/n02110063_14895.JPEG,249,Alaskan Malamute
train/n02110063/n02110063_11420.JPEG,249,Alaskan Malamute
train/n02110063/n02110063_8649.JPEG,249,Alaskan Malamute
train/n02110063/n02110063_12708.JPEG,249,Alaskan Malamute
train/n02110063/n02110063_19879.JPEG,249,Alaskan Malamute
train/n02110063/n02110063_2569.JPEG,249,Alaskan Malamute
train/n02110063/n02110063_18637.JPEG,249,Alaskan Malamute
train/n02110063/n02110063_7453.JPEG,249,Alaskan Malamute
train/n02110063/n02110063_99.JPEG,249,Alaskan Malamute
train/n02110063/n02110063_16528.JPEG,249,Alaskan Malamute
train/n02110063/n02110063_8818.JPEG,249,Alaskan Malamute
train/n02110063/n02110063_15111.JPEG,249,Alaskan Malamute
train/n02110063/n02110063_7787.JPEG,249,Alaskan Malamute
train/n02110063/n02110063_4807.JPEG,249,Alaskan Malamute
train/n02110063/n02110063_9942.JPEG,249,Alaskan Malamute
train/n02110185/n02110185_10730.JPEG,250,Siberian Husky
train/n02110185/n02110185_12908.JPEG,250,Siberian Husky
train/n02110185/n02110185_6680.JPEG,250,Siberian Husky
train/n02110185/n02110185_9780.JPEG,250,Siberian Husky
train/n02110185/n02110185_5608.JPEG,250,Siberian Husky
train/n02110185/n02110185_2163.JPEG,250,Siberian Husky
train/n02110185/n02110185_1893.JPEG,250,Siberian Husky
train/n02110185/n02110185_10749.JPEG,250,Siberian Husky
train/n02110185/n02110185_2952.JPEG,250,Siberian Husky
train/n02110185/n02110185_10277.JPEG,250,Siberian Husky
train/n02110185/n02110185_6067.JPEG,250,Siberian Husky
train/n02110185/n02110185_7971.JPEG,250,Siberian Husky
train/n02110185/n02110185_3808.JPEG,250,Siberian Husky
train/n02110185/n02110185_9985.JPEG,250,Siberian Husky
train/n02110185/n02110185_4994.JPEG,250,Siberian Husky
train/n02110185/n02110185_7473.JPEG,250,Siberian Husky
train/n02110341/n02110341_6448.JPEG,251,Dalmatian
train/n02110341/n02110341_14830.JPEG,251,Dalmatian
train/n02110341/n02110341_5275.JPEG,251,Dalmatian
train/n02110341/n02110341_7942.JPEG,251,Dalmatian
train/n02110341/n02110341_1599.JPEG,251,Dalmatian
train/n02110341/n02110341_16523.JPEG,251,Dalmatian
train/n02110341/n02110341_2786.JPEG,251,Dalmatian
train/n02110341/n02110341_9483.JPEG,251,Dalmatian
train/n02110341/n02110341_948.JPEG,251,Dalmatian
train/n02110341/n02110341_1634.JPEG,251,Dalmatian
train/n02110341/n02110341_8024.JPEG,251,Dalmatian
train/n02110341/n02110341_4219.JPEG,251,Dalmatian
train/n02110341/n02110341_3856.JPEG,251,Dalmatian
train/n02110341/n02110341_7068.JPEG,251,Dalmatian
train/n02110341/n02110341_6055.JPEG,251,Dalmatian
train/n02110341/n02110341_7485.JPEG,251,Dalmatian
train/n02110627/n02110627_4597.JPEG,252,Affenpinscher
train/n02110627/n02110627_19655.JPEG,252,Affenpinscher
train/n02110627/n02110627_19417.JPEG,252,Affenpinscher
train/n02110627/n02110627_1784.JPEG,252,Affenpinscher
train/n02110627/n02110627_18619.JPEG,252,Affenpinscher
train/n02110627/n02110627_20452.JPEG,252,Affenpinscher
train/n02110627/n02110627_17930.JPEG,252,Affenpinscher
train/n02110627/n02110627_22613.JPEG,252,Affenpinscher
train/n02110627/n02110627_4184.JPEG,252,Affenpinscher
train/n02110627/n02110627_330.JPEG,252,Affenpinscher
train/n02110627/n02110627_7814.JPEG,252,Affenpinscher
train/n02110627/n02110627_9332.JPEG,252,Affenpinscher
train/n02110627/n02110627_21664.JPEG,252,Affenpinscher
train/n02110627/n02110627_11734.JPEG,252,Affenpinscher
train/n02110627/n02110627_19920.JPEG,252,Affenpinscher
train/n02110627/n02110627_20623.JPEG,252,Affenpinscher
train/n02110806/n02110806_2202.JPEG,253,Basenji
train/n02110806/n02110806_7949.JPEG,253,Basenji
train/n02110806/n02110806_16145.JPEG,253,Basenji
train/n02110806/n02110806_1433.JPEG,253,Basenji
train/n02110806/n02110806_11410.JPEG,253,Basenji
train/n02110806/n02110806_6154.JPEG,253,Basenji
train/n02110806/n02110806_10702.JPEG,253,Basenji
train/n02110806/n02110806_24332.JPEG,253,Basenji
train/n02110806/n02110806_24385.JPEG,253,Basenji
train/n02110806/n02110806_5150.JPEG,253,Basenji
train/n02110806/n02110806_11568.JPEG,253,Basenji
train/n02110806/n02110806_20237.JPEG,253,Basenji
train/n02110806/n02110806_24532.JPEG,253,Basenji
train/n02110806/n02110806_4055.JPEG,253,Basenji
train/n02110806/n02110806_15431.JPEG,253,Basenji
train/n02110806/n02110806_11255.JPEG,253,Basenji
train/n02110958/n02110958_2114.JPEG,254,pug
train/n02110958/n02110958_6071.JPEG,254,pug
train/n02110958/n02110958_1941.JPEG,254,pug
train/n02110958/n02110958_4922.JPEG,254,pug
train/n02110958/n02110958_2562.JPEG,254,pug
train/n02110958/n02110958_4466.JPEG,254,pug
train/n02110958/n02110958_6164.JPEG,254,pug
train/n02110958/n02110958_4197.JPEG,254,pug
train/n02110958/n02110958_1418.JPEG,254,pug
train/n02110958/n02110958_7505.JPEG,254,pug
train/n02110958/n02110958_4494.JPEG,254,pug
train/n02110958/n02110958_2875.JPEG,254,pug
train/n02110958/n02110958_4868.JPEG,254,pug
train/n02110958/n02110958_15746.JPEG,254,pug
train/n02110958/n02110958_4475.JPEG,254,pug
train/n02110958/n02110958_290.JPEG,254,pug
train/n02111129/n02111129_2456.JPEG,255,Leonberger
train/n02111129/n02111129_5237.JPEG,255,Leonberger
train/n02111129/n02111129_6388.JPEG,255,Leonberger
train/n02111129/n02111129_417.JPEG,255,Leonberger
train/n02111129/n02111129_4435.JPEG,255,Leonberger
train/n02111129/n02111129_5681.JPEG,255,Leonberger
train/n02111129/n02111129_3670.JPEG,255,Leonberger
train/n02111129/n02111129_7724.JPEG,255,Leonberger
train/n02111129/n02111129_3236.JPEG,255,Leonberger
train/n02111129/n02111129_4779.JPEG,255,Leonberger
train/n02111129/n02111129_5720.JPEG,255,Leonberger
train/n02111129/n02111129_5407.JPEG,255,Leonberger
train/n02111129/n02111129_5626.JPEG,255,Leonberger
train/n02111129/n02111129_3072.JPEG,255,Leonberger
train/n02111129/n02111129_6589.JPEG,255,Leonberger
train/n02111129/n02111129_6826.JPEG,255,Leonberger
train/n02111277/n02111277_5149.JPEG,256,Newfoundland dog
train/n02111277/n02111277_28060.JPEG,256,Newfoundland dog
train/n02111277/n02111277_17143.JPEG,256,Newfoundland dog
train/n02111277/n02111277_4084.JPEG,256,Newfoundland dog
train/n02111277/n02111277_2117.JPEG,256,Newfoundland dog
train/n02111277/n02111277_7214.JPEG,256,Newfoundland dog
train/n02111277/n02111277_7901.JPEG,256,Newfoundland dog
train/n02111277/n02111277_3271.JPEG,256,Newfoundland dog
train/n02111277/n02111277_13326.JPEG,256,Newfoundland dog
train/n02111277/n02111277_9619.JPEG,256,Newfoundland dog
train/n02111277/n02111277_14577.JPEG,256,Newfoundland dog
train/n02111277/n02111277_7666.JPEG,256,Newfoundland dog
train/n02111277/n02111277_11200.JPEG,256,Newfoundland dog
train/n02111277/n02111277_10743.JPEG,256,Newfoundland dog
train/n02111277/n02111277_32828.JPEG,256,Newfoundland dog
train/n02111277/n02111277_35201.JPEG,256,Newfoundland dog
train/n02111500/n02111500_3821.JPEG,257,Great Pyrenees dog
train/n02111500/n02111500_7135.JPEG,257,Great Pyrenees dog
train/n02111500/n02111500_9319.JPEG,257,Great Pyrenees dog
train/n02111500/n02111500_895.JPEG,257,Great Pyrenees dog
train/n02111500/n02111500_8896.JPEG,257,Great Pyrenees dog
train/n02111500/n02111500_1782.JPEG,257,Great Pyrenees dog
train/n02111500/n02111500_8341.JPEG,257,Great Pyrenees dog
train/n02111500/n02111500_6076.JPEG,257,Great Pyrenees dog
train/n02111500/n02111500_7495.JPEG,257,Great Pyrenees dog
train/n02111500/n02111500_4165.JPEG,257,Great Pyrenees dog
train/n02111500/n02111500_131.JPEG,257,Great Pyrenees dog
train/n02111500/n02111500_3041.JPEG,257,Great Pyrenees dog
train/n02111500/n02111500_4961.JPEG,257,Great Pyrenees dog
train/n02111500/n02111500_4388.JPEG,257,Great Pyrenees dog
train/n02111500/n02111500_2031.JPEG,257,Great Pyrenees dog
train/n02111500/n02111500_7172.JPEG,257,Great Pyrenees dog
train/n02111889/n02111889_16930.JPEG,258,Samoyed
train/n02111889/n02111889_2262.JPEG,258,Samoyed
train/n02111889/n02111889_5352.JPEG,258,Samoyed
train/n02111889/n02111889_15978.JPEG,258,Samoyed
train/n02111889/n02111889_10466.JPEG,258,Samoyed
train/n02111889/n02111889_13924.JPEG,258,Samoyed
train/n02111889/n02111889_12858.JPEG,258,Samoyed
train/n02111889/n02111889_17196.JPEG,258,Samoyed
train/n02111889/n02111889_1653.JPEG,258,Samoyed
train/n02111889/n02111889_5316.JPEG,258,Samoyed
train/n02111889/n02111889_17939.JPEG,258,Samoyed
train/n02111889/n02111889_3163.JPEG,258,Samoyed
train/n02111889/n02111889_7821.JPEG,258,Samoyed
train/n02111889/n02111889_3610.JPEG,258,Samoyed
train/n02111889/n02111889_14252.JPEG,258,Samoyed
train/n02111889/n02111889_1827.JPEG,258,Samoyed
train/n02112018/n02112018_516.JPEG,259,Pomeranian
train/n02112018/n02112018_4225.JPEG,259,Pomeranian
train/n02112018/n02112018_14468.JPEG,259,Pomeranian
train/n02112018/n02112018_7530.JPEG,259,Pomeranian
train/n02112018/n02112018_4984.JPEG,259,Pomeranian
train/n02112018/n02112018_9893.JPEG,259,Pomeranian
train/n02112018/n02112018_11205.JPEG,259,Pomeranian
train/n02112018/n02112018_4644.JPEG,259,Pomeranian
train/n02112018/n02112018_3837.JPEG,259,Pomeranian
train/n02112018/n02112018_5890.JPEG,259,Pomeranian
train/n02112018/n02112018_4609.JPEG,259,Pomeranian
train/n02112018/n02112018_12341.JPEG,259,Pomeranian
train/n02112018/n02112018_6314.JPEG,259,Pomeranian
train/n02112018/n02112018_14329.JPEG,259,Pomeranian
train/n02112018/n02112018_6587.JPEG,259,Pomeranian
train/n02112018/n02112018_1621.JPEG,259,Pomeranian
train/n02112137/n02112137_1397.JPEG,260,Chow Chow
train/n02112137/n02112137_8986.JPEG,260,Chow Chow
train/n02112137/n02112137_12123.JPEG,260,Chow Chow
train/n02112137/n02112137_3275.JPEG,260,Chow Chow
train/n02112137/n02112137_13415.JPEG,260,Chow Chow
train/n02112137/n02112137_6350.JPEG,260,Chow Chow
train/n02112137/n02112137_10860.JPEG,260,Chow Chow
train/n02112137/n02112137_10776.JPEG,260,Chow Chow
train/n02112137/n02112137_7377.JPEG,260,Chow Chow
train/n02112137/n02112137_9678.JPEG,260,Chow Chow
train/n02112137/n02112137_11732.JPEG,260,Chow Chow
train/n02112137/n02112137_8693.JPEG,260,Chow Chow
train/n02112137/n02112137_3369.JPEG,260,Chow Chow
train/n02112137/n02112137_3018.JPEG,260,Chow Chow
train/n02112137/n02112137_2310.JPEG,260,Chow Chow
train/n02112137/n02112137_8022.JPEG,260,Chow Chow
train/n02112350/n02112350_2235.JPEG,261,Keeshond
train/n02112350/n02112350_9332.JPEG,261,Keeshond
train/n02112350/n02112350_3791.JPEG,261,Keeshond
train/n02112350/n02112350_2659.JPEG,261,Keeshond
train/n02112350/n02112350_1312.JPEG,261,Keeshond
train/n02112350/n02112350_9782.JPEG,261,Keeshond
train/n02112350/n02112350_8572.JPEG,261,Keeshond
train/n02112350/n02112350_443.JPEG,261,Keeshond
train/n02112350/n02112350_940.JPEG,261,Keeshond
train/n02112350/n02112350_5877.JPEG,261,Keeshond
train/n02112350/n02112350_9769.JPEG,261,Keeshond
train/n02112350/n02112350_6047.JPEG,261,Keeshond
train/n02112350/n02112350_3038.JPEG,261,Keeshond
train/n02112350/n02112350_489.JPEG,261,Keeshond
train/n02112350/n02112350_1166.JPEG,261,Keeshond
train/n02112350/n02112350_1345.JPEG,261,Keeshond
train/n02112706/n02112706_1815.JPEG,262,brussels griffon
train/n02112706/n02112706_2653.JPEG,262,brussels griffon
train/n02112706/n02112706_1072.JPEG,262,brussels griffon
train/n02112706/n02112706_3622.JPEG,262,brussels griffon
train/n02112706/n02112706_381.JPEG,262,brussels griffon
train/n02112706/n02112706_3937.JPEG,262,brussels griffon
train/n02112706/n02112706_1682.JPEG,262,brussels griffon
train/n02112706/n02112706_4513.JPEG,262,brussels griffon
train/n02112706/n02112706_4769.JPEG,262,brussels griffon
train/n02112706/n02112706_3865.JPEG,262,brussels griffon
train/n02112706/n02112706_106.JPEG,262,brussels griffon
train/n02112706/n02112706_3641.JPEG,262,brussels griffon
train/n02112706/n02112706_2467.JPEG,262,brussels griffon
train/n02112706/n02112706_2456.JPEG,262,brussels griffon
train/n02112706/n02112706_4179.JPEG,262,brussels griffon
train/n02112706/n02112706_1558.JPEG,262,brussels griffon
train/n02113023/n02113023_836.JPEG,263,Pembroke Welsh Corgi
train/n02113023/n02113023_2978.JPEG,263,Pembroke Welsh Corgi
train/n02113023/n02113023_16082.JPEG,263,Pembroke Welsh Corgi
train/n02113023/n02113023_10183.JPEG,263,Pembroke Welsh Corgi
train/n02113023/n02113023_7510.JPEG,263,Pembroke Welsh Corgi
train/n02113023/n02113023_6998.JPEG,263,Pembroke Welsh Corgi
train/n02113023/n02113023_14170.JPEG,263,Pembroke Welsh Corgi
train/n02113023/n02113023_3885.JPEG,263,Pembroke Welsh Corgi
train/n02113023/n02113023_9167.JPEG,263,Pembroke Welsh Corgi
train/n02113023/n02113023_13169.JPEG,263,Pembroke Welsh Corgi
train/n02113023/n02113023_14314.JPEG,263,Pembroke Welsh Corgi
train/n02113023/n02113023_720.JPEG,263,Pembroke Welsh Corgi
train/n02113023/n02113023_2943.JPEG,263,Pembroke Welsh Corgi
train/n02113023/n02113023_894.JPEG,263,Pembroke Welsh Corgi
train/n02113023/n02113023_4213.JPEG,263,Pembroke Welsh Corgi
train/n02113023/n02113023_3701.JPEG,263,Pembroke Welsh Corgi
train/n02113186/n02113186_12729.JPEG,264,Cardigan Welsh Corgi
train/n02113186/n02113186_5248.JPEG,264,Cardigan Welsh Corgi
train/n02113186/n02113186_12100.JPEG,264,Cardigan Welsh Corgi
train/n02113186/n02113186_7335.JPEG,264,Cardigan Welsh Corgi
train/n02113186/n02113186_186.JPEG,264,Cardigan Welsh Corgi
train/n02113186/n02113186_4532.JPEG,264,Cardigan Welsh Corgi
train/n02113186/n02113186_14981.JPEG,264,Cardigan Welsh Corgi
train/n02113186/n02113186_5459.JPEG,264,Cardigan Welsh Corgi
train/n02113186/n02113186_1006.JPEG,264,Cardigan Welsh Corgi
train/n02113186/n02113186_13860.JPEG,264,Cardigan Welsh Corgi
train/n02113186/n02113186_6374.JPEG,264,Cardigan Welsh Corgi
train/n02113186/n02113186_2320.JPEG,264,Cardigan Welsh Corgi
train/n02113186/n02113186_8521.JPEG,264,Cardigan Welsh Corgi
train/n02113186/n02113186_4841.JPEG,264,Cardigan Welsh Corgi
train/n02113186/n02113186_10496.JPEG,264,Cardigan Welsh Corgi
train/n02113186/n02113186_9300.JPEG,264,Cardigan Welsh Corgi
train/n02113624/n02113624_8342.JPEG,265,Toy Poodle
train/n02113624/n02113624_5515.JPEG,265,Toy Poodle
train/n02113624/n02113624_254.JPEG,265,Toy Poodle
train/n02113624/n02113624_4627.JPEG,265,Toy Poodle
train/n02113624/n02113624_3850.JPEG,265,Toy Poodle
train/n02113624/n02113624_2575.JPEG,265,Toy Poodle
train/n02113624/n02113624_9358.JPEG,265,Toy Poodle
train/n02113624/n02113624_283.JPEG,265,Toy Poodle
train/n02113624/n02113624_3944.JPEG,265,Toy Poodle
train/n02113624/n02113624_8066.JPEG,265,Toy Poodle
train/n02113624/n02113624_7857.JPEG,265,Toy Poodle
train/n02113624/n02113624_1274.JPEG,265,Toy Poodle
train/n02113624/n02113624_9282.JPEG,265,Toy Poodle
train/n02113624/n02113624_8020.JPEG,265,Toy Poodle
train/n02113624/n02113624_7572.JPEG,265,Toy Poodle
train/n02113624/n02113624_6455.JPEG,265,Toy Poodle
train/n02113712/n02113712_394.JPEG,266,Miniature Poodle
train/n02113712/n02113712_600.JPEG,266,Miniature Poodle
train/n02113712/n02113712_16139.JPEG,266,Miniature Poodle
train/n02113712/n02113712_16119.JPEG,266,Miniature Poodle
train/n02113712/n02113712_7051.JPEG,266,Miniature Poodle
train/n02113712/n02113712_18315.JPEG,266,Miniature Poodle
train/n02113712/n02113712_441.JPEG,266,Miniature Poodle
train/n02113712/n02113712_256.JPEG,266,Miniature Poodle
train/n02113712/n02113712_3060.JPEG,266,Miniature Poodle
train/n02113712/n02113712_300.JPEG,266,Miniature Poodle
train/n02113712/n02113712_8595.JPEG,266,Miniature Poodle
train/n02113712/n02113712_13428.JPEG,266,Miniature Poodle
train/n02113712/n02113712_2485.JPEG,266,Miniature Poodle
train/n02113712/n02113712_2364.JPEG,266,Miniature Poodle
train/n02113712/n02113712_8667.JPEG,266,Miniature Poodle
train/n02113712/n02113712_6432.JPEG,266,Miniature Poodle
train/n02113799/n02113799_464.JPEG,267,Standard Poodle
train/n02113799/n02113799_119.JPEG,267,Standard Poodle
train/n02113799/n02113799_7704.JPEG,267,Standard Poodle
train/n02113799/n02113799_19875.JPEG,267,Standard Poodle
train/n02113799/n02113799_1146.JPEG,267,Standard Poodle
train/n02113799/n02113799_11098.JPEG,267,Standard Poodle
train/n02113799/n02113799_485.JPEG,267,Standard Poodle
train/n02113799/n02113799_552.JPEG,267,Standard Poodle
train/n02113799/n02113799_722.JPEG,267,Standard Poodle
train/n02113799/n02113799_527.JPEG,267,Standard Poodle
train/n02113799/n02113799_1136.JPEG,267,Standard Poodle
train/n02113799/n02113799_3685.JPEG,267,Standard Poodle
train/n02113799/n02113799_8359.JPEG,267,Standard Poodle
train/n02113799/n02113799_5704.JPEG,267,Standard Poodle
train/n02113799/n02113799_8708.JPEG,267,Standard Poodle
train/n02113799/n02113799_22109.JPEG,267,Standard Poodle
train/n02113978/n02113978_8201.JPEG,268,Mexican hairless dog (xoloitzcuintli)
train/n02113978/n02113978_9881.JPEG,268,Mexican hairless dog (xoloitzcuintli)
train/n02113978/n02113978_5843.JPEG,268,Mexican hairless dog (xoloitzcuintli)
train/n02113978/n02113978_8074.JPEG,268,Mexican hairless dog (xoloitzcuintli)
train/n02113978/n02113978_4834.JPEG,268,Mexican hairless dog (xoloitzcuintli)
train/n02113978/n02113978_3954.JPEG,268,Mexican hairless dog (xoloitzcuintli)
train/n02113978/n02113978_9309.JPEG,268,Mexican hairless dog (xoloitzcuintli)
train/n02113978/n02113978_4473.JPEG,268,Mexican hairless dog (xoloitzcuintli)
train/n02113978/n02113978_272.JPEG,268,Mexican hairless dog (xoloitzcuintli)
train/n02113978/n02113978_1954.JPEG,268,Mexican hairless dog (xoloitzcuintli)
train/n02113978/n02113978_5877.JPEG,268,Mexican hairless dog (xoloitzcuintli)
train/n02113978/n02113978_1956.JPEG,268,Mexican hairless dog (xoloitzcuintli)
train/n02113978/n02113978_3823.JPEG,268,Mexican hairless dog (xoloitzcuintli)
train/n02113978/n02113978_2491.JPEG,268,Mexican hairless dog (xoloitzcuintli)
train/n02113978/n02113978_4051.JPEG,268,Mexican hairless dog (xoloitzcuintli)
train/n02113978/n02113978_7223.JPEG,268,Mexican hairless dog (xoloitzcuintli)
train/n02114367/n02114367_2640.JPEG,269,grey wolf
train/n02114367/n02114367_3593.JPEG,269,grey wolf
train/n02114367/n02114367_7905.JPEG,269,grey wolf
train/n02114367/n02114367_14027.JPEG,269,grey wolf
train/n02114367/n02114367_10528.JPEG,269,grey wolf
train/n02114367/n02114367_15395.JPEG,269,grey wolf
train/n02114367/n02114367_11074.JPEG,269,grey wolf
train/n02114367/n02114367_2504.JPEG,269,grey wolf
train/n02114367/n02114367_5470.JPEG,269,grey wolf
train/n02114367/n02114367_19034.JPEG,269,grey wolf
train/n02114367/n02114367_8456.JPEG,269,grey wolf
train/n02114367/n02114367_69.JPEG,269,grey wolf
train/n02114367/n02114367_155.JPEG,269,grey wolf
train/n02114367/n02114367_15651.JPEG,269,grey wolf
train/n02114367/n02114367_11507.JPEG,269,grey wolf
train/n02114367/n02114367_4940.JPEG,269,grey wolf
train/n02114548/n02114548_6459.JPEG,270,Alaskan tundra wolf
train/n02114548/n02114548_12989.JPEG,270,Alaskan tundra wolf
train/n02114548/n02114548_12362.JPEG,270,Alaskan tundra wolf
train/n02114548/n02114548_10425.JPEG,270,Alaskan tundra wolf
train/n02114548/n02114548_1394.JPEG,270,Alaskan tundra wolf
train/n02114548/n02114548_9948.JPEG,270,Alaskan tundra wolf
train/n02114548/n02114548_1126.JPEG,270,Alaskan tundra wolf
train/n02114548/n02114548_20807.JPEG,270,Alaskan tundra wolf
train/n02114548/n02114548_10349.JPEG,270,Alaskan tundra wolf
train/n02114548/n02114548_13228.JPEG,270,Alaskan tundra wolf
train/n02114548/n02114548_3515.JPEG,270,Alaskan tundra wolf
train/n02114548/n02114548_12596.JPEG,270,Alaskan tundra wolf
train/n02114548/n02114548_6345.JPEG,270,Alaskan tundra wolf
train/n02114548/n02114548_3931.JPEG,270,Alaskan tundra wolf
train/n02114548/n02114548_18146.JPEG,270,Alaskan tundra wolf
train/n02114548/n02114548_4256.JPEG,270,Alaskan tundra wolf
train/n02114712/n02114712_2533.JPEG,271,red wolf or maned wolf
train/n02114712/n02114712_17646.JPEG,271,red wolf or maned wolf
train/n02114712/n02114712_8734.JPEG,271,red wolf or maned wolf
train/n02114712/n02114712_18400.JPEG,271,red wolf or maned wolf
train/n02114712/n02114712_10260.JPEG,271,red wolf or maned wolf
train/n02114712/n02114712_16657.JPEG,271,red wolf or maned wolf
train/n02114712/n02114712_1598.JPEG,271,red wolf or maned wolf
train/n02114712/n02114712_17999.JPEG,271,red wolf or maned wolf
train/n02114712/n02114712_338.JPEG,271,red wolf or maned wolf
train/n02114712/n02114712_22151.JPEG,271,red wolf or maned wolf
train/n02114712/n02114712_15937.JPEG,271,red wolf or maned wolf
train/n02114712/n02114712_2593.JPEG,271,red wolf or maned wolf
train/n02114712/n02114712_8298.JPEG,271,red wolf or maned wolf
train/n02114712/n02114712_23077.JPEG,271,red wolf or maned wolf
train/n02114712/n02114712_13067.JPEG,271,red wolf or maned wolf
train/n02114712/n02114712_442.JPEG,271,red wolf or maned wolf
train/n02114855/n02114855_6266.JPEG,272,coyote
train/n02114855/n02114855_2964.JPEG,272,coyote
train/n02114855/n02114855_11829.JPEG,272,coyote
train/n02114855/n02114855_38896.JPEG,272,coyote
train/n02114855/n02114855_278.JPEG,272,coyote
train/n02114855/n02114855_7882.JPEG,272,coyote
train/n02114855/n02114855_7031.JPEG,272,coyote
train/n02114855/n02114855_14694.JPEG,272,coyote
train/n02114855/n02114855_7873.JPEG,272,coyote
train/n02114855/n02114855_9332.JPEG,272,coyote
train/n02114855/n02114855_13279.JPEG,272,coyote
train/n02114855/n02114855_6370.JPEG,272,coyote
train/n02114855/n02114855_7263.JPEG,272,coyote
train/n02114855/n02114855_20519.JPEG,272,coyote
train/n02114855/n02114855_13683.JPEG,272,coyote
train/n02114855/n02114855_15897.JPEG,272,coyote
train/n02115641/n02115641_2370.JPEG,273,dingo
train/n02115641/n02115641_23036.JPEG,273,dingo
train/n02115641/n02115641_1154.JPEG,273,dingo
train/n02115641/n02115641_6838.JPEG,273,dingo
train/n02115641/n02115641_22979.JPEG,273,dingo
train/n02115641/n02115641_13295.JPEG,273,dingo
train/n02115641/n02115641_22913.JPEG,273,dingo
train/n02115641/n02115641_45766.JPEG,273,dingo
train/n02115641/n02115641_9824.JPEG,273,dingo
train/n02115641/n02115641_4226.JPEG,273,dingo
train/n02115641/n02115641_11699.JPEG,273,dingo
train/n02115641/n02115641_1228.JPEG,273,dingo
train/n02115641/n02115641_40866.JPEG,273,dingo
train/n02115641/n02115641_24173.JPEG,273,dingo
train/n02115641/n02115641_12990.JPEG,273,dingo
train/n02115641/n02115641_281.JPEG,273,dingo
train/n02115913/n02115913_1649.JPEG,274,dhole
train/n02115913/n02115913_11268.JPEG,274,dhole
train/n02115913/n02115913_7385.JPEG,274,dhole
train/n02115913/n02115913_13694.JPEG,274,dhole
train/n02115913/n02115913_10977.JPEG,274,dhole
train/n02115913/n02115913_2414.JPEG,274,dhole
train/n02115913/n02115913_1188.JPEG,274,dhole
train/n02115913/n02115913_12149.JPEG,274,dhole
train/n02115913/n02115913_13142.JPEG,274,dhole
train/n02115913/n02115913_11882.JPEG,274,dhole
train/n02115913/n02115913_9501.JPEG,274,dhole
train/n02115913/n02115913_532.JPEG,274,dhole
train/n02115913/n02115913_142.JPEG,274,dhole
train/n02115913/n02115913_52.JPEG,274,dhole
train/n02115913/n02115913_2746.JPEG,274,dhole
train/n02115913/n02115913_3381.JPEG,274,dhole
train/n02116738/n02116738_21541.JPEG,275,African wild dog
train/n02116738/n02116738_4682.JPEG,275,African wild dog
train/n02116738/n02116738_37645.JPEG,275,African wild dog
train/n02116738/n02116738_6169.JPEG,275,African wild dog
train/n02116738/n02116738_21488.JPEG,275,African wild dog
train/n02116738/n02116738_6767.JPEG,275,African wild dog
train/n02116738/n02116738_6328.JPEG,275,African wild dog
train/n02116738/n02116738_2809.JPEG,275,African wild dog
train/n02116738/n02116738_39395.JPEG,275,African wild dog
train/n02116738/n02116738_233.JPEG,275,African wild dog
train/n02116738/n02116738_17865.JPEG,275,African wild dog
train/n02116738/n02116738_21825.JPEG,275,African wild dog
train/n02116738/n02116738_2802.JPEG,275,African wild dog
train/n02116738/n02116738_8856.JPEG,275,African wild dog
train/n02116738/n02116738_22040.JPEG,275,African wild dog
train/n02116738/n02116738_39674.JPEG,275,African wild dog
train/n02117135/n02117135_1830.JPEG,276,hyena
train/n02117135/n02117135_18053.JPEG,276,hyena
train/n02117135/n02117135_3387.JPEG,276,hyena
train/n02117135/n02117135_14514.JPEG,276,hyena
train/n02117135/n02117135_4205.JPEG,276,hyena
train/n02117135/n02117135_14264.JPEG,276,hyena
train/n02117135/n02117135_9800.JPEG,276,hyena
train/n02117135/n02117135_1540.JPEG,276,hyena
train/n02117135/n02117135_7291.JPEG,276,hyena
train/n02117135/n02117135_6007.JPEG,276,hyena
train/n02117135/n02117135_9959.JPEG,276,hyena
train/n02117135/n02117135_9781.JPEG,276,hyena
train/n02117135/n02117135_10068.JPEG,276,hyena
train/n02117135/n02117135_3622.JPEG,276,hyena
train/n02117135/n02117135_9740.JPEG,276,hyena
train/n02117135/n02117135_426.JPEG,276,hyena
train/n02119022/n02119022_13849.JPEG,277,red fox
train/n02119022/n02119022_2117.JPEG,277,red fox
train/n02119022/n02119022_13112.JPEG,277,red fox
train/n02119022/n02119022_5917.JPEG,277,red fox
train/n02119022/n02119022_2172.JPEG,277,red fox
train/n02119022/n02119022_11772.JPEG,277,red fox
train/n02119022/n02119022_3129.JPEG,277,red fox
train/n02119022/n02119022_6174.JPEG,277,red fox
train/n02119022/n02119022_2353.JPEG,277,red fox
train/n02119022/n02119022_149.JPEG,277,red fox
train/n02119022/n02119022_4126.JPEG,277,red fox
train/n02119022/n02119022_415.JPEG,277,red fox
train/n02119022/n02119022_37.JPEG,277,red fox
train/n02119022/n02119022_82.JPEG,277,red fox
train/n02119022/n02119022_2178.JPEG,277,red fox
train/n02119022/n02119022_6712.JPEG,277,red fox
train/n02119789/n02119789_9213.JPEG,278,kit fox
train/n02119789/n02119789_3913.JPEG,278,kit fox
train/n02119789/n02119789_13505.JPEG,278,kit fox
train/n02119789/n02119789_7685.JPEG,278,kit fox
train/n02119789/n02119789_5377.JPEG,278,kit fox
train/n02119789/n02119789_911.JPEG,278,kit fox
train/n02119789/n02119789_12103.JPEG,278,kit fox
train/n02119789/n02119789_17967.JPEG,278,kit fox
train/n02119789/n02119789_8942.JPEG,278,kit fox
train/n02119789/n02119789_13141.JPEG,278,kit fox
train/n02119789/n02119789_9743.JPEG,278,kit fox
train/n02119789/n02119789_13065.JPEG,278,kit fox
train/n02119789/n02119789_11730.JPEG,278,kit fox
train/n02119789/n02119789_12618.JPEG,278,kit fox
train/n02119789/n02119789_10912.JPEG,278,kit fox
train/n02119789/n02119789_4701.JPEG,278,kit fox
train/n02120079/n02120079_8428.JPEG,279,Arctic fox
train/n02120079/n02120079_33796.JPEG,279,Arctic fox
train/n02120079/n02120079_3895.JPEG,279,Arctic fox
train/n02120079/n02120079_2700.JPEG,279,Arctic fox
train/n02120079/n02120079_12888.JPEG,279,Arctic fox
train/n02120079/n02120079_3447.JPEG,279,Arctic fox
train/n02120079/n02120079_16197.JPEG,279,Arctic fox
train/n02120079/n02120079_27992.JPEG,279,Arctic fox
train/n02120079/n02120079_28322.JPEG,279,Arctic fox
train/n02120079/n02120079_3675.JPEG,279,Arctic fox
train/n02120079/n02120079_3248.JPEG,279,Arctic fox
train/n02120079/n02120079_21633.JPEG,279,Arctic fox
train/n02120079/n02120079_11868.JPEG,279,Arctic fox
train/n02120079/n02120079_26916.JPEG,279,Arctic fox
train/n02120079/n02120079_526.JPEG,279,Arctic fox
train/n02120079/n02120079_622.JPEG,279,Arctic fox
train/n02120505/n02120505_14213.JPEG,280,grey fox
train/n02120505/n02120505_17029.JPEG,280,grey fox
train/n02120505/n02120505_15850.JPEG,280,grey fox
train/n02120505/n02120505_12081.JPEG,280,grey fox
train/n02120505/n02120505_11817.JPEG,280,grey fox
train/n02120505/n02120505_4084.JPEG,280,grey fox
train/n02120505/n02120505_2913.JPEG,280,grey fox
train/n02120505/n02120505_22267.JPEG,280,grey fox
train/n02120505/n02120505_20663.JPEG,280,grey fox
train/n02120505/n02120505_15401.JPEG,280,grey fox
train/n02120505/n02120505_22892.JPEG,280,grey fox
train/n02120505/n02120505_9579.JPEG,280,grey fox
train/n02120505/n02120505_290.JPEG,280,grey fox
train/n02120505/n02120505_7319.JPEG,280,grey fox
train/n02120505/n02120505_12237.JPEG,280,grey fox
train/n02120505/n02120505_7595.JPEG,280,grey fox
train/n02123045/n02123045_15494.JPEG,281,tabby cat
train/n02123045/n02123045_9178.JPEG,281,tabby cat
train/n02123045/n02123045_5271.JPEG,281,tabby cat
train/n02123045/n02123045_4252.JPEG,281,tabby cat
train/n02123045/n02123045_3451.JPEG,281,tabby cat
train/n02123045/n02123045_5010.JPEG,281,tabby cat
train/n02123045/n02123045_6967.JPEG,281,tabby cat
train/n02123045/n02123045_21134.JPEG,281,tabby cat
train/n02123045/n02123045_283.JPEG,281,tabby cat
train/n02123045/n02123045_11492.JPEG,281,tabby cat
train/n02123045/n02123045_6636.JPEG,281,tabby cat
train/n02123045/n02123045_8579.JPEG,281,tabby cat
train/n02123045/n02123045_6245.JPEG,281,tabby cat
train/n02123045/n02123045_473.JPEG,281,tabby cat
train/n02123045/n02123045_7233.JPEG,281,tabby cat
train/n02123045/n02123045_10849.JPEG,281,tabby cat
train/n02123159/n02123159_830.JPEG,282,tiger cat
train/n02123159/n02123159_6041.JPEG,282,tiger cat
train/n02123159/n02123159_6862.JPEG,282,tiger cat
train/n02123159/n02123159_1794.JPEG,282,tiger cat
train/n02123159/n02123159_2875.JPEG,282,tiger cat
train/n02123159/n02123159_7842.JPEG,282,tiger cat
train/n02123159/n02123159_200.JPEG,282,tiger cat
train/n02123159/n02123159_1070.JPEG,282,tiger cat
train/n02123159/n02123159_7369.JPEG,282,tiger cat
train/n02123159/n02123159_406.JPEG,282,tiger cat
train/n02123159/n02123159_2514.JPEG,282,tiger cat
train/n02123159/n02123159_7953.JPEG,282,tiger cat
train/n02123159/n02123159_617.JPEG,282,tiger cat
train/n02123159/n02123159_2593.JPEG,282,tiger cat
train/n02123159/n02123159_2972.JPEG,282,tiger cat
train/n02123159/n02123159_8076.JPEG,282,tiger cat
train/n02123394/n02123394_2765.JPEG,283,Persian cat
train/n02123394/n02123394_5104.JPEG,283,Persian cat
train/n02123394/n02123394_1095.JPEG,283,Persian cat
train/n02123394/n02123394_6603.JPEG,283,Persian cat
train/n02123394/n02123394_1627.JPEG,283,Persian cat
train/n02123394/n02123394_1391.JPEG,283,Persian cat
train/n02123394/n02123394_832.JPEG,283,Persian cat
train/n02123394/n02123394_9089.JPEG,283,Persian cat
train/n02123394/n02123394_7233.JPEG,283,Persian cat
train/n02123394/n02123394_4328.JPEG,283,Persian cat
train/n02123394/n02123394_8034.JPEG,283,Persian cat
train/n02123394/n02123394_525.JPEG,283,Persian cat
train/n02123394/n02123394_6551.JPEG,283,Persian cat
train/n02123394/n02123394_2227.JPEG,283,Persian cat
train/n02123394/n02123394_8568.JPEG,283,Persian cat
train/n02123394/n02123394_9646.JPEG,283,Persian cat
train/n02123597/n02123597_1014.JPEG,284,Siamese cat
train/n02123597/n02123597_13671.JPEG,284,Siamese cat
train/n02123597/n02123597_13519.JPEG,284,Siamese cat
train/n02123597/n02123597_32577.JPEG,284,Siamese cat
train/n02123597/n02123597_10665.JPEG,284,Siamese cat
train/n02123597/n02123597_6706.JPEG,284,Siamese cat
train/n02123597/n02123597_877.JPEG,284,Siamese cat
train/n02123597/n02123597_17369.JPEG,284,Siamese cat
train/n02123597/n02123597_1990.JPEG,284,Siamese cat
train/n02123597/n02123597_9656.JPEG,284,Siamese cat
train/n02123597/n02123597_2393.JPEG,284,Siamese cat
train/n02123597/n02123597_5282.JPEG,284,Siamese cat
train/n02123597/n02123597_8497.JPEG,284,Siamese cat
train/n02123597/n02123597_8165.JPEG,284,Siamese cat
train/n02123597/n02123597_11278.JPEG,284,Siamese cat
train/n02123597/n02123597_12157.JPEG,284,Siamese cat
train/n02124075/n02124075_521.JPEG,285,Egyptian Mau
train/n02124075/n02124075_6638.JPEG,285,Egyptian Mau
train/n02124075/n02124075_3707.JPEG,285,Egyptian Mau
train/n02124075/n02124075_9499.JPEG,285,Egyptian Mau
train/n02124075/n02124075_2964.JPEG,285,Egyptian Mau
train/n02124075/n02124075_6722.JPEG,285,Egyptian Mau
train/n02124075/n02124075_13683.JPEG,285,Egyptian Mau
train/n02124075/n02124075_14197.JPEG,285,Egyptian Mau
train/n02124075/n02124075_12286.JPEG,285,Egyptian Mau
train/n02124075/n02124075_4467.JPEG,285,Egyptian Mau
train/n02124075/n02124075_8459.JPEG,285,Egyptian Mau
train/n02124075/n02124075_11176.JPEG,285,Egyptian Mau
train/n02124075/n02124075_12345.JPEG,285,Egyptian Mau
train/n02124075/n02124075_488.JPEG,285,Egyptian Mau
train/n02124075/n02124075_5453.JPEG,285,Egyptian Mau
train/n02124075/n02124075_2129.JPEG,285,Egyptian Mau
train/n02125311/n02125311_21556.JPEG,286,cougar
train/n02125311/n02125311_40991.JPEG,286,cougar
train/n02125311/n02125311_23734.JPEG,286,cougar
train/n02125311/n02125311_38215.JPEG,286,cougar
train/n02125311/n02125311_9061.JPEG,286,cougar
train/n02125311/n02125311_6863.JPEG,286,cougar
train/n02125311/n02125311_25612.JPEG,286,cougar
train/n02125311/n02125311_17931.JPEG,286,cougar
train/n02125311/n02125311_5711.JPEG,286,cougar
train/n02125311/n02125311_59332.JPEG,286,cougar
train/n02125311/n02125311_4925.JPEG,286,cougar
train/n02125311/n02125311_55808.JPEG,286,cougar
train/n02125311/n02125311_15351.JPEG,286,cougar
train/n02125311/n02125311_33014.JPEG,286,cougar
train/n02125311/n02125311_46468.JPEG,286,cougar
train/n02125311/n02125311_24343.JPEG,286,cougar
train/n02127052/n02127052_1989.JPEG,287,lynx
train/n02127052/n02127052_92.JPEG,287,lynx
train/n02127052/n02127052_23191.JPEG,287,lynx
train/n02127052/n02127052_1720.JPEG,287,lynx
train/n02127052/n02127052_5733.JPEG,287,lynx
train/n02127052/n02127052_24698.JPEG,287,lynx
train/n02127052/n02127052_39789.JPEG,287,lynx
train/n02127052/n02127052_7986.JPEG,287,lynx
train/n02127052/n02127052_9755.JPEG,287,lynx
train/n02127052/n02127052_16602.JPEG,287,lynx
train/n02127052/n02127052_18174.JPEG,287,lynx
train/n02127052/n02127052_22915.JPEG,287,lynx
train/n02127052/n02127052_3975.JPEG,287,lynx
train/n02127052/n02127052_3820.JPEG,287,lynx
train/n02127052/n02127052_17309.JPEG,287,lynx
train/n02127052/n02127052_10180.JPEG,287,lynx
train/n02128385/n02128385_15403.JPEG,288,leopard
train/n02128385/n02128385_7139.JPEG,288,leopard
train/n02128385/n02128385_2154.JPEG,288,leopard
train/n02128385/n02128385_4803.JPEG,288,leopard
train/n02128385/n02128385_15968.JPEG,288,leopard
train/n02128385/n02128385_1484.JPEG,288,leopard
train/n02128385/n02128385_4908.JPEG,288,leopard
train/n02128385/n02128385_6519.JPEG,288,leopard
train/n02128385/n02128385_4750.JPEG,288,leopard
train/n02128385/n02128385_668.JPEG,288,leopard
train/n02128385/n02128385_17551.JPEG,288,leopard
train/n02128385/n02128385_13029.JPEG,288,leopard
train/n02128385/n02128385_5500.JPEG,288,leopard
train/n02128385/n02128385_8155.JPEG,288,leopard
train/n02128385/n02128385_2489.JPEG,288,leopard
train/n02128385/n02128385_1618.JPEG,288,leopard
train/n02128757/n02128757_12583.JPEG,289,snow leopard
train/n02128757/n02128757_215.JPEG,289,snow leopard
train/n02128757/n02128757_14507.JPEG,289,snow leopard
train/n02128757/n02128757_5651.JPEG,289,snow leopard
train/n02128757/n02128757_13357.JPEG,289,snow leopard
train/n02128757/n02128757_8683.JPEG,289,snow leopard
train/n02128757/n02128757_359.JPEG,289,snow leopard
train/n02128757/n02128757_3645.JPEG,289,snow leopard
train/n02128757/n02128757_5823.JPEG,289,snow leopard
train/n02128757/n02128757_11983.JPEG,289,snow leopard
train/n02128757/n02128757_233.JPEG,289,snow leopard
train/n02128757/n02128757_5941.JPEG,289,snow leopard
train/n02128757/n02128757_12334.JPEG,289,snow leopard
train/n02128757/n02128757_3187.JPEG,289,snow leopard
train/n02128757/n02128757_7738.JPEG,289,snow leopard
train/n02128757/n02128757_117.JPEG,289,snow leopard
train/n02128925/n02128925_26238.JPEG,290,jaguar
train/n02128925/n02128925_40786.JPEG,290,jaguar
train/n02128925/n02128925_13109.JPEG,290,jaguar
train/n02128925/n02128925_16316.JPEG,290,jaguar
train/n02128925/n02128925_65299.JPEG,290,jaguar
train/n02128925/n02128925_23718.JPEG,290,jaguar
train/n02128925/n02128925_31599.JPEG,290,jaguar
train/n02128925/n02128925_39093.JPEG,290,jaguar
train/n02128925/n02128925_18151.JPEG,290,jaguar
train/n02128925/n02128925_3172.JPEG,290,jaguar
train/n02128925/n02128925_33794.JPEG,290,jaguar
train/n02128925/n02128925_30948.JPEG,290,jaguar
train/n02128925/n02128925_13072.JPEG,290,jaguar
train/n02128925/n02128925_23659.JPEG,290,jaguar
train/n02128925/n02128925_8024.JPEG,290,jaguar
train/n02128925/n02128925_72109.JPEG,290,jaguar
train/n02129165/n02129165_1986.JPEG,291,lion
train/n02129165/n02129165_5684.JPEG,291,lion
train/n02129165/n02129165_8083.JPEG,291,lion
train/n02129165/n02129165_9146.JPEG,291,lion
train/n02129165/n02129165_647.JPEG,291,lion
train/n02129165/n02129165_10455.JPEG,291,lion
train/n02129165/n02129165_10291.JPEG,291,lion
train/n02129165/n02129165_11948.JPEG,291,lion
train/n02129165/n02129165_295.JPEG,291,lion
train/n02129165/n02129165_16913.JPEG,291,lion
train/n02129165/n02129165_3895.JPEG,291,lion
train/n02129165/n02129165_14015.JPEG,291,lion
train/n02129165/n02129165_4159.JPEG,291,lion
train/n02129165/n02129165_8726.JPEG,291,lion
train/n02129165/n02129165_14751.JPEG,291,lion
train/n02129165/n02129165_1669.JPEG,291,lion
train/n02129604/n02129604_1919.JPEG,292,tiger
train/n02129604/n02129604_10287.JPEG,292,tiger
train/n02129604/n02129604_13341.JPEG,292,tiger
train/n02129604/n02129604_5139.JPEG,292,tiger
train/n02129604/n02129604_10027.JPEG,292,tiger
train/n02129604/n02129604_3048.JPEG,292,tiger
train/n02129604/n02129604_1198.JPEG,292,tiger
train/n02129604/n02129604_11732.JPEG,292,tiger
train/n02129604/n02129604_14214.JPEG,292,tiger
train/n02129604/n02129604_2481.JPEG,292,tiger
train/n02129604/n02129604_4060.JPEG,292,tiger
train/n02129604/n02129604_11319.JPEG,292,tiger
train/n02129604/n02129604_7019.JPEG,292,tiger
train/n02129604/n02129604_10750.JPEG,292,tiger
train/n02129604/n02129604_3903.JPEG,292,tiger
train/n02129604/n02129604_19761.JPEG,292,tiger
train/n02130308/n02130308_7529.JPEG,293,cheetah
train/n02130308/n02130308_15570.JPEG,293,cheetah
train/n02130308/n02130308_17250.JPEG,293,cheetah
train/n02130308/n02130308_1531.JPEG,293,cheetah
train/n02130308/n02130308_22879.JPEG,293,cheetah
train/n02130308/n02130308_8819.JPEG,293,cheetah
train/n02130308/n02130308_2554.JPEG,293,cheetah
train/n02130308/n02130308_11401.JPEG,293,cheetah
train/n02130308/n02130308_15410.JPEG,293,cheetah
train/n02130308/n02130308_7934.JPEG,293,cheetah
train/n02130308/n02130308_1088.JPEG,293,cheetah
train/n02130308/n02130308_5087.JPEG,293,cheetah
train/n02130308/n02130308_8541.JPEG,293,cheetah
train/n02130308/n02130308_4000.JPEG,293,cheetah
train/n02130308/n02130308_4372.JPEG,293,cheetah
train/n02130308/n02130308_4883.JPEG,293,cheetah
train/n02132136/n02132136_3003.JPEG,294,brown bear
train/n02132136/n02132136_3094.JPEG,294,brown bear
train/n02132136/n02132136_32785.JPEG,294,brown bear
train/n02132136/n02132136_6507.JPEG,294,brown bear
train/n02132136/n02132136_11217.JPEG,294,brown bear
train/n02132136/n02132136_9565.JPEG,294,brown bear
train/n02132136/n02132136_22313.JPEG,294,brown bear
train/n02132136/n02132136_7980.JPEG,294,brown bear
train/n02132136/n02132136_9055.JPEG,294,brown bear
train/n02132136/n02132136_735.JPEG,294,brown bear
train/n02132136/n02132136_8880.JPEG,294,brown bear
train/n02132136/n02132136_322.JPEG,294,brown bear
train/n02132136/n02132136_2863.JPEG,294,brown bear
train/n02132136/n02132136_4785.JPEG,294,brown bear
train/n02132136/n02132136_30999.JPEG,294,brown bear
train/n02132136/n02132136_217.JPEG,294,brown bear
train/n02133161/n02133161_298.JPEG,295,American black bear
train/n02133161/n02133161_4146.JPEG,295,American black bear
train/n02133161/n02133161_752.JPEG,295,American black bear
train/n02133161/n02133161_654.JPEG,295,American black bear
train/n02133161/n02133161_13789.JPEG,295,American black bear
train/n02133161/n02133161_11854.JPEG,295,American black bear
train/n02133161/n02133161_8002.JPEG,295,American black bear
train/n02133161/n02133161_4169.JPEG,295,American black bear
train/n02133161/n02133161_10858.JPEG,295,American black bear
train/n02133161/n02133161_4876.JPEG,295,American black bear
train/n02133161/n02133161_4573.JPEG,295,American black bear
train/n02133161/n02133161_12437.JPEG,295,American black bear
train/n02133161/n02133161_15386.JPEG,295,American black bear
train/n02133161/n02133161_1844.JPEG,295,American black bear
train/n02133161/n02133161_2069.JPEG,295,American black bear
train/n02133161/n02133161_3836.JPEG,295,American black bear
train/n02134084/n02134084_12189.JPEG,296,polar bear
train/n02134084/n02134084_5027.JPEG,296,polar bear
train/n02134084/n02134084_8401.JPEG,296,polar bear
train/n02134084/n02134084_7910.JPEG,296,polar bear
train/n02134084/n02134084_8111.JPEG,296,polar bear
train/n02134084/n02134084_7079.JPEG,296,polar bear
train/n02134084/n02134084_5650.JPEG,296,polar bear
train/n02134084/n02134084_16227.JPEG,296,polar bear
train/n02134084/n02134084_8623.JPEG,296,polar bear
train/n02134084/n02134084_22292.JPEG,296,polar bear
train/n02134084/n02134084_8433.JPEG,296,polar bear
train/n02134084/n02134084_2242.JPEG,296,polar bear
train/n02134084/n02134084_6783.JPEG,296,polar bear
train/n02134084/n02134084_27231.JPEG,296,polar bear
train/n02134084/n02134084_4716.JPEG,296,polar bear
train/n02134084/n02134084_33375.JPEG,296,polar bear
train/n02134418/n02134418_4790.JPEG,297,sloth bear
train/n02134418/n02134418_2450.JPEG,297,sloth bear
train/n02134418/n02134418_13618.JPEG,297,sloth bear
train/n02134418/n02134418_5630.JPEG,297,sloth bear
train/n02134418/n02134418_4672.JPEG,297,sloth bear
train/n02134418/n02134418_940.JPEG,297,sloth bear
train/n02134418/n02134418_5967.JPEG,297,sloth bear
train/n02134418/n02134418_405.JPEG,297,sloth bear
train/n02134418/n02134418_2406.JPEG,297,sloth bear
train/n02134418/n02134418_3506.JPEG,297,sloth bear
train/n02134418/n02134418_4717.JPEG,297,sloth bear
train/n02134418/n02134418_1487.JPEG,297,sloth bear
train/n02134418/n02134418_1906.JPEG,297,sloth bear
train/n02134418/n02134418_5326.JPEG,297,sloth bear
train/n02134418/n02134418_2598.JPEG,297,sloth bear
train/n02134418/n02134418_5269.JPEG,297,sloth bear
train/n02137549/n02137549_1311.JPEG,298,mongoose
train/n02137549/n02137549_6203.JPEG,298,mongoose
train/n02137549/n02137549_3002.JPEG,298,mongoose
train/n02137549/n02137549_4625.JPEG,298,mongoose
train/n02137549/n02137549_5680.JPEG,298,mongoose
train/n02137549/n02137549_2013.JPEG,298,mongoose
train/n02137549/n02137549_11129.JPEG,298,mongoose
train/n02137549/n02137549_1405.JPEG,298,mongoose
train/n02137549/n02137549_4831.JPEG,298,mongoose
train/n02137549/n02137549_9830.JPEG,298,mongoose
train/n02137549/n02137549_3710.JPEG,298,mongoose
train/n02137549/n02137549_5029.JPEG,298,mongoose
train/n02137549/n02137549_4551.JPEG,298,mongoose
train/n02137549/n02137549_8183.JPEG,298,mongoose
train/n02137549/n02137549_3601.JPEG,298,mongoose
train/n02137549/n02137549_1271.JPEG,298,mongoose
train/n02138441/n02138441_8114.JPEG,299,meerkat
train/n02138441/n02138441_4611.JPEG,299,meerkat
train/n02138441/n02138441_66.JPEG,299,meerkat
train/n02138441/n02138441_1190.JPEG,299,meerkat
train/n02138441/n02138441_6791.JPEG,299,meerkat
train/n02138441/n02138441_3088.JPEG,299,meerkat
train/n02138441/n02138441_877.JPEG,299,meerkat
train/n02138441/n02138441_3901.JPEG,299,meerkat
train/n02138441/n02138441_7617.JPEG,299,meerkat
train/n02138441/n02138441_1466.JPEG,299,meerkat
train/n02138441/n02138441_3946.JPEG,299,meerkat
train/n02138441/n02138441_4231.JPEG,299,meerkat
train/n02138441/n02138441_5982.JPEG,299,meerkat
train/n02138441/n02138441_6728.JPEG,299,meerkat
train/n02138441/n02138441_5594.JPEG,299,meerkat
train/n02138441/n02138441_4482.JPEG,299,meerkat
train/n02165105/n02165105_12744.JPEG,300,tiger beetle
train/n02165105/n02165105_9787.JPEG,300,tiger beetle
train/n02165105/n02165105_2038.JPEG,300,tiger beetle
train/n02165105/n02165105_6491.JPEG,300,tiger beetle
train/n02165105/n02165105_276.JPEG,300,tiger beetle
train/n02165105/n02165105_9390.JPEG,300,tiger beetle
train/n02165105/n02165105_10823.JPEG,300,tiger beetle
train/n02165105/n02165105_510.JPEG,300,tiger beetle
train/n02165105/n02165105_2492.JPEG,300,tiger beetle
train/n02165105/n02165105_6522.JPEG,300,tiger beetle
train/n02165105/n02165105_10981.JPEG,300,tiger beetle
train/n02165105/n02165105_320.JPEG,300,tiger beetle
train/n02165105/n02165105_8863.JPEG,300,tiger beetle
train/n02165105/n02165105_87.JPEG,300,tiger beetle
train/n02165105/n02165105_1824.JPEG,300,tiger beetle
train/n02165105/n02165105_1563.JPEG,300,tiger beetle
train/n02165456/n02165456_22133.JPEG,301,ladybug
train/n02165456/n02165456_4940.JPEG,301,ladybug
train/n02165456/n02165456_27753.JPEG,301,ladybug
train/n02165456/n02165456_21610.JPEG,301,ladybug
train/n02165456/n02165456_15885.JPEG,301,ladybug
train/n02165456/n02165456_33264.JPEG,301,ladybug
train/n02165456/n02165456_9234.JPEG,301,ladybug
train/n02165456/n02165456_20217.JPEG,301,ladybug
train/n02165456/n02165456_6059.JPEG,301,ladybug
train/n02165456/n02165456_9990.JPEG,301,ladybug
train/n02165456/n02165456_10523.JPEG,301,ladybug
train/n02165456/n02165456_7454.JPEG,301,ladybug
train/n02165456/n02165456_4019.JPEG,301,ladybug
train/n02165456/n02165456_63342.JPEG,301,ladybug
train/n02165456/n02165456_17122.JPEG,301,ladybug
train/n02165456/n02165456_16367.JPEG,301,ladybug
train/n02167151/n02167151_9119.JPEG,302,ground beetle
train/n02167151/n02167151_5859.JPEG,302,ground beetle
train/n02167151/n02167151_9785.JPEG,302,ground beetle
train/n02167151/n02167151_362.JPEG,302,ground beetle
train/n02167151/n02167151_13305.JPEG,302,ground beetle
train/n02167151/n02167151_8701.JPEG,302,ground beetle
train/n02167151/n02167151_6852.JPEG,302,ground beetle
train/n02167151/n02167151_1659.JPEG,302,ground beetle
train/n02167151/n02167151_295.JPEG,302,ground beetle
train/n02167151/n02167151_8902.JPEG,302,ground beetle
train/n02167151/n02167151_32.JPEG,302,ground beetle
train/n02167151/n02167151_11801.JPEG,302,ground beetle
train/n02167151/n02167151_12307.JPEG,302,ground beetle
train/n02167151/n02167151_7256.JPEG,302,ground beetle
train/n02167151/n02167151_3620.JPEG,302,ground beetle
train/n02167151/n02167151_3121.JPEG,302,ground beetle
train/n02168699/n02168699_15275.JPEG,303,longhorn beetle
train/n02168699/n02168699_6600.JPEG,303,longhorn beetle
train/n02168699/n02168699_2577.JPEG,303,longhorn beetle
train/n02168699/n02168699_7870.JPEG,303,longhorn beetle
train/n02168699/n02168699_227.JPEG,303,longhorn beetle
train/n02168699/n02168699_3199.JPEG,303,longhorn beetle
train/n02168699/n02168699_2168.JPEG,303,longhorn beetle
train/n02168699/n02168699_9861.JPEG,303,longhorn beetle
train/n02168699/n02168699_1513.JPEG,303,longhorn beetle
train/n02168699/n02168699_6519.JPEG,303,longhorn beetle
train/n02168699/n02168699_6626.JPEG,303,longhorn beetle
train/n02168699/n02168699_2367.JPEG,303,longhorn beetle
train/n02168699/n02168699_6428.JPEG,303,longhorn beetle
train/n02168699/n02168699_2328.JPEG,303,longhorn beetle
train/n02168699/n02168699_2794.JPEG,303,longhorn beetle
train/n02168699/n02168699_8023.JPEG,303,longhorn beetle
train/n02169497/n02169497_313.JPEG,304,leaf beetle
train/n02169497/n02169497_6632.JPEG,304,leaf beetle
train/n02169497/n02169497_2461.JPEG,304,leaf beetle
train/n02169497/n02169497_2184.JPEG,304,leaf beetle
train/n02169497/n02169497_3722.JPEG,304,leaf beetle
train/n02169497/n02169497_10398.JPEG,304,leaf beetle
train/n02169497/n02169497_2441.JPEG,304,leaf beetle
train/n02169497/n02169497_5492.JPEG,304,leaf beetle
train/n02169497/n02169497_2273.JPEG,304,leaf beetle
train/n02169497/n02169497_784.JPEG,304,leaf beetle
train/n02169497/n02169497_12520.JPEG,304,leaf beetle
train/n02169497/n02169497_1164.JPEG,304,leaf beetle
train/n02169497/n02169497_6966.JPEG,304,leaf beetle
train/n02169497/n02169497_3979.JPEG,304,leaf beetle
train/n02169497/n02169497_3229.JPEG,304,leaf beetle
train/n02169497/n02169497_5612.JPEG,304,leaf beetle
train/n02172182/n02172182_7653.JPEG,305,dung beetle
train/n02172182/n02172182_1395.JPEG,305,dung beetle
train/n02172182/n02172182_10127.JPEG,305,dung beetle
train/n02172182/n02172182_6841.JPEG,305,dung beetle
train/n02172182/n02172182_347.JPEG,305,dung beetle
train/n02172182/n02172182_766.JPEG,305,dung beetle
train/n02172182/n02172182_5751.JPEG,305,dung beetle
train/n02172182/n02172182_15268.JPEG,305,dung beetle
train/n02172182/n02172182_633.JPEG,305,dung beetle
train/n02172182/n02172182_1007.JPEG,305,dung beetle
train/n02172182/n02172182_4791.JPEG,305,dung beetle
train/n02172182/n02172182_18553.JPEG,305,dung beetle
train/n02172182/n02172182_7472.JPEG,305,dung beetle
train/n02172182/n02172182_1197.JPEG,305,dung beetle
train/n02172182/n02172182_7735.JPEG,305,dung beetle
train/n02172182/n02172182_6676.JPEG,305,dung beetle
train/n02174001/n02174001_2130.JPEG,306,rhinoceros beetle
train/n02174001/n02174001_11244.JPEG,306,rhinoceros beetle
train/n02174001/n02174001_1992.JPEG,306,rhinoceros beetle
train/n02174001/n02174001_1536.JPEG,306,rhinoceros beetle
train/n02174001/n02174001_1170.JPEG,306,rhinoceros beetle
train/n02174001/n02174001_11492.JPEG,306,rhinoceros beetle
train/n02174001/n02174001_4930.JPEG,306,rhinoceros beetle
train/n02174001/n02174001_409.JPEG,306,rhinoceros beetle
train/n02174001/n02174001_4631.JPEG,306,rhinoceros beetle
train/n02174001/n02174001_4671.JPEG,306,rhinoceros beetle
train/n02174001/n02174001_502.JPEG,306,rhinoceros beetle
train/n02174001/n02174001_4801.JPEG,306,rhinoceros beetle
train/n02174001/n02174001_3966.JPEG,306,rhinoceros beetle
train/n02174001/n02174001_5749.JPEG,306,rhinoceros beetle
train/n02174001/n02174001_4525.JPEG,306,rhinoceros beetle
train/n02174001/n02174001_3222.JPEG,306,rhinoceros beetle
train/n02177972/n02177972_5114.JPEG,307,weevil
train/n02177972/n02177972_46.JPEG,307,weevil
train/n02177972/n02177972_981.JPEG,307,weevil
train/n02177972/n02177972_14978.JPEG,307,weevil
train/n02177972/n02177972_1259.JPEG,307,weevil
train/n02177972/n02177972_1995.JPEG,307,weevil
train/n02177972/n02177972_12926.JPEG,307,weevil
train/n02177972/n02177972_4964.JPEG,307,weevil
train/n02177972/n02177972_5355.JPEG,307,weevil
train/n02177972/n02177972_5689.JPEG,307,weevil
train/n02177972/n02177972_13175.JPEG,307,weevil
train/n02177972/n02177972_9461.JPEG,307,weevil
train/n02177972/n02177972_6190.JPEG,307,weevil
train/n02177972/n02177972_7774.JPEG,307,weevil
train/n02177972/n02177972_10786.JPEG,307,weevil
train/n02177972/n02177972_1862.JPEG,307,weevil
train/n02190166/n02190166_4206.JPEG,308,fly
train/n02190166/n02190166_2032.JPEG,308,fly
train/n02190166/n02190166_12394.JPEG,308,fly
train/n02190166/n02190166_7358.JPEG,308,fly
train/n02190166/n02190166_3412.JPEG,308,fly
train/n02190166/n02190166_7409.JPEG,308,fly
train/n02190166/n02190166_9484.JPEG,308,fly
train/n02190166/n02190166_1887.JPEG,308,fly
train/n02190166/n02190166_11382.JPEG,308,fly
train/n02190166/n02190166_2001.JPEG,308,fly
train/n02190166/n02190166_824.JPEG,308,fly
train/n02190166/n02190166_5276.JPEG,308,fly
train/n02190166/n02190166_1614.JPEG,308,fly
train/n02190166/n02190166_8067.JPEG,308,fly
train/n02190166/n02190166_12870.JPEG,308,fly
train/n02190166/n02190166_6384.JPEG,308,fly
train/n02206856/n02206856_5579.JPEG,309,bee
train/n02206856/n02206856_4575.JPEG,309,bee
train/n02206856/n02206856_38289.JPEG,309,bee
train/n02206856/n02206856_2886.JPEG,309,bee
train/n02206856/n02206856_782.JPEG,309,bee
train/n02206856/n02206856_2839.JPEG,309,bee
train/n02206856/n02206856_8351.JPEG,309,bee
train/n02206856/n02206856_69.JPEG,309,bee
train/n02206856/n02206856_1230.JPEG,309,bee
train/n02206856/n02206856_5619.JPEG,309,bee
train/n02206856/n02206856_4215.JPEG,309,bee
train/n02206856/n02206856_6862.JPEG,309,bee
train/n02206856/n02206856_2561.JPEG,309,bee
train/n02206856/n02206856_5883.JPEG,309,bee
train/n02206856/n02206856_16595.JPEG,309,bee
train/n02206856/n02206856_333.JPEG,309,bee
train/n02219486/n02219486_30347.JPEG,310,ant
train/n02219486/n02219486_29168.JPEG,310,ant
train/n02219486/n02219486_29644.JPEG,310,ant
train/n02219486/n02219486_25756.JPEG,310,ant
train/n02219486/n02219486_30647.JPEG,310,ant
train/n02219486/n02219486_9115.JPEG,310,ant
train/n02219486/n02219486_29184.JPEG,310,ant
train/n02219486/n02219486_26281.JPEG,310,ant
train/n02219486/n02219486_27825.JPEG,310,ant
train/n02219486/n02219486_27333.JPEG,310,ant
train/n02219486/n02219486_28108.JPEG,310,ant
train/n02219486/n02219486_29501.JPEG,310,ant
train/n02219486/n02219486_26041.JPEG,310,ant
train/n02219486/n02219486_24752.JPEG,310,ant
train/n02219486/n02219486_23362.JPEG,310,ant
train/n02219486/n02219486_13251.JPEG,310,ant
train/n02226429/n02226429_9810.JPEG,311,grasshopper
train/n02226429/n02226429_24635.JPEG,311,grasshopper
train/n02226429/n02226429_10157.JPEG,311,grasshopper
train/n02226429/n02226429_3096.JPEG,311,grasshopper
train/n02226429/n02226429_8283.JPEG,311,grasshopper
train/n02226429/n02226429_16127.JPEG,311,grasshopper
train/n02226429/n02226429_16433.JPEG,311,grasshopper
train/n02226429/n02226429_14494.JPEG,311,grasshopper
train/n02226429/n02226429_16277.JPEG,311,grasshopper
train/n02226429/n02226429_9396.JPEG,311,grasshopper
train/n02226429/n02226429_16633.JPEG,311,grasshopper
train/n02226429/n02226429_7445.JPEG,311,grasshopper
train/n02226429/n02226429_10412.JPEG,311,grasshopper
train/n02226429/n02226429_6287.JPEG,311,grasshopper
train/n02226429/n02226429_946.JPEG,311,grasshopper
train/n02226429/n02226429_6414.JPEG,311,grasshopper
train/n02229544/n02229544_23553.JPEG,312,cricket insect
train/n02229544/n02229544_4811.JPEG,312,cricket insect
train/n02229544/n02229544_3482.JPEG,312,cricket insect
train/n02229544/n02229544_4996.JPEG,312,cricket insect
train/n02229544/n02229544_3193.JPEG,312,cricket insect
train/n02229544/n02229544_8680.JPEG,312,cricket insect
train/n02229544/n02229544_18364.JPEG,312,cricket insect
train/n02229544/n02229544_8395.JPEG,312,cricket insect
train/n02229544/n02229544_3388.JPEG,312,cricket insect
train/n02229544/n02229544_6728.JPEG,312,cricket insect
train/n02229544/n02229544_1270.JPEG,312,cricket insect
train/n02229544/n02229544_4498.JPEG,312,cricket insect
train/n02229544/n02229544_6591.JPEG,312,cricket insect
train/n02229544/n02229544_2613.JPEG,312,cricket insect
train/n02229544/n02229544_328.JPEG,312,cricket insect
train/n02229544/n02229544_7259.JPEG,312,cricket insect
train/n02231487/n02231487_6113.JPEG,313,stick insect
train/n02231487/n02231487_1375.JPEG,313,stick insect
train/n02231487/n02231487_5263.JPEG,313,stick insect
train/n02231487/n02231487_9413.JPEG,313,stick insect
train/n02231487/n02231487_11121.JPEG,313,stick insect
train/n02231487/n02231487_6174.JPEG,313,stick insect
train/n02231487/n02231487_7146.JPEG,313,stick insect
train/n02231487/n02231487_5559.JPEG,313,stick insect
train/n02231487/n02231487_9451.JPEG,313,stick insect
train/n02231487/n02231487_11948.JPEG,313,stick insect
train/n02231487/n02231487_446.JPEG,313,stick insect
train/n02231487/n02231487_13437.JPEG,313,stick insect
train/n02231487/n02231487_7408.JPEG,313,stick insect
train/n02231487/n02231487_1313.JPEG,313,stick insect
train/n02231487/n02231487_497.JPEG,313,stick insect
train/n02231487/n02231487_2844.JPEG,313,stick insect
train/n02233338/n02233338_3157.JPEG,314,cockroach
train/n02233338/n02233338_3987.JPEG,314,cockroach
train/n02233338/n02233338_2493.JPEG,314,cockroach
train/n02233338/n02233338_1930.JPEG,314,cockroach
train/n02233338/n02233338_2681.JPEG,314,cockroach
train/n02233338/n02233338_13378.JPEG,314,cockroach
train/n02233338/n02233338_2491.JPEG,314,cockroach
train/n02233338/n02233338_9593.JPEG,314,cockroach
train/n02233338/n02233338_7479.JPEG,314,cockroach
train/n02233338/n02233338_4266.JPEG,314,cockroach
train/n02233338/n02233338_9470.JPEG,314,cockroach
train/n02233338/n02233338_14565.JPEG,314,cockroach
train/n02233338/n02233338_10737.JPEG,314,cockroach
train/n02233338/n02233338_9801.JPEG,314,cockroach
train/n02233338/n02233338_27046.JPEG,314,cockroach
train/n02233338/n02233338_16096.JPEG,314,cockroach
train/n02236044/n02236044_18063.JPEG,315,praying mantis
train/n02236044/n02236044_3947.JPEG,315,praying mantis
train/n02236044/n02236044_17950.JPEG,315,praying mantis
train/n02236044/n02236044_2081.JPEG,315,praying mantis
train/n02236044/n02236044_2108.JPEG,315,praying mantis
train/n02236044/n02236044_6714.JPEG,315,praying mantis
train/n02236044/n02236044_2340.JPEG,315,praying mantis
train/n02236044/n02236044_5547.JPEG,315,praying mantis
train/n02236044/n02236044_3638.JPEG,315,praying mantis
train/n02236044/n02236044_9431.JPEG,315,praying mantis
train/n02236044/n02236044_11227.JPEG,315,praying mantis
train/n02236044/n02236044_1038.JPEG,315,praying mantis
train/n02236044/n02236044_5039.JPEG,315,praying mantis
train/n02236044/n02236044_11265.JPEG,315,praying mantis
train/n02236044/n02236044_17078.JPEG,315,praying mantis
train/n02236044/n02236044_13326.JPEG,315,praying mantis
train/n02256656/n02256656_12672.JPEG,316,cicada
train/n02256656/n02256656_20698.JPEG,316,cicada
train/n02256656/n02256656_12450.JPEG,316,cicada
train/n02256656/n02256656_1199.JPEG,316,cicada
train/n02256656/n02256656_13579.JPEG,316,cicada
train/n02256656/n02256656_11155.JPEG,316,cicada
train/n02256656/n02256656_1427.JPEG,316,cicada
train/n02256656/n02256656_9271.JPEG,316,cicada
train/n02256656/n02256656_14604.JPEG,316,cicada
train/n02256656/n02256656_11970.JPEG,316,cicada
train/n02256656/n02256656_235.JPEG,316,cicada
train/n02256656/n02256656_8161.JPEG,316,cicada
train/n02256656/n02256656_8847.JPEG,316,cicada
train/n02256656/n02256656_15601.JPEG,316,cicada
train/n02256656/n02256656_16290.JPEG,316,cicada
train/n02256656/n02256656_10596.JPEG,316,cicada
train/n02259212/n02259212_9740.JPEG,317,leafhopper
train/n02259212/n02259212_3601.JPEG,317,leafhopper
train/n02259212/n02259212_3633.JPEG,317,leafhopper
train/n02259212/n02259212_6641.JPEG,317,leafhopper
train/n02259212/n02259212_6340.JPEG,317,leafhopper
train/n02259212/n02259212_1130.JPEG,317,leafhopper
train/n02259212/n02259212_48.JPEG,317,leafhopper
train/n02259212/n02259212_661.JPEG,317,leafhopper
train/n02259212/n02259212_4962.JPEG,317,leafhopper
train/n02259212/n02259212_596.JPEG,317,leafhopper
train/n02259212/n02259212_2955.JPEG,317,leafhopper
train/n02259212/n02259212_27.JPEG,317,leafhopper
train/n02259212/n02259212_4003.JPEG,317,leafhopper
train/n02259212/n02259212_744.JPEG,317,leafhopper
train/n02259212/n02259212_188.JPEG,317,leafhopper
train/n02259212/n02259212_3271.JPEG,317,leafhopper
train/n02264363/n02264363_10077.JPEG,318,lacewing
train/n02264363/n02264363_8914.JPEG,318,lacewing
train/n02264363/n02264363_19262.JPEG,318,lacewing
train/n02264363/n02264363_9506.JPEG,318,lacewing
train/n02264363/n02264363_7433.JPEG,318,lacewing
train/n02264363/n02264363_6615.JPEG,318,lacewing
train/n02264363/n02264363_12527.JPEG,318,lacewing
train/n02264363/n02264363_12828.JPEG,318,lacewing
train/n02264363/n02264363_6170.JPEG,318,lacewing
train/n02264363/n02264363_11472.JPEG,318,lacewing
train/n02264363/n02264363_10735.JPEG,318,lacewing
train/n02264363/n02264363_7113.JPEG,318,lacewing
train/n02264363/n02264363_5495.JPEG,318,lacewing
train/n02264363/n02264363_712.JPEG,318,lacewing
train/n02264363/n02264363_18443.JPEG,318,lacewing
train/n02264363/n02264363_14503.JPEG,318,lacewing
train/n02268443/n02268443_764.JPEG,319,dragonfly
train/n02268443/n02268443_25720.JPEG,319,dragonfly
train/n02268443/n02268443_49115.JPEG,319,dragonfly
train/n02268443/n02268443_37003.JPEG,319,dragonfly
train/n02268443/n02268443_7664.JPEG,319,dragonfly
train/n02268443/n02268443_39443.JPEG,319,dragonfly
train/n02268443/n02268443_2773.JPEG,319,dragonfly
train/n02268443/n02268443_38331.JPEG,319,dragonfly
train/n02268443/n02268443_37274.JPEG,319,dragonfly
train/n02268443/n02268443_15181.JPEG,319,dragonfly
train/n02268443/n02268443_8392.JPEG,319,dragonfly
train/n02268443/n02268443_38616.JPEG,319,dragonfly
train/n02268443/n02268443_11856.JPEG,319,dragonfly
train/n02268443/n02268443_34358.JPEG,319,dragonfly
train/n02268443/n02268443_48550.JPEG,319,dragonfly
train/n02268443/n02268443_49774.JPEG,319,dragonfly
train/n02268853/n02268853_504.JPEG,320,damselfly
train/n02268853/n02268853_1040.JPEG,320,damselfly
train/n02268853/n02268853_4171.JPEG,320,damselfly
train/n02268853/n02268853_14523.JPEG,320,damselfly
train/n02268853/n02268853_14817.JPEG,320,damselfly
train/n02268853/n02268853_16518.JPEG,320,damselfly
train/n02268853/n02268853_645.JPEG,320,damselfly
train/n02268853/n02268853_2084.JPEG,320,damselfly
train/n02268853/n02268853_268.JPEG,320,damselfly
train/n02268853/n02268853_5882.JPEG,320,damselfly
train/n02268853/n02268853_1893.JPEG,320,damselfly
train/n02268853/n02268853_1981.JPEG,320,damselfly
train/n02268853/n02268853_7953.JPEG,320,damselfly
train/n02268853/n02268853_15608.JPEG,320,damselfly
train/n02268853/n02268853_1257.JPEG,320,damselfly
train/n02268853/n02268853_4201.JPEG,320,damselfly
train/n02276258/n02276258_2937.JPEG,321,red admiral butterfly
train/n02276258/n02276258_2572.JPEG,321,red admiral butterfly
train/n02276258/n02276258_99.JPEG,321,red admiral butterfly
train/n02276258/n02276258_1938.JPEG,321,red admiral butterfly
train/n02276258/n02276258_7317.JPEG,321,red admiral butterfly
train/n02276258/n02276258_7727.JPEG,321,red admiral butterfly
train/n02276258/n02276258_3229.JPEG,321,red admiral butterfly
train/n02276258/n02276258_5829.JPEG,321,red admiral butterfly
train/n02276258/n02276258_5901.JPEG,321,red admiral butterfly
train/n02276258/n02276258_9297.JPEG,321,red admiral butterfly
train/n02276258/n02276258_11274.JPEG,321,red admiral butterfly
train/n02276258/n02276258_1229.JPEG,321,red admiral butterfly
train/n02276258/n02276258_2344.JPEG,321,red admiral butterfly
train/n02276258/n02276258_199.JPEG,321,red admiral butterfly
train/n02276258/n02276258_2338.JPEG,321,red admiral butterfly
train/n02276258/n02276258_8609.JPEG,321,red admiral butterfly
train/n02277742/n02277742_12048.JPEG,322,ringlet butterfly
train/n02277742/n02277742_3367.JPEG,322,ringlet butterfly
train/n02277742/n02277742_4883.JPEG,322,ringlet butterfly
train/n02277742/n02277742_56776.JPEG,322,ringlet butterfly
train/n02277742/n02277742_10327.JPEG,322,ringlet butterfly
train/n02277742/n02277742_27946.JPEG,322,ringlet butterfly
train/n02277742/n02277742_8463.JPEG,322,ringlet butterfly
train/n02277742/n02277742_4945.JPEG,322,ringlet butterfly
train/n02277742/n02277742_37053.JPEG,322,ringlet butterfly
train/n02277742/n02277742_8213.JPEG,322,ringlet butterfly
train/n02277742/n02277742_12795.JPEG,322,ringlet butterfly
train/n02277742/n02277742_37447.JPEG,322,ringlet butterfly
train/n02277742/n02277742_36982.JPEG,322,ringlet butterfly
train/n02277742/n02277742_27026.JPEG,322,ringlet butterfly
train/n02277742/n02277742_16756.JPEG,322,ringlet butterfly
train/n02277742/n02277742_5887.JPEG,322,ringlet butterfly
train/n02279972/n02279972_9401.JPEG,323,monarch butterfly
train/n02279972/n02279972_27423.JPEG,323,monarch butterfly
train/n02279972/n02279972_23438.JPEG,323,monarch butterfly
train/n02279972/n02279972_40142.JPEG,323,monarch butterfly
train/n02279972/n02279972_15797.JPEG,323,monarch butterfly
train/n02279972/n02279972_4057.JPEG,323,monarch butterfly
train/n02279972/n02279972_22003.JPEG,323,monarch butterfly
train/n02279972/n02279972_11672.JPEG,323,monarch butterfly
train/n02279972/n02279972_22976.JPEG,323,monarch butterfly
train/n02279972/n02279972_9260.JPEG,323,monarch butterfly
train/n02279972/n02279972_11371.JPEG,323,monarch butterfly
train/n02279972/n02279972_12676.JPEG,323,monarch butterfly
train/n02279972/n02279972_26252.JPEG,323,monarch butterfly
train/n02279972/n02279972_27577.JPEG,323,monarch butterfly
train/n02279972/n02279972_328.JPEG,323,monarch butterfly
train/n02279972/n02279972_19846.JPEG,323,monarch butterfly
train/n02280649/n02280649_4432.JPEG,324,small white butterfly
train/n02280649/n02280649_3790.JPEG,324,small white butterfly
train/n02280649/n02280649_3497.JPEG,324,small white butterfly
train/n02280649/n02280649_9854.JPEG,324,small white butterfly
train/n02280649/n02280649_7144.JPEG,324,small white butterfly
train/n02280649/n02280649_2375.JPEG,324,small white butterfly
train/n02280649/n02280649_7504.JPEG,324,small white butterfly
train/n02280649/n02280649_6332.JPEG,324,small white butterfly
train/n02280649/n02280649_1463.JPEG,324,small white butterfly
train/n02280649/n02280649_2907.JPEG,324,small white butterfly
train/n02280649/n02280649_910.JPEG,324,small white butterfly
train/n02280649/n02280649_8938.JPEG,324,small white butterfly
train/n02280649/n02280649_11269.JPEG,324,small white butterfly
train/n02280649/n02280649_1998.JPEG,324,small white butterfly
train/n02280649/n02280649_2030.JPEG,324,small white butterfly
train/n02280649/n02280649_4507.JPEG,324,small white butterfly
train/n02281406/n02281406_4108.JPEG,325,sulphur butterfly
train/n02281406/n02281406_6244.JPEG,325,sulphur butterfly
train/n02281406/n02281406_652.JPEG,325,sulphur butterfly
train/n02281406/n02281406_8303.JPEG,325,sulphur butterfly
train/n02281406/n02281406_11698.JPEG,325,sulphur butterfly
train/n02281406/n02281406_8206.JPEG,325,sulphur butterfly
train/n02281406/n02281406_4402.JPEG,325,sulphur butterfly
train/n02281406/n02281406_14826.JPEG,325,sulphur butterfly
train/n02281406/n02281406_3680.JPEG,325,sulphur butterfly
train/n02281406/n02281406_2965.JPEG,325,sulphur butterfly
train/n02281406/n02281406_5382.JPEG,325,sulphur butterfly
train/n02281406/n02281406_1097.JPEG,325,sulphur butterfly
train/n02281406/n02281406_14498.JPEG,325,sulphur butterfly
train/n02281406/n02281406_12093.JPEG,325,sulphur butterfly
train/n02281406/n02281406_4988.JPEG,325,sulphur butterfly
train/n02281406/n02281406_7537.JPEG,325,sulphur butterfly
train/n02281787/n02281787_2931.JPEG,326,gossamer-winged butterfly
train/n02281787/n02281787_2258.JPEG,326,gossamer-winged butterfly
train/n02281787/n02281787_2795.JPEG,326,gossamer-winged butterfly
train/n02281787/n02281787_4460.JPEG,326,gossamer-winged butterfly
train/n02281787/n02281787_3421.JPEG,326,gossamer-winged butterfly
train/n02281787/n02281787_2192.JPEG,326,gossamer-winged butterfly
train/n02281787/n02281787_9267.JPEG,326,gossamer-winged butterfly
train/n02281787/n02281787_3588.JPEG,326,gossamer-winged butterfly
train/n02281787/n02281787_3354.JPEG,326,gossamer-winged butterfly
train/n02281787/n02281787_4432.JPEG,326,gossamer-winged butterfly
train/n02281787/n02281787_3062.JPEG,326,gossamer-winged butterfly
train/n02281787/n02281787_3697.JPEG,326,gossamer-winged butterfly
train/n02281787/n02281787_3822.JPEG,326,gossamer-winged butterfly
train/n02281787/n02281787_3999.JPEG,326,gossamer-winged butterfly
train/n02281787/n02281787_2560.JPEG,326,gossamer-winged butterfly
train/n02281787/n02281787_1520.JPEG,326,gossamer-winged butterfly
train/n02317335/n02317335_82.JPEG,327,starfish
train/n02317335/n02317335_8800.JPEG,327,starfish
train/n02317335/n02317335_22174.JPEG,327,starfish
train/n02317335/n02317335_56443.JPEG,327,starfish
train/n02317335/n02317335_15572.JPEG,327,starfish
train/n02317335/n02317335_50329.JPEG,327,starfish
train/n02317335/n02317335_9595.JPEG,327,starfish
train/n02317335/n02317335_23130.JPEG,327,starfish
train/n02317335/n02317335_84.JPEG,327,starfish
train/n02317335/n02317335_17297.JPEG,327,starfish
train/n02317335/n02317335_8320.JPEG,327,starfish
train/n02317335/n02317335_45419.JPEG,327,starfish
train/n02317335/n02317335_4442.JPEG,327,starfish
train/n02317335/n02317335_4665.JPEG,327,starfish
train/n02317335/n02317335_20828.JPEG,327,starfish
train/n02317335/n02317335_3945.JPEG,327,starfish
train/n02319095/n02319095_8802.JPEG,328,sea urchin
train/n02319095/n02319095_7105.JPEG,328,sea urchin
train/n02319095/n02319095_7963.JPEG,328,sea urchin
train/n02319095/n02319095_5581.JPEG,328,sea urchin
train/n02319095/n02319095_4842.JPEG,328,sea urchin
train/n02319095/n02319095_3537.JPEG,328,sea urchin
train/n02319095/n02319095_840.JPEG,328,sea urchin
train/n02319095/n02319095_3536.JPEG,328,sea urchin
train/n02319095/n02319095_6604.JPEG,328,sea urchin
train/n02319095/n02319095_159.JPEG,328,sea urchin
train/n02319095/n02319095_4486.JPEG,328,sea urchin
train/n02319095/n02319095_5685.JPEG,328,sea urchin
train/n02319095/n02319095_3019.JPEG,328,sea urchin
train/n02319095/n02319095_6329.JPEG,328,sea urchin
train/n02319095/n02319095_6060.JPEG,328,sea urchin
train/n02319095/n02319095_6785.JPEG,328,sea urchin
train/n02321529/n02321529_5417.JPEG,329,sea cucumber
train/n02321529/n02321529_2947.JPEG,329,sea cucumber
train/n02321529/n02321529_2881.JPEG,329,sea cucumber
train/n02321529/n02321529_16338.JPEG,329,sea cucumber
train/n02321529/n02321529_3212.JPEG,329,sea cucumber
train/n02321529/n02321529_2657.JPEG,329,sea cucumber
train/n02321529/n02321529_5160.JPEG,329,sea cucumber
train/n02321529/n02321529_5530.JPEG,329,sea cucumber
train/n02321529/n02321529_9510.JPEG,329,sea cucumber
train/n02321529/n02321529_8051.JPEG,329,sea cucumber
train/n02321529/n02321529_898.JPEG,329,sea cucumber
train/n02321529/n02321529_4145.JPEG,329,sea cucumber
train/n02321529/n02321529_6339.JPEG,329,sea cucumber
train/n02321529/n02321529_6990.JPEG,329,sea cucumber
train/n02321529/n02321529_4555.JPEG,329,sea cucumber
train/n02321529/n02321529_4838.JPEG,329,sea cucumber
train/n02325366/n02325366_4466.JPEG,330,cottontail rabbit
train/n02325366/n02325366_11086.JPEG,330,cottontail rabbit
train/n02325366/n02325366_4500.JPEG,330,cottontail rabbit
train/n02325366/n02325366_1086.JPEG,330,cottontail rabbit
train/n02325366/n02325366_2080.JPEG,330,cottontail rabbit
train/n02325366/n02325366_541.JPEG,330,cottontail rabbit
train/n02325366/n02325366_7871.JPEG,330,cottontail rabbit
train/n02325366/n02325366_6728.JPEG,330,cottontail rabbit
train/n02325366/n02325366_11755.JPEG,330,cottontail rabbit
train/n02325366/n02325366_3062.JPEG,330,cottontail rabbit
train/n02325366/n02325366_10414.JPEG,330,cottontail rabbit
train/n02325366/n02325366_2753.JPEG,330,cottontail rabbit
train/n02325366/n02325366_4927.JPEG,330,cottontail rabbit
train/n02325366/n02325366_11521.JPEG,330,cottontail rabbit
train/n02325366/n02325366_6512.JPEG,330,cottontail rabbit
train/n02325366/n02325366_1966.JPEG,330,cottontail rabbit
train/n02326432/n02326432_6135.JPEG,331,hare
train/n02326432/n02326432_24911.JPEG,331,hare
train/n02326432/n02326432_1840.JPEG,331,hare
train/n02326432/n02326432_6384.JPEG,331,hare
train/n02326432/n02326432_7093.JPEG,331,hare
train/n02326432/n02326432_4464.JPEG,331,hare
train/n02326432/n02326432_4926.JPEG,331,hare
train/n02326432/n02326432_6080.JPEG,331,hare
train/n02326432/n02326432_15503.JPEG,331,hare
train/n02326432/n02326432_9461.JPEG,331,hare
train/n02326432/n02326432_17694.JPEG,331,hare
train/n02326432/n02326432_33903.JPEG,331,hare
train/n02326432/n02326432_1373.JPEG,331,hare
train/n02326432/n02326432_12339.JPEG,331,hare
train/n02326432/n02326432_122.JPEG,331,hare
train/n02326432/n02326432_30726.JPEG,331,hare
train/n02328150/n02328150_3477.JPEG,332,Angora rabbit
train/n02328150/n02328150_13155.JPEG,332,Angora rabbit
train/n02328150/n02328150_13799.JPEG,332,Angora rabbit
train/n02328150/n02328150_3396.JPEG,332,Angora rabbit
train/n02328150/n02328150_13039.JPEG,332,Angora rabbit
train/n02328150/n02328150_2998.JPEG,332,Angora rabbit
train/n02328150/n02328150_2789.JPEG,332,Angora rabbit
train/n02328150/n02328150_3197.JPEG,332,Angora rabbit
train/n02328150/n02328150_7392.JPEG,332,Angora rabbit
train/n02328150/n02328150_7916.JPEG,332,Angora rabbit
train/n02328150/n02328150_18430.JPEG,332,Angora rabbit
train/n02328150/n02328150_3391.JPEG,332,Angora rabbit
train/n02328150/n02328150_2672.JPEG,332,Angora rabbit
train/n02328150/n02328150_9010.JPEG,332,Angora rabbit
train/n02328150/n02328150_8280.JPEG,332,Angora rabbit
train/n02328150/n02328150_14819.JPEG,332,Angora rabbit
train/n02342885/n02342885_13616.JPEG,333,hamster
train/n02342885/n02342885_2039.JPEG,333,hamster
train/n02342885/n02342885_9304.JPEG,333,hamster
train/n02342885/n02342885_4728.JPEG,333,hamster
train/n02342885/n02342885_11400.JPEG,333,hamster
train/n02342885/n02342885_3506.JPEG,333,hamster
train/n02342885/n02342885_3177.JPEG,333,hamster
train/n02342885/n02342885_9657.JPEG,333,hamster
train/n02342885/n02342885_6971.JPEG,333,hamster
train/n02342885/n02342885_7538.JPEG,333,hamster
train/n02342885/n02342885_9428.JPEG,333,hamster
train/n02342885/n02342885_12916.JPEG,333,hamster
train/n02342885/n02342885_10307.JPEG,333,hamster
train/n02342885/n02342885_4656.JPEG,333,hamster
train/n02342885/n02342885_10731.JPEG,333,hamster
train/n02342885/n02342885_121.JPEG,333,hamster
train/n02346627/n02346627_16953.JPEG,334,porcupine
train/n02346627/n02346627_9785.JPEG,334,porcupine
train/n02346627/n02346627_14786.JPEG,334,porcupine
train/n02346627/n02346627_3335.JPEG,334,porcupine
train/n02346627/n02346627_50799.JPEG,334,porcupine
train/n02346627/n02346627_3717.JPEG,334,porcupine
train/n02346627/n02346627_1097.JPEG,334,porcupine
train/n02346627/n02346627_10021.JPEG,334,porcupine
train/n02346627/n02346627_14748.JPEG,334,porcupine
train/n02346627/n02346627_7377.JPEG,334,porcupine
train/n02346627/n02346627_10748.JPEG,334,porcupine
train/n02346627/n02346627_3803.JPEG,334,porcupine
train/n02346627/n02346627_4935.JPEG,334,porcupine
train/n02346627/n02346627_15437.JPEG,334,porcupine
train/n02346627/n02346627_7546.JPEG,334,porcupine
train/n02346627/n02346627_25667.JPEG,334,porcupine
train/n02356798/n02356798_1880.JPEG,335,fox squirrel
train/n02356798/n02356798_3104.JPEG,335,fox squirrel
train/n02356798/n02356798_1306.JPEG,335,fox squirrel
train/n02356798/n02356798_2138.JPEG,335,fox squirrel
train/n02356798/n02356798_1543.JPEG,335,fox squirrel
train/n02356798/n02356798_1672.JPEG,335,fox squirrel
train/n02356798/n02356798_1043.JPEG,335,fox squirrel
train/n02356798/n02356798_1843.JPEG,335,fox squirrel
train/n02356798/n02356798_4719.JPEG,335,fox squirrel
train/n02356798/n02356798_2041.JPEG,335,fox squirrel
train/n02356798/n02356798_4899.JPEG,335,fox squirrel
train/n02356798/n02356798_560.JPEG,335,fox squirrel
train/n02356798/n02356798_5886.JPEG,335,fox squirrel
train/n02356798/n02356798_3658.JPEG,335,fox squirrel
train/n02356798/n02356798_3580.JPEG,335,fox squirrel
train/n02356798/n02356798_1649.JPEG,335,fox squirrel
train/n02361337/n02361337_1724.JPEG,336,marmot
train/n02361337/n02361337_7977.JPEG,336,marmot
train/n02361337/n02361337_10127.JPEG,336,marmot
train/n02361337/n02361337_10544.JPEG,336,marmot
train/n02361337/n02361337_39193.JPEG,336,marmot
train/n02361337/n02361337_5418.JPEG,336,marmot
train/n02361337/n02361337_2184.JPEG,336,marmot
train/n02361337/n02361337_7180.JPEG,336,marmot
train/n02361337/n02361337_5905.JPEG,336,marmot
train/n02361337/n02361337_5933.JPEG,336,marmot
train/n02361337/n02361337_8576.JPEG,336,marmot
train/n02361337/n02361337_4033.JPEG,336,marmot
train/n02361337/n02361337_1521.JPEG,336,marmot
train/n02361337/n02361337_7584.JPEG,336,marmot
train/n02361337/n02361337_4490.JPEG,336,marmot
train/n02361337/n02361337_2724.JPEG,336,marmot
train/n02363005/n02363005_6491.JPEG,337,beaver
train/n02363005/n02363005_14036.JPEG,337,beaver
train/n02363005/n02363005_20972.JPEG,337,beaver
train/n02363005/n02363005_12071.JPEG,337,beaver
train/n02363005/n02363005_22847.JPEG,337,beaver
train/n02363005/n02363005_21403.JPEG,337,beaver
train/n02363005/n02363005_4863.JPEG,337,beaver
train/n02363005/n02363005_4220.JPEG,337,beaver
train/n02363005/n02363005_14328.JPEG,337,beaver
train/n02363005/n02363005_25214.JPEG,337,beaver
train/n02363005/n02363005_25638.JPEG,337,beaver
train/n02363005/n02363005_11707.JPEG,337,beaver
train/n02363005/n02363005_3076.JPEG,337,beaver
train/n02363005/n02363005_30205.JPEG,337,beaver
train/n02363005/n02363005_35201.JPEG,337,beaver
train/n02363005/n02363005_23194.JPEG,337,beaver
train/n02364673/n02364673_1092.JPEG,338,guinea pig
train/n02364673/n02364673_52375.JPEG,338,guinea pig
train/n02364673/n02364673_2698.JPEG,338,guinea pig
train/n02364673/n02364673_6141.JPEG,338,guinea pig
train/n02364673/n02364673_93.JPEG,338,guinea pig
train/n02364673/n02364673_5465.JPEG,338,guinea pig
train/n02364673/n02364673_8401.JPEG,338,guinea pig
train/n02364673/n02364673_13752.JPEG,338,guinea pig
train/n02364673/n02364673_19630.JPEG,338,guinea pig
train/n02364673/n02364673_17374.JPEG,338,guinea pig
train/n02364673/n02364673_4645.JPEG,338,guinea pig
train/n02364673/n02364673_798.JPEG,338,guinea pig
train/n02364673/n02364673_1594.JPEG,338,guinea pig
train/n02364673/n02364673_2387.JPEG,338,guinea pig
train/n02364673/n02364673_20132.JPEG,338,guinea pig
train/n02364673/n02364673_36455.JPEG,338,guinea pig
train/n02389026/n02389026_19580.JPEG,339,common sorrel horse
train/n02389026/n02389026_7672.JPEG,339,common sorrel horse
train/n02389026/n02389026_20554.JPEG,339,common sorrel horse
train/n02389026/n02389026_1685.JPEG,339,common sorrel horse
train/n02389026/n02389026_1405.JPEG,339,common sorrel horse
train/n02389026/n02389026_7466.JPEG,339,common sorrel horse
train/n02389026/n02389026_3153.JPEG,339,common sorrel horse
train/n02389026/n02389026_2571.JPEG,339,common sorrel horse
train/n02389026/n02389026_4449.JPEG,339,common sorrel horse
train/n02389026/n02389026_8395.JPEG,339,common sorrel horse
train/n02389026/n02389026_135.JPEG,339,common sorrel horse
train/n02389026/n02389026_433.JPEG,339,common sorrel horse
train/n02389026/n02389026_7281.JPEG,339,common sorrel horse
train/n02389026/n02389026_6881.JPEG,339,common sorrel horse
train/n02389026/n02389026_1653.JPEG,339,common sorrel horse
train/n02389026/n02389026_2263.JPEG,339,common sorrel horse
train/n02391049/n02391049_865.JPEG,340,zebra
train/n02391049/n02391049_38289.JPEG,340,zebra
train/n02391049/n02391049_2790.JPEG,340,zebra
train/n02391049/n02391049_2485.JPEG,340,zebra
train/n02391049/n02391049_4969.JPEG,340,zebra
train/n02391049/n02391049_6987.JPEG,340,zebra
train/n02391049/n02391049_9922.JPEG,340,zebra
train/n02391049/n02391049_2848.JPEG,340,zebra
train/n02391049/n02391049_857.JPEG,340,zebra
train/n02391049/n02391049_3947.JPEG,340,zebra
train/n02391049/n02391049_357.JPEG,340,zebra
train/n02391049/n02391049_5189.JPEG,340,zebra
train/n02391049/n02391049_10336.JPEG,340,zebra
train/n02391049/n02391049_2990.JPEG,340,zebra
train/n02391049/n02391049_3173.JPEG,340,zebra
train/n02391049/n02391049_21047.JPEG,340,zebra
train/n02395406/n02395406_8843.JPEG,341,pig
train/n02395406/n02395406_597.JPEG,341,pig
train/n02395406/n02395406_39533.JPEG,341,pig
train/n02395406/n02395406_11907.JPEG,341,pig
train/n02395406/n02395406_19124.JPEG,341,pig
train/n02395406/n02395406_2186.JPEG,341,pig
train/n02395406/n02395406_21750.JPEG,341,pig
train/n02395406/n02395406_23909.JPEG,341,pig
train/n02395406/n02395406_10924.JPEG,341,pig
train/n02395406/n02395406_5349.JPEG,341,pig
train/n02395406/n02395406_19313.JPEG,341,pig
train/n02395406/n02395406_3771.JPEG,341,pig
train/n02395406/n02395406_33274.JPEG,341,pig
train/n02395406/n02395406_21052.JPEG,341,pig
train/n02395406/n02395406_10949.JPEG,341,pig
train/n02395406/n02395406_20288.JPEG,341,pig
train/n02396427/n02396427_14583.JPEG,342,wild boar
train/n02396427/n02396427_5111.JPEG,342,wild boar
train/n02396427/n02396427_44416.JPEG,342,wild boar
train/n02396427/n02396427_12440.JPEG,342,wild boar
train/n02396427/n02396427_4495.JPEG,342,wild boar
train/n02396427/n02396427_10737.JPEG,342,wild boar
train/n02396427/n02396427_45012.JPEG,342,wild boar
train/n02396427/n02396427_2219.JPEG,342,wild boar
train/n02396427/n02396427_10399.JPEG,342,wild boar
train/n02396427/n02396427_987.JPEG,342,wild boar
train/n02396427/n02396427_13457.JPEG,342,wild boar
train/n02396427/n02396427_6440.JPEG,342,wild boar
train/n02396427/n02396427_24134.JPEG,342,wild boar
train/n02396427/n02396427_26702.JPEG,342,wild boar
train/n02396427/n02396427_10035.JPEG,342,wild boar
train/n02396427/n02396427_8667.JPEG,342,wild boar
train/n02397096/n02397096_3743.JPEG,343,warthog
train/n02397096/n02397096_2213.JPEG,343,warthog
train/n02397096/n02397096_9033.JPEG,343,warthog
train/n02397096/n02397096_8623.JPEG,343,warthog
train/n02397096/n02397096_2522.JPEG,343,warthog
train/n02397096/n02397096_310.JPEG,343,warthog
train/n02397096/n02397096_790.JPEG,343,warthog
train/n02397096/n02397096_2426.JPEG,343,warthog
train/n02397096/n02397096_352.JPEG,343,warthog
train/n02397096/n02397096_6470.JPEG,343,warthog
train/n02397096/n02397096_2025.JPEG,343,warthog
train/n02397096/n02397096_734.JPEG,343,warthog
train/n02397096/n02397096_20854.JPEG,343,warthog
train/n02397096/n02397096_4748.JPEG,343,warthog
train/n02397096/n02397096_11841.JPEG,343,warthog
train/n02397096/n02397096_1083.JPEG,343,warthog
train/n02398521/n02398521_8632.JPEG,344,hippopotamus
train/n02398521/n02398521_7724.JPEG,344,hippopotamus
train/n02398521/n02398521_10674.JPEG,344,hippopotamus
train/n02398521/n02398521_3151.JPEG,344,hippopotamus
train/n02398521/n02398521_33272.JPEG,344,hippopotamus
train/n02398521/n02398521_21937.JPEG,344,hippopotamus
train/n02398521/n02398521_10177.JPEG,344,hippopotamus
train/n02398521/n02398521_19458.JPEG,344,hippopotamus
train/n02398521/n02398521_23718.JPEG,344,hippopotamus
train/n02398521/n02398521_76002.JPEG,344,hippopotamus
train/n02398521/n02398521_22023.JPEG,344,hippopotamus
train/n02398521/n02398521_86693.JPEG,344,hippopotamus
train/n02398521/n02398521_24463.JPEG,344,hippopotamus
train/n02398521/n02398521_13957.JPEG,344,hippopotamus
train/n02398521/n02398521_20846.JPEG,344,hippopotamus
train/n02398521/n02398521_23449.JPEG,344,hippopotamus
train/n02403003/n02403003_8406.JPEG,345,ox
train/n02403003/n02403003_8116.JPEG,345,ox
train/n02403003/n02403003_25712.JPEG,345,ox
train/n02403003/n02403003_13048.JPEG,345,ox
train/n02403003/n02403003_17425.JPEG,345,ox
train/n02403003/n02403003_5322.JPEG,345,ox
train/n02403003/n02403003_10792.JPEG,345,ox
train/n02403003/n02403003_5279.JPEG,345,ox
train/n02403003/n02403003_7088.JPEG,345,ox
train/n02403003/n02403003_3610.JPEG,345,ox
train/n02403003/n02403003_4005.JPEG,345,ox
train/n02403003/n02403003_7635.JPEG,345,ox
train/n02403003/n02403003_1404.JPEG,345,ox
train/n02403003/n02403003_7932.JPEG,345,ox
train/n02403003/n02403003_3542.JPEG,345,ox
train/n02403003/n02403003_6767.JPEG,345,ox
train/n02408429/n02408429_10518.JPEG,346,water buffalo
train/n02408429/n02408429_11396.JPEG,346,water buffalo
train/n02408429/n02408429_15103.JPEG,346,water buffalo
train/n02408429/n02408429_6547.JPEG,346,water buffalo
train/n02408429/n02408429_17962.JPEG,346,water buffalo
train/n02408429/n02408429_956.JPEG,346,water buffalo
train/n02408429/n02408429_2141.JPEG,346,water buffalo
train/n02408429/n02408429_8002.JPEG,346,water buffalo
train/n02408429/n02408429_9223.JPEG,346,water buffalo
train/n02408429/n02408429_6452.JPEG,346,water buffalo
train/n02408429/n02408429_3650.JPEG,346,water buffalo
train/n02408429/n02408429_1528.JPEG,346,water buffalo
train/n02408429/n02408429_486.JPEG,346,water buffalo
train/n02408429/n02408429_6195.JPEG,346,water buffalo
train/n02408429/n02408429_14906.JPEG,346,water buffalo
train/n02408429/n02408429_57.JPEG,346,water buffalo
train/n02410509/n02410509_1624.JPEG,347,bison
train/n02410509/n02410509_618.JPEG,347,bison
train/n02410509/n02410509_593.JPEG,347,bison
train/n02410509/n02410509_3272.JPEG,347,bison
train/n02410509/n02410509_3207.JPEG,347,bison
train/n02410509/n02410509_891.JPEG,347,bison
train/n02410509/n02410509_9229.JPEG,347,bison
train/n02410509/n02410509_43.JPEG,347,bison
train/n02410509/n02410509_27167.JPEG,347,bison
train/n02410509/n02410509_2866.JPEG,347,bison
train/n02410509/n02410509_3493.JPEG,347,bison
train/n02410509/n02410509_30824.JPEG,347,bison
train/n02410509/n02410509_1729.JPEG,347,bison
train/n02410509/n02410509_1271.JPEG,347,bison
train/n02410509/n02410509_4297.JPEG,347,bison
train/n02410509/n02410509_55.JPEG,347,bison
train/n02412080/n02412080_40279.JPEG,348,ram (adult male sheep)
train/n02412080/n02412080_7211.JPEG,348,ram (adult male sheep)
train/n02412080/n02412080_5713.JPEG,348,ram (adult male sheep)
train/n02412080/n02412080_16221.JPEG,348,ram (adult male sheep)
train/n02412080/n02412080_7252.JPEG,348,ram (adult male sheep)
train/n02412080/n02412080_5622.JPEG,348,ram (adult male sheep)
train/n02412080/n02412080_15662.JPEG,348,ram (adult male sheep)
train/n02412080/n02412080_17189.JPEG,348,ram (adult male sheep)
train/n02412080/n02412080_36296.JPEG,348,ram (adult male sheep)
train/n02412080/n02412080_15439.JPEG,348,ram (adult male sheep)
train/n02412080/n02412080_23131.JPEG,348,ram (adult male sheep)
train/n02412080/n02412080_1810.JPEG,348,ram (adult male sheep)
train/n02412080/n02412080_12649.JPEG,348,ram (adult male sheep)
train/n02412080/n02412080_6949.JPEG,348,ram (adult male sheep)
train/n02412080/n02412080_2713.JPEG,348,ram (adult male sheep)
train/n02412080/n02412080_6903.JPEG,348,ram (adult male sheep)
train/n02415577/n02415577_24034.JPEG,349,bighorn sheep
train/n02415577/n02415577_14592.JPEG,349,bighorn sheep
train/n02415577/n02415577_6813.JPEG,349,bighorn sheep
train/n02415577/n02415577_8687.JPEG,349,bighorn sheep
train/n02415577/n02415577_5288.JPEG,349,bighorn sheep
train/n02415577/n02415577_19767.JPEG,349,bighorn sheep
train/n02415577/n02415577_1200.JPEG,349,bighorn sheep
train/n02415577/n02415577_36751.JPEG,349,bighorn sheep
train/n02415577/n02415577_6111.JPEG,349,bighorn sheep
train/n02415577/n02415577_68889.JPEG,349,bighorn sheep
train/n02415577/n02415577_7584.JPEG,349,bighorn sheep
train/n02415577/n02415577_9568.JPEG,349,bighorn sheep
train/n02415577/n02415577_8189.JPEG,349,bighorn sheep
train/n02415577/n02415577_9003.JPEG,349,bighorn sheep
train/n02415577/n02415577_775.JPEG,349,bighorn sheep
train/n02415577/n02415577_8770.JPEG,349,bighorn sheep
train/n02417914/n02417914_1736.JPEG,350,Alpine ibex
train/n02417914/n02417914_13959.JPEG,350,Alpine ibex
train/n02417914/n02417914_12770.JPEG,350,Alpine ibex
train/n02417914/n02417914_3926.JPEG,350,Alpine ibex
train/n02417914/n02417914_4642.JPEG,350,Alpine ibex
train/n02417914/n02417914_27616.JPEG,350,Alpine ibex
train/n02417914/n02417914_7395.JPEG,350,Alpine ibex
train/n02417914/n02417914_11940.JPEG,350,Alpine ibex
train/n02417914/n02417914_980.JPEG,350,Alpine ibex
train/n02417914/n02417914_255.JPEG,350,Alpine ibex
train/n02417914/n02417914_5143.JPEG,350,Alpine ibex
train/n02417914/n02417914_12278.JPEG,350,Alpine ibex
train/n02417914/n02417914_3388.JPEG,350,Alpine ibex
train/n02417914/n02417914_13470.JPEG,350,Alpine ibex
train/n02417914/n02417914_8099.JPEG,350,Alpine ibex
train/n02417914/n02417914_1098.JPEG,350,Alpine ibex
train/n02422106/n02422106_4282.JPEG,351,hartebeest
train/n02422106/n02422106_9740.JPEG,351,hartebeest
train/n02422106/n02422106_9129.JPEG,351,hartebeest
train/n02422106/n02422106_367.JPEG,351,hartebeest
train/n02422106/n02422106_9398.JPEG,351,hartebeest
train/n02422106/n02422106_818.JPEG,351,hartebeest
train/n02422106/n02422106_1233.JPEG,351,hartebeest
train/n02422106/n02422106_849.JPEG,351,hartebeest
train/n02422106/n02422106_1597.JPEG,351,hartebeest
train/n02422106/n02422106_40.JPEG,351,hartebeest
train/n02422106/n02422106_5914.JPEG,351,hartebeest
train/n02422106/n02422106_1931.JPEG,351,hartebeest
train/n02422106/n02422106_989.JPEG,351,hartebeest
train/n02422106/n02422106_2426.JPEG,351,hartebeest
train/n02422106/n02422106_5108.JPEG,351,hartebeest
train/n02422106/n02422106_3305.JPEG,351,hartebeest
train/n02422699/n02422699_24493.JPEG,352,impala (antelope)
train/n02422699/n02422699_31107.JPEG,352,impala (antelope)
train/n02422699/n02422699_37001.JPEG,352,impala (antelope)
train/n02422699/n02422699_30993.JPEG,352,impala (antelope)
train/n02422699/n02422699_6015.JPEG,352,impala (antelope)
train/n02422699/n02422699_4939.JPEG,352,impala (antelope)
train/n02422699/n02422699_3101.JPEG,352,impala (antelope)
train/n02422699/n02422699_12603.JPEG,352,impala (antelope)
train/n02422699/n02422699_1060.JPEG,352,impala (antelope)
train/n02422699/n02422699_10873.JPEG,352,impala (antelope)
train/n02422699/n02422699_12190.JPEG,352,impala (antelope)
train/n02422699/n02422699_3127.JPEG,352,impala (antelope)
train/n02422699/n02422699_23293.JPEG,352,impala (antelope)
train/n02422699/n02422699_9959.JPEG,352,impala (antelope)
train/n02422699/n02422699_13403.JPEG,352,impala (antelope)
train/n02422699/n02422699_6511.JPEG,352,impala (antelope)
train/n02423022/n02423022_6743.JPEG,353,gazelle
train/n02423022/n02423022_7304.JPEG,353,gazelle
train/n02423022/n02423022_424.JPEG,353,gazelle
train/n02423022/n02423022_3228.JPEG,353,gazelle
train/n02423022/n02423022_9708.JPEG,353,gazelle
train/n02423022/n02423022_4463.JPEG,353,gazelle
train/n02423022/n02423022_2640.JPEG,353,gazelle
train/n02423022/n02423022_1395.JPEG,353,gazelle
train/n02423022/n02423022_7018.JPEG,353,gazelle
train/n02423022/n02423022_3333.JPEG,353,gazelle
train/n02423022/n02423022_5704.JPEG,353,gazelle
train/n02423022/n02423022_6121.JPEG,353,gazelle
train/n02423022/n02423022_1914.JPEG,353,gazelle
train/n02423022/n02423022_372.JPEG,353,gazelle
train/n02423022/n02423022_7942.JPEG,353,gazelle
train/n02423022/n02423022_8286.JPEG,353,gazelle
train/n02437312/n02437312_805.JPEG,354,arabian camel
train/n02437312/n02437312_5654.JPEG,354,arabian camel
train/n02437312/n02437312_11082.JPEG,354,arabian camel
train/n02437312/n02437312_6320.JPEG,354,arabian camel
train/n02437312/n02437312_8141.JPEG,354,arabian camel
train/n02437312/n02437312_3057.JPEG,354,arabian camel
train/n02437312/n02437312_300.JPEG,354,arabian camel
train/n02437312/n02437312_11436.JPEG,354,arabian camel
train/n02437312/n02437312_8635.JPEG,354,arabian camel
train/n02437312/n02437312_12441.JPEG,354,arabian camel
train/n02437312/n02437312_12184.JPEG,354,arabian camel
train/n02437312/n02437312_8760.JPEG,354,arabian camel
train/n02437312/n02437312_6220.JPEG,354,arabian camel
train/n02437312/n02437312_6296.JPEG,354,arabian camel
train/n02437312/n02437312_8281.JPEG,354,arabian camel
train/n02437312/n02437312_6994.JPEG,354,arabian camel
train/n02437616/n02437616_5159.JPEG,355,llama
train/n02437616/n02437616_12610.JPEG,355,llama
train/n02437616/n02437616_12972.JPEG,355,llama
train/n02437616/n02437616_822.JPEG,355,llama
train/n02437616/n02437616_1016.JPEG,355,llama
train/n02437616/n02437616_10047.JPEG,355,llama
train/n02437616/n02437616_3829.JPEG,355,llama
train/n02437616/n02437616_1733.JPEG,355,llama
train/n02437616/n02437616_16204.JPEG,355,llama
train/n02437616/n02437616_931.JPEG,355,llama
train/n02437616/n02437616_5636.JPEG,355,llama
train/n02437616/n02437616_847.JPEG,355,llama
train/n02437616/n02437616_54467.JPEG,355,llama
train/n02437616/n02437616_55142.JPEG,355,llama
train/n02437616/n02437616_13405.JPEG,355,llama
train/n02437616/n02437616_2281.JPEG,355,llama
train/n02441942/n02441942_20285.JPEG,356,weasel
train/n02441942/n02441942_9406.JPEG,356,weasel
train/n02441942/n02441942_5799.JPEG,356,weasel
train/n02441942/n02441942_8441.JPEG,356,weasel
train/n02441942/n02441942_1279.JPEG,356,weasel
train/n02441942/n02441942_6342.JPEG,356,weasel
train/n02441942/n02441942_7547.JPEG,356,weasel
train/n02441942/n02441942_5707.JPEG,356,weasel
train/n02441942/n02441942_1029.JPEG,356,weasel
train/n02441942/n02441942_22610.JPEG,356,weasel
train/n02441942/n02441942_20381.JPEG,356,weasel
train/n02441942/n02441942_21056.JPEG,356,weasel
train/n02441942/n02441942_5777.JPEG,356,weasel
train/n02441942/n02441942_409.JPEG,356,weasel
train/n02441942/n02441942_4338.JPEG,356,weasel
train/n02441942/n02441942_4444.JPEG,356,weasel
train/n02442845/n02442845_18865.JPEG,357,mink
train/n02442845/n02442845_18474.JPEG,357,mink
train/n02442845/n02442845_21054.JPEG,357,mink
train/n02442845/n02442845_24183.JPEG,357,mink
train/n02442845/n02442845_5396.JPEG,357,mink
train/n02442845/n02442845_458.JPEG,357,mink
train/n02442845/n02442845_19195.JPEG,357,mink
train/n02442845/n02442845_17769.JPEG,357,mink
train/n02442845/n02442845_3983.JPEG,357,mink
train/n02442845/n02442845_14319.JPEG,357,mink
train/n02442845/n02442845_1304.JPEG,357,mink
train/n02442845/n02442845_27883.JPEG,357,mink
train/n02442845/n02442845_6884.JPEG,357,mink
train/n02442845/n02442845_15444.JPEG,357,mink
train/n02442845/n02442845_33406.JPEG,357,mink
train/n02442845/n02442845_36217.JPEG,357,mink
train/n02443114/n02443114_42210.JPEG,358,European polecat
train/n02443114/n02443114_21088.JPEG,358,European polecat
train/n02443114/n02443114_14636.JPEG,358,European polecat
train/n02443114/n02443114_7666.JPEG,358,European polecat
train/n02443114/n02443114_3517.JPEG,358,European polecat
train/n02443114/n02443114_34246.JPEG,358,European polecat
train/n02443114/n02443114_28012.JPEG,358,European polecat
train/n02443114/n02443114_6253.JPEG,358,European polecat
train/n02443114/n02443114_30326.JPEG,358,European polecat
train/n02443114/n02443114_19184.JPEG,358,European polecat
train/n02443114/n02443114_11906.JPEG,358,European polecat
train/n02443114/n02443114_34812.JPEG,358,European polecat
train/n02443114/n02443114_27813.JPEG,358,European polecat
train/n02443114/n02443114_31743.JPEG,358,European polecat
train/n02443114/n02443114_6917.JPEG,358,European polecat
train/n02443114/n02443114_9340.JPEG,358,European polecat
train/n02443484/n02443484_1470.JPEG,359,black-footed ferret
train/n02443484/n02443484_9104.JPEG,359,black-footed ferret
train/n02443484/n02443484_4204.JPEG,359,black-footed ferret
train/n02443484/n02443484_1892.JPEG,359,black-footed ferret
train/n02443484/n02443484_12715.JPEG,359,black-footed ferret
train/n02443484/n02443484_2065.JPEG,359,black-footed ferret
train/n02443484/n02443484_11993.JPEG,359,black-footed ferret
train/n02443484/n02443484_9972.JPEG,359,black-footed ferret
train/n02443484/n02443484_2360.JPEG,359,black-footed ferret
train/n02443484/n02443484_5319.JPEG,359,black-footed ferret
train/n02443484/n02443484_13201.JPEG,359,black-footed ferret
train/n02443484/n02443484_1059.JPEG,359,black-footed ferret
train/n02443484/n02443484_1707.JPEG,359,black-footed ferret
train/n02443484/n02443484_5750.JPEG,359,black-footed ferret
train/n02443484/n02443484_671.JPEG,359,black-footed ferret
train/n02443484/n02443484_3773.JPEG,359,black-footed ferret
train/n02444819/n02444819_6101.JPEG,360,otter
train/n02444819/n02444819_8030.JPEG,360,otter
train/n02444819/n02444819_919.JPEG,360,otter
train/n02444819/n02444819_6880.JPEG,360,otter
train/n02444819/n02444819_1569.JPEG,360,otter
train/n02444819/n02444819_7997.JPEG,360,otter
train/n02444819/n02444819_2885.JPEG,360,otter
train/n02444819/n02444819_5056.JPEG,360,otter
train/n02444819/n02444819_4983.JPEG,360,otter
train/n02444819/n02444819_3858.JPEG,360,otter
train/n02444819/n02444819_7382.JPEG,360,otter
train/n02444819/n02444819_4148.JPEG,360,otter
train/n02444819/n02444819_773.JPEG,360,otter
train/n02444819/n02444819_1009.JPEG,360,otter
train/n02444819/n02444819_17552.JPEG,360,otter
train/n02444819/n02444819_874.JPEG,360,otter
train/n02445715/n02445715_24254.JPEG,361,skunk
train/n02445715/n02445715_27546.JPEG,361,skunk
train/n02445715/n02445715_31631.JPEG,361,skunk
train/n02445715/n02445715_1122.JPEG,361,skunk
train/n02445715/n02445715_40185.JPEG,361,skunk
train/n02445715/n02445715_13863.JPEG,361,skunk
train/n02445715/n02445715_5710.JPEG,361,skunk
train/n02445715/n02445715_6288.JPEG,361,skunk
train/n02445715/n02445715_824.JPEG,361,skunk
train/n02445715/n02445715_2725.JPEG,361,skunk
train/n02445715/n02445715_15404.JPEG,361,skunk
train/n02445715/n02445715_17907.JPEG,361,skunk
train/n02445715/n02445715_5380.JPEG,361,skunk
train/n02445715/n02445715_13920.JPEG,361,skunk
train/n02445715/n02445715_12448.JPEG,361,skunk
train/n02445715/n02445715_15436.JPEG,361,skunk
train/n02447366/n02447366_16964.JPEG,362,badger
train/n02447366/n02447366_11772.JPEG,362,badger
train/n02447366/n02447366_4295.JPEG,362,badger
train/n02447366/n02447366_4541.JPEG,362,badger
train/n02447366/n02447366_6535.JPEG,362,badger
train/n02447366/n02447366_4411.JPEG,362,badger
train/n02447366/n02447366_10326.JPEG,362,badger
train/n02447366/n02447366_2352.JPEG,362,badger
train/n02447366/n02447366_6431.JPEG,362,badger
train/n02447366/n02447366_14670.JPEG,362,badger
train/n02447366/n02447366_2697.JPEG,362,badger
train/n02447366/n02447366_16979.JPEG,362,badger
train/n02447366/n02447366_6093.JPEG,362,badger
train/n02447366/n02447366_20812.JPEG,362,badger
train/n02447366/n02447366_8784.JPEG,362,badger
train/n02447366/n02447366_10764.JPEG,362,badger
train/n02454379/n02454379_5060.JPEG,363,armadillo
train/n02454379/n02454379_8629.JPEG,363,armadillo
train/n02454379/n02454379_228.JPEG,363,armadillo
train/n02454379/n02454379_1595.JPEG,363,armadillo
train/n02454379/n02454379_4680.JPEG,363,armadillo
train/n02454379/n02454379_4418.JPEG,363,armadillo
train/n02454379/n02454379_10601.JPEG,363,armadillo
train/n02454379/n02454379_11306.JPEG,363,armadillo
train/n02454379/n02454379_1010.JPEG,363,armadillo
train/n02454379/n02454379_9967.JPEG,363,armadillo
train/n02454379/n02454379_10245.JPEG,363,armadillo
train/n02454379/n02454379_2494.JPEG,363,armadillo
train/n02454379/n02454379_8980.JPEG,363,armadillo
train/n02454379/n02454379_10043.JPEG,363,armadillo
train/n02454379/n02454379_14954.JPEG,363,armadillo
train/n02454379/n02454379_1893.JPEG,363,armadillo
train/n02457408/n02457408_28212.JPEG,364,three-toed sloth
train/n02457408/n02457408_3884.JPEG,364,three-toed sloth
train/n02457408/n02457408_3082.JPEG,364,three-toed sloth
train/n02457408/n02457408_9100.JPEG,364,three-toed sloth
train/n02457408/n02457408_2296.JPEG,364,three-toed sloth
train/n02457408/n02457408_7060.JPEG,364,three-toed sloth
train/n02457408/n02457408_522.JPEG,364,three-toed sloth
train/n02457408/n02457408_12449.JPEG,364,three-toed sloth
train/n02457408/n02457408_803.JPEG,364,three-toed sloth
train/n02457408/n02457408_20275.JPEG,364,three-toed sloth
train/n02457408/n02457408_12441.JPEG,364,three-toed sloth
train/n02457408/n02457408_7892.JPEG,364,three-toed sloth
train/n02457408/n02457408_4667.JPEG,364,three-toed sloth
train/n02457408/n02457408_1993.JPEG,364,three-toed sloth
train/n02457408/n02457408_12116.JPEG,364,three-toed sloth
train/n02457408/n02457408_12460.JPEG,364,three-toed sloth
train/n02480495/n02480495_15586.JPEG,365,orangutan
train/n02480495/n02480495_3478.JPEG,365,orangutan
train/n02480495/n02480495_11845.JPEG,365,orangutan
train/n02480495/n02480495_3869.JPEG,365,orangutan
train/n02480495/n02480495_5519.JPEG,365,orangutan
train/n02480495/n02480495_4350.JPEG,365,orangutan
train/n02480495/n02480495_794.JPEG,365,orangutan
train/n02480495/n02480495_9793.JPEG,365,orangutan
train/n02480495/n02480495_15284.JPEG,365,orangutan
train/n02480495/n02480495_1346.JPEG,365,orangutan
train/n02480495/n02480495_7082.JPEG,365,orangutan
train/n02480495/n02480495_496.JPEG,365,orangutan
train/n02480495/n02480495_5618.JPEG,365,orangutan
train/n02480495/n02480495_8406.JPEG,365,orangutan
train/n02480495/n02480495_6868.JPEG,365,orangutan
train/n02480495/n02480495_21041.JPEG,365,orangutan
train/n02480855/n02480855_9857.JPEG,366,gorilla
train/n02480855/n02480855_2130.JPEG,366,gorilla
train/n02480855/n02480855_5372.JPEG,366,gorilla
train/n02480855/n02480855_5891.JPEG,366,gorilla
train/n02480855/n02480855_8693.JPEG,366,gorilla
train/n02480855/n02480855_1796.JPEG,366,gorilla
train/n02480855/n02480855_9776.JPEG,366,gorilla
train/n02480855/n02480855_40755.JPEG,366,gorilla
train/n02480855/n02480855_6222.JPEG,366,gorilla
train/n02480855/n02480855_3834.JPEG,366,gorilla
train/n02480855/n02480855_17300.JPEG,366,gorilla
train/n02480855/n02480855_7975.JPEG,366,gorilla
train/n02480855/n02480855_762.JPEG,366,gorilla
train/n02480855/n02480855_4570.JPEG,366,gorilla
train/n02480855/n02480855_3119.JPEG,366,gorilla
train/n02480855/n02480855_10733.JPEG,366,gorilla
train/n02481823/n02481823_15719.JPEG,367,chimpanzee
train/n02481823/n02481823_600.JPEG,367,chimpanzee
train/n02481823/n02481823_14617.JPEG,367,chimpanzee
train/n02481823/n02481823_13158.JPEG,367,chimpanzee
train/n02481823/n02481823_22592.JPEG,367,chimpanzee
train/n02481823/n02481823_95.JPEG,367,chimpanzee
train/n02481823/n02481823_16436.JPEG,367,chimpanzee
train/n02481823/n02481823_4361.JPEG,367,chimpanzee
train/n02481823/n02481823_352.JPEG,367,chimpanzee
train/n02481823/n02481823_11405.JPEG,367,chimpanzee
train/n02481823/n02481823_2248.JPEG,367,chimpanzee
train/n02481823/n02481823_61.JPEG,367,chimpanzee
train/n02481823/n02481823_25.JPEG,367,chimpanzee
train/n02481823/n02481823_729.JPEG,367,chimpanzee
train/n02481823/n02481823_5134.JPEG,367,chimpanzee
train/n02481823/n02481823_15122.JPEG,367,chimpanzee
train/n02483362/n02483362_13882.JPEG,368,gibbon
train/n02483362/n02483362_13905.JPEG,368,gibbon
train/n02483362/n02483362_1562.JPEG,368,gibbon
train/n02483362/n02483362_7179.JPEG,368,gibbon
train/n02483362/n02483362_6828.JPEG,368,gibbon
train/n02483362/n02483362_10679.JPEG,368,gibbon
train/n02483362/n02483362_9105.JPEG,368,gibbon
train/n02483362/n02483362_3388.JPEG,368,gibbon
train/n02483362/n02483362_2630.JPEG,368,gibbon
train/n02483362/n02483362_5852.JPEG,368,gibbon
train/n02483362/n02483362_4553.JPEG,368,gibbon
train/n02483362/n02483362_2114.JPEG,368,gibbon
train/n02483362/n02483362_2301.JPEG,368,gibbon
train/n02483362/n02483362_10924.JPEG,368,gibbon
train/n02483362/n02483362_20749.JPEG,368,gibbon
train/n02483362/n02483362_7058.JPEG,368,gibbon
train/n02483708/n02483708_1249.JPEG,369,siamang
train/n02483708/n02483708_4239.JPEG,369,siamang
train/n02483708/n02483708_2338.JPEG,369,siamang
train/n02483708/n02483708_2559.JPEG,369,siamang
train/n02483708/n02483708_2616.JPEG,369,siamang
train/n02483708/n02483708_2176.JPEG,369,siamang
train/n02483708/n02483708_1404.JPEG,369,siamang
train/n02483708/n02483708_7060.JPEG,369,siamang
train/n02483708/n02483708_2079.JPEG,369,siamang
train/n02483708/n02483708_2352.JPEG,369,siamang
train/n02483708/n02483708_1398.JPEG,369,siamang
train/n02483708/n02483708_4030.JPEG,369,siamang
train/n02483708/n02483708_1878.JPEG,369,siamang
train/n02483708/n02483708_1226.JPEG,369,siamang
train/n02483708/n02483708_983.JPEG,369,siamang
train/n02483708/n02483708_12.JPEG,369,siamang
train/n02484975/n02484975_7042.JPEG,370,guenon
train/n02484975/n02484975_1654.JPEG,370,guenon
train/n02484975/n02484975_1755.JPEG,370,guenon
train/n02484975/n02484975_14774.JPEG,370,guenon
train/n02484975/n02484975_10102.JPEG,370,guenon
train/n02484975/n02484975_9716.JPEG,370,guenon
train/n02484975/n02484975_11310.JPEG,370,guenon
train/n02484975/n02484975_206.JPEG,370,guenon
train/n02484975/n02484975_10650.JPEG,370,guenon
train/n02484975/n02484975_1194.JPEG,370,guenon
train/n02484975/n02484975_10485.JPEG,370,guenon
train/n02484975/n02484975_2042.JPEG,370,guenon
train/n02484975/n02484975_390.JPEG,370,guenon
train/n02484975/n02484975_6336.JPEG,370,guenon
train/n02484975/n02484975_1184.JPEG,370,guenon
train/n02484975/n02484975_4421.JPEG,370,guenon
train/n02486261/n02486261_4719.JPEG,371,patas monkey
train/n02486261/n02486261_8639.JPEG,371,patas monkey
train/n02486261/n02486261_19786.JPEG,371,patas monkey
train/n02486261/n02486261_9769.JPEG,371,patas monkey
train/n02486261/n02486261_3403.JPEG,371,patas monkey
train/n02486261/n02486261_19651.JPEG,371,patas monkey
train/n02486261/n02486261_18152.JPEG,371,patas monkey
train/n02486261/n02486261_18897.JPEG,371,patas monkey
train/n02486261/n02486261_3807.JPEG,371,patas monkey
train/n02486261/n02486261_14081.JPEG,371,patas monkey
train/n02486261/n02486261_945.JPEG,371,patas monkey
train/n02486261/n02486261_12449.JPEG,371,patas monkey
train/n02486261/n02486261_2917.JPEG,371,patas monkey
train/n02486261/n02486261_9391.JPEG,371,patas monkey
train/n02486261/n02486261_7259.JPEG,371,patas monkey
train/n02486261/n02486261_1677.JPEG,371,patas monkey
train/n02486410/n02486410_6417.JPEG,372,baboon
train/n02486410/n02486410_9080.JPEG,372,baboon
train/n02486410/n02486410_5250.JPEG,372,baboon
train/n02486410/n02486410_304.JPEG,372,baboon
train/n02486410/n02486410_5782.JPEG,372,baboon
train/n02486410/n02486410_4244.JPEG,372,baboon
train/n02486410/n02486410_6564.JPEG,372,baboon
train/n02486410/n02486410_989.JPEG,372,baboon
train/n02486410/n02486410_1271.JPEG,372,baboon
train/n02486410/n02486410_213.JPEG,372,baboon
train/n02486410/n02486410_5765.JPEG,372,baboon
train/n02486410/n02486410_2680.JPEG,372,baboon
train/n02486410/n02486410_4613.JPEG,372,baboon
train/n02486410/n02486410_14228.JPEG,372,baboon
train/n02486410/n02486410_5019.JPEG,372,baboon
train/n02486410/n02486410_990.JPEG,372,baboon
train/n02487347/n02487347_2128.JPEG,373,macaque
train/n02487347/n02487347_1491.JPEG,373,macaque
train/n02487347/n02487347_9797.JPEG,373,macaque
train/n02487347/n02487347_6759.JPEG,373,macaque
train/n02487347/n02487347_12237.JPEG,373,macaque
train/n02487347/n02487347_5094.JPEG,373,macaque
train/n02487347/n02487347_1999.JPEG,373,macaque
train/n02487347/n02487347_1386.JPEG,373,macaque
train/n02487347/n02487347_208.JPEG,373,macaque
train/n02487347/n02487347_391.JPEG,373,macaque
train/n02487347/n02487347_5368.JPEG,373,macaque
train/n02487347/n02487347_3337.JPEG,373,macaque
train/n02487347/n02487347_3544.JPEG,373,macaque
train/n02487347/n02487347_1589.JPEG,373,macaque
train/n02487347/n02487347_19363.JPEG,373,macaque
train/n02487347/n02487347_620.JPEG,373,macaque
train/n02488291/n02488291_6.JPEG,374,langur
train/n02488291/n02488291_2332.JPEG,374,langur
train/n02488291/n02488291_2958.JPEG,374,langur
train/n02488291/n02488291_3586.JPEG,374,langur
train/n02488291/n02488291_3667.JPEG,374,langur
train/n02488291/n02488291_3491.JPEG,374,langur
train/n02488291/n02488291_6084.JPEG,374,langur
train/n02488291/n02488291_6931.JPEG,374,langur
train/n02488291/n02488291_1599.JPEG,374,langur
train/n02488291/n02488291_6139.JPEG,374,langur
train/n02488291/n02488291_3217.JPEG,374,langur
train/n02488291/n02488291_6280.JPEG,374,langur
train/n02488291/n02488291_4105.JPEG,374,langur
train/n02488291/n02488291_3334.JPEG,374,langur
train/n02488291/n02488291_5086.JPEG,374,langur
train/n02488291/n02488291_1339.JPEG,374,langur
train/n02488702/n02488702_3612.JPEG,375,black-and-white colobus
train/n02488702/n02488702_2722.JPEG,375,black-and-white colobus
train/n02488702/n02488702_5456.JPEG,375,black-and-white colobus
train/n02488702/n02488702_1793.JPEG,375,black-and-white colobus
train/n02488702/n02488702_1837.JPEG,375,black-and-white colobus
train/n02488702/n02488702_5588.JPEG,375,black-and-white colobus
train/n02488702/n02488702_317.JPEG,375,black-and-white colobus
train/n02488702/n02488702_5593.JPEG,375,black-and-white colobus
train/n02488702/n02488702_1039.JPEG,375,black-and-white colobus
train/n02488702/n02488702_5773.JPEG,375,black-and-white colobus
train/n02488702/n02488702_1035.JPEG,375,black-and-white colobus
train/n02488702/n02488702_2452.JPEG,375,black-and-white colobus
train/n02488702/n02488702_6482.JPEG,375,black-and-white colobus
train/n02488702/n02488702_3437.JPEG,375,black-and-white colobus
train/n02488702/n02488702_6626.JPEG,375,black-and-white colobus
train/n02488702/n02488702_5339.JPEG,375,black-and-white colobus
train/n02489166/n02489166_9502.JPEG,376,proboscis monkey
train/n02489166/n02489166_3870.JPEG,376,proboscis monkey
train/n02489166/n02489166_1197.JPEG,376,proboscis monkey
train/n02489166/n02489166_6913.JPEG,376,proboscis monkey
train/n02489166/n02489166_10972.JPEG,376,proboscis monkey
train/n02489166/n02489166_4159.JPEG,376,proboscis monkey
train/n02489166/n02489166_13935.JPEG,376,proboscis monkey
train/n02489166/n02489166_11133.JPEG,376,proboscis monkey
train/n02489166/n02489166_768.JPEG,376,proboscis monkey
train/n02489166/n02489166_2842.JPEG,376,proboscis monkey
train/n02489166/n02489166_11861.JPEG,376,proboscis monkey
train/n02489166/n02489166_11408.JPEG,376,proboscis monkey
train/n02489166/n02489166_3406.JPEG,376,proboscis monkey
train/n02489166/n02489166_8875.JPEG,376,proboscis monkey
train/n02489166/n02489166_16950.JPEG,376,proboscis monkey
train/n02489166/n02489166_5370.JPEG,376,proboscis monkey
train/n02490219/n02490219_2714.JPEG,377,marmoset
train/n02490219/n02490219_3420.JPEG,377,marmoset
train/n02490219/n02490219_1657.JPEG,377,marmoset
train/n02490219/n02490219_6892.JPEG,377,marmoset
train/n02490219/n02490219_4328.JPEG,377,marmoset
train/n02490219/n02490219_3908.JPEG,377,marmoset
train/n02490219/n02490219_6172.JPEG,377,marmoset
train/n02490219/n02490219_7408.JPEG,377,marmoset
train/n02490219/n02490219_2018.JPEG,377,marmoset
train/n02490219/n02490219_6127.JPEG,377,marmoset
train/n02490219/n02490219_1041.JPEG,377,marmoset
train/n02490219/n02490219_2084.JPEG,377,marmoset
train/n02490219/n02490219_7439.JPEG,377,marmoset
train/n02490219/n02490219_1739.JPEG,377,marmoset
train/n02490219/n02490219_3185.JPEG,377,marmoset
train/n02490219/n02490219_7187.JPEG,377,marmoset
train/n02492035/n02492035_8052.JPEG,378,white-headed capuchin
train/n02492035/n02492035_8795.JPEG,378,white-headed capuchin
train/n02492035/n02492035_2541.JPEG,378,white-headed capuchin
train/n02492035/n02492035_1691.JPEG,378,white-headed capuchin
train/n02492035/n02492035_1484.JPEG,378,white-headed capuchin
train/n02492035/n02492035_5322.JPEG,378,white-headed capuchin
train/n02492035/n02492035_3834.JPEG,378,white-headed capuchin
train/n02492035/n02492035_1896.JPEG,378,white-headed capuchin
train/n02492035/n02492035_7874.JPEG,378,white-headed capuchin
train/n02492035/n02492035_4201.JPEG,378,white-headed capuchin
train/n02492035/n02492035_5243.JPEG,378,white-headed capuchin
train/n02492035/n02492035_9164.JPEG,378,white-headed capuchin
train/n02492035/n02492035_205.JPEG,378,white-headed capuchin
train/n02492035/n02492035_5008.JPEG,378,white-headed capuchin
train/n02492035/n02492035_16700.JPEG,378,white-headed capuchin
train/n02492035/n02492035_1762.JPEG,378,white-headed capuchin
train/n02492660/n02492660_1361.JPEG,379,howler monkey
train/n02492660/n02492660_1023.JPEG,379,howler monkey
train/n02492660/n02492660_8878.JPEG,379,howler monkey
train/n02492660/n02492660_1950.JPEG,379,howler monkey
train/n02492660/n02492660_9821.JPEG,379,howler monkey
train/n02492660/n02492660_9371.JPEG,379,howler monkey
train/n02492660/n02492660_5136.JPEG,379,howler monkey
train/n02492660/n02492660_5251.JPEG,379,howler monkey
train/n02492660/n02492660_9304.JPEG,379,howler monkey
train/n02492660/n02492660_9810.JPEG,379,howler monkey
train/n02492660/n02492660_186.JPEG,379,howler monkey
train/n02492660/n02492660_1210.JPEG,379,howler monkey
train/n02492660/n02492660_8507.JPEG,379,howler monkey
train/n02492660/n02492660_5856.JPEG,379,howler monkey
train/n02492660/n02492660_9687.JPEG,379,howler monkey
train/n02492660/n02492660_10382.JPEG,379,howler monkey
train/n02493509/n02493509_13837.JPEG,380,titi monkey
train/n02493509/n02493509_3551.JPEG,380,titi monkey
train/n02493509/n02493509_9411.JPEG,380,titi monkey
train/n02493509/n02493509_11685.JPEG,380,titi monkey
train/n02493509/n02493509_9821.JPEG,380,titi monkey
train/n02493509/n02493509_2743.JPEG,380,titi monkey
train/n02493509/n02493509_14520.JPEG,380,titi monkey
train/n02493509/n02493509_13194.JPEG,380,titi monkey
train/n02493509/n02493509_988.JPEG,380,titi monkey
train/n02493509/n02493509_4549.JPEG,380,titi monkey
train/n02493509/n02493509_12454.JPEG,380,titi monkey
train/n02493509/n02493509_10050.JPEG,380,titi monkey
train/n02493509/n02493509_5553.JPEG,380,titi monkey
train/n02493509/n02493509_2633.JPEG,380,titi monkey
train/n02493509/n02493509_15051.JPEG,380,titi monkey
train/n02493509/n02493509_11899.JPEG,380,titi monkey
train/n02493793/n02493793_4192.JPEG,381,Geoffroy's spider monkey
train/n02493793/n02493793_2834.JPEG,381,Geoffroy's spider monkey
train/n02493793/n02493793_6830.JPEG,381,Geoffroy's spider monkey
train/n02493793/n02493793_11663.JPEG,381,Geoffroy's spider monkey
train/n02493793/n02493793_11248.JPEG,381,Geoffroy's spider monkey
train/n02493793/n02493793_3632.JPEG,381,Geoffroy's spider monkey
train/n02493793/n02493793_9474.JPEG,381,Geoffroy's spider monkey
train/n02493793/n02493793_2249.JPEG,381,Geoffroy's spider monkey
train/n02493793/n02493793_10114.JPEG,381,Geoffroy's spider monkey
train/n02493793/n02493793_6718.JPEG,381,Geoffroy's spider monkey
train/n02493793/n02493793_789.JPEG,381,Geoffroy's spider monkey
train/n02493793/n02493793_4303.JPEG,381,Geoffroy's spider monkey
train/n02493793/n02493793_4567.JPEG,381,Geoffroy's spider monkey
train/n02493793/n02493793_654.JPEG,381,Geoffroy's spider monkey
train/n02493793/n02493793_2986.JPEG,381,Geoffroy's spider monkey
train/n02493793/n02493793_2585.JPEG,381,Geoffroy's spider monkey
train/n02494079/n02494079_1261.JPEG,382,common squirrel monkey
train/n02494079/n02494079_1158.JPEG,382,common squirrel monkey
train/n02494079/n02494079_3691.JPEG,382,common squirrel monkey
train/n02494079/n02494079_3837.JPEG,382,common squirrel monkey
train/n02494079/n02494079_4822.JPEG,382,common squirrel monkey
train/n02494079/n02494079_1294.JPEG,382,common squirrel monkey
train/n02494079/n02494079_3114.JPEG,382,common squirrel monkey
train/n02494079/n02494079_1202.JPEG,382,common squirrel monkey
train/n02494079/n02494079_4614.JPEG,382,common squirrel monkey
train/n02494079/n02494079_1489.JPEG,382,common squirrel monkey
train/n02494079/n02494079_4193.JPEG,382,common squirrel monkey
train/n02494079/n02494079_109.JPEG,382,common squirrel monkey
train/n02494079/n02494079_987.JPEG,382,common squirrel monkey
train/n02494079/n02494079_10289.JPEG,382,common squirrel monkey
train/n02494079/n02494079_4278.JPEG,382,common squirrel monkey
train/n02494079/n02494079_1525.JPEG,382,common squirrel monkey
train/n02497673/n02497673_4544.JPEG,383,ring-tailed lemur
train/n02497673/n02497673_8618.JPEG,383,ring-tailed lemur
train/n02497673/n02497673_6069.JPEG,383,ring-tailed lemur
train/n02497673/n02497673_4648.JPEG,383,ring-tailed lemur
train/n02497673/n02497673_7062.JPEG,383,ring-tailed lemur
train/n02497673/n02497673_7542.JPEG,383,ring-tailed lemur
train/n02497673/n02497673_2424.JPEG,383,ring-tailed lemur
train/n02497673/n02497673_5524.JPEG,383,ring-tailed lemur
train/n02497673/n02497673_4650.JPEG,383,ring-tailed lemur
train/n02497673/n02497673_463.JPEG,383,ring-tailed lemur
train/n02497673/n02497673_224.JPEG,383,ring-tailed lemur
train/n02497673/n02497673_4255.JPEG,383,ring-tailed lemur
train/n02497673/n02497673_5650.JPEG,383,ring-tailed lemur
train/n02497673/n02497673_5681.JPEG,383,ring-tailed lemur
train/n02497673/n02497673_755.JPEG,383,ring-tailed lemur
train/n02497673/n02497673_4328.JPEG,383,ring-tailed lemur
train/n02500267/n02500267_3966.JPEG,384,indri
train/n02500267/n02500267_4109.JPEG,384,indri
train/n02500267/n02500267_153.JPEG,384,indri
train/n02500267/n02500267_13643.JPEG,384,indri
train/n02500267/n02500267_12263.JPEG,384,indri
train/n02500267/n02500267_2015.JPEG,384,indri
train/n02500267/n02500267_3702.JPEG,384,indri
train/n02500267/n02500267_2608.JPEG,384,indri
train/n02500267/n02500267_3165.JPEG,384,indri
train/n02500267/n02500267_5213.JPEG,384,indri
train/n02500267/n02500267_10898.JPEG,384,indri
train/n02500267/n02500267_7533.JPEG,384,indri
train/n02500267/n02500267_12940.JPEG,384,indri
train/n02500267/n02500267_11142.JPEG,384,indri
train/n02500267/n02500267_126.JPEG,384,indri
train/n02500267/n02500267_9866.JPEG,384,indri
train/n02504013/n02504013_10901.JPEG,385,Asian elephant
train/n02504013/n02504013_1306.JPEG,385,Asian elephant
train/n02504013/n02504013_3695.JPEG,385,Asian elephant
train/n02504013/n02504013_3063.JPEG,385,Asian elephant
train/n02504013/n02504013_5918.JPEG,385,Asian elephant
train/n02504013/n02504013_18400.JPEG,385,Asian elephant
train/n02504013/n02504013_6897.JPEG,385,Asian elephant
train/n02504013/n02504013_4307.JPEG,385,Asian elephant
train/n02504013/n02504013_4997.JPEG,385,Asian elephant
train/n02504013/n02504013_5864.JPEG,385,Asian elephant
train/n02504013/n02504013_9809.JPEG,385,Asian elephant
train/n02504013/n02504013_10580.JPEG,385,Asian elephant
train/n02504013/n02504013_1855.JPEG,385,Asian elephant
train/n02504013/n02504013_2728.JPEG,385,Asian elephant
train/n02504013/n02504013_4325.JPEG,385,Asian elephant
train/n02504013/n02504013_3547.JPEG,385,Asian elephant
train/n02504458/n02504458_4909.JPEG,386,African bush elephant
train/n02504458/n02504458_1223.JPEG,386,African bush elephant
train/n02504458/n02504458_7133.JPEG,386,African bush elephant
train/n02504458/n02504458_1343.JPEG,386,African bush elephant
train/n02504458/n02504458_3634.JPEG,386,African bush elephant
train/n02504458/n02504458_3182.JPEG,386,African bush elephant
train/n02504458/n02504458_5181.JPEG,386,African bush elephant
train/n02504458/n02504458_511.JPEG,386,African bush elephant
train/n02504458/n02504458_3344.JPEG,386,African bush elephant
train/n02504458/n02504458_12175.JPEG,386,African bush elephant
train/n02504458/n02504458_4244.JPEG,386,African bush elephant
train/n02504458/n02504458_493.JPEG,386,African bush elephant
train/n02504458/n02504458_1698.JPEG,386,African bush elephant
train/n02504458/n02504458_3988.JPEG,386,African bush elephant
train/n02504458/n02504458_6664.JPEG,386,African bush elephant
train/n02504458/n02504458_1249.JPEG,386,African bush elephant
train/n02509815/n02509815_14788.JPEG,387,red panda
train/n02509815/n02509815_6695.JPEG,387,red panda
train/n02509815/n02509815_648.JPEG,387,red panda
train/n02509815/n02509815_5703.JPEG,387,red panda
train/n02509815/n02509815_4910.JPEG,387,red panda
train/n02509815/n02509815_23089.JPEG,387,red panda
train/n02509815/n02509815_9134.JPEG,387,red panda
train/n02509815/n02509815_1447.JPEG,387,red panda
train/n02509815/n02509815_6855.JPEG,387,red panda
train/n02509815/n02509815_22654.JPEG,387,red panda
train/n02509815/n02509815_30110.JPEG,387,red panda
train/n02509815/n02509815_15991.JPEG,387,red panda
train/n02509815/n02509815_6267.JPEG,387,red panda
train/n02509815/n02509815_310.JPEG,387,red panda
train/n02509815/n02509815_13295.JPEG,387,red panda
train/n02509815/n02509815_6365.JPEG,387,red panda
train/n02510455/n02510455_4722.JPEG,388,giant panda
train/n02510455/n02510455_3338.JPEG,388,giant panda
train/n02510455/n02510455_11994.JPEG,388,giant panda
train/n02510455/n02510455_12801.JPEG,388,giant panda
train/n02510455/n02510455_274.JPEG,388,giant panda
train/n02510455/n02510455_1806.JPEG,388,giant panda
train/n02510455/n02510455_1443.JPEG,388,giant panda
train/n02510455/n02510455_5871.JPEG,388,giant panda
train/n02510455/n02510455_906.JPEG,388,giant panda
train/n02510455/n02510455_11875.JPEG,388,giant panda
train/n02510455/n02510455_81998.JPEG,388,giant panda
train/n02510455/n02510455_3252.JPEG,388,giant panda
train/n02510455/n02510455_4205.JPEG,388,giant panda
train/n02510455/n02510455_5369.JPEG,388,giant panda
train/n02510455/n02510455_5805.JPEG,388,giant panda
train/n02510455/n02510455_8596.JPEG,388,giant panda
train/n02514041/n02514041_6953.JPEG,389,snoek fish
train/n02514041/n02514041_2247.JPEG,389,snoek fish
train/n02514041/n02514041_12390.JPEG,389,snoek fish
train/n02514041/n02514041_3986.JPEG,389,snoek fish
train/n02514041/n02514041_14898.JPEG,389,snoek fish
train/n02514041/n02514041_9488.JPEG,389,snoek fish
train/n02514041/n02514041_9296.JPEG,389,snoek fish
train/n02514041/n02514041_7991.JPEG,389,snoek fish
train/n02514041/n02514041_10376.JPEG,389,snoek fish
train/n02514041/n02514041_3907.JPEG,389,snoek fish
train/n02514041/n02514041_13326.JPEG,389,snoek fish
train/n02514041/n02514041_7617.JPEG,389,snoek fish
train/n02514041/n02514041_6107.JPEG,389,snoek fish
train/n02514041/n02514041_2349.JPEG,389,snoek fish
train/n02514041/n02514041_5314.JPEG,389,snoek fish
train/n02514041/n02514041_14503.JPEG,389,snoek fish
train/n02526121/n02526121_380.JPEG,390,eel
train/n02526121/n02526121_1015.JPEG,390,eel
train/n02526121/n02526121_5154.JPEG,390,eel
train/n02526121/n02526121_3309.JPEG,390,eel
train/n02526121/n02526121_9957.JPEG,390,eel
train/n02526121/n02526121_7630.JPEG,390,eel
train/n02526121/n02526121_4541.JPEG,390,eel
train/n02526121/n02526121_7991.JPEG,390,eel
train/n02526121/n02526121_34843.JPEG,390,eel
train/n02526121/n02526121_9708.JPEG,390,eel
train/n02526121/n02526121_1127.JPEG,390,eel
train/n02526121/n02526121_9492.JPEG,390,eel
train/n02526121/n02526121_29515.JPEG,390,eel
train/n02526121/n02526121_1935.JPEG,390,eel
train/n02526121/n02526121_1736.JPEG,390,eel
train/n02526121/n02526121_8029.JPEG,390,eel
train/n02536864/n02536864_42892.JPEG,391,silver salmon
train/n02536864/n02536864_1793.JPEG,391,silver salmon
train/n02536864/n02536864_28201.JPEG,391,silver salmon
train/n02536864/n02536864_570.JPEG,391,silver salmon
train/n02536864/n02536864_19109.JPEG,391,silver salmon
train/n02536864/n02536864_4809.JPEG,391,silver salmon
train/n02536864/n02536864_10103.JPEG,391,silver salmon
train/n02536864/n02536864_19924.JPEG,391,silver salmon
train/n02536864/n02536864_6785.JPEG,391,silver salmon
train/n02536864/n02536864_43.JPEG,391,silver salmon
train/n02536864/n02536864_25923.JPEG,391,silver salmon
train/n02536864/n02536864_13090.JPEG,391,silver salmon
train/n02536864/n02536864_7077.JPEG,391,silver salmon
train/n02536864/n02536864_30919.JPEG,391,silver salmon
train/n02536864/n02536864_4046.JPEG,391,silver salmon
train/n02536864/n02536864_24699.JPEG,391,silver salmon
train/n02606052/n02606052_18787.JPEG,392,rock beauty fish
train/n02606052/n02606052_15433.JPEG,392,rock beauty fish
train/n02606052/n02606052_21165.JPEG,392,rock beauty fish
train/n02606052/n02606052_3670.JPEG,392,rock beauty fish
train/n02606052/n02606052_7710.JPEG,392,rock beauty fish
train/n02606052/n02606052_17785.JPEG,392,rock beauty fish
train/n02606052/n02606052_7445.JPEG,392,rock beauty fish
train/n02606052/n02606052_13322.JPEG,392,rock beauty fish
train/n02606052/n02606052_4071.JPEG,392,rock beauty fish
train/n02606052/n02606052_8922.JPEG,392,rock beauty fish
train/n02606052/n02606052_18945.JPEG,392,rock beauty fish
train/n02606052/n02606052_9269.JPEG,392,rock beauty fish
train/n02606052/n02606052_13423.JPEG,392,rock beauty fish
train/n02606052/n02606052_8880.JPEG,392,rock beauty fish
train/n02606052/n02606052_20447.JPEG,392,rock beauty fish
train/n02606052/n02606052_22650.JPEG,392,rock beauty fish
train/n02607072/n02607072_2087.JPEG,393,clownfish
train/n02607072/n02607072_4975.JPEG,393,clownfish
train/n02607072/n02607072_13101.JPEG,393,clownfish
train/n02607072/n02607072_4573.JPEG,393,clownfish
train/n02607072/n02607072_2339.JPEG,393,clownfish
train/n02607072/n02607072_605.JPEG,393,clownfish
train/n02607072/n02607072_213.JPEG,393,clownfish
train/n02607072/n02607072_3514.JPEG,393,clownfish
train/n02607072/n02607072_3202.JPEG,393,clownfish
train/n02607072/n02607072_6146.JPEG,393,clownfish
train/n02607072/n02607072_3979.JPEG,393,clownfish
train/n02607072/n02607072_5289.JPEG,393,clownfish
train/n02607072/n02607072_4628.JPEG,393,clownfish
train/n02607072/n02607072_4013.JPEG,393,clownfish
train/n02607072/n02607072_889.JPEG,393,clownfish
train/n02607072/n02607072_4637.JPEG,393,clownfish
train/n02640242/n02640242_28423.JPEG,394,sturgeon
train/n02640242/n02640242_7200.JPEG,394,sturgeon
train/n02640242/n02640242_35796.JPEG,394,sturgeon
train/n02640242/n02640242_36408.JPEG,394,sturgeon
train/n02640242/n02640242_34285.JPEG,394,sturgeon
train/n02640242/n02640242_5814.JPEG,394,sturgeon
train/n02640242/n02640242_28206.JPEG,394,sturgeon
train/n02640242/n02640242_985.JPEG,394,sturgeon
train/n02640242/n02640242_28627.JPEG,394,sturgeon
train/n02640242/n02640242_31452.JPEG,394,sturgeon
train/n02640242/n02640242_38077.JPEG,394,sturgeon
train/n02640242/n02640242_31974.JPEG,394,sturgeon
train/n02640242/n02640242_21234.JPEG,394,sturgeon
train/n02640242/n02640242_30320.JPEG,394,sturgeon
train/n02640242/n02640242_17137.JPEG,394,sturgeon
train/n02640242/n02640242_39492.JPEG,394,sturgeon
train/n02641379/n02641379_7088.JPEG,395,gar fish
train/n02641379/n02641379_10316.JPEG,395,gar fish
train/n02641379/n02641379_40092.JPEG,395,gar fish
train/n02641379/n02641379_8592.JPEG,395,gar fish
train/n02641379/n02641379_7219.JPEG,395,gar fish
train/n02641379/n02641379_9710.JPEG,395,gar fish
train/n02641379/n02641379_31621.JPEG,395,gar fish
train/n02641379/n02641379_6516.JPEG,395,gar fish
train/n02641379/n02641379_9439.JPEG,395,gar fish
train/n02641379/n02641379_8780.JPEG,395,gar fish
train/n02641379/n02641379_32052.JPEG,395,gar fish
train/n02641379/n02641379_47376.JPEG,395,gar fish
train/n02641379/n02641379_28135.JPEG,395,gar fish
train/n02641379/n02641379_20366.JPEG,395,gar fish
train/n02641379/n02641379_26474.JPEG,395,gar fish
train/n02641379/n02641379_3694.JPEG,395,gar fish
train/n02643566/n02643566_671.JPEG,396,lionfish
train/n02643566/n02643566_3060.JPEG,396,lionfish
train/n02643566/n02643566_1873.JPEG,396,lionfish
train/n02643566/n02643566_4226.JPEG,396,lionfish
train/n02643566/n02643566_4952.JPEG,396,lionfish
train/n02643566/n02643566_635.JPEG,396,lionfish
train/n02643566/n02643566_12528.JPEG,396,lionfish
train/n02643566/n02643566_2122.JPEG,396,lionfish
train/n02643566/n02643566_749.JPEG,396,lionfish
train/n02643566/n02643566_10611.JPEG,396,lionfish
train/n02643566/n02643566_3276.JPEG,396,lionfish
train/n02643566/n02643566_3627.JPEG,396,lionfish
train/n02643566/n02643566_6581.JPEG,396,lionfish
train/n02643566/n02643566_3012.JPEG,396,lionfish
train/n02643566/n02643566_3917.JPEG,396,lionfish
train/n02643566/n02643566_442.JPEG,396,lionfish
train/n02655020/n02655020_17572.JPEG,397,pufferfish
train/n02655020/n02655020_12915.JPEG,397,pufferfish
train/n02655020/n02655020_4258.JPEG,397,pufferfish
train/n02655020/n02655020_1956.JPEG,397,pufferfish
train/n02655020/n02655020_7183.JPEG,397,pufferfish
train/n02655020/n02655020_20286.JPEG,397,pufferfish
train/n02655020/n02655020_3498.JPEG,397,pufferfish
train/n02655020/n02655020_2825.JPEG,397,pufferfish
train/n02655020/n02655020_4149.JPEG,397,pufferfish
train/n02655020/n02655020_4967.JPEG,397,pufferfish
train/n02655020/n02655020_3952.JPEG,397,pufferfish
train/n02655020/n02655020_25729.JPEG,397,pufferfish
train/n02655020/n02655020_10664.JPEG,397,pufferfish
train/n02655020/n02655020_23579.JPEG,397,pufferfish
train/n02655020/n02655020_4671.JPEG,397,pufferfish
train/n02655020/n02655020_38678.JPEG,397,pufferfish
train/n02666196/n02666196_1462.JPEG,398,abacus
train/n02666196/n02666196_7819.JPEG,398,abacus
train/n02666196/n02666196_23924.JPEG,398,abacus
train/n02666196/n02666196_14324.JPEG,398,abacus
train/n02666196/n02666196_27364.JPEG,398,abacus
train/n02666196/n02666196_14921.JPEG,398,abacus
train/n02666196/n02666196_6458.JPEG,398,abacus
train/n02666196/n02666196_11329.JPEG,398,abacus
train/n02666196/n02666196_10798.JPEG,398,abacus
train/n02666196/n02666196_2734.JPEG,398,abacus
train/n02666196/n02666196_11280.JPEG,398,abacus
train/n02666196/n02666196_17128.JPEG,398,abacus
train/n02666196/n02666196_18130.JPEG,398,abacus
train/n02666196/n02666196_11411.JPEG,398,abacus
train/n02666196/n02666196_22713.JPEG,398,abacus
train/n02666196/n02666196_14124.JPEG,398,abacus
train/n02667093/n02667093_10410.JPEG,399,abaya
train/n02667093/n02667093_9087.JPEG,399,abaya
train/n02667093/n02667093_5825.JPEG,399,abaya
train/n02667093/n02667093_17546.JPEG,399,abaya
train/n02667093/n02667093_9724.JPEG,399,abaya
train/n02667093/n02667093_5010.JPEG,399,abaya
train/n02667093/n02667093_10471.JPEG,399,abaya
train/n02667093/n02667093_2441.JPEG,399,abaya
train/n02667093/n02667093_1679.JPEG,399,abaya
train/n02667093/n02667093_6063.JPEG,399,abaya
train/n02667093/n02667093_1337.JPEG,399,abaya
train/n02667093/n02667093_5488.JPEG,399,abaya
train/n02667093/n02667093_5090.JPEG,399,abaya
train/n02667093/n02667093_7387.JPEG,399,abaya
train/n02667093/n02667093_353.JPEG,399,abaya
train/n02667093/n02667093_7120.JPEG,399,abaya
train/n02669723/n02669723_15379.JPEG,400,academic gown
train/n02669723/n02669723_610.JPEG,400,academic gown
train/n02669723/n02669723_1736.JPEG,400,academic gown
train/n02669723/n02669723_5957.JPEG,400,academic gown
train/n02669723/n02669723_1077.JPEG,400,academic gown
train/n02669723/n02669723_4362.JPEG,400,academic gown
train/n02669723/n02669723_7343.JPEG,400,academic gown
train/n02669723/n02669723_6533.JPEG,400,academic gown
train/n02669723/n02669723_10832.JPEG,400,academic gown
train/n02669723/n02669723_2383.JPEG,400,academic gown
train/n02669723/n02669723_5930.JPEG,400,academic gown
train/n02669723/n02669723_3085.JPEG,400,academic gown
train/n02669723/n02669723_14396.JPEG,400,academic gown
train/n02669723/n02669723_6935.JPEG,400,academic gown
train/n02669723/n02669723_15078.JPEG,400,academic gown
train/n02669723/n02669723_2020.JPEG,400,academic gown
train/n02672831/n02672831_31557.JPEG,401,accordion
train/n02672831/n02672831_537.JPEG,401,accordion
train/n02672831/n02672831_30534.JPEG,401,accordion
train/n02672831/n02672831_66927.JPEG,401,accordion
train/n02672831/n02672831_7230.JPEG,401,accordion
train/n02672831/n02672831_1482.JPEG,401,accordion
train/n02672831/n02672831_1072.JPEG,401,accordion
train/n02672831/n02672831_64608.JPEG,401,accordion
train/n02672831/n02672831_33779.JPEG,401,accordion
train/n02672831/n02672831_10288.JPEG,401,accordion
train/n02672831/n02672831_988.JPEG,401,accordion
train/n02672831/n02672831_30895.JPEG,401,accordion
train/n02672831/n02672831_1735.JPEG,401,accordion
train/n02672831/n02672831_34701.JPEG,401,accordion
train/n02672831/n02672831_889.JPEG,401,accordion
train/n02672831/n02672831_6320.JPEG,401,accordion
train/n02676566/n02676566_6060.JPEG,402,acoustic guitar
train/n02676566/n02676566_730.JPEG,402,acoustic guitar
train/n02676566/n02676566_602.JPEG,402,acoustic guitar
train/n02676566/n02676566_8370.JPEG,402,acoustic guitar
train/n02676566/n02676566_787.JPEG,402,acoustic guitar
train/n02676566/n02676566_6597.JPEG,402,acoustic guitar
train/n02676566/n02676566_4507.JPEG,402,acoustic guitar
train/n02676566/n02676566_306.JPEG,402,acoustic guitar
train/n02676566/n02676566_9519.JPEG,402,acoustic guitar
train/n02676566/n02676566_9879.JPEG,402,acoustic guitar
train/n02676566/n02676566_3646.JPEG,402,acoustic guitar
train/n02676566/n02676566_6626.JPEG,402,acoustic guitar
train/n02676566/n02676566_5830.JPEG,402,acoustic guitar
train/n02676566/n02676566_8086.JPEG,402,acoustic guitar
train/n02676566/n02676566_9575.JPEG,402,acoustic guitar
train/n02676566/n02676566_5168.JPEG,402,acoustic guitar
train/n02687172/n02687172_5035.JPEG,403,aircraft carrier
train/n02687172/n02687172_53737.JPEG,403,aircraft carrier
train/n02687172/n02687172_3203.JPEG,403,aircraft carrier
train/n02687172/n02687172_10442.JPEG,403,aircraft carrier
train/n02687172/n02687172_33053.JPEG,403,aircraft carrier
train/n02687172/n02687172_54116.JPEG,403,aircraft carrier
train/n02687172/n02687172_6565.JPEG,403,aircraft carrier
train/n02687172/n02687172_82699.JPEG,403,aircraft carrier
train/n02687172/n02687172_27903.JPEG,403,aircraft carrier
train/n02687172/n02687172_27936.JPEG,403,aircraft carrier
train/n02687172/n02687172_51707.JPEG,403,aircraft carrier
train/n02687172/n02687172_2470.JPEG,403,aircraft carrier
train/n02687172/n02687172_25425.JPEG,403,aircraft carrier
train/n02687172/n02687172_27488.JPEG,403,aircraft carrier
train/n02687172/n02687172_4846.JPEG,403,aircraft carrier
train/n02687172/n02687172_10287.JPEG,403,aircraft carrier
train/n02690373/n02690373_4583.JPEG,404,airliner
train/n02690373/n02690373_6946.JPEG,404,airliner
train/n02690373/n02690373_9718.JPEG,404,airliner
train/n02690373/n02690373_10976.JPEG,404,airliner
train/n02690373/n02690373_6929.JPEG,404,airliner
train/n02690373/n02690373_5003.JPEG,404,airliner
train/n02690373/n02690373_10512.JPEG,404,airliner
train/n02690373/n02690373_2835.JPEG,404,airliner
train/n02690373/n02690373_1291.JPEG,404,airliner
train/n02690373/n02690373_19104.JPEG,404,airliner
train/n02690373/n02690373_4136.JPEG,404,airliner
train/n02690373/n02690373_20326.JPEG,404,airliner
train/n02690373/n02690373_8664.JPEG,404,airliner
train/n02690373/n02690373_8444.JPEG,404,airliner
train/n02690373/n02690373_2219.JPEG,404,airliner
train/n02690373/n02690373_9626.JPEG,404,airliner
train/n02692877/n02692877_28289.JPEG,405,airship
train/n02692877/n02692877_6938.JPEG,405,airship
train/n02692877/n02692877_6298.JPEG,405,airship
train/n02692877/n02692877_38626.JPEG,405,airship
train/n02692877/n02692877_15126.JPEG,405,airship
train/n02692877/n02692877_13671.JPEG,405,airship
train/n02692877/n02692877_10689.JPEG,405,airship
train/n02692877/n02692877_3379.JPEG,405,airship
train/n02692877/n02692877_7797.JPEG,405,airship
train/n02692877/n02692877_20552.JPEG,405,airship
train/n02692877/n02692877_29074.JPEG,405,airship
train/n02692877/n02692877_13898.JPEG,405,airship
train/n02692877/n02692877_14064.JPEG,405,airship
train/n02692877/n02692877_642.JPEG,405,airship
train/n02692877/n02692877_6515.JPEG,405,airship
train/n02692877/n02692877_25255.JPEG,405,airship
train/n02699494/n02699494_2443.JPEG,406,altar
train/n02699494/n02699494_2093.JPEG,406,altar
train/n02699494/n02699494_2161.JPEG,406,altar
train/n02699494/n02699494_5506.JPEG,406,altar
train/n02699494/n02699494_4460.JPEG,406,altar
train/n02699494/n02699494_100.JPEG,406,altar
train/n02699494/n02699494_21679.JPEG,406,altar
train/n02699494/n02699494_13263.JPEG,406,altar
train/n02699494/n02699494_59761.JPEG,406,altar
train/n02699494/n02699494_14965.JPEG,406,altar
train/n02699494/n02699494_7138.JPEG,406,altar
train/n02699494/n02699494_5289.JPEG,406,altar
train/n02699494/n02699494_4882.JPEG,406,altar
train/n02699494/n02699494_9154.JPEG,406,altar
train/n02699494/n02699494_13030.JPEG,406,altar
train/n02699494/n02699494_11623.JPEG,406,altar
train/n02701002/n02701002_14502.JPEG,407,ambulance
train/n02701002/n02701002_4678.JPEG,407,ambulance
train/n02701002/n02701002_5126.JPEG,407,ambulance
train/n02701002/n02701002_941.JPEG,407,ambulance
train/n02701002/n02701002_18732.JPEG,407,ambulance
train/n02701002/n02701002_9757.JPEG,407,ambulance
train/n02701002/n02701002_3158.JPEG,407,ambulance
train/n02701002/n02701002_26511.JPEG,407,ambulance
train/n02701002/n02701002_10497.JPEG,407,ambulance
train/n02701002/n02701002_25546.JPEG,407,ambulance
train/n02701002/n02701002_17500.JPEG,407,ambulance
train/n02701002/n02701002_10956.JPEG,407,ambulance
train/n02701002/n02701002_6271.JPEG,407,ambulance
train/n02701002/n02701002_4128.JPEG,407,ambulance
train/n02701002/n02701002_15420.JPEG,407,ambulance
train/n02701002/n02701002_5609.JPEG,407,ambulance
train/n02704792/n02704792_15816.JPEG,408,amphibious vehicle
train/n02704792/n02704792_24606.JPEG,408,amphibious vehicle
train/n02704792/n02704792_1122.JPEG,408,amphibious vehicle
train/n02704792/n02704792_20089.JPEG,408,amphibious vehicle
train/n02704792/n02704792_16115.JPEG,408,amphibious vehicle
train/n02704792/n02704792_1922.JPEG,408,amphibious vehicle
train/n02704792/n02704792_30279.JPEG,408,amphibious vehicle
train/n02704792/n02704792_20931.JPEG,408,amphibious vehicle
train/n02704792/n02704792_4201.JPEG,408,amphibious vehicle
train/n02704792/n02704792_27085.JPEG,408,amphibious vehicle
train/n02704792/n02704792_15761.JPEG,408,amphibious vehicle
train/n02704792/n02704792_10931.JPEG,408,amphibious vehicle
train/n02704792/n02704792_17945.JPEG,408,amphibious vehicle
train/n02704792/n02704792_9455.JPEG,408,amphibious vehicle
train/n02704792/n02704792_7428.JPEG,408,amphibious vehicle
train/n02704792/n02704792_18554.JPEG,408,amphibious vehicle
train/n02708093/n02708093_2583.JPEG,409,analog clock
train/n02708093/n02708093_3823.JPEG,409,analog clock
train/n02708093/n02708093_1908.JPEG,409,analog clock
train/n02708093/n02708093_1803.JPEG,409,analog clock
train/n02708093/n02708093_2271.JPEG,409,analog clock
train/n02708093/n02708093_1376.JPEG,409,analog clock
train/n02708093/n02708093_1345.JPEG,409,analog clock
train/n02708093/n02708093_4869.JPEG,409,analog clock
train/n02708093/n02708093_2744.JPEG,409,analog clock
train/n02708093/n02708093_737.JPEG,409,analog clock
train/n02708093/n02708093_4432.JPEG,409,analog clock
train/n02708093/n02708093_8355.JPEG,409,analog clock
train/n02708093/n02708093_321.JPEG,409,analog clock
train/n02708093/n02708093_215.JPEG,409,analog clock
train/n02708093/n02708093_8267.JPEG,409,analog clock
train/n02708093/n02708093_1539.JPEG,409,analog clock
train/n02727426/n02727426_39374.JPEG,410,apiary
train/n02727426/n02727426_4726.JPEG,410,apiary
train/n02727426/n02727426_32545.JPEG,410,apiary
train/n02727426/n02727426_10588.JPEG,410,apiary
train/n02727426/n02727426_20771.JPEG,410,apiary
train/n02727426/n02727426_45869.JPEG,410,apiary
train/n02727426/n02727426_10549.JPEG,410,apiary
train/n02727426/n02727426_28605.JPEG,410,apiary
train/n02727426/n02727426_22991.JPEG,410,apiary
train/n02727426/n02727426_2748.JPEG,410,apiary
train/n02727426/n02727426_20398.JPEG,410,apiary
train/n02727426/n02727426_1510.JPEG,410,apiary
train/n02727426/n02727426_48019.JPEG,410,apiary
train/n02727426/n02727426_24843.JPEG,410,apiary
train/n02727426/n02727426_12504.JPEG,410,apiary
train/n02727426/n02727426_12893.JPEG,410,apiary
train/n02730930/n02730930_25384.JPEG,411,apron
train/n02730930/n02730930_1809.JPEG,411,apron
train/n02730930/n02730930_5792.JPEG,411,apron
train/n02730930/n02730930_5105.JPEG,411,apron
train/n02730930/n02730930_6982.JPEG,411,apron
train/n02730930/n02730930_5300.JPEG,411,apron
train/n02730930/n02730930_4724.JPEG,411,apron
train/n02730930/n02730930_1231.JPEG,411,apron
train/n02730930/n02730930_32401.JPEG,411,apron
train/n02730930/n02730930_8665.JPEG,411,apron
train/n02730930/n02730930_876.JPEG,411,apron
train/n02730930/n02730930_3277.JPEG,411,apron
train/n02730930/n02730930_25549.JPEG,411,apron
train/n02730930/n02730930_1429.JPEG,411,apron
train/n02730930/n02730930_20410.JPEG,411,apron
train/n02730930/n02730930_18464.JPEG,411,apron
train/n02747177/n02747177_12529.JPEG,412,trash can
train/n02747177/n02747177_49585.JPEG,412,trash can
train/n02747177/n02747177_39242.JPEG,412,trash can
train/n02747177/n02747177_2750.JPEG,412,trash can
train/n02747177/n02747177_50999.JPEG,412,trash can
train/n02747177/n02747177_14123.JPEG,412,trash can
train/n02747177/n02747177_46576.JPEG,412,trash can
train/n02747177/n02747177_50757.JPEG,412,trash can
train/n02747177/n02747177_35534.JPEG,412,trash can
train/n02747177/n02747177_46906.JPEG,412,trash can
train/n02747177/n02747177_22203.JPEG,412,trash can
train/n02747177/n02747177_27867.JPEG,412,trash can
train/n02747177/n02747177_17299.JPEG,412,trash can
train/n02747177/n02747177_32753.JPEG,412,trash can
train/n02747177/n02747177_5620.JPEG,412,trash can
train/n02747177/n02747177_37427.JPEG,412,trash can
train/n02749479/n02749479_4427.JPEG,413,assault rifle
train/n02749479/n02749479_2021.JPEG,413,assault rifle
train/n02749479/n02749479_5033.JPEG,413,assault rifle
train/n02749479/n02749479_2079.JPEG,413,assault rifle
train/n02749479/n02749479_5966.JPEG,413,assault rifle
train/n02749479/n02749479_5067.JPEG,413,assault rifle
train/n02749479/n02749479_6221.JPEG,413,assault rifle
train/n02749479/n02749479_6271.JPEG,413,assault rifle
train/n02749479/n02749479_199.JPEG,413,assault rifle
train/n02749479/n02749479_1591.JPEG,413,assault rifle
train/n02749479/n02749479_8603.JPEG,413,assault rifle
train/n02749479/n02749479_3545.JPEG,413,assault rifle
train/n02749479/n02749479_3047.JPEG,413,assault rifle
train/n02749479/n02749479_6900.JPEG,413,assault rifle
train/n02749479/n02749479_2688.JPEG,413,assault rifle
train/n02749479/n02749479_4154.JPEG,413,assault rifle
train/n02769748/n02769748_79603.JPEG,414,backpack
train/n02769748/n02769748_3843.JPEG,414,backpack
train/n02769748/n02769748_1499.JPEG,414,backpack
train/n02769748/n02769748_86012.JPEG,414,backpack
train/n02769748/n02769748_54673.JPEG,414,backpack
train/n02769748/n02769748_40433.JPEG,414,backpack
train/n02769748/n02769748_48996.JPEG,414,backpack
train/n02769748/n02769748_103229.JPEG,414,backpack
train/n02769748/n02769748_2389.JPEG,414,backpack
train/n02769748/n02769748_23854.JPEG,414,backpack
train/n02769748/n02769748_24873.JPEG,414,backpack
train/n02769748/n02769748_49855.JPEG,414,backpack
train/n02769748/n02769748_34640.JPEG,414,backpack
train/n02769748/n02769748_26346.JPEG,414,backpack
train/n02769748/n02769748_75289.JPEG,414,backpack
train/n02769748/n02769748_34519.JPEG,414,backpack
train/n02776631/n02776631_86545.JPEG,415,bakery
train/n02776631/n02776631_15914.JPEG,415,bakery
train/n02776631/n02776631_731.JPEG,415,bakery
train/n02776631/n02776631_85623.JPEG,415,bakery
train/n02776631/n02776631_85490.JPEG,415,bakery
train/n02776631/n02776631_6129.JPEG,415,bakery
train/n02776631/n02776631_28079.JPEG,415,bakery
train/n02776631/n02776631_21136.JPEG,415,bakery
train/n02776631/n02776631_38488.JPEG,415,bakery
train/n02776631/n02776631_29707.JPEG,415,bakery
train/n02776631/n02776631_19472.JPEG,415,bakery
train/n02776631/n02776631_5762.JPEG,415,bakery
train/n02776631/n02776631_22523.JPEG,415,bakery
train/n02776631/n02776631_30383.JPEG,415,bakery
train/n02776631/n02776631_94350.JPEG,415,bakery
train/n02776631/n02776631_19715.JPEG,415,bakery
train/n02777292/n02777292_12665.JPEG,416,balance beam
train/n02777292/n02777292_13560.JPEG,416,balance beam
train/n02777292/n02777292_14541.JPEG,416,balance beam
train/n02777292/n02777292_7947.JPEG,416,balance beam
train/n02777292/n02777292_2420.JPEG,416,balance beam
train/n02777292/n02777292_20819.JPEG,416,balance beam
train/n02777292/n02777292_8693.JPEG,416,balance beam
train/n02777292/n02777292_5413.JPEG,416,balance beam
train/n02777292/n02777292_15261.JPEG,416,balance beam
train/n02777292/n02777292_128.JPEG,416,balance beam
train/n02777292/n02777292_20505.JPEG,416,balance beam
train/n02777292/n02777292_13381.JPEG,416,balance beam
train/n02777292/n02777292_13907.JPEG,416,balance beam
train/n02777292/n02777292_4757.JPEG,416,balance beam
train/n02777292/n02777292_16188.JPEG,416,balance beam
train/n02777292/n02777292_7460.JPEG,416,balance beam
train/n02782093/n02782093_2133.JPEG,417,balloon
train/n02782093/n02782093_26685.JPEG,417,balloon
train/n02782093/n02782093_2852.JPEG,417,balloon
train/n02782093/n02782093_106.JPEG,417,balloon
train/n02782093/n02782093_29540.JPEG,417,balloon
train/n02782093/n02782093_1083.JPEG,417,balloon
train/n02782093/n02782093_25803.JPEG,417,balloon
train/n02782093/n02782093_3972.JPEG,417,balloon
train/n02782093/n02782093_4170.JPEG,417,balloon
train/n02782093/n02782093_4227.JPEG,417,balloon
train/n02782093/n02782093_641.JPEG,417,balloon
train/n02782093/n02782093_525.JPEG,417,balloon
train/n02782093/n02782093_2858.JPEG,417,balloon
train/n02782093/n02782093_1462.JPEG,417,balloon
train/n02782093/n02782093_4655.JPEG,417,balloon
train/n02782093/n02782093_29648.JPEG,417,balloon
train/n02783161/n02783161_592.JPEG,418,ballpoint pen
train/n02783161/n02783161_13302.JPEG,418,ballpoint pen
train/n02783161/n02783161_612.JPEG,418,ballpoint pen
train/n02783161/n02783161_41336.JPEG,418,ballpoint pen
train/n02783161/n02783161_14188.JPEG,418,ballpoint pen
train/n02783161/n02783161_27402.JPEG,418,ballpoint pen
train/n02783161/n02783161_17508.JPEG,418,ballpoint pen
train/n02783161/n02783161_19798.JPEG,418,ballpoint pen
train/n02783161/n02783161_35409.JPEG,418,ballpoint pen
train/n02783161/n02783161_3501.JPEG,418,ballpoint pen
train/n02783161/n02783161_10302.JPEG,418,ballpoint pen
train/n02783161/n02783161_21844.JPEG,418,ballpoint pen
train/n02783161/n02783161_5303.JPEG,418,ballpoint pen
train/n02783161/n02783161_33240.JPEG,418,ballpoint pen
train/n02783161/n02783161_8375.JPEG,418,ballpoint pen
train/n02783161/n02783161_25422.JPEG,418,ballpoint pen
train/n02786058/n02786058_1437.JPEG,419,Band-Aid
train/n02786058/n02786058_14243.JPEG,419,Band-Aid
train/n02786058/n02786058_11924.JPEG,419,Band-Aid
train/n02786058/n02786058_13122.JPEG,419,Band-Aid
train/n02786058/n02786058_8064.JPEG,419,Band-Aid
train/n02786058/n02786058_10496.JPEG,419,Band-Aid
train/n02786058/n02786058_9398.JPEG,419,Band-Aid
train/n02786058/n02786058_3669.JPEG,419,Band-Aid
train/n02786058/n02786058_4360.JPEG,419,Band-Aid
train/n02786058/n02786058_9538.JPEG,419,Band-Aid
train/n02786058/n02786058_8563.JPEG,419,Band-Aid
train/n02786058/n02786058_10603.JPEG,419,Band-Aid
train/n02786058/n02786058_10696.JPEG,419,Band-Aid
train/n02786058/n02786058_8517.JPEG,419,Band-Aid
train/n02786058/n02786058_761.JPEG,419,Band-Aid
train/n02786058/n02786058_4273.JPEG,419,Band-Aid
train/n02787622/n02787622_6446.JPEG,420,banjo
train/n02787622/n02787622_25587.JPEG,420,banjo
train/n02787622/n02787622_7114.JPEG,420,banjo
train/n02787622/n02787622_5663.JPEG,420,banjo
train/n02787622/n02787622_5429.JPEG,420,banjo
train/n02787622/n02787622_2658.JPEG,420,banjo
train/n02787622/n02787622_13426.JPEG,420,banjo
train/n02787622/n02787622_15507.JPEG,420,banjo
train/n02787622/n02787622_5599.JPEG,420,banjo
train/n02787622/n02787622_17436.JPEG,420,banjo
train/n02787622/n02787622_2557.JPEG,420,banjo
train/n02787622/n02787622_582.JPEG,420,banjo
train/n02787622/n02787622_2454.JPEG,420,banjo
train/n02787622/n02787622_171.JPEG,420,banjo
train/n02787622/n02787622_4685.JPEG,420,banjo
train/n02787622/n02787622_10510.JPEG,420,banjo
train/n02788148/n02788148_21410.JPEG,421,baluster / handrail
train/n02788148/n02788148_39558.JPEG,421,baluster / handrail
train/n02788148/n02788148_8703.JPEG,421,baluster / handrail
train/n02788148/n02788148_8596.JPEG,421,baluster / handrail
train/n02788148/n02788148_6121.JPEG,421,baluster / handrail
train/n02788148/n02788148_16872.JPEG,421,baluster / handrail
train/n02788148/n02788148_38560.JPEG,421,baluster / handrail
train/n02788148/n02788148_36759.JPEG,421,baluster / handrail
train/n02788148/n02788148_24371.JPEG,421,baluster / handrail
train/n02788148/n02788148_48432.JPEG,421,baluster / handrail
train/n02788148/n02788148_26302.JPEG,421,baluster / handrail
train/n02788148/n02788148_31266.JPEG,421,baluster / handrail
train/n02788148/n02788148_8620.JPEG,421,baluster / handrail
train/n02788148/n02788148_3026.JPEG,421,baluster / handrail
train/n02788148/n02788148_28773.JPEG,421,baluster / handrail
train/n02788148/n02788148_36317.JPEG,421,baluster / handrail
train/n02790996/n02790996_213.JPEG,422,barbell
train/n02790996/n02790996_10953.JPEG,422,barbell
train/n02790996/n02790996_8884.JPEG,422,barbell
train/n02790996/n02790996_12738.JPEG,422,barbell
train/n02790996/n02790996_481.JPEG,422,barbell
train/n02790996/n02790996_2011.JPEG,422,barbell
train/n02790996/n02790996_18327.JPEG,422,barbell
train/n02790996/n02790996_9733.JPEG,422,barbell
train/n02790996/n02790996_11400.JPEG,422,barbell
train/n02790996/n02790996_11633.JPEG,422,barbell
train/n02790996/n02790996_2242.JPEG,422,barbell
train/n02790996/n02790996_17796.JPEG,422,barbell
train/n02790996/n02790996_5984.JPEG,422,barbell
train/n02790996/n02790996_8361.JPEG,422,barbell
train/n02790996/n02790996_4998.JPEG,422,barbell
train/n02790996/n02790996_4095.JPEG,422,barbell
train/n02791124/n02791124_3866.JPEG,423,barber chair
train/n02791124/n02791124_15478.JPEG,423,barber chair
train/n02791124/n02791124_6936.JPEG,423,barber chair
train/n02791124/n02791124_1022.JPEG,423,barber chair
train/n02791124/n02791124_5405.JPEG,423,barber chair
train/n02791124/n02791124_3326.JPEG,423,barber chair
train/n02791124/n02791124_6251.JPEG,423,barber chair
train/n02791124/n02791124_2898.JPEG,423,barber chair
train/n02791124/n02791124_8294.JPEG,423,barber chair
train/n02791124/n02791124_2282.JPEG,423,barber chair
train/n02791124/n02791124_9525.JPEG,423,barber chair
train/n02791124/n02791124_2510.JPEG,423,barber chair
train/n02791124/n02791124_4192.JPEG,423,barber chair
train/n02791124/n02791124_15845.JPEG,423,barber chair
train/n02791124/n02791124_16306.JPEG,423,barber chair
train/n02791124/n02791124_3926.JPEG,423,barber chair
train/n02791270/n02791270_6640.JPEG,424,barbershop
train/n02791270/n02791270_32823.JPEG,424,barbershop
train/n02791270/n02791270_9463.JPEG,424,barbershop
train/n02791270/n02791270_20044.JPEG,424,barbershop
train/n02791270/n02791270_20873.JPEG,424,barbershop
train/n02791270/n02791270_4169.JPEG,424,barbershop
train/n02791270/n02791270_4929.JPEG,424,barbershop
train/n02791270/n02791270_12104.JPEG,424,barbershop
train/n02791270/n02791270_8348.JPEG,424,barbershop
train/n02791270/n02791270_29103.JPEG,424,barbershop
train/n02791270/n02791270_9081.JPEG,424,barbershop
train/n02791270/n02791270_1405.JPEG,424,barbershop
train/n02791270/n02791270_16978.JPEG,424,barbershop
train/n02791270/n02791270_18078.JPEG,424,barbershop
train/n02791270/n02791270_13531.JPEG,424,barbershop
train/n02791270/n02791270_27833.JPEG,424,barbershop
train/n02793495/n02793495_19291.JPEG,425,barn
train/n02793495/n02793495_18585.JPEG,425,barn
train/n02793495/n02793495_14969.JPEG,425,barn
train/n02793495/n02793495_386.JPEG,425,barn
train/n02793495/n02793495_18800.JPEG,425,barn
train/n02793495/n02793495_5789.JPEG,425,barn
train/n02793495/n02793495_5441.JPEG,425,barn
train/n02793495/n02793495_2698.JPEG,425,barn
train/n02793495/n02793495_8149.JPEG,425,barn
train/n02793495/n02793495_3187.JPEG,425,barn
train/n02793495/n02793495_3521.JPEG,425,barn
train/n02793495/n02793495_8886.JPEG,425,barn
train/n02793495/n02793495_6971.JPEG,425,barn
train/n02793495/n02793495_7065.JPEG,425,barn
train/n02793495/n02793495_19490.JPEG,425,barn
train/n02793495/n02793495_19876.JPEG,425,barn
train/n02794156/n02794156_7565.JPEG,426,barometer
train/n02794156/n02794156_7015.JPEG,426,barometer
train/n02794156/n02794156_4646.JPEG,426,barometer
train/n02794156/n02794156_3086.JPEG,426,barometer
train/n02794156/n02794156_1664.JPEG,426,barometer
train/n02794156/n02794156_6152.JPEG,426,barometer
train/n02794156/n02794156_8599.JPEG,426,barometer
train/n02794156/n02794156_9401.JPEG,426,barometer
train/n02794156/n02794156_3760.JPEG,426,barometer
train/n02794156/n02794156_1916.JPEG,426,barometer
train/n02794156/n02794156_4861.JPEG,426,barometer
train/n02794156/n02794156_168.JPEG,426,barometer
train/n02794156/n02794156_8097.JPEG,426,barometer
train/n02794156/n02794156_13167.JPEG,426,barometer
train/n02794156/n02794156_4086.JPEG,426,barometer
train/n02794156/n02794156_6967.JPEG,426,barometer
train/n02795169/n02795169_13788.JPEG,427,barrel
train/n02795169/n02795169_9593.JPEG,427,barrel
train/n02795169/n02795169_80510.JPEG,427,barrel
train/n02795169/n02795169_57598.JPEG,427,barrel
train/n02795169/n02795169_79573.JPEG,427,barrel
train/n02795169/n02795169_81100.JPEG,427,barrel
train/n02795169/n02795169_5874.JPEG,427,barrel
train/n02795169/n02795169_24560.JPEG,427,barrel
train/n02795169/n02795169_23554.JPEG,427,barrel
train/n02795169/n02795169_6613.JPEG,427,barrel
train/n02795169/n02795169_82882.JPEG,427,barrel
train/n02795169/n02795169_14387.JPEG,427,barrel
train/n02795169/n02795169_5033.JPEG,427,barrel
train/n02795169/n02795169_12699.JPEG,427,barrel
train/n02795169/n02795169_60789.JPEG,427,barrel
train/n02795169/n02795169_8104.JPEG,427,barrel
train/n02797295/n02797295_2074.JPEG,428,wheelbarrow
train/n02797295/n02797295_23059.JPEG,428,wheelbarrow
train/n02797295/n02797295_11377.JPEG,428,wheelbarrow
train/n02797295/n02797295_22166.JPEG,428,wheelbarrow
train/n02797295/n02797295_14162.JPEG,428,wheelbarrow
train/n02797295/n02797295_10811.JPEG,428,wheelbarrow
train/n02797295/n02797295_26033.JPEG,428,wheelbarrow
train/n02797295/n02797295_25467.JPEG,428,wheelbarrow
train/n02797295/n02797295_121.JPEG,428,wheelbarrow
train/n02797295/n02797295_4576.JPEG,428,wheelbarrow
train/n02797295/n02797295_881.JPEG,428,wheelbarrow
train/n02797295/n02797295_15052.JPEG,428,wheelbarrow
train/n02797295/n02797295_1199.JPEG,428,wheelbarrow
train/n02797295/n02797295_6314.JPEG,428,wheelbarrow
train/n02797295/n02797295_12382.JPEG,428,wheelbarrow
train/n02797295/n02797295_3989.JPEG,428,wheelbarrow
train/n02799071/n02799071_26602.JPEG,429,baseball
train/n02799071/n02799071_15969.JPEG,429,baseball
train/n02799071/n02799071_5076.JPEG,429,baseball
train/n02799071/n02799071_3376.JPEG,429,baseball
train/n02799071/n02799071_4274.JPEG,429,baseball
train/n02799071/n02799071_15414.JPEG,429,baseball
train/n02799071/n02799071_14091.JPEG,429,baseball
train/n02799071/n02799071_5347.JPEG,429,baseball
train/n02799071/n02799071_13883.JPEG,429,baseball
train/n02799071/n02799071_15682.JPEG,429,baseball
train/n02799071/n02799071_18247.JPEG,429,baseball
train/n02799071/n02799071_12019.JPEG,429,baseball
train/n02799071/n02799071_12931.JPEG,429,baseball
train/n02799071/n02799071_21048.JPEG,429,baseball
train/n02799071/n02799071_7208.JPEG,429,baseball
train/n02799071/n02799071_3107.JPEG,429,baseball
train/n02802426/n02802426_9340.JPEG,430,basketball
train/n02802426/n02802426_4483.JPEG,430,basketball
train/n02802426/n02802426_1830.JPEG,430,basketball
train/n02802426/n02802426_267.JPEG,430,basketball
train/n02802426/n02802426_7708.JPEG,430,basketball
train/n02802426/n02802426_3704.JPEG,430,basketball
train/n02802426/n02802426_3884.JPEG,430,basketball
train/n02802426/n02802426_4475.JPEG,430,basketball
train/n02802426/n02802426_9816.JPEG,430,basketball
train/n02802426/n02802426_12987.JPEG,430,basketball
train/n02802426/n02802426_11469.JPEG,430,basketball
train/n02802426/n02802426_21621.JPEG,430,basketball
train/n02802426/n02802426_5759.JPEG,430,basketball
train/n02802426/n02802426_7044.JPEG,430,basketball
train/n02802426/n02802426_13089.JPEG,430,basketball
train/n02802426/n02802426_9665.JPEG,430,basketball
train/n02804414/n02804414_4193.JPEG,431,bassinet
train/n02804414/n02804414_4313.JPEG,431,bassinet
train/n02804414/n02804414_6095.JPEG,431,bassinet
train/n02804414/n02804414_11248.JPEG,431,bassinet
train/n02804414/n02804414_328.JPEG,431,bassinet
train/n02804414/n02804414_2987.JPEG,431,bassinet
train/n02804414/n02804414_7976.JPEG,431,bassinet
train/n02804414/n02804414_8639.JPEG,431,bassinet
train/n02804414/n02804414_2950.JPEG,431,bassinet
train/n02804414/n02804414_9462.JPEG,431,bassinet
train/n02804414/n02804414_3405.JPEG,431,bassinet
train/n02804414/n02804414_2714.JPEG,431,bassinet
train/n02804414/n02804414_8685.JPEG,431,bassinet
train/n02804414/n02804414_2140.JPEG,431,bassinet
train/n02804414/n02804414_7702.JPEG,431,bassinet
train/n02804414/n02804414_6777.JPEG,431,bassinet
train/n02804610/n02804610_161.JPEG,432,bassoon
train/n02804610/n02804610_33496.JPEG,432,bassoon
train/n02804610/n02804610_17318.JPEG,432,bassoon
train/n02804610/n02804610_3248.JPEG,432,bassoon
train/n02804610/n02804610_15862.JPEG,432,bassoon
train/n02804610/n02804610_2708.JPEG,432,bassoon
train/n02804610/n02804610_28974.JPEG,432,bassoon
train/n02804610/n02804610_16491.JPEG,432,bassoon
train/n02804610/n02804610_10340.JPEG,432,bassoon
train/n02804610/n02804610_27024.JPEG,432,bassoon
train/n02804610/n02804610_26989.JPEG,432,bassoon
train/n02804610/n02804610_17908.JPEG,432,bassoon
train/n02804610/n02804610_3211.JPEG,432,bassoon
train/n02804610/n02804610_16758.JPEG,432,bassoon
train/n02804610/n02804610_5046.JPEG,432,bassoon
train/n02804610/n02804610_17234.JPEG,432,bassoon
train/n02807133/n02807133_16557.JPEG,433,swimming cap
train/n02807133/n02807133_391.JPEG,433,swimming cap
train/n02807133/n02807133_5925.JPEG,433,swimming cap
train/n02807133/n02807133_5797.JPEG,433,swimming cap
train/n02807133/n02807133_16524.JPEG,433,swimming cap
train/n02807133/n02807133_22183.JPEG,433,swimming cap
train/n02807133/n02807133_5121.JPEG,433,swimming cap
train/n02807133/n02807133_8875.JPEG,433,swimming cap
train/n02807133/n02807133_15645.JPEG,433,swimming cap
train/n02807133/n02807133_23476.JPEG,433,swimming cap
train/n02807133/n02807133_2917.JPEG,433,swimming cap
train/n02807133/n02807133_7373.JPEG,433,swimming cap
train/n02807133/n02807133_20060.JPEG,433,swimming cap
train/n02807133/n02807133_8398.JPEG,433,swimming cap
train/n02807133/n02807133_4928.JPEG,433,swimming cap
train/n02807133/n02807133_6537.JPEG,433,swimming cap
train/n02808304/n02808304_13544.JPEG,434,bath towel
train/n02808304/n02808304_8233.JPEG,434,bath towel
train/n02808304/n02808304_2985.JPEG,434,bath towel
train/n02808304/n02808304_17490.JPEG,434,bath towel
train/n02808304/n02808304_10968.JPEG,434,bath towel
train/n02808304/n02808304_13456.JPEG,434,bath towel
train/n02808304/n02808304_18906.JPEG,434,bath towel
train/n02808304/n02808304_14330.JPEG,434,bath towel
train/n02808304/n02808304_5423.JPEG,434,bath towel
train/n02808304/n02808304_14305.JPEG,434,bath towel
train/n02808304/n02808304_3181.JPEG,434,bath towel
train/n02808304/n02808304_6438.JPEG,434,bath towel
train/n02808304/n02808304_13984.JPEG,434,bath towel
train/n02808304/n02808304_15858.JPEG,434,bath towel
train/n02808304/n02808304_806.JPEG,434,bath towel
train/n02808304/n02808304_3287.JPEG,434,bath towel
train/n02808440/n02808440_2991.JPEG,435,bathtub
train/n02808440/n02808440_55196.JPEG,435,bathtub
train/n02808440/n02808440_5587.JPEG,435,bathtub
train/n02808440/n02808440_4026.JPEG,435,bathtub
train/n02808440/n02808440_41700.JPEG,435,bathtub
train/n02808440/n02808440_50458.JPEG,435,bathtub
train/n02808440/n02808440_930.JPEG,435,bathtub
train/n02808440/n02808440_16936.JPEG,435,bathtub
train/n02808440/n02808440_65618.JPEG,435,bathtub
train/n02808440/n02808440_13349.JPEG,435,bathtub
train/n02808440/n02808440_78853.JPEG,435,bathtub
train/n02808440/n02808440_159512.JPEG,435,bathtub
train/n02808440/n02808440_42341.JPEG,435,bathtub
train/n02808440/n02808440_28199.JPEG,435,bathtub
train/n02808440/n02808440_13054.JPEG,435,bathtub
train/n02808440/n02808440_50752.JPEG,435,bathtub
train/n02814533/n02814533_6899.JPEG,436,station wagon
train/n02814533/n02814533_10754.JPEG,436,station wagon
train/n02814533/n02814533_14627.JPEG,436,station wagon
train/n02814533/n02814533_34713.JPEG,436,station wagon
train/n02814533/n02814533_34690.JPEG,436,station wagon
train/n02814533/n02814533_5242.JPEG,436,station wagon
train/n02814533/n02814533_74921.JPEG,436,station wagon
train/n02814533/n02814533_47396.JPEG,436,station wagon
train/n02814533/n02814533_51485.JPEG,436,station wagon
train/n02814533/n02814533_26793.JPEG,436,station wagon
train/n02814533/n02814533_5998.JPEG,436,station wagon
train/n02814533/n02814533_4885.JPEG,436,station wagon
train/n02814533/n02814533_5147.JPEG,436,station wagon
train/n02814533/n02814533_39958.JPEG,436,station wagon
train/n02814533/n02814533_9835.JPEG,436,station wagon
train/n02814533/n02814533_6821.JPEG,436,station wagon
train/n02814860/n02814860_38798.JPEG,437,lighthouse
train/n02814860/n02814860_24688.JPEG,437,lighthouse
train/n02814860/n02814860_1482.JPEG,437,lighthouse
train/n02814860/n02814860_38170.JPEG,437,lighthouse
train/n02814860/n02814860_36687.JPEG,437,lighthouse
train/n02814860/n02814860_11747.JPEG,437,lighthouse
train/n02814860/n02814860_26010.JPEG,437,lighthouse
train/n02814860/n02814860_29697.JPEG,437,lighthouse
train/n02814860/n02814860_9836.JPEG,437,lighthouse
train/n02814860/n02814860_280.JPEG,437,lighthouse
train/n02814860/n02814860_34209.JPEG,437,lighthouse
train/n02814860/n02814860_39697.JPEG,437,lighthouse
train/n02814860/n02814860_9703.JPEG,437,lighthouse
train/n02814860/n02814860_36147.JPEG,437,lighthouse
train/n02814860/n02814860_17503.JPEG,437,lighthouse
train/n02814860/n02814860_3965.JPEG,437,lighthouse
train/n02815834/n02815834_8454.JPEG,438,beaker
train/n02815834/n02815834_882.JPEG,438,beaker
train/n02815834/n02815834_10449.JPEG,438,beaker
train/n02815834/n02815834_1455.JPEG,438,beaker
train/n02815834/n02815834_12841.JPEG,438,beaker
train/n02815834/n02815834_13524.JPEG,438,beaker
train/n02815834/n02815834_6531.JPEG,438,beaker
train/n02815834/n02815834_1183.JPEG,438,beaker
train/n02815834/n02815834_11804.JPEG,438,beaker
train/n02815834/n02815834_13934.JPEG,438,beaker
train/n02815834/n02815834_12024.JPEG,438,beaker
train/n02815834/n02815834_1383.JPEG,438,beaker
train/n02815834/n02815834_8354.JPEG,438,beaker
train/n02815834/n02815834_6497.JPEG,438,beaker
train/n02815834/n02815834_8801.JPEG,438,beaker
train/n02815834/n02815834_6492.JPEG,438,beaker
train/n02817516/n02817516_20317.JPEG,439,military hat (bearskin or shako)
train/n02817516/n02817516_13088.JPEG,439,military hat (bearskin or shako)
train/n02817516/n02817516_68415.JPEG,439,military hat (bearskin or shako)
train/n02817516/n02817516_6768.JPEG,439,military hat (bearskin or shako)
train/n02817516/n02817516_68522.JPEG,439,military hat (bearskin or shako)
train/n02817516/n02817516_23335.JPEG,439,military hat (bearskin or shako)
train/n02817516/n02817516_4357.JPEG,439,military hat (bearskin or shako)
train/n02817516/n02817516_34409.JPEG,439,military hat (bearskin or shako)
train/n02817516/n02817516_7622.JPEG,439,military hat (bearskin or shako)
train/n02817516/n02817516_20958.JPEG,439,military hat (bearskin or shako)
train/n02817516/n02817516_4646.JPEG,439,military hat (bearskin or shako)
train/n02817516/n02817516_60380.JPEG,439,military hat (bearskin or shako)
train/n02817516/n02817516_44911.JPEG,439,military hat (bearskin or shako)
train/n02817516/n02817516_43576.JPEG,439,military hat (bearskin or shako)
train/n02817516/n02817516_37763.JPEG,439,military hat (bearskin or shako)
train/n02817516/n02817516_61417.JPEG,439,military hat (bearskin or shako)
train/n02823428/n02823428_232.JPEG,440,beer bottle
train/n02823428/n02823428_1149.JPEG,440,beer bottle
train/n02823428/n02823428_12849.JPEG,440,beer bottle
train/n02823428/n02823428_8194.JPEG,440,beer bottle
train/n02823428/n02823428_8114.JPEG,440,beer bottle
train/n02823428/n02823428_3522.JPEG,440,beer bottle
train/n02823428/n02823428_11969.JPEG,440,beer bottle
train/n02823428/n02823428_7642.JPEG,440,beer bottle
train/n02823428/n02823428_6747.JPEG,440,beer bottle
train/n02823428/n02823428_4200.JPEG,440,beer bottle
train/n02823428/n02823428_324.JPEG,440,beer bottle
train/n02823428/n02823428_3734.JPEG,440,beer bottle
train/n02823428/n02823428_5310.JPEG,440,beer bottle
train/n02823428/n02823428_3530.JPEG,440,beer bottle
train/n02823428/n02823428_4162.JPEG,440,beer bottle
train/n02823428/n02823428_762.JPEG,440,beer bottle
train/n02823750/n02823750_6158.JPEG,441,beer glass
train/n02823750/n02823750_3605.JPEG,441,beer glass
train/n02823750/n02823750_6538.JPEG,441,beer glass
train/n02823750/n02823750_7227.JPEG,441,beer glass
train/n02823750/n02823750_1750.JPEG,441,beer glass
train/n02823750/n02823750_6837.JPEG,441,beer glass
train/n02823750/n02823750_1218.JPEG,441,beer glass
train/n02823750/n02823750_8397.JPEG,441,beer glass
train/n02823750/n02823750_4990.JPEG,441,beer glass
train/n02823750/n02823750_2364.JPEG,441,beer glass
train/n02823750/n02823750_3642.JPEG,441,beer glass
train/n02823750/n02823750_118.JPEG,441,beer glass
train/n02823750/n02823750_1970.JPEG,441,beer glass
train/n02823750/n02823750_86.JPEG,441,beer glass
train/n02823750/n02823750_4138.JPEG,441,beer glass
train/n02823750/n02823750_438.JPEG,441,beer glass
train/n02825657/n02825657_15437.JPEG,442,bell tower
train/n02825657/n02825657_2366.JPEG,442,bell tower
train/n02825657/n02825657_8596.JPEG,442,bell tower
train/n02825657/n02825657_13813.JPEG,442,bell tower
train/n02825657/n02825657_10715.JPEG,442,bell tower
train/n02825657/n02825657_22663.JPEG,442,bell tower
train/n02825657/n02825657_10537.JPEG,442,bell tower
train/n02825657/n02825657_10357.JPEG,442,bell tower
train/n02825657/n02825657_11924.JPEG,442,bell tower
train/n02825657/n02825657_17.JPEG,442,bell tower
train/n02825657/n02825657_10062.JPEG,442,bell tower
train/n02825657/n02825657_16026.JPEG,442,bell tower
train/n02825657/n02825657_15158.JPEG,442,bell tower
train/n02825657/n02825657_16007.JPEG,442,bell tower
train/n02825657/n02825657_11442.JPEG,442,bell tower
train/n02825657/n02825657_2075.JPEG,442,bell tower
train/n02834397/n02834397_5932.JPEG,443,baby bib
train/n02834397/n02834397_876.JPEG,443,baby bib
train/n02834397/n02834397_1575.JPEG,443,baby bib
train/n02834397/n02834397_7253.JPEG,443,baby bib
train/n02834397/n02834397_2769.JPEG,443,baby bib
train/n02834397/n02834397_33360.JPEG,443,baby bib
train/n02834397/n02834397_18705.JPEG,443,baby bib
train/n02834397/n02834397_3039.JPEG,443,baby bib
train/n02834397/n02834397_4426.JPEG,443,baby bib
train/n02834397/n02834397_8491.JPEG,443,baby bib
train/n02834397/n02834397_27192.JPEG,443,baby bib
train/n02834397/n02834397_1848.JPEG,443,baby bib
train/n02834397/n02834397_275.JPEG,443,baby bib
train/n02834397/n02834397_34539.JPEG,443,baby bib
train/n02834397/n02834397_3973.JPEG,443,baby bib
train/n02834397/n02834397_24976.JPEG,443,baby bib
train/n02835271/n02835271_15585.JPEG,444,tandem bicycle
train/n02835271/n02835271_7326.JPEG,444,tandem bicycle
train/n02835271/n02835271_9531.JPEG,444,tandem bicycle
train/n02835271/n02835271_10747.JPEG,444,tandem bicycle
train/n02835271/n02835271_19394.JPEG,444,tandem bicycle
train/n02835271/n02835271_9001.JPEG,444,tandem bicycle
train/n02835271/n02835271_4996.JPEG,444,tandem bicycle
train/n02835271/n02835271_5430.JPEG,444,tandem bicycle
train/n02835271/n02835271_9051.JPEG,444,tandem bicycle
train/n02835271/n02835271_8203.JPEG,444,tandem bicycle
train/n02835271/n02835271_22549.JPEG,444,tandem bicycle
train/n02835271/n02835271_26339.JPEG,444,tandem bicycle
train/n02835271/n02835271_5280.JPEG,444,tandem bicycle
train/n02835271/n02835271_690.JPEG,444,tandem bicycle
train/n02835271/n02835271_12984.JPEG,444,tandem bicycle
train/n02835271/n02835271_4434.JPEG,444,tandem bicycle
train/n02837789/n02837789_21116.JPEG,445,bikini
train/n02837789/n02837789_17090.JPEG,445,bikini
train/n02837789/n02837789_7809.JPEG,445,bikini
train/n02837789/n02837789_11852.JPEG,445,bikini
train/n02837789/n02837789_13.JPEG,445,bikini
train/n02837789/n02837789_15059.JPEG,445,bikini
train/n02837789/n02837789_20115.JPEG,445,bikini
train/n02837789/n02837789_17553.JPEG,445,bikini
train/n02837789/n02837789_22873.JPEG,445,bikini
train/n02837789/n02837789_23847.JPEG,445,bikini
train/n02837789/n02837789_16985.JPEG,445,bikini
train/n02837789/n02837789_18772.JPEG,445,bikini
train/n02837789/n02837789_22009.JPEG,445,bikini
train/n02837789/n02837789_6599.JPEG,445,bikini
train/n02837789/n02837789_15485.JPEG,445,bikini
train/n02837789/n02837789_2619.JPEG,445,bikini
train/n02840245/n02840245_8071.JPEG,446,ring binder
train/n02840245/n02840245_6756.JPEG,446,ring binder
train/n02840245/n02840245_14004.JPEG,446,ring binder
train/n02840245/n02840245_37.JPEG,446,ring binder
train/n02840245/n02840245_15915.JPEG,446,ring binder
train/n02840245/n02840245_7104.JPEG,446,ring binder
train/n02840245/n02840245_17468.JPEG,446,ring binder
train/n02840245/n02840245_730.JPEG,446,ring binder
train/n02840245/n02840245_15291.JPEG,446,ring binder
train/n02840245/n02840245_8004.JPEG,446,ring binder
train/n02840245/n02840245_7521.JPEG,446,ring binder
train/n02840245/n02840245_12901.JPEG,446,ring binder
train/n02840245/n02840245_1771.JPEG,446,ring binder
train/n02840245/n02840245_1757.JPEG,446,ring binder
train/n02840245/n02840245_6978.JPEG,446,ring binder
train/n02840245/n02840245_813.JPEG,446,ring binder
train/n02841315/n02841315_6696.JPEG,447,binoculars
train/n02841315/n02841315_10951.JPEG,447,binoculars
train/n02841315/n02841315_764.JPEG,447,binoculars
train/n02841315/n02841315_23109.JPEG,447,binoculars
train/n02841315/n02841315_5853.JPEG,447,binoculars
train/n02841315/n02841315_11740.JPEG,447,binoculars
train/n02841315/n02841315_14970.JPEG,447,binoculars
train/n02841315/n02841315_28385.JPEG,447,binoculars
train/n02841315/n02841315_16068.JPEG,447,binoculars
train/n02841315/n02841315_33339.JPEG,447,binoculars
train/n02841315/n02841315_8047.JPEG,447,binoculars
train/n02841315/n02841315_16472.JPEG,447,binoculars
train/n02841315/n02841315_6165.JPEG,447,binoculars
train/n02841315/n02841315_13700.JPEG,447,binoculars
train/n02841315/n02841315_24128.JPEG,447,binoculars
train/n02841315/n02841315_3293.JPEG,447,binoculars
train/n02843684/n02843684_1880.JPEG,448,birdhouse
train/n02843684/n02843684_16576.JPEG,448,birdhouse
train/n02843684/n02843684_8018.JPEG,448,birdhouse
train/n02843684/n02843684_10169.JPEG,448,birdhouse
train/n02843684/n02843684_5002.JPEG,448,birdhouse
train/n02843684/n02843684_6582.JPEG,448,birdhouse
train/n02843684/n02843684_39389.JPEG,448,birdhouse
train/n02843684/n02843684_16234.JPEG,448,birdhouse
train/n02843684/n02843684_177.JPEG,448,birdhouse
train/n02843684/n02843684_465.JPEG,448,birdhouse
train/n02843684/n02843684_15023.JPEG,448,birdhouse
train/n02843684/n02843684_1208.JPEG,448,birdhouse
train/n02843684/n02843684_2630.JPEG,448,birdhouse
train/n02843684/n02843684_21483.JPEG,448,birdhouse
train/n02843684/n02843684_3522.JPEG,448,birdhouse
train/n02843684/n02843684_35100.JPEG,448,birdhouse
train/n02859443/n02859443_3522.JPEG,449,boathouse
train/n02859443/n02859443_5704.JPEG,449,boathouse
train/n02859443/n02859443_10292.JPEG,449,boathouse
train/n02859443/n02859443_33554.JPEG,449,boathouse
train/n02859443/n02859443_11526.JPEG,449,boathouse
train/n02859443/n02859443_24562.JPEG,449,boathouse
train/n02859443/n02859443_2565.JPEG,449,boathouse
train/n02859443/n02859443_29630.JPEG,449,boathouse
train/n02859443/n02859443_14807.JPEG,449,boathouse
train/n02859443/n02859443_10615.JPEG,449,boathouse
train/n02859443/n02859443_49380.JPEG,449,boathouse
train/n02859443/n02859443_5144.JPEG,449,boathouse
train/n02859443/n02859443_1821.JPEG,449,boathouse
train/n02859443/n02859443_7864.JPEG,449,boathouse
train/n02859443/n02859443_8861.JPEG,449,boathouse
train/n02859443/n02859443_17225.JPEG,449,boathouse
train/n02860847/n02860847_13703.JPEG,450,bobsleigh
train/n02860847/n02860847_18764.JPEG,450,bobsleigh
train/n02860847/n02860847_31736.JPEG,450,bobsleigh
train/n02860847/n02860847_13558.JPEG,450,bobsleigh
train/n02860847/n02860847_8695.JPEG,450,bobsleigh
train/n02860847/n02860847_34773.JPEG,450,bobsleigh
train/n02860847/n02860847_9739.JPEG,450,bobsleigh
train/n02860847/n02860847_3079.JPEG,450,bobsleigh
train/n02860847/n02860847_10422.JPEG,450,bobsleigh
train/n02860847/n02860847_3830.JPEG,450,bobsleigh
train/n02860847/n02860847_19005.JPEG,450,bobsleigh
train/n02860847/n02860847_26765.JPEG,450,bobsleigh
train/n02860847/n02860847_3361.JPEG,450,bobsleigh
train/n02860847/n02860847_9958.JPEG,450,bobsleigh
train/n02860847/n02860847_10962.JPEG,450,bobsleigh
train/n02860847/n02860847_13509.JPEG,450,bobsleigh
train/n02865351/n02865351_14203.JPEG,451,bolo tie
train/n02865351/n02865351_171.JPEG,451,bolo tie
train/n02865351/n02865351_13973.JPEG,451,bolo tie
train/n02865351/n02865351_11181.JPEG,451,bolo tie
train/n02865351/n02865351_16371.JPEG,451,bolo tie
train/n02865351/n02865351_18656.JPEG,451,bolo tie
train/n02865351/n02865351_24300.JPEG,451,bolo tie
train/n02865351/n02865351_9607.JPEG,451,bolo tie
train/n02865351/n02865351_17555.JPEG,451,bolo tie
train/n02865351/n02865351_3984.JPEG,451,bolo tie
train/n02865351/n02865351_4539.JPEG,451,bolo tie
train/n02865351/n02865351_32371.JPEG,451,bolo tie
train/n02865351/n02865351_16380.JPEG,451,bolo tie
train/n02865351/n02865351_5798.JPEG,451,bolo tie
train/n02865351/n02865351_27947.JPEG,451,bolo tie
train/n02865351/n02865351_34681.JPEG,451,bolo tie
train/n02869837/n02869837_19638.JPEG,452,poke bonnet
train/n02869837/n02869837_30968.JPEG,452,poke bonnet
train/n02869837/n02869837_11474.JPEG,452,poke bonnet
train/n02869837/n02869837_27622.JPEG,452,poke bonnet
train/n02869837/n02869837_16484.JPEG,452,poke bonnet
train/n02869837/n02869837_13606.JPEG,452,poke bonnet
train/n02869837/n02869837_4439.JPEG,452,poke bonnet
train/n02869837/n02869837_38790.JPEG,452,poke bonnet
train/n02869837/n02869837_6357.JPEG,452,poke bonnet
train/n02869837/n02869837_13558.JPEG,452,poke bonnet
train/n02869837/n02869837_3022.JPEG,452,poke bonnet
train/n02869837/n02869837_41924.JPEG,452,poke bonnet
train/n02869837/n02869837_23512.JPEG,452,poke bonnet
train/n02869837/n02869837_17146.JPEG,452,poke bonnet
train/n02869837/n02869837_6766.JPEG,452,poke bonnet
train/n02869837/n02869837_20223.JPEG,452,poke bonnet
train/n02870880/n02870880_4421.JPEG,453,bookcase
train/n02870880/n02870880_13068.JPEG,453,bookcase
train/n02870880/n02870880_11818.JPEG,453,bookcase
train/n02870880/n02870880_1421.JPEG,453,bookcase
train/n02870880/n02870880_10827.JPEG,453,bookcase
train/n02870880/n02870880_13070.JPEG,453,bookcase
train/n02870880/n02870880_10109.JPEG,453,bookcase
train/n02870880/n02870880_10044.JPEG,453,bookcase
train/n02870880/n02870880_16550.JPEG,453,bookcase
train/n02870880/n02870880_16277.JPEG,453,bookcase
train/n02870880/n02870880_9583.JPEG,453,bookcase
train/n02870880/n02870880_9642.JPEG,453,bookcase
train/n02870880/n02870880_18391.JPEG,453,bookcase
train/n02870880/n02870880_9585.JPEG,453,bookcase
train/n02870880/n02870880_18146.JPEG,453,bookcase
train/n02870880/n02870880_747.JPEG,453,bookcase
train/n02871525/n02871525_12625.JPEG,454,bookstore
train/n02871525/n02871525_23692.JPEG,454,bookstore
train/n02871525/n02871525_10213.JPEG,454,bookstore
train/n02871525/n02871525_6503.JPEG,454,bookstore
train/n02871525/n02871525_56266.JPEG,454,bookstore
train/n02871525/n02871525_7945.JPEG,454,bookstore
train/n02871525/n02871525_10259.JPEG,454,bookstore
train/n02871525/n02871525_41791.JPEG,454,bookstore
train/n02871525/n02871525_5003.JPEG,454,bookstore
train/n02871525/n02871525_33040.JPEG,454,bookstore
train/n02871525/n02871525_21418.JPEG,454,bookstore
train/n02871525/n02871525_13166.JPEG,454,bookstore
train/n02871525/n02871525_4834.JPEG,454,bookstore
train/n02871525/n02871525_29960.JPEG,454,bookstore
train/n02871525/n02871525_11170.JPEG,454,bookstore
train/n02871525/n02871525_18130.JPEG,454,bookstore
train/n02877765/n02877765_9679.JPEG,455,bottle cap
train/n02877765/n02877765_13477.JPEG,455,bottle cap
train/n02877765/n02877765_10772.JPEG,455,bottle cap
train/n02877765/n02877765_6116.JPEG,455,bottle cap
train/n02877765/n02877765_1131.JPEG,455,bottle cap
train/n02877765/n02877765_3589.JPEG,455,bottle cap
train/n02877765/n02877765_4134.JPEG,455,bottle cap
train/n02877765/n02877765_7628.JPEG,455,bottle cap
train/n02877765/n02877765_5585.JPEG,455,bottle cap
train/n02877765/n02877765_4466.JPEG,455,bottle cap
train/n02877765/n02877765_1660.JPEG,455,bottle cap
train/n02877765/n02877765_10555.JPEG,455,bottle cap
train/n02877765/n02877765_13442.JPEG,455,bottle cap
train/n02877765/n02877765_3043.JPEG,455,bottle cap
train/n02877765/n02877765_5205.JPEG,455,bottle cap
train/n02877765/n02877765_8243.JPEG,455,bottle cap
train/n02879718/n02879718_36093.JPEG,456,hunting bow
train/n02879718/n02879718_19117.JPEG,456,hunting bow
train/n02879718/n02879718_8365.JPEG,456,hunting bow
train/n02879718/n02879718_6156.JPEG,456,hunting bow
train/n02879718/n02879718_10443.JPEG,456,hunting bow
train/n02879718/n02879718_22033.JPEG,456,hunting bow
train/n02879718/n02879718_31172.JPEG,456,hunting bow
train/n02879718/n02879718_34765.JPEG,456,hunting bow
train/n02879718/n02879718_19964.JPEG,456,hunting bow
train/n02879718/n02879718_37424.JPEG,456,hunting bow
train/n02879718/n02879718_14263.JPEG,456,hunting bow
train/n02879718/n02879718_10253.JPEG,456,hunting bow
train/n02879718/n02879718_14065.JPEG,456,hunting bow
train/n02879718/n02879718_28920.JPEG,456,hunting bow
train/n02879718/n02879718_15989.JPEG,456,hunting bow
train/n02879718/n02879718_712.JPEG,456,hunting bow
train/n02883205/n02883205_6343.JPEG,457,bow tie
train/n02883205/n02883205_35920.JPEG,457,bow tie
train/n02883205/n02883205_7721.JPEG,457,bow tie
train/n02883205/n02883205_14481.JPEG,457,bow tie
train/n02883205/n02883205_7599.JPEG,457,bow tie
train/n02883205/n02883205_8194.JPEG,457,bow tie
train/n02883205/n02883205_2865.JPEG,457,bow tie
train/n02883205/n02883205_3964.JPEG,457,bow tie
train/n02883205/n02883205_33463.JPEG,457,bow tie
train/n02883205/n02883205_8621.JPEG,457,bow tie
train/n02883205/n02883205_20083.JPEG,457,bow tie
train/n02883205/n02883205_48873.JPEG,457,bow tie
train/n02883205/n02883205_1071.JPEG,457,bow tie
train/n02883205/n02883205_58556.JPEG,457,bow tie
train/n02883205/n02883205_3202.JPEG,457,bow tie
train/n02883205/n02883205_12250.JPEG,457,bow tie
train/n02892201/n02892201_41501.JPEG,458,brass memorial plaque
train/n02892201/n02892201_40.JPEG,458,brass memorial plaque
train/n02892201/n02892201_2103.JPEG,458,brass memorial plaque
train/n02892201/n02892201_24569.JPEG,458,brass memorial plaque
train/n02892201/n02892201_33493.JPEG,458,brass memorial plaque
train/n02892201/n02892201_847.JPEG,458,brass memorial plaque
train/n02892201/n02892201_64040.JPEG,458,brass memorial plaque
train/n02892201/n02892201_14655.JPEG,458,brass memorial plaque
train/n02892201/n02892201_27680.JPEG,458,brass memorial plaque
train/n02892201/n02892201_27484.JPEG,458,brass memorial plaque
train/n02892201/n02892201_29373.JPEG,458,brass memorial plaque
train/n02892201/n02892201_19572.JPEG,458,brass memorial plaque
train/n02892201/n02892201_30726.JPEG,458,brass memorial plaque
train/n02892201/n02892201_18674.JPEG,458,brass memorial plaque
train/n02892201/n02892201_24409.JPEG,458,brass memorial plaque
train/n02892201/n02892201_47787.JPEG,458,brass memorial plaque
train/n02892767/n02892767_8282.JPEG,459,bra
train/n02892767/n02892767_10675.JPEG,459,bra
train/n02892767/n02892767_9971.JPEG,459,bra
train/n02892767/n02892767_13412.JPEG,459,bra
train/n02892767/n02892767_16334.JPEG,459,bra
train/n02892767/n02892767_4089.JPEG,459,bra
train/n02892767/n02892767_22004.JPEG,459,bra
train/n02892767/n02892767_22522.JPEG,459,bra
train/n02892767/n02892767_12950.JPEG,459,bra
train/n02892767/n02892767_11113.JPEG,459,bra
train/n02892767/n02892767_7452.JPEG,459,bra
train/n02892767/n02892767_10951.JPEG,459,bra
train/n02892767/n02892767_1060.JPEG,459,bra
train/n02892767/n02892767_16743.JPEG,459,bra
train/n02892767/n02892767_15845.JPEG,459,bra
train/n02892767/n02892767_27876.JPEG,459,bra
train/n02894605/n02894605_82826.JPEG,460,breakwater
train/n02894605/n02894605_62453.JPEG,460,breakwater
train/n02894605/n02894605_75536.JPEG,460,breakwater
train/n02894605/n02894605_141281.JPEG,460,breakwater
train/n02894605/n02894605_78656.JPEG,460,breakwater
train/n02894605/n02894605_8348.JPEG,460,breakwater
train/n02894605/n02894605_39182.JPEG,460,breakwater
train/n02894605/n02894605_37579.JPEG,460,breakwater
train/n02894605/n02894605_50649.JPEG,460,breakwater
train/n02894605/n02894605_2655.JPEG,460,breakwater
train/n02894605/n02894605_24457.JPEG,460,breakwater
train/n02894605/n02894605_34517.JPEG,460,breakwater
train/n02894605/n02894605_34853.JPEG,460,breakwater
train/n02894605/n02894605_43807.JPEG,460,breakwater
train/n02894605/n02894605_36010.JPEG,460,breakwater
train/n02894605/n02894605_166983.JPEG,460,breakwater
train/n02895154/n02895154_31433.JPEG,461,breastplate
train/n02895154/n02895154_33302.JPEG,461,breastplate
train/n02895154/n02895154_24885.JPEG,461,breastplate
train/n02895154/n02895154_40077.JPEG,461,breastplate
train/n02895154/n02895154_25617.JPEG,461,breastplate
train/n02895154/n02895154_25780.JPEG,461,breastplate
train/n02895154/n02895154_26778.JPEG,461,breastplate
train/n02895154/n02895154_19823.JPEG,461,breastplate
train/n02895154/n02895154_12529.JPEG,461,breastplate
train/n02895154/n02895154_30552.JPEG,461,breastplate
train/n02895154/n02895154_10114.JPEG,461,breastplate
train/n02895154/n02895154_22950.JPEG,461,breastplate
train/n02895154/n02895154_44120.JPEG,461,breastplate
train/n02895154/n02895154_31106.JPEG,461,breastplate
train/n02895154/n02895154_25130.JPEG,461,breastplate
train/n02895154/n02895154_22575.JPEG,461,breastplate
train/n02906734/n02906734_12007.JPEG,462,broom
train/n02906734/n02906734_17099.JPEG,462,broom
train/n02906734/n02906734_21568.JPEG,462,broom
train/n02906734/n02906734_5051.JPEG,462,broom
train/n02906734/n02906734_17478.JPEG,462,broom
train/n02906734/n02906734_5715.JPEG,462,broom
train/n02906734/n02906734_31508.JPEG,462,broom
train/n02906734/n02906734_27502.JPEG,462,broom
train/n02906734/n02906734_13533.JPEG,462,broom
train/n02906734/n02906734_669.JPEG,462,broom
train/n02906734/n02906734_23980.JPEG,462,broom
train/n02906734/n02906734_17583.JPEG,462,broom
train/n02906734/n02906734_20355.JPEG,462,broom
train/n02906734/n02906734_23733.JPEG,462,broom
train/n02906734/n02906734_25883.JPEG,462,broom
train/n02906734/n02906734_1071.JPEG,462,broom
train/n02909870/n02909870_7847.JPEG,463,bucket
train/n02909870/n02909870_33424.JPEG,463,bucket
train/n02909870/n02909870_2782.JPEG,463,bucket
train/n02909870/n02909870_45112.JPEG,463,bucket
train/n02909870/n02909870_20589.JPEG,463,bucket
train/n02909870/n02909870_4.JPEG,463,bucket
train/n02909870/n02909870_12517.JPEG,463,bucket
train/n02909870/n02909870_11575.JPEG,463,bucket
train/n02909870/n02909870_41005.JPEG,463,bucket
train/n02909870/n02909870_30137.JPEG,463,bucket
train/n02909870/n02909870_22213.JPEG,463,bucket
train/n02909870/n02909870_17262.JPEG,463,bucket
train/n02909870/n02909870_19046.JPEG,463,bucket
train/n02909870/n02909870_5344.JPEG,463,bucket
train/n02909870/n02909870_25001.JPEG,463,bucket
train/n02909870/n02909870_1445.JPEG,463,bucket
train/n02910353/n02910353_21876.JPEG,464,buckle
train/n02910353/n02910353_9340.JPEG,464,buckle
train/n02910353/n02910353_13276.JPEG,464,buckle
train/n02910353/n02910353_2201.JPEG,464,buckle
train/n02910353/n02910353_1480.JPEG,464,buckle
train/n02910353/n02910353_4973.JPEG,464,buckle
train/n02910353/n02910353_9669.JPEG,464,buckle
train/n02910353/n02910353_1269.JPEG,464,buckle
train/n02910353/n02910353_26553.JPEG,464,buckle
train/n02910353/n02910353_16552.JPEG,464,buckle
train/n02910353/n02910353_3191.JPEG,464,buckle
train/n02910353/n02910353_19429.JPEG,464,buckle
train/n02910353/n02910353_3569.JPEG,464,buckle
train/n02910353/n02910353_4226.JPEG,464,buckle
train/n02910353/n02910353_9215.JPEG,464,buckle
train/n02910353/n02910353_511.JPEG,464,buckle
train/n02916936/n02916936_4796.JPEG,465,bulletproof vest
train/n02916936/n02916936_344.JPEG,465,bulletproof vest
train/n02916936/n02916936_3265.JPEG,465,bulletproof vest
train/n02916936/n02916936_3628.JPEG,465,bulletproof vest
train/n02916936/n02916936_6852.JPEG,465,bulletproof vest
train/n02916936/n02916936_4496.JPEG,465,bulletproof vest
train/n02916936/n02916936_9912.JPEG,465,bulletproof vest
train/n02916936/n02916936_12910.JPEG,465,bulletproof vest
train/n02916936/n02916936_2679.JPEG,465,bulletproof vest
train/n02916936/n02916936_6343.JPEG,465,bulletproof vest
train/n02916936/n02916936_5264.JPEG,465,bulletproof vest
train/n02916936/n02916936_6511.JPEG,465,bulletproof vest
train/n02916936/n02916936_4265.JPEG,465,bulletproof vest
train/n02916936/n02916936_4661.JPEG,465,bulletproof vest
train/n02916936/n02916936_11339.JPEG,465,bulletproof vest
train/n02916936/n02916936_1110.JPEG,465,bulletproof vest
train/n02917067/n02917067_17174.JPEG,466,high-speed train
train/n02917067/n02917067_7320.JPEG,466,high-speed train
train/n02917067/n02917067_9202.JPEG,466,high-speed train
train/n02917067/n02917067_17912.JPEG,466,high-speed train
train/n02917067/n02917067_9810.JPEG,466,high-speed train
train/n02917067/n02917067_1197.JPEG,466,high-speed train
train/n02917067/n02917067_30832.JPEG,466,high-speed train
train/n02917067/n02917067_12696.JPEG,466,high-speed train
train/n02917067/n02917067_14390.JPEG,466,high-speed train
train/n02917067/n02917067_2193.JPEG,466,high-speed train
train/n02917067/n02917067_8668.JPEG,466,high-speed train
train/n02917067/n02917067_7279.JPEG,466,high-speed train
train/n02917067/n02917067_15546.JPEG,466,high-speed train
train/n02917067/n02917067_6991.JPEG,466,high-speed train
train/n02917067/n02917067_8408.JPEG,466,high-speed train
train/n02917067/n02917067_16129.JPEG,466,high-speed train
train/n02927161/n02927161_7970.JPEG,467,butcher shop
train/n02927161/n02927161_7944.JPEG,467,butcher shop
train/n02927161/n02927161_11725.JPEG,467,butcher shop
train/n02927161/n02927161_19362.JPEG,467,butcher shop
train/n02927161/n02927161_6094.JPEG,467,butcher shop
train/n02927161/n02927161_11333.JPEG,467,butcher shop
train/n02927161/n02927161_10094.JPEG,467,butcher shop
train/n02927161/n02927161_5214.JPEG,467,butcher shop
train/n02927161/n02927161_4807.JPEG,467,butcher shop
train/n02927161/n02927161_19488.JPEG,467,butcher shop
train/n02927161/n02927161_21629.JPEG,467,butcher shop
train/n02927161/n02927161_19412.JPEG,467,butcher shop
train/n02927161/n02927161_6420.JPEG,467,butcher shop
train/n02927161/n02927161_39901.JPEG,467,butcher shop
train/n02927161/n02927161_12778.JPEG,467,butcher shop
train/n02927161/n02927161_3337.JPEG,467,butcher shop
train/n02930766/n02930766_15949.JPEG,468,taxicab
train/n02930766/n02930766_4728.JPEG,468,taxicab
train/n02930766/n02930766_25370.JPEG,468,taxicab
train/n02930766/n02930766_7105.JPEG,468,taxicab
train/n02930766/n02930766_20265.JPEG,468,taxicab
train/n02930766/n02930766_17448.JPEG,468,taxicab
train/n02930766/n02930766_5277.JPEG,468,taxicab
train/n02930766/n02930766_13545.JPEG,468,taxicab
train/n02930766/n02930766_11647.JPEG,468,taxicab
train/n02930766/n02930766_28979.JPEG,468,taxicab
train/n02930766/n02930766_52082.JPEG,468,taxicab
train/n02930766/n02930766_24133.JPEG,468,taxicab
train/n02930766/n02930766_29198.JPEG,468,taxicab
train/n02930766/n02930766_5483.JPEG,468,taxicab
train/n02930766/n02930766_57.JPEG,468,taxicab
train/n02930766/n02930766_8424.JPEG,468,taxicab
train/n02939185/n02939185_3508.JPEG,469,cauldron
train/n02939185/n02939185_37478.JPEG,469,cauldron
train/n02939185/n02939185_20991.JPEG,469,cauldron
train/n02939185/n02939185_1013.JPEG,469,cauldron
train/n02939185/n02939185_22440.JPEG,469,cauldron
train/n02939185/n02939185_6626.JPEG,469,cauldron
train/n02939185/n02939185_28805.JPEG,469,cauldron
train/n02939185/n02939185_970.JPEG,469,cauldron
train/n02939185/n02939185_36413.JPEG,469,cauldron
train/n02939185/n02939185_21054.JPEG,469,cauldron
train/n02939185/n02939185_5029.JPEG,469,cauldron
train/n02939185/n02939185_24973.JPEG,469,cauldron
train/n02939185/n02939185_9486.JPEG,469,cauldron
train/n02939185/n02939185_28434.JPEG,469,cauldron
train/n02939185/n02939185_17526.JPEG,469,cauldron
train/n02939185/n02939185_41110.JPEG,469,cauldron
train/n02948072/n02948072_41890.JPEG,470,candle
train/n02948072/n02948072_3402.JPEG,470,candle
train/n02948072/n02948072_8864.JPEG,470,candle
train/n02948072/n02948072_10656.JPEG,470,candle
train/n02948072/n02948072_4696.JPEG,470,candle
train/n02948072/n02948072_40931.JPEG,470,candle
train/n02948072/n02948072_7.JPEG,470,candle
train/n02948072/n02948072_39290.JPEG,470,candle
train/n02948072/n02948072_9441.JPEG,470,candle
train/n02948072/n02948072_11895.JPEG,470,candle
train/n02948072/n02948072_43628.JPEG,470,candle
train/n02948072/n02948072_15908.JPEG,470,candle
train/n02948072/n02948072_9786.JPEG,470,candle
train/n02948072/n02948072_263.JPEG,470,candle
train/n02948072/n02948072_9193.JPEG,470,candle
train/n02948072/n02948072_7853.JPEG,470,candle
train/n02950826/n02950826_17667.JPEG,471,cannon
train/n02950826/n02950826_1842.JPEG,471,cannon
train/n02950826/n02950826_8490.JPEG,471,cannon
train/n02950826/n02950826_4015.JPEG,471,cannon
train/n02950826/n02950826_36741.JPEG,471,cannon
train/n02950826/n02950826_915.JPEG,471,cannon
train/n02950826/n02950826_1468.JPEG,471,cannon
train/n02950826/n02950826_32925.JPEG,471,cannon
train/n02950826/n02950826_11525.JPEG,471,cannon
train/n02950826/n02950826_22235.JPEG,471,cannon
train/n02950826/n02950826_12104.JPEG,471,cannon
train/n02950826/n02950826_15306.JPEG,471,cannon
train/n02950826/n02950826_21631.JPEG,471,cannon
train/n02950826/n02950826_16744.JPEG,471,cannon
train/n02950826/n02950826_940.JPEG,471,cannon
train/n02950826/n02950826_37480.JPEG,471,cannon
train/n02951358/n02951358_35496.JPEG,472,canoe
train/n02951358/n02951358_1045.JPEG,472,canoe
train/n02951358/n02951358_780.JPEG,472,canoe
train/n02951358/n02951358_4819.JPEG,472,canoe
train/n02951358/n02951358_58227.JPEG,472,canoe
train/n02951358/n02951358_5410.JPEG,472,canoe
train/n02951358/n02951358_3869.JPEG,472,canoe
train/n02951358/n02951358_1723.JPEG,472,canoe
train/n02951358/n02951358_17867.JPEG,472,canoe
train/n02951358/n02951358_6952.JPEG,472,canoe
train/n02951358/n02951358_10893.JPEG,472,canoe
train/n02951358/n02951358_14514.JPEG,472,canoe
train/n02951358/n02951358_33945.JPEG,472,canoe
train/n02951358/n02951358_9017.JPEG,472,canoe
train/n02951358/n02951358_30280.JPEG,472,canoe
train/n02951358/n02951358_33957.JPEG,472,canoe
train/n02951585/n02951585_8685.JPEG,473,can opener
train/n02951585/n02951585_13697.JPEG,473,can opener
train/n02951585/n02951585_11193.JPEG,473,can opener
train/n02951585/n02951585_2498.JPEG,473,can opener
train/n02951585/n02951585_3454.JPEG,473,can opener
train/n02951585/n02951585_29913.JPEG,473,can opener
train/n02951585/n02951585_10836.JPEG,473,can opener
train/n02951585/n02951585_29126.JPEG,473,can opener
train/n02951585/n02951585_18460.JPEG,473,can opener
train/n02951585/n02951585_4754.JPEG,473,can opener
train/n02951585/n02951585_30748.JPEG,473,can opener
train/n02951585/n02951585_21139.JPEG,473,can opener
train/n02951585/n02951585_25911.JPEG,473,can opener
train/n02951585/n02951585_11174.JPEG,473,can opener
train/n02951585/n02951585_13293.JPEG,473,can opener
train/n02951585/n02951585_22358.JPEG,473,can opener
train/n02963159/n02963159_10939.JPEG,474,cardigan
train/n02963159/n02963159_4105.JPEG,474,cardigan
train/n02963159/n02963159_2426.JPEG,474,cardigan
train/n02963159/n02963159_7457.JPEG,474,cardigan
train/n02963159/n02963159_1552.JPEG,474,cardigan
train/n02963159/n02963159_6630.JPEG,474,cardigan
train/n02963159/n02963159_1878.JPEG,474,cardigan
train/n02963159/n02963159_8249.JPEG,474,cardigan
train/n02963159/n02963159_200.JPEG,474,cardigan
train/n02963159/n02963159_14227.JPEG,474,cardigan
train/n02963159/n02963159_10905.JPEG,474,cardigan
train/n02963159/n02963159_15453.JPEG,474,cardigan
train/n02963159/n02963159_8873.JPEG,474,cardigan
train/n02963159/n02963159_19481.JPEG,474,cardigan
train/n02963159/n02963159_21445.JPEG,474,cardigan
train/n02963159/n02963159_9828.JPEG,474,cardigan
train/n02965783/n02965783_6777.JPEG,475,car mirror
train/n02965783/n02965783_1181.JPEG,475,car mirror
train/n02965783/n02965783_7340.JPEG,475,car mirror
train/n02965783/n02965783_3118.JPEG,475,car mirror
train/n02965783/n02965783_1558.JPEG,475,car mirror
train/n02965783/n02965783_1039.JPEG,475,car mirror
train/n02965783/n02965783_5946.JPEG,475,car mirror
train/n02965783/n02965783_3964.JPEG,475,car mirror
train/n02965783/n02965783_1329.JPEG,475,car mirror
train/n02965783/n02965783_479.JPEG,475,car mirror
train/n02965783/n02965783_6101.JPEG,475,car mirror
train/n02965783/n02965783_7344.JPEG,475,car mirror
train/n02965783/n02965783_2855.JPEG,475,car mirror
train/n02965783/n02965783_6122.JPEG,475,car mirror
train/n02965783/n02965783_5483.JPEG,475,car mirror
train/n02965783/n02965783_2620.JPEG,475,car mirror
train/n02966193/n02966193_41482.JPEG,476,carousel
train/n02966193/n02966193_36461.JPEG,476,carousel
train/n02966193/n02966193_20421.JPEG,476,carousel
train/n02966193/n02966193_27997.JPEG,476,carousel
train/n02966193/n02966193_47486.JPEG,476,carousel
train/n02966193/n02966193_37195.JPEG,476,carousel
train/n02966193/n02966193_33154.JPEG,476,carousel
train/n02966193/n02966193_20402.JPEG,476,carousel
train/n02966193/n02966193_893.JPEG,476,carousel
train/n02966193/n02966193_42175.JPEG,476,carousel
train/n02966193/n02966193_15586.JPEG,476,carousel
train/n02966193/n02966193_36733.JPEG,476,carousel
train/n02966193/n02966193_76768.JPEG,476,carousel
train/n02966193/n02966193_49367.JPEG,476,carousel
train/n02966193/n02966193_31471.JPEG,476,carousel
train/n02966193/n02966193_20156.JPEG,476,carousel
train/n02966687/n02966687_15181.JPEG,477,tool kit
train/n02966687/n02966687_11270.JPEG,477,tool kit
train/n02966687/n02966687_9113.JPEG,477,tool kit
train/n02966687/n02966687_9640.JPEG,477,tool kit
train/n02966687/n02966687_8461.JPEG,477,tool kit
train/n02966687/n02966687_7474.JPEG,477,tool kit
train/n02966687/n02966687_17471.JPEG,477,tool kit
train/n02966687/n02966687_15078.JPEG,477,tool kit
train/n02966687/n02966687_16235.JPEG,477,tool kit
train/n02966687/n02966687_10192.JPEG,477,tool kit
train/n02966687/n02966687_9193.JPEG,477,tool kit
train/n02966687/n02966687_10653.JPEG,477,tool kit
train/n02966687/n02966687_10024.JPEG,477,tool kit
train/n02966687/n02966687_8802.JPEG,477,tool kit
train/n02966687/n02966687_14175.JPEG,477,tool kit
train/n02966687/n02966687_4603.JPEG,477,tool kit
train/n02971356/n02971356_12572.JPEG,478,cardboard box / carton
train/n02971356/n02971356_16354.JPEG,478,cardboard box / carton
train/n02971356/n02971356_7277.JPEG,478,cardboard box / carton
train/n02971356/n02971356_37345.JPEG,478,cardboard box / carton
train/n02971356/n02971356_29167.JPEG,478,cardboard box / carton
train/n02971356/n02971356_36637.JPEG,478,cardboard box / carton
train/n02971356/n02971356_8920.JPEG,478,cardboard box / carton
train/n02971356/n02971356_717.JPEG,478,cardboard box / carton
train/n02971356/n02971356_32635.JPEG,478,cardboard box / carton
train/n02971356/n02971356_34163.JPEG,478,cardboard box / carton
train/n02971356/n02971356_3582.JPEG,478,cardboard box / carton
train/n02971356/n02971356_1308.JPEG,478,cardboard box / carton
train/n02971356/n02971356_5202.JPEG,478,cardboard box / carton
train/n02971356/n02971356_11239.JPEG,478,cardboard box / carton
train/n02971356/n02971356_16231.JPEG,478,cardboard box / carton
train/n02971356/n02971356_20479.JPEG,478,cardboard box / carton
train/n02974003/n02974003_6834.JPEG,479,car wheel
train/n02974003/n02974003_3428.JPEG,479,car wheel
train/n02974003/n02974003_1198.JPEG,479,car wheel
train/n02974003/n02974003_6773.JPEG,479,car wheel
train/n02974003/n02974003_8245.JPEG,479,car wheel
train/n02974003/n02974003_627.JPEG,479,car wheel
train/n02974003/n02974003_9086.JPEG,479,car wheel
train/n02974003/n02974003_4095.JPEG,479,car wheel
train/n02974003/n02974003_1311.JPEG,479,car wheel
train/n02974003/n02974003_1528.JPEG,479,car wheel
train/n02974003/n02974003_7272.JPEG,479,car wheel
train/n02974003/n02974003_1142.JPEG,479,car wheel
train/n02974003/n02974003_3768.JPEG,479,car wheel
train/n02974003/n02974003_3115.JPEG,479,car wheel
train/n02974003/n02974003_8455.JPEG,479,car wheel
train/n02974003/n02974003_4161.JPEG,479,car wheel
train/n02977058/n02977058_19521.JPEG,480,automated teller machine
train/n02977058/n02977058_24485.JPEG,480,automated teller machine
train/n02977058/n02977058_25023.JPEG,480,automated teller machine
train/n02977058/n02977058_5572.JPEG,480,automated teller machine
train/n02977058/n02977058_1460.JPEG,480,automated teller machine
train/n02977058/n02977058_19945.JPEG,480,automated teller machine
train/n02977058/n02977058_21091.JPEG,480,automated teller machine
train/n02977058/n02977058_26820.JPEG,480,automated teller machine
train/n02977058/n02977058_19443.JPEG,480,automated teller machine
train/n02977058/n02977058_1711.JPEG,480,automated teller machine
train/n02977058/n02977058_4435.JPEG,480,automated teller machine
train/n02977058/n02977058_27226.JPEG,480,automated teller machine
train/n02977058/n02977058_9561.JPEG,480,automated teller machine
train/n02977058/n02977058_25595.JPEG,480,automated teller machine
train/n02977058/n02977058_16199.JPEG,480,automated teller machine
train/n02977058/n02977058_23164.JPEG,480,automated teller machine
train/n02978881/n02978881_15801.JPEG,481,cassette
train/n02978881/n02978881_13371.JPEG,481,cassette
train/n02978881/n02978881_2180.JPEG,481,cassette
train/n02978881/n02978881_2146.JPEG,481,cassette
train/n02978881/n02978881_4913.JPEG,481,cassette
train/n02978881/n02978881_18609.JPEG,481,cassette
train/n02978881/n02978881_5504.JPEG,481,cassette
train/n02978881/n02978881_7252.JPEG,481,cassette
train/n02978881/n02978881_729.JPEG,481,cassette
train/n02978881/n02978881_14406.JPEG,481,cassette
train/n02978881/n02978881_12811.JPEG,481,cassette
train/n02978881/n02978881_2609.JPEG,481,cassette
train/n02978881/n02978881_8732.JPEG,481,cassette
train/n02978881/n02978881_8975.JPEG,481,cassette
train/n02978881/n02978881_13468.JPEG,481,cassette
train/n02978881/n02978881_3067.JPEG,481,cassette
train/n02979186/n02979186_4046.JPEG,482,cassette player
train/n02979186/n02979186_13626.JPEG,482,cassette player
train/n02979186/n02979186_12259.JPEG,482,cassette player
train/n02979186/n02979186_23440.JPEG,482,cassette player
train/n02979186/n02979186_10013.JPEG,482,cassette player
train/n02979186/n02979186_14128.JPEG,482,cassette player
train/n02979186/n02979186_10299.JPEG,482,cassette player
train/n02979186/n02979186_21318.JPEG,482,cassette player
train/n02979186/n02979186_3788.JPEG,482,cassette player
train/n02979186/n02979186_10930.JPEG,482,cassette player
train/n02979186/n02979186_1823.JPEG,482,cassette player
train/n02979186/n02979186_13841.JPEG,482,cassette player
train/n02979186/n02979186_2819.JPEG,482,cassette player
train/n02979186/n02979186_6474.JPEG,482,cassette player
train/n02979186/n02979186_213.JPEG,482,cassette player
train/n02979186/n02979186_12237.JPEG,482,cassette player
train/n02980441/n02980441_10495.JPEG,483,castle
train/n02980441/n02980441_40868.JPEG,483,castle
train/n02980441/n02980441_2677.JPEG,483,castle
train/n02980441/n02980441_214.JPEG,483,castle
train/n02980441/n02980441_1091.JPEG,483,castle
train/n02980441/n02980441_11576.JPEG,483,castle
train/n02980441/n02980441_33175.JPEG,483,castle
train/n02980441/n02980441_6112.JPEG,483,castle
train/n02980441/n02980441_5959.JPEG,483,castle
train/n02980441/n02980441_4327.JPEG,483,castle
train/n02980441/n02980441_8508.JPEG,483,castle
train/n02980441/n02980441_12143.JPEG,483,castle
train/n02980441/n02980441_1633.JPEG,483,castle
train/n02980441/n02980441_9036.JPEG,483,castle
train/n02980441/n02980441_772.JPEG,483,castle
train/n02980441/n02980441_15025.JPEG,483,castle
train/n02981792/n02981792_7779.JPEG,484,catamaran
train/n02981792/n02981792_8730.JPEG,484,catamaran
train/n02981792/n02981792_17619.JPEG,484,catamaran
train/n02981792/n02981792_3613.JPEG,484,catamaran
train/n02981792/n02981792_10323.JPEG,484,catamaran
train/n02981792/n02981792_15194.JPEG,484,catamaran
train/n02981792/n02981792_9734.JPEG,484,catamaran
train/n02981792/n02981792_19114.JPEG,484,catamaran
train/n02981792/n02981792_21642.JPEG,484,catamaran
train/n02981792/n02981792_17345.JPEG,484,catamaran
train/n02981792/n02981792_11571.JPEG,484,catamaran
train/n02981792/n02981792_1000.JPEG,484,catamaran
train/n02981792/n02981792_26515.JPEG,484,catamaran
train/n02981792/n02981792_14881.JPEG,484,catamaran
train/n02981792/n02981792_20540.JPEG,484,catamaran
train/n02981792/n02981792_3484.JPEG,484,catamaran
train/n02988304/n02988304_18089.JPEG,485,CD player
train/n02988304/n02988304_18317.JPEG,485,CD player
train/n02988304/n02988304_10899.JPEG,485,CD player
train/n02988304/n02988304_21556.JPEG,485,CD player
train/n02988304/n02988304_8910.JPEG,485,CD player
train/n02988304/n02988304_11855.JPEG,485,CD player
train/n02988304/n02988304_16036.JPEG,485,CD player
train/n02988304/n02988304_8029.JPEG,485,CD player
train/n02988304/n02988304_12607.JPEG,485,CD player
train/n02988304/n02988304_1175.JPEG,485,CD player
train/n02988304/n02988304_8013.JPEG,485,CD player
train/n02988304/n02988304_3526.JPEG,485,CD player
train/n02988304/n02988304_9499.JPEG,485,CD player
train/n02988304/n02988304_8250.JPEG,485,CD player
train/n02988304/n02988304_5979.JPEG,485,CD player
train/n02988304/n02988304_8408.JPEG,485,CD player
train/n02992211/n02992211_35646.JPEG,486,cello
train/n02992211/n02992211_34811.JPEG,486,cello
train/n02992211/n02992211_13156.JPEG,486,cello
train/n02992211/n02992211_32765.JPEG,486,cello
train/n02992211/n02992211_42518.JPEG,486,cello
train/n02992211/n02992211_52308.JPEG,486,cello
train/n02992211/n02992211_28659.JPEG,486,cello
train/n02992211/n02992211_47197.JPEG,486,cello
train/n02992211/n02992211_29184.JPEG,486,cello
train/n02992211/n02992211_27437.JPEG,486,cello
train/n02992211/n02992211_37848.JPEG,486,cello
train/n02992211/n02992211_20390.JPEG,486,cello
train/n02992211/n02992211_19764.JPEG,486,cello
train/n02992211/n02992211_27116.JPEG,486,cello
train/n02992211/n02992211_30232.JPEG,486,cello
train/n02992211/n02992211_49457.JPEG,486,cello
train/n02992529/n02992529_517.JPEG,487,mobile phone
train/n02992529/n02992529_17366.JPEG,487,mobile phone
train/n02992529/n02992529_6429.JPEG,487,mobile phone
train/n02992529/n02992529_16287.JPEG,487,mobile phone
train/n02992529/n02992529_22154.JPEG,487,mobile phone
train/n02992529/n02992529_5806.JPEG,487,mobile phone
train/n02992529/n02992529_25291.JPEG,487,mobile phone
train/n02992529/n02992529_23092.JPEG,487,mobile phone
train/n02992529/n02992529_3673.JPEG,487,mobile phone
train/n02992529/n02992529_60419.JPEG,487,mobile phone
train/n02992529/n02992529_56528.JPEG,487,mobile phone
train/n02992529/n02992529_13690.JPEG,487,mobile phone
train/n02992529/n02992529_16320.JPEG,487,mobile phone
train/n02992529/n02992529_22792.JPEG,487,mobile phone
train/n02992529/n02992529_13288.JPEG,487,mobile phone
train/n02992529/n02992529_24711.JPEG,487,mobile phone
train/n02999410/n02999410_45329.JPEG,488,chain
train/n02999410/n02999410_17251.JPEG,488,chain
train/n02999410/n02999410_17772.JPEG,488,chain
train/n02999410/n02999410_1348.JPEG,488,chain
train/n02999410/n02999410_32207.JPEG,488,chain
train/n02999410/n02999410_576.JPEG,488,chain
train/n02999410/n02999410_8408.JPEG,488,chain
train/n02999410/n02999410_8808.JPEG,488,chain
train/n02999410/n02999410_11933.JPEG,488,chain
train/n02999410/n02999410_8597.JPEG,488,chain
train/n02999410/n02999410_13732.JPEG,488,chain
train/n02999410/n02999410_14355.JPEG,488,chain
train/n02999410/n02999410_2772.JPEG,488,chain
train/n02999410/n02999410_4297.JPEG,488,chain
train/n02999410/n02999410_4884.JPEG,488,chain
train/n02999410/n02999410_48738.JPEG,488,chain
train/n03000134/n03000134_612.JPEG,489,chain-link fence
train/n03000134/n03000134_1938.JPEG,489,chain-link fence
train/n03000134/n03000134_2893.JPEG,489,chain-link fence
train/n03000134/n03000134_1440.JPEG,489,chain-link fence
train/n03000134/n03000134_2517.JPEG,489,chain-link fence
train/n03000134/n03000134_2054.JPEG,489,chain-link fence
train/n03000134/n03000134_4587.JPEG,489,chain-link fence
train/n03000134/n03000134_1094.JPEG,489,chain-link fence
train/n03000134/n03000134_810.JPEG,489,chain-link fence
train/n03000134/n03000134_692.JPEG,489,chain-link fence
train/n03000134/n03000134_2113.JPEG,489,chain-link fence
train/n03000134/n03000134_261.JPEG,489,chain-link fence
train/n03000134/n03000134_959.JPEG,489,chain-link fence
train/n03000134/n03000134_1668.JPEG,489,chain-link fence
train/n03000134/n03000134_2108.JPEG,489,chain-link fence
train/n03000134/n03000134_3972.JPEG,489,chain-link fence
train/n03000247/n03000247_22165.JPEG,490,chain mail
train/n03000247/n03000247_56615.JPEG,490,chain mail
train/n03000247/n03000247_2403.JPEG,490,chain mail
train/n03000247/n03000247_67337.JPEG,490,chain mail
train/n03000247/n03000247_353.JPEG,490,chain mail
train/n03000247/n03000247_62312.JPEG,490,chain mail
train/n03000247/n03000247_17705.JPEG,490,chain mail
train/n03000247/n03000247_39656.JPEG,490,chain mail
train/n03000247/n03000247_10672.JPEG,490,chain mail
train/n03000247/n03000247_16383.JPEG,490,chain mail
train/n03000247/n03000247_19971.JPEG,490,chain mail
train/n03000247/n03000247_4150.JPEG,490,chain mail
train/n03000247/n03000247_64907.JPEG,490,chain mail
train/n03000247/n03000247_33898.JPEG,490,chain mail
train/n03000247/n03000247_33994.JPEG,490,chain mail
train/n03000247/n03000247_65538.JPEG,490,chain mail
train/n03000684/n03000684_8243.JPEG,491,chainsaw
train/n03000684/n03000684_20243.JPEG,491,chainsaw
train/n03000684/n03000684_12575.JPEG,491,chainsaw
train/n03000684/n03000684_13599.JPEG,491,chainsaw
train/n03000684/n03000684_24493.JPEG,491,chainsaw
train/n03000684/n03000684_16506.JPEG,491,chainsaw
train/n03000684/n03000684_30092.JPEG,491,chainsaw
train/n03000684/n03000684_27220.JPEG,491,chainsaw
train/n03000684/n03000684_16793.JPEG,491,chainsaw
train/n03000684/n03000684_924.JPEG,491,chainsaw
train/n03000684/n03000684_12430.JPEG,491,chainsaw
train/n03000684/n03000684_14378.JPEG,491,chainsaw
train/n03000684/n03000684_23807.JPEG,491,chainsaw
train/n03000684/n03000684_8858.JPEG,491,chainsaw
train/n03000684/n03000684_10899.JPEG,491,chainsaw
train/n03000684/n03000684_6050.JPEG,491,chainsaw
train/n03014705/n03014705_23376.JPEG,492,storage chest
train/n03014705/n03014705_1400.JPEG,492,storage chest
train/n03014705/n03014705_29157.JPEG,492,storage chest
train/n03014705/n03014705_10150.JPEG,492,storage chest
train/n03014705/n03014705_26090.JPEG,492,storage chest
train/n03014705/n03014705_31817.JPEG,492,storage chest
train/n03014705/n03014705_7882.JPEG,492,storage chest
train/n03014705/n03014705_18079.JPEG,492,storage chest
train/n03014705/n03014705_48745.JPEG,492,storage chest
train/n03014705/n03014705_12210.JPEG,492,storage chest
train/n03014705/n03014705_15164.JPEG,492,storage chest
train/n03014705/n03014705_12786.JPEG,492,storage chest
train/n03014705/n03014705_38525.JPEG,492,storage chest
train/n03014705/n03014705_11686.JPEG,492,storage chest
train/n03014705/n03014705_12503.JPEG,492,storage chest
train/n03014705/n03014705_34531.JPEG,492,storage chest
train/n03016953/n03016953_45984.JPEG,493,chiffonier
train/n03016953/n03016953_4407.JPEG,493,chiffonier
train/n03016953/n03016953_7751.JPEG,493,chiffonier
train/n03016953/n03016953_38286.JPEG,493,chiffonier
train/n03016953/n03016953_6572.JPEG,493,chiffonier
train/n03016953/n03016953_3678.JPEG,493,chiffonier
train/n03016953/n03016953_12301.JPEG,493,chiffonier
train/n03016953/n03016953_9185.JPEG,493,chiffonier
train/n03016953/n03016953_12307.JPEG,493,chiffonier
train/n03016953/n03016953_5648.JPEG,493,chiffonier
train/n03016953/n03016953_15855.JPEG,493,chiffonier
train/n03016953/n03016953_1351.JPEG,493,chiffonier
train/n03016953/n03016953_11105.JPEG,493,chiffonier
train/n03016953/n03016953_6341.JPEG,493,chiffonier
train/n03016953/n03016953_8586.JPEG,493,chiffonier
train/n03016953/n03016953_1308.JPEG,493,chiffonier
train/n03017168/n03017168_46008.JPEG,494,bell or wind chime
train/n03017168/n03017168_45656.JPEG,494,bell or wind chime
train/n03017168/n03017168_85864.JPEG,494,bell or wind chime
train/n03017168/n03017168_82937.JPEG,494,bell or wind chime
train/n03017168/n03017168_2598.JPEG,494,bell or wind chime
train/n03017168/n03017168_2626.JPEG,494,bell or wind chime
train/n03017168/n03017168_16096.JPEG,494,bell or wind chime
train/n03017168/n03017168_29035.JPEG,494,bell or wind chime
train/n03017168/n03017168_36153.JPEG,494,bell or wind chime
train/n03017168/n03017168_27039.JPEG,494,bell or wind chime
train/n03017168/n03017168_41960.JPEG,494,bell or wind chime
train/n03017168/n03017168_1957.JPEG,494,bell or wind chime
train/n03017168/n03017168_62306.JPEG,494,bell or wind chime
train/n03017168/n03017168_22089.JPEG,494,bell or wind chime
train/n03017168/n03017168_65509.JPEG,494,bell or wind chime
train/n03017168/n03017168_65376.JPEG,494,bell or wind chime
train/n03018349/n03018349_6683.JPEG,495,china cabinet
train/n03018349/n03018349_484.JPEG,495,china cabinet
train/n03018349/n03018349_4213.JPEG,495,china cabinet
train/n03018349/n03018349_21426.JPEG,495,china cabinet
train/n03018349/n03018349_10403.JPEG,495,china cabinet
train/n03018349/n03018349_15497.JPEG,495,china cabinet
train/n03018349/n03018349_3965.JPEG,495,china cabinet
train/n03018349/n03018349_14480.JPEG,495,china cabinet
train/n03018349/n03018349_4895.JPEG,495,china cabinet
train/n03018349/n03018349_9910.JPEG,495,china cabinet
train/n03018349/n03018349_1651.JPEG,495,china cabinet
train/n03018349/n03018349_5787.JPEG,495,china cabinet
train/n03018349/n03018349_3461.JPEG,495,china cabinet
train/n03018349/n03018349_6851.JPEG,495,china cabinet
train/n03018349/n03018349_9938.JPEG,495,china cabinet
train/n03018349/n03018349_9333.JPEG,495,china cabinet
train/n03026506/n03026506_7717.JPEG,496,Christmas stocking
train/n03026506/n03026506_2874.JPEG,496,Christmas stocking
train/n03026506/n03026506_5685.JPEG,496,Christmas stocking
train/n03026506/n03026506_651.JPEG,496,Christmas stocking
train/n03026506/n03026506_2909.JPEG,496,Christmas stocking
train/n03026506/n03026506_4149.JPEG,496,Christmas stocking
train/n03026506/n03026506_1139.JPEG,496,Christmas stocking
train/n03026506/n03026506_685.JPEG,496,Christmas stocking
train/n03026506/n03026506_1251.JPEG,496,Christmas stocking
train/n03026506/n03026506_4091.JPEG,496,Christmas stocking
train/n03026506/n03026506_6717.JPEG,496,Christmas stocking
train/n03026506/n03026506_5057.JPEG,496,Christmas stocking
train/n03026506/n03026506_1890.JPEG,496,Christmas stocking
train/n03026506/n03026506_4570.JPEG,496,Christmas stocking
train/n03026506/n03026506_3373.JPEG,496,Christmas stocking
train/n03026506/n03026506_473.JPEG,496,Christmas stocking
train/n03028079/n03028079_26694.JPEG,497,church
train/n03028079/n03028079_71737.JPEG,497,church
train/n03028079/n03028079_14021.JPEG,497,church
train/n03028079/n03028079_26479.JPEG,497,church
train/n03028079/n03028079_122509.JPEG,497,church
train/n03028079/n03028079_11288.JPEG,497,church
train/n03028079/n03028079_28833.JPEG,497,church
train/n03028079/n03028079_5598.JPEG,497,church
train/n03028079/n03028079_2750.JPEG,497,church
train/n03028079/n03028079_24573.JPEG,497,church
train/n03028079/n03028079_10596.JPEG,497,church
train/n03028079/n03028079_28537.JPEG,497,church
train/n03028079/n03028079_40711.JPEG,497,church
train/n03028079/n03028079_4651.JPEG,497,church
train/n03028079/n03028079_27781.JPEG,497,church
train/n03028079/n03028079_3395.JPEG,497,church
train/n03032252/n03032252_23169.JPEG,498,movie theater
train/n03032252/n03032252_68153.JPEG,498,movie theater
train/n03032252/n03032252_7582.JPEG,498,movie theater
train/n03032252/n03032252_30591.JPEG,498,movie theater
train/n03032252/n03032252_13526.JPEG,498,movie theater
train/n03032252/n03032252_2539.JPEG,498,movie theater
train/n03032252/n03032252_52298.JPEG,498,movie theater
train/n03032252/n03032252_15151.JPEG,498,movie theater
train/n03032252/n03032252_4558.JPEG,498,movie theater
train/n03032252/n03032252_52801.JPEG,498,movie theater
train/n03032252/n03032252_10978.JPEG,498,movie theater
train/n03032252/n03032252_46790.JPEG,498,movie theater
train/n03032252/n03032252_21450.JPEG,498,movie theater
train/n03032252/n03032252_25682.JPEG,498,movie theater
train/n03032252/n03032252_46592.JPEG,498,movie theater
train/n03032252/n03032252_100533.JPEG,498,movie theater
train/n03041632/n03041632_98864.JPEG,499,cleaver
train/n03041632/n03041632_17349.JPEG,499,cleaver
train/n03041632/n03041632_34676.JPEG,499,cleaver
train/n03041632/n03041632_11286.JPEG,499,cleaver
train/n03041632/n03041632_4861.JPEG,499,cleaver
train/n03041632/n03041632_30958.JPEG,499,cleaver
train/n03041632/n03041632_56217.JPEG,499,cleaver
train/n03041632/n03041632_32785.JPEG,499,cleaver
train/n03041632/n03041632_9549.JPEG,499,cleaver
train/n03041632/n03041632_16071.JPEG,499,cleaver
train/n03041632/n03041632_23321.JPEG,499,cleaver
train/n03041632/n03041632_22523.JPEG,499,cleaver
train/n03041632/n03041632_55493.JPEG,499,cleaver
train/n03041632/n03041632_28202.JPEG,499,cleaver
train/n03041632/n03041632_29355.JPEG,499,cleaver
train/n03041632/n03041632_44684.JPEG,499,cleaver
train/n03042490/n03042490_4901.JPEG,500,cliff dwelling
train/n03042490/n03042490_7844.JPEG,500,cliff dwelling
train/n03042490/n03042490_138.JPEG,500,cliff dwelling
train/n03042490/n03042490_13551.JPEG,500,cliff dwelling
train/n03042490/n03042490_2172.JPEG,500,cliff dwelling
train/n03042490/n03042490_13752.JPEG,500,cliff dwelling
train/n03042490/n03042490_8575.JPEG,500,cliff dwelling
train/n03042490/n03042490_6632.JPEG,500,cliff dwelling
train/n03042490/n03042490_1272.JPEG,500,cliff dwelling
train/n03042490/n03042490_3432.JPEG,500,cliff dwelling
train/n03042490/n03042490_14428.JPEG,500,cliff dwelling
train/n03042490/n03042490_1354.JPEG,500,cliff dwelling
train/n03042490/n03042490_2613.JPEG,500,cliff dwelling
train/n03042490/n03042490_2497.JPEG,500,cliff dwelling
train/n03042490/n03042490_9782.JPEG,500,cliff dwelling
train/n03042490/n03042490_4109.JPEG,500,cliff dwelling
train/n03045698/n03045698_6362.JPEG,501,cloak
train/n03045698/n03045698_15278.JPEG,501,cloak
train/n03045698/n03045698_7276.JPEG,501,cloak
train/n03045698/n03045698_8212.JPEG,501,cloak
train/n03045698/n03045698_8696.JPEG,501,cloak
train/n03045698/n03045698_263.JPEG,501,cloak
train/n03045698/n03045698_3153.JPEG,501,cloak
train/n03045698/n03045698_6446.JPEG,501,cloak
train/n03045698/n03045698_5471.JPEG,501,cloak
train/n03045698/n03045698_5655.JPEG,501,cloak
train/n03045698/n03045698_2272.JPEG,501,cloak
train/n03045698/n03045698_1328.JPEG,501,cloak
train/n03045698/n03045698_16700.JPEG,501,cloak
train/n03045698/n03045698_1327.JPEG,501,cloak
train/n03045698/n03045698_2079.JPEG,501,cloak
train/n03045698/n03045698_2932.JPEG,501,cloak
train/n03047690/n03047690_16055.JPEG,502,clogs
train/n03047690/n03047690_7141.JPEG,502,clogs
train/n03047690/n03047690_31932.JPEG,502,clogs
train/n03047690/n03047690_1976.JPEG,502,clogs
train/n03047690/n03047690_32911.JPEG,502,clogs
train/n03047690/n03047690_37015.JPEG,502,clogs
train/n03047690/n03047690_69.JPEG,502,clogs
train/n03047690/n03047690_27005.JPEG,502,clogs
train/n03047690/n03047690_12446.JPEG,502,clogs
train/n03047690/n03047690_33763.JPEG,502,clogs
train/n03047690/n03047690_9151.JPEG,502,clogs
train/n03047690/n03047690_11573.JPEG,502,clogs
train/n03047690/n03047690_40538.JPEG,502,clogs
train/n03047690/n03047690_18785.JPEG,502,clogs
train/n03047690/n03047690_40446.JPEG,502,clogs
train/n03047690/n03047690_14228.JPEG,502,clogs
train/n03062245/n03062245_13300.JPEG,503,cocktail shaker
train/n03062245/n03062245_3722.JPEG,503,cocktail shaker
train/n03062245/n03062245_2766.JPEG,503,cocktail shaker
train/n03062245/n03062245_13979.JPEG,503,cocktail shaker
train/n03062245/n03062245_14073.JPEG,503,cocktail shaker
train/n03062245/n03062245_7077.JPEG,503,cocktail shaker
train/n03062245/n03062245_13884.JPEG,503,cocktail shaker
train/n03062245/n03062245_1104.JPEG,503,cocktail shaker
train/n03062245/n03062245_16267.JPEG,503,cocktail shaker
train/n03062245/n03062245_2780.JPEG,503,cocktail shaker
train/n03062245/n03062245_1511.JPEG,503,cocktail shaker
train/n03062245/n03062245_992.JPEG,503,cocktail shaker
train/n03062245/n03062245_9587.JPEG,503,cocktail shaker
train/n03062245/n03062245_3606.JPEG,503,cocktail shaker
train/n03062245/n03062245_3560.JPEG,503,cocktail shaker
train/n03062245/n03062245_372.JPEG,503,cocktail shaker
train/n03063599/n03063599_3939.JPEG,504,coffee mug
train/n03063599/n03063599_4606.JPEG,504,coffee mug
train/n03063599/n03063599_2079.JPEG,504,coffee mug
train/n03063599/n03063599_5017.JPEG,504,coffee mug
train/n03063599/n03063599_5317.JPEG,504,coffee mug
train/n03063599/n03063599_1440.JPEG,504,coffee mug
train/n03063599/n03063599_4115.JPEG,504,coffee mug
train/n03063599/n03063599_4149.JPEG,504,coffee mug
train/n03063599/n03063599_3422.JPEG,504,coffee mug
train/n03063599/n03063599_2998.JPEG,504,coffee mug
train/n03063599/n03063599_1275.JPEG,504,coffee mug
train/n03063599/n03063599_3991.JPEG,504,coffee mug
train/n03063599/n03063599_3840.JPEG,504,coffee mug
train/n03063599/n03063599_1287.JPEG,504,coffee mug
train/n03063599/n03063599_3130.JPEG,504,coffee mug
train/n03063599/n03063599_3743.JPEG,504,coffee mug
train/n03063689/n03063689_5009.JPEG,505,coffeemaker
train/n03063689/n03063689_5874.JPEG,505,coffeemaker
train/n03063689/n03063689_18678.JPEG,505,coffeemaker
train/n03063689/n03063689_21388.JPEG,505,coffeemaker
train/n03063689/n03063689_6305.JPEG,505,coffeemaker
train/n03063689/n03063689_3385.JPEG,505,coffeemaker
train/n03063689/n03063689_17617.JPEG,505,coffeemaker
train/n03063689/n03063689_19721.JPEG,505,coffeemaker
train/n03063689/n03063689_14045.JPEG,505,coffeemaker
train/n03063689/n03063689_14470.JPEG,505,coffeemaker
train/n03063689/n03063689_13509.JPEG,505,coffeemaker
train/n03063689/n03063689_12451.JPEG,505,coffeemaker
train/n03063689/n03063689_17674.JPEG,505,coffeemaker
train/n03063689/n03063689_136.JPEG,505,coffeemaker
train/n03063689/n03063689_16903.JPEG,505,coffeemaker
train/n03063689/n03063689_2554.JPEG,505,coffeemaker
train/n03065424/n03065424_6836.JPEG,506,spiral or coil
train/n03065424/n03065424_4848.JPEG,506,spiral or coil
train/n03065424/n03065424_44431.JPEG,506,spiral or coil
train/n03065424/n03065424_18120.JPEG,506,spiral or coil
train/n03065424/n03065424_56298.JPEG,506,spiral or coil
train/n03065424/n03065424_92180.JPEG,506,spiral or coil
train/n03065424/n03065424_127273.JPEG,506,spiral or coil
train/n03065424/n03065424_41471.JPEG,506,spiral or coil
train/n03065424/n03065424_5335.JPEG,506,spiral or coil
train/n03065424/n03065424_2187.JPEG,506,spiral or coil
train/n03065424/n03065424_10003.JPEG,506,spiral or coil
train/n03065424/n03065424_15484.JPEG,506,spiral or coil
train/n03065424/n03065424_18067.JPEG,506,spiral or coil
train/n03065424/n03065424_34294.JPEG,506,spiral or coil
train/n03065424/n03065424_32908.JPEG,506,spiral or coil
train/n03065424/n03065424_86437.JPEG,506,spiral or coil
train/n03075370/n03075370_6411.JPEG,507,combination lock
train/n03075370/n03075370_5385.JPEG,507,combination lock
train/n03075370/n03075370_2054.JPEG,507,combination lock
train/n03075370/n03075370_17061.JPEG,507,combination lock
train/n03075370/n03075370_12876.JPEG,507,combination lock
train/n03075370/n03075370_696.JPEG,507,combination lock
train/n03075370/n03075370_7868.JPEG,507,combination lock
train/n03075370/n03075370_13696.JPEG,507,combination lock
train/n03075370/n03075370_10791.JPEG,507,combination lock
train/n03075370/n03075370_6094.JPEG,507,combination lock
train/n03075370/n03075370_17455.JPEG,507,combination lock
train/n03075370/n03075370_10197.JPEG,507,combination lock
train/n03075370/n03075370_10728.JPEG,507,combination lock
train/n03075370/n03075370_9470.JPEG,507,combination lock
train/n03075370/n03075370_17421.JPEG,507,combination lock
train/n03075370/n03075370_13079.JPEG,507,combination lock
train/n03085013/n03085013_20359.JPEG,508,computer keyboard
train/n03085013/n03085013_23051.JPEG,508,computer keyboard
train/n03085013/n03085013_7913.JPEG,508,computer keyboard
train/n03085013/n03085013_24671.JPEG,508,computer keyboard
train/n03085013/n03085013_23776.JPEG,508,computer keyboard
train/n03085013/n03085013_30660.JPEG,508,computer keyboard
train/n03085013/n03085013_6405.JPEG,508,computer keyboard
train/n03085013/n03085013_21301.JPEG,508,computer keyboard
train/n03085013/n03085013_24139.JPEG,508,computer keyboard
train/n03085013/n03085013_3595.JPEG,508,computer keyboard
train/n03085013/n03085013_21084.JPEG,508,computer keyboard
train/n03085013/n03085013_20533.JPEG,508,computer keyboard
train/n03085013/n03085013_19055.JPEG,508,computer keyboard
train/n03085013/n03085013_23063.JPEG,508,computer keyboard
train/n03085013/n03085013_18841.JPEG,508,computer keyboard
train/n03085013/n03085013_3095.JPEG,508,computer keyboard
train/n03089624/n03089624_39709.JPEG,509,candy store
train/n03089624/n03089624_5962.JPEG,509,candy store
train/n03089624/n03089624_93149.JPEG,509,candy store
train/n03089624/n03089624_43798.JPEG,509,candy store
train/n03089624/n03089624_15294.JPEG,509,candy store
train/n03089624/n03089624_59355.JPEG,509,candy store
train/n03089624/n03089624_33144.JPEG,509,candy store
train/n03089624/n03089624_13061.JPEG,509,candy store
train/n03089624/n03089624_35302.JPEG,509,candy store
train/n03089624/n03089624_78402.JPEG,509,candy store
train/n03089624/n03089624_16066.JPEG,509,candy store
train/n03089624/n03089624_9.JPEG,509,candy store
train/n03089624/n03089624_26749.JPEG,509,candy store
train/n03089624/n03089624_16636.JPEG,509,candy store
train/n03089624/n03089624_4360.JPEG,509,candy store
train/n03089624/n03089624_827.JPEG,509,candy store
train/n03095699/n03095699_27474.JPEG,510,container ship
train/n03095699/n03095699_138.JPEG,510,container ship
train/n03095699/n03095699_438.JPEG,510,container ship
train/n03095699/n03095699_12924.JPEG,510,container ship
train/n03095699/n03095699_669.JPEG,510,container ship
train/n03095699/n03095699_9308.JPEG,510,container ship
train/n03095699/n03095699_27622.JPEG,510,container ship
train/n03095699/n03095699_7158.JPEG,510,container ship
train/n03095699/n03095699_27090.JPEG,510,container ship
train/n03095699/n03095699_23727.JPEG,510,container ship
train/n03095699/n03095699_29616.JPEG,510,container ship
train/n03095699/n03095699_20932.JPEG,510,container ship
train/n03095699/n03095699_10765.JPEG,510,container ship
train/n03095699/n03095699_2561.JPEG,510,container ship
train/n03095699/n03095699_24720.JPEG,510,container ship
train/n03095699/n03095699_23378.JPEG,510,container ship
train/n03100240/n03100240_10244.JPEG,511,convertible
train/n03100240/n03100240_207.JPEG,511,convertible
train/n03100240/n03100240_2607.JPEG,511,convertible
train/n03100240/n03100240_21073.JPEG,511,convertible
train/n03100240/n03100240_14577.JPEG,511,convertible
train/n03100240/n03100240_3542.JPEG,511,convertible
train/n03100240/n03100240_8630.JPEG,511,convertible
train/n03100240/n03100240_6491.JPEG,511,convertible
train/n03100240/n03100240_17108.JPEG,511,convertible
train/n03100240/n03100240_8057.JPEG,511,convertible
train/n03100240/n03100240_7836.JPEG,511,convertible
train/n03100240/n03100240_19475.JPEG,511,convertible
train/n03100240/n03100240_4187.JPEG,511,convertible
train/n03100240/n03100240_6259.JPEG,511,convertible
train/n03100240/n03100240_10175.JPEG,511,convertible
train/n03100240/n03100240_6626.JPEG,511,convertible
train/n03109150/n03109150_23975.JPEG,512,corkscrew
train/n03109150/n03109150_39902.JPEG,512,corkscrew
train/n03109150/n03109150_14393.JPEG,512,corkscrew
train/n03109150/n03109150_38231.JPEG,512,corkscrew
train/n03109150/n03109150_25498.JPEG,512,corkscrew
train/n03109150/n03109150_11969.JPEG,512,corkscrew
train/n03109150/n03109150_9010.JPEG,512,corkscrew
train/n03109150/n03109150_23829.JPEG,512,corkscrew
train/n03109150/n03109150_198.JPEG,512,corkscrew
train/n03109150/n03109150_47651.JPEG,512,corkscrew
train/n03109150/n03109150_21050.JPEG,512,corkscrew
train/n03109150/n03109150_32489.JPEG,512,corkscrew
train/n03109150/n03109150_15153.JPEG,512,corkscrew
train/n03109150/n03109150_9618.JPEG,512,corkscrew
train/n03109150/n03109150_18414.JPEG,512,corkscrew
train/n03109150/n03109150_2027.JPEG,512,corkscrew
train/n03110669/n03110669_90417.JPEG,513,cornet
train/n03110669/n03110669_71752.JPEG,513,cornet
train/n03110669/n03110669_3175.JPEG,513,cornet
train/n03110669/n03110669_106597.JPEG,513,cornet
train/n03110669/n03110669_116098.JPEG,513,cornet
train/n03110669/n03110669_102359.JPEG,513,cornet
train/n03110669/n03110669_11749.JPEG,513,cornet
train/n03110669/n03110669_19514.JPEG,513,cornet
train/n03110669/n03110669_16967.JPEG,513,cornet
train/n03110669/n03110669_160384.JPEG,513,cornet
train/n03110669/n03110669_82830.JPEG,513,cornet
train/n03110669/n03110669_13548.JPEG,513,cornet
train/n03110669/n03110669_72137.JPEG,513,cornet
train/n03110669/n03110669_13042.JPEG,513,cornet
train/n03110669/n03110669_97107.JPEG,513,cornet
train/n03110669/n03110669_108014.JPEG,513,cornet
train/n03124043/n03124043_14561.JPEG,514,cowboy boot
train/n03124043/n03124043_2603.JPEG,514,cowboy boot
train/n03124043/n03124043_925.JPEG,514,cowboy boot
train/n03124043/n03124043_4301.JPEG,514,cowboy boot
train/n03124043/n03124043_6810.JPEG,514,cowboy boot
train/n03124043/n03124043_1306.JPEG,514,cowboy boot
train/n03124043/n03124043_4225.JPEG,514,cowboy boot
train/n03124043/n03124043_1856.JPEG,514,cowboy boot
train/n03124043/n03124043_140.JPEG,514,cowboy boot
train/n03124043/n03124043_24161.JPEG,514,cowboy boot
train/n03124043/n03124043_5499.JPEG,514,cowboy boot
train/n03124043/n03124043_31382.JPEG,514,cowboy boot
train/n03124043/n03124043_3683.JPEG,514,cowboy boot
train/n03124043/n03124043_6361.JPEG,514,cowboy boot
train/n03124043/n03124043_1431.JPEG,514,cowboy boot
train/n03124043/n03124043_26242.JPEG,514,cowboy boot
train/n03124170/n03124170_9611.JPEG,515,cowboy hat
train/n03124170/n03124170_9359.JPEG,515,cowboy hat
train/n03124170/n03124170_10949.JPEG,515,cowboy hat
train/n03124170/n03124170_5400.JPEG,515,cowboy hat
train/n03124170/n03124170_3735.JPEG,515,cowboy hat
train/n03124170/n03124170_19970.JPEG,515,cowboy hat
train/n03124170/n03124170_4210.JPEG,515,cowboy hat
train/n03124170/n03124170_9689.JPEG,515,cowboy hat
train/n03124170/n03124170_14119.JPEG,515,cowboy hat
train/n03124170/n03124170_4994.JPEG,515,cowboy hat
train/n03124170/n03124170_12086.JPEG,515,cowboy hat
train/n03124170/n03124170_16542.JPEG,515,cowboy hat
train/n03124170/n03124170_2864.JPEG,515,cowboy hat
train/n03124170/n03124170_955.JPEG,515,cowboy hat
train/n03124170/n03124170_11057.JPEG,515,cowboy hat
train/n03124170/n03124170_3610.JPEG,515,cowboy hat
train/n03125729/n03125729_12701.JPEG,516,cradle
train/n03125729/n03125729_4845.JPEG,516,cradle
train/n03125729/n03125729_12823.JPEG,516,cradle
train/n03125729/n03125729_8656.JPEG,516,cradle
train/n03125729/n03125729_17099.JPEG,516,cradle
train/n03125729/n03125729_16329.JPEG,516,cradle
train/n03125729/n03125729_7877.JPEG,516,cradle
train/n03125729/n03125729_13348.JPEG,516,cradle
train/n03125729/n03125729_7211.JPEG,516,cradle
train/n03125729/n03125729_10477.JPEG,516,cradle
train/n03125729/n03125729_5150.JPEG,516,cradle
train/n03125729/n03125729_2136.JPEG,516,cradle
train/n03125729/n03125729_2586.JPEG,516,cradle
train/n03125729/n03125729_3678.JPEG,516,cradle
train/n03125729/n03125729_3236.JPEG,516,cradle
train/n03125729/n03125729_13902.JPEG,516,cradle
train/n03126707/n03126707_4355.JPEG,517,construction crane
train/n03126707/n03126707_20834.JPEG,517,construction crane
train/n03126707/n03126707_4752.JPEG,517,construction crane
train/n03126707/n03126707_9846.JPEG,517,construction crane
train/n03126707/n03126707_16595.JPEG,517,construction crane
train/n03126707/n03126707_16591.JPEG,517,construction crane
train/n03126707/n03126707_7503.JPEG,517,construction crane
train/n03126707/n03126707_19000.JPEG,517,construction crane
train/n03126707/n03126707_8821.JPEG,517,construction crane
train/n03126707/n03126707_4285.JPEG,517,construction crane
train/n03126707/n03126707_20851.JPEG,517,construction crane
train/n03126707/n03126707_5484.JPEG,517,construction crane
train/n03126707/n03126707_3387.JPEG,517,construction crane
train/n03126707/n03126707_5177.JPEG,517,construction crane
train/n03126707/n03126707_16532.JPEG,517,construction crane
train/n03126707/n03126707_16828.JPEG,517,construction crane
train/n03127747/n03127747_7074.JPEG,518,crash helmet
train/n03127747/n03127747_10304.JPEG,518,crash helmet
train/n03127747/n03127747_3968.JPEG,518,crash helmet
train/n03127747/n03127747_2576.JPEG,518,crash helmet
train/n03127747/n03127747_5507.JPEG,518,crash helmet
train/n03127747/n03127747_9116.JPEG,518,crash helmet
train/n03127747/n03127747_8416.JPEG,518,crash helmet
train/n03127747/n03127747_4845.JPEG,518,crash helmet
train/n03127747/n03127747_4837.JPEG,518,crash helmet
train/n03127747/n03127747_4516.JPEG,518,crash helmet
train/n03127747/n03127747_3866.JPEG,518,crash helmet
train/n03127747/n03127747_14528.JPEG,518,crash helmet
train/n03127747/n03127747_1890.JPEG,518,crash helmet
train/n03127747/n03127747_2243.JPEG,518,crash helmet
train/n03127747/n03127747_2482.JPEG,518,crash helmet
train/n03127747/n03127747_16635.JPEG,518,crash helmet
train/n03127925/n03127925_14182.JPEG,519,crate
train/n03127925/n03127925_24774.JPEG,519,crate
train/n03127925/n03127925_12239.JPEG,519,crate
train/n03127925/n03127925_255.JPEG,519,crate
train/n03127925/n03127925_812.JPEG,519,crate
train/n03127925/n03127925_9969.JPEG,519,crate
train/n03127925/n03127925_8109.JPEG,519,crate
train/n03127925/n03127925_7429.JPEG,519,crate
train/n03127925/n03127925_97.JPEG,519,crate
train/n03127925/n03127925_529.JPEG,519,crate
train/n03127925/n03127925_6205.JPEG,519,crate
train/n03127925/n03127925_24138.JPEG,519,crate
train/n03127925/n03127925_6021.JPEG,519,crate
train/n03127925/n03127925_7591.JPEG,519,crate
train/n03127925/n03127925_10275.JPEG,519,crate
train/n03127925/n03127925_25573.JPEG,519,crate
train/n03131574/n03131574_34494.JPEG,520,infant bed
train/n03131574/n03131574_18115.JPEG,520,infant bed
train/n03131574/n03131574_617.JPEG,520,infant bed
train/n03131574/n03131574_5175.JPEG,520,infant bed
train/n03131574/n03131574_46400.JPEG,520,infant bed
train/n03131574/n03131574_9983.JPEG,520,infant bed
train/n03131574/n03131574_1700.JPEG,520,infant bed
train/n03131574/n03131574_17242.JPEG,520,infant bed
train/n03131574/n03131574_19929.JPEG,520,infant bed
train/n03131574/n03131574_8336.JPEG,520,infant bed
train/n03131574/n03131574_883.JPEG,520,infant bed
train/n03131574/n03131574_345.JPEG,520,infant bed
train/n03131574/n03131574_65434.JPEG,520,infant bed
train/n03131574/n03131574_10929.JPEG,520,infant bed
train/n03131574/n03131574_7346.JPEG,520,infant bed
train/n03131574/n03131574_4325.JPEG,520,infant bed
train/n03133878/n03133878_3198.JPEG,521,Crock Pot
train/n03133878/n03133878_13237.JPEG,521,Crock Pot
train/n03133878/n03133878_2240.JPEG,521,Crock Pot
train/n03133878/n03133878_5184.JPEG,521,Crock Pot
train/n03133878/n03133878_737.JPEG,521,Crock Pot
train/n03133878/n03133878_2533.JPEG,521,Crock Pot
train/n03133878/n03133878_4876.JPEG,521,Crock Pot
train/n03133878/n03133878_7240.JPEG,521,Crock Pot
train/n03133878/n03133878_9448.JPEG,521,Crock Pot
train/n03133878/n03133878_6913.JPEG,521,Crock Pot
train/n03133878/n03133878_1024.JPEG,521,Crock Pot
train/n03133878/n03133878_3499.JPEG,521,Crock Pot
train/n03133878/n03133878_2808.JPEG,521,Crock Pot
train/n03133878/n03133878_1347.JPEG,521,Crock Pot
train/n03133878/n03133878_1751.JPEG,521,Crock Pot
train/n03133878/n03133878_2758.JPEG,521,Crock Pot
train/n03134739/n03134739_9059.JPEG,522,croquet ball
train/n03134739/n03134739_54.JPEG,522,croquet ball
train/n03134739/n03134739_3228.JPEG,522,croquet ball
train/n03134739/n03134739_2387.JPEG,522,croquet ball
train/n03134739/n03134739_4256.JPEG,522,croquet ball
train/n03134739/n03134739_3822.JPEG,522,croquet ball
train/n03134739/n03134739_488.JPEG,522,croquet ball
train/n03134739/n03134739_10937.JPEG,522,croquet ball
train/n03134739/n03134739_8749.JPEG,522,croquet ball
train/n03134739/n03134739_6730.JPEG,522,croquet ball
train/n03134739/n03134739_4309.JPEG,522,croquet ball
train/n03134739/n03134739_15.JPEG,522,croquet ball
train/n03134739/n03134739_4906.JPEG,522,croquet ball
train/n03134739/n03134739_3404.JPEG,522,croquet ball
train/n03134739/n03134739_6670.JPEG,522,croquet ball
train/n03134739/n03134739_9515.JPEG,522,croquet ball
train/n03141823/n03141823_7590.JPEG,523,crutch
train/n03141823/n03141823_11196.JPEG,523,crutch
train/n03141823/n03141823_10576.JPEG,523,crutch
train/n03141823/n03141823_7305.JPEG,523,crutch
train/n03141823/n03141823_5317.JPEG,523,crutch
train/n03141823/n03141823_12149.JPEG,523,crutch
train/n03141823/n03141823_9112.JPEG,523,crutch
train/n03141823/n03141823_6415.JPEG,523,crutch
train/n03141823/n03141823_15694.JPEG,523,crutch
train/n03141823/n03141823_7498.JPEG,523,crutch
train/n03141823/n03141823_7297.JPEG,523,crutch
train/n03141823/n03141823_2901.JPEG,523,crutch
train/n03141823/n03141823_12830.JPEG,523,crutch
train/n03141823/n03141823_15403.JPEG,523,crutch
train/n03141823/n03141823_690.JPEG,523,crutch
train/n03141823/n03141823_12275.JPEG,523,crutch
train/n03146219/n03146219_8138.JPEG,524,cuirass
train/n03146219/n03146219_1010.JPEG,524,cuirass
train/n03146219/n03146219_8510.JPEG,524,cuirass
train/n03146219/n03146219_8834.JPEG,524,cuirass
train/n03146219/n03146219_13772.JPEG,524,cuirass
train/n03146219/n03146219_12248.JPEG,524,cuirass
train/n03146219/n03146219_12958.JPEG,524,cuirass
train/n03146219/n03146219_13557.JPEG,524,cuirass
train/n03146219/n03146219_3689.JPEG,524,cuirass
train/n03146219/n03146219_4038.JPEG,524,cuirass
train/n03146219/n03146219_5341.JPEG,524,cuirass
train/n03146219/n03146219_6920.JPEG,524,cuirass
train/n03146219/n03146219_10757.JPEG,524,cuirass
train/n03146219/n03146219_3834.JPEG,524,cuirass
train/n03146219/n03146219_23442.JPEG,524,cuirass
train/n03146219/n03146219_2189.JPEG,524,cuirass
train/n03160309/n03160309_11316.JPEG,525,dam
train/n03160309/n03160309_27354.JPEG,525,dam
train/n03160309/n03160309_36785.JPEG,525,dam
train/n03160309/n03160309_118.JPEG,525,dam
train/n03160309/n03160309_51007.JPEG,525,dam
train/n03160309/n03160309_11686.JPEG,525,dam
train/n03160309/n03160309_1241.JPEG,525,dam
train/n03160309/n03160309_46817.JPEG,525,dam
train/n03160309/n03160309_42175.JPEG,525,dam
train/n03160309/n03160309_16070.JPEG,525,dam
train/n03160309/n03160309_50831.JPEG,525,dam
train/n03160309/n03160309_69534.JPEG,525,dam
train/n03160309/n03160309_39948.JPEG,525,dam
train/n03160309/n03160309_23847.JPEG,525,dam
train/n03160309/n03160309_33001.JPEG,525,dam
train/n03160309/n03160309_1829.JPEG,525,dam
train/n03179701/n03179701_48570.JPEG,526,desk
train/n03179701/n03179701_37046.JPEG,526,desk
train/n03179701/n03179701_7776.JPEG,526,desk
train/n03179701/n03179701_30107.JPEG,526,desk
train/n03179701/n03179701_10363.JPEG,526,desk
train/n03179701/n03179701_39699.JPEG,526,desk
train/n03179701/n03179701_16115.JPEG,526,desk
train/n03179701/n03179701_3323.JPEG,526,desk
train/n03179701/n03179701_72207.JPEG,526,desk
train/n03179701/n03179701_1741.JPEG,526,desk
train/n03179701/n03179701_72179.JPEG,526,desk
train/n03179701/n03179701_4789.JPEG,526,desk
train/n03179701/n03179701_5182.JPEG,526,desk
train/n03179701/n03179701_8944.JPEG,526,desk
train/n03179701/n03179701_5888.JPEG,526,desk
train/n03179701/n03179701_18543.JPEG,526,desk
train/n03180011/n03180011_614.JPEG,527,desktop computer
train/n03180011/n03180011_2925.JPEG,527,desktop computer
train/n03180011/n03180011_8076.JPEG,527,desktop computer
train/n03180011/n03180011_9978.JPEG,527,desktop computer
train/n03180011/n03180011_4058.JPEG,527,desktop computer
train/n03180011/n03180011_9010.JPEG,527,desktop computer
train/n03180011/n03180011_1066.JPEG,527,desktop computer
train/n03180011/n03180011_10666.JPEG,527,desktop computer
train/n03180011/n03180011_1818.JPEG,527,desktop computer
train/n03180011/n03180011_4514.JPEG,527,desktop computer
train/n03180011/n03180011_5073.JPEG,527,desktop computer
train/n03180011/n03180011_18486.JPEG,527,desktop computer
train/n03180011/n03180011_3444.JPEG,527,desktop computer
train/n03180011/n03180011_5115.JPEG,527,desktop computer
train/n03180011/n03180011_9227.JPEG,527,desktop computer
train/n03180011/n03180011_8921.JPEG,527,desktop computer
train/n03187595/n03187595_3878.JPEG,528,rotary dial telephone
train/n03187595/n03187595_26469.JPEG,528,rotary dial telephone
train/n03187595/n03187595_6339.JPEG,528,rotary dial telephone
train/n03187595/n03187595_6714.JPEG,528,rotary dial telephone
train/n03187595/n03187595_1936.JPEG,528,rotary dial telephone
train/n03187595/n03187595_4073.JPEG,528,rotary dial telephone
train/n03187595/n03187595_18152.JPEG,528,rotary dial telephone
train/n03187595/n03187595_15464.JPEG,528,rotary dial telephone
train/n03187595/n03187595_4480.JPEG,528,rotary dial telephone
train/n03187595/n03187595_12702.JPEG,528,rotary dial telephone
train/n03187595/n03187595_841.JPEG,528,rotary dial telephone
train/n03187595/n03187595_25453.JPEG,528,rotary dial telephone
train/n03187595/n03187595_18905.JPEG,528,rotary dial telephone
train/n03187595/n03187595_9811.JPEG,528,rotary dial telephone
train/n03187595/n03187595_14404.JPEG,528,rotary dial telephone
train/n03187595/n03187595_11546.JPEG,528,rotary dial telephone
train/n03188531/n03188531_7876.JPEG,529,diaper
train/n03188531/n03188531_160.JPEG,529,diaper
train/n03188531/n03188531_14862.JPEG,529,diaper
train/n03188531/n03188531_10616.JPEG,529,diaper
train/n03188531/n03188531_25051.JPEG,529,diaper
train/n03188531/n03188531_2788.JPEG,529,diaper
train/n03188531/n03188531_24214.JPEG,529,diaper
train/n03188531/n03188531_713.JPEG,529,diaper
train/n03188531/n03188531_9066.JPEG,529,diaper
train/n03188531/n03188531_3667.JPEG,529,diaper
train/n03188531/n03188531_11286.JPEG,529,diaper
train/n03188531/n03188531_34110.JPEG,529,diaper
train/n03188531/n03188531_25010.JPEG,529,diaper
train/n03188531/n03188531_6102.JPEG,529,diaper
train/n03188531/n03188531_6124.JPEG,529,diaper
train/n03188531/n03188531_29375.JPEG,529,diaper
train/n03196217/n03196217_7167.JPEG,530,digital clock
train/n03196217/n03196217_8466.JPEG,530,digital clock
train/n03196217/n03196217_4325.JPEG,530,digital clock
train/n03196217/n03196217_11724.JPEG,530,digital clock
train/n03196217/n03196217_3600.JPEG,530,digital clock
train/n03196217/n03196217_6706.JPEG,530,digital clock
train/n03196217/n03196217_6397.JPEG,530,digital clock
train/n03196217/n03196217_11435.JPEG,530,digital clock
train/n03196217/n03196217_9456.JPEG,530,digital clock
train/n03196217/n03196217_5857.JPEG,530,digital clock
train/n03196217/n03196217_1245.JPEG,530,digital clock
train/n03196217/n03196217_5988.JPEG,530,digital clock
train/n03196217/n03196217_8740.JPEG,530,digital clock
train/n03196217/n03196217_9160.JPEG,530,digital clock
train/n03196217/n03196217_4224.JPEG,530,digital clock
train/n03196217/n03196217_7161.JPEG,530,digital clock
train/n03197337/n03197337_768.JPEG,531,digital watch
train/n03197337/n03197337_250.JPEG,531,digital watch
train/n03197337/n03197337_1224.JPEG,531,digital watch
train/n03197337/n03197337_13579.JPEG,531,digital watch
train/n03197337/n03197337_5699.JPEG,531,digital watch
train/n03197337/n03197337_1786.JPEG,531,digital watch
train/n03197337/n03197337_5381.JPEG,531,digital watch
train/n03197337/n03197337_1835.JPEG,531,digital watch
train/n03197337/n03197337_5222.JPEG,531,digital watch
train/n03197337/n03197337_2411.JPEG,531,digital watch
train/n03197337/n03197337_6165.JPEG,531,digital watch
train/n03197337/n03197337_6602.JPEG,531,digital watch
train/n03197337/n03197337_9004.JPEG,531,digital watch
train/n03197337/n03197337_18233.JPEG,531,digital watch
train/n03197337/n03197337_5455.JPEG,531,digital watch
train/n03197337/n03197337_20910.JPEG,531,digital watch
train/n03201208/n03201208_3712.JPEG,532,dining table
train/n03201208/n03201208_2811.JPEG,532,dining table
train/n03201208/n03201208_9936.JPEG,532,dining table
train/n03201208/n03201208_54873.JPEG,532,dining table
train/n03201208/n03201208_9195.JPEG,532,dining table
train/n03201208/n03201208_5491.JPEG,532,dining table
train/n03201208/n03201208_28464.JPEG,532,dining table
train/n03201208/n03201208_25168.JPEG,532,dining table
train/n03201208/n03201208_27056.JPEG,532,dining table
train/n03201208/n03201208_537.JPEG,532,dining table
train/n03201208/n03201208_9032.JPEG,532,dining table
train/n03201208/n03201208_16505.JPEG,532,dining table
train/n03201208/n03201208_8562.JPEG,532,dining table
train/n03201208/n03201208_30028.JPEG,532,dining table
train/n03201208/n03201208_2452.JPEG,532,dining table
train/n03201208/n03201208_15942.JPEG,532,dining table
train/n03207743/n03207743_6543.JPEG,533,dishcloth
train/n03207743/n03207743_10368.JPEG,533,dishcloth
train/n03207743/n03207743_6536.JPEG,533,dishcloth
train/n03207743/n03207743_16746.JPEG,533,dishcloth
train/n03207743/n03207743_12704.JPEG,533,dishcloth
train/n03207743/n03207743_9072.JPEG,533,dishcloth
train/n03207743/n03207743_1044.JPEG,533,dishcloth
train/n03207743/n03207743_4105.JPEG,533,dishcloth
train/n03207743/n03207743_5887.JPEG,533,dishcloth
train/n03207743/n03207743_15343.JPEG,533,dishcloth
train/n03207743/n03207743_7251.JPEG,533,dishcloth
train/n03207743/n03207743_24405.JPEG,533,dishcloth
train/n03207743/n03207743_6021.JPEG,533,dishcloth
train/n03207743/n03207743_5769.JPEG,533,dishcloth
train/n03207743/n03207743_10241.JPEG,533,dishcloth
train/n03207743/n03207743_19955.JPEG,533,dishcloth
train/n03207941/n03207941_32413.JPEG,534,dishwasher
train/n03207941/n03207941_15214.JPEG,534,dishwasher
train/n03207941/n03207941_6387.JPEG,534,dishwasher
train/n03207941/n03207941_5861.JPEG,534,dishwasher
train/n03207941/n03207941_12917.JPEG,534,dishwasher
train/n03207941/n03207941_10943.JPEG,534,dishwasher
train/n03207941/n03207941_24254.JPEG,534,dishwasher
train/n03207941/n03207941_13319.JPEG,534,dishwasher
train/n03207941/n03207941_8099.JPEG,534,dishwasher
train/n03207941/n03207941_7961.JPEG,534,dishwasher
train/n03207941/n03207941_25497.JPEG,534,dishwasher
train/n03207941/n03207941_16873.JPEG,534,dishwasher
train/n03207941/n03207941_10407.JPEG,534,dishwasher
train/n03207941/n03207941_15241.JPEG,534,dishwasher
train/n03207941/n03207941_11509.JPEG,534,dishwasher
train/n03207941/n03207941_11101.JPEG,534,dishwasher
train/n03208938/n03208938_13240.JPEG,535,disc brake
train/n03208938/n03208938_10741.JPEG,535,disc brake
train/n03208938/n03208938_3440.JPEG,535,disc brake
train/n03208938/n03208938_525.JPEG,535,disc brake
train/n03208938/n03208938_17275.JPEG,535,disc brake
train/n03208938/n03208938_21869.JPEG,535,disc brake
train/n03208938/n03208938_26266.JPEG,535,disc brake
train/n03208938/n03208938_10161.JPEG,535,disc brake
train/n03208938/n03208938_11204.JPEG,535,disc brake
train/n03208938/n03208938_14815.JPEG,535,disc brake
train/n03208938/n03208938_12528.JPEG,535,disc brake
train/n03208938/n03208938_4634.JPEG,535,disc brake
train/n03208938/n03208938_367.JPEG,535,disc brake
train/n03208938/n03208938_9154.JPEG,535,disc brake
train/n03208938/n03208938_14588.JPEG,535,disc brake
train/n03208938/n03208938_11460.JPEG,535,disc brake
train/n03216828/n03216828_29175.JPEG,536,dock
train/n03216828/n03216828_8284.JPEG,536,dock
train/n03216828/n03216828_58220.JPEG,536,dock
train/n03216828/n03216828_6858.JPEG,536,dock
train/n03216828/n03216828_19227.JPEG,536,dock
train/n03216828/n03216828_19741.JPEG,536,dock
train/n03216828/n03216828_19071.JPEG,536,dock
train/n03216828/n03216828_775.JPEG,536,dock
train/n03216828/n03216828_26558.JPEG,536,dock
train/n03216828/n03216828_14442.JPEG,536,dock
train/n03216828/n03216828_15423.JPEG,536,dock
train/n03216828/n03216828_20310.JPEG,536,dock
train/n03216828/n03216828_15925.JPEG,536,dock
train/n03216828/n03216828_74398.JPEG,536,dock
train/n03216828/n03216828_63232.JPEG,536,dock
train/n03216828/n03216828_34673.JPEG,536,dock
train/n03218198/n03218198_7020.JPEG,537,dog sled
train/n03218198/n03218198_25285.JPEG,537,dog sled
train/n03218198/n03218198_14060.JPEG,537,dog sled
train/n03218198/n03218198_3813.JPEG,537,dog sled
train/n03218198/n03218198_7572.JPEG,537,dog sled
train/n03218198/n03218198_23539.JPEG,537,dog sled
train/n03218198/n03218198_7140.JPEG,537,dog sled
train/n03218198/n03218198_3476.JPEG,537,dog sled
train/n03218198/n03218198_4973.JPEG,537,dog sled
train/n03218198/n03218198_23742.JPEG,537,dog sled
train/n03218198/n03218198_1387.JPEG,537,dog sled
train/n03218198/n03218198_18147.JPEG,537,dog sled
train/n03218198/n03218198_1119.JPEG,537,dog sled
train/n03218198/n03218198_23476.JPEG,537,dog sled
train/n03218198/n03218198_1556.JPEG,537,dog sled
train/n03218198/n03218198_7491.JPEG,537,dog sled
train/n03220513/n03220513_15268.JPEG,538,dome
train/n03220513/n03220513_4958.JPEG,538,dome
train/n03220513/n03220513_15306.JPEG,538,dome
train/n03220513/n03220513_17131.JPEG,538,dome
train/n03220513/n03220513_11819.JPEG,538,dome
train/n03220513/n03220513_2942.JPEG,538,dome
train/n03220513/n03220513_20110.JPEG,538,dome
train/n03220513/n03220513_7899.JPEG,538,dome
train/n03220513/n03220513_8993.JPEG,538,dome
train/n03220513/n03220513_24969.JPEG,538,dome
train/n03220513/n03220513_8431.JPEG,538,dome
train/n03220513/n03220513_17158.JPEG,538,dome
train/n03220513/n03220513_10329.JPEG,538,dome
train/n03220513/n03220513_30816.JPEG,538,dome
train/n03220513/n03220513_11481.JPEG,538,dome
train/n03220513/n03220513_7878.JPEG,538,dome
train/n03223299/n03223299_8355.JPEG,539,doormat
train/n03223299/n03223299_9508.JPEG,539,doormat
train/n03223299/n03223299_5914.JPEG,539,doormat
train/n03223299/n03223299_17599.JPEG,539,doormat
train/n03223299/n03223299_45939.JPEG,539,doormat
train/n03223299/n03223299_4088.JPEG,539,doormat
train/n03223299/n03223299_1888.JPEG,539,doormat
train/n03223299/n03223299_8934.JPEG,539,doormat
train/n03223299/n03223299_5978.JPEG,539,doormat
train/n03223299/n03223299_16056.JPEG,539,doormat
train/n03223299/n03223299_1529.JPEG,539,doormat
train/n03223299/n03223299_7972.JPEG,539,doormat
train/n03223299/n03223299_7274.JPEG,539,doormat
train/n03223299/n03223299_7490.JPEG,539,doormat
train/n03223299/n03223299_8163.JPEG,539,doormat
train/n03223299/n03223299_17526.JPEG,539,doormat
train/n03240683/n03240683_7238.JPEG,540,drilling rig
train/n03240683/n03240683_20171.JPEG,540,drilling rig
train/n03240683/n03240683_10730.JPEG,540,drilling rig
train/n03240683/n03240683_9672.JPEG,540,drilling rig
train/n03240683/n03240683_9380.JPEG,540,drilling rig
train/n03240683/n03240683_6530.JPEG,540,drilling rig
train/n03240683/n03240683_12190.JPEG,540,drilling rig
train/n03240683/n03240683_1389.JPEG,540,drilling rig
train/n03240683/n03240683_18807.JPEG,540,drilling rig
train/n03240683/n03240683_13989.JPEG,540,drilling rig
train/n03240683/n03240683_10280.JPEG,540,drilling rig
train/n03240683/n03240683_110.JPEG,540,drilling rig
train/n03240683/n03240683_2488.JPEG,540,drilling rig
train/n03240683/n03240683_7877.JPEG,540,drilling rig
train/n03240683/n03240683_1059.JPEG,540,drilling rig
train/n03240683/n03240683_7267.JPEG,540,drilling rig
train/n03249569/n03249569_24959.JPEG,541,drum
train/n03249569/n03249569_17835.JPEG,541,drum
train/n03249569/n03249569_47747.JPEG,541,drum
train/n03249569/n03249569_50262.JPEG,541,drum
train/n03249569/n03249569_12121.JPEG,541,drum
train/n03249569/n03249569_78624.JPEG,541,drum
train/n03249569/n03249569_8156.JPEG,541,drum
train/n03249569/n03249569_48984.JPEG,541,drum
train/n03249569/n03249569_51825.JPEG,541,drum
train/n03249569/n03249569_30718.JPEG,541,drum
train/n03249569/n03249569_49214.JPEG,541,drum
train/n03249569/n03249569_4994.JPEG,541,drum
train/n03249569/n03249569_50436.JPEG,541,drum
train/n03249569/n03249569_42989.JPEG,541,drum
train/n03249569/n03249569_6369.JPEG,541,drum
train/n03249569/n03249569_18156.JPEG,541,drum
train/n03250847/n03250847_5614.JPEG,542,drumstick
train/n03250847/n03250847_5968.JPEG,542,drumstick
train/n03250847/n03250847_3024.JPEG,542,drumstick
train/n03250847/n03250847_16794.JPEG,542,drumstick
train/n03250847/n03250847_24604.JPEG,542,drumstick
train/n03250847/n03250847_4310.JPEG,542,drumstick
train/n03250847/n03250847_312.JPEG,542,drumstick
train/n03250847/n03250847_5103.JPEG,542,drumstick
train/n03250847/n03250847_7037.JPEG,542,drumstick
train/n03250847/n03250847_12342.JPEG,542,drumstick
train/n03250847/n03250847_11660.JPEG,542,drumstick
train/n03250847/n03250847_4497.JPEG,542,drumstick
train/n03250847/n03250847_14802.JPEG,542,drumstick
train/n03250847/n03250847_25077.JPEG,542,drumstick
train/n03250847/n03250847_6195.JPEG,542,drumstick
train/n03250847/n03250847_1341.JPEG,542,drumstick
train/n03255030/n03255030_3698.JPEG,543,dumbbell
train/n03255030/n03255030_26470.JPEG,543,dumbbell
train/n03255030/n03255030_18081.JPEG,543,dumbbell
train/n03255030/n03255030_10435.JPEG,543,dumbbell
train/n03255030/n03255030_10699.JPEG,543,dumbbell
train/n03255030/n03255030_18630.JPEG,543,dumbbell
train/n03255030/n03255030_5819.JPEG,543,dumbbell
train/n03255030/n03255030_17236.JPEG,543,dumbbell
train/n03255030/n03255030_10334.JPEG,543,dumbbell
train/n03255030/n03255030_2533.JPEG,543,dumbbell
train/n03255030/n03255030_23426.JPEG,543,dumbbell
train/n03255030/n03255030_8335.JPEG,543,dumbbell
train/n03255030/n03255030_292.JPEG,543,dumbbell
train/n03255030/n03255030_8566.JPEG,543,dumbbell
train/n03255030/n03255030_9240.JPEG,543,dumbbell
train/n03255030/n03255030_8754.JPEG,543,dumbbell
train/n03259280/n03259280_2028.JPEG,544,Dutch oven
train/n03259280/n03259280_466.JPEG,544,Dutch oven
train/n03259280/n03259280_7667.JPEG,544,Dutch oven
train/n03259280/n03259280_6736.JPEG,544,Dutch oven
train/n03259280/n03259280_7956.JPEG,544,Dutch oven
train/n03259280/n03259280_1982.JPEG,544,Dutch oven
train/n03259280/n03259280_478.JPEG,544,Dutch oven
train/n03259280/n03259280_8596.JPEG,544,Dutch oven
train/n03259280/n03259280_220.JPEG,544,Dutch oven
train/n03259280/n03259280_1300.JPEG,544,Dutch oven
train/n03259280/n03259280_9326.JPEG,544,Dutch oven
train/n03259280/n03259280_3809.JPEG,544,Dutch oven
train/n03259280/n03259280_12428.JPEG,544,Dutch oven
train/n03259280/n03259280_1968.JPEG,544,Dutch oven
train/n03259280/n03259280_6075.JPEG,544,Dutch oven
train/n03259280/n03259280_4266.JPEG,544,Dutch oven
train/n03271574/n03271574_5174.JPEG,545,electric fan
train/n03271574/n03271574_25417.JPEG,545,electric fan
train/n03271574/n03271574_26897.JPEG,545,electric fan
train/n03271574/n03271574_791.JPEG,545,electric fan
train/n03271574/n03271574_5730.JPEG,545,electric fan
train/n03271574/n03271574_6347.JPEG,545,electric fan
train/n03271574/n03271574_7580.JPEG,545,electric fan
train/n03271574/n03271574_5927.JPEG,545,electric fan
train/n03271574/n03271574_8814.JPEG,545,electric fan
train/n03271574/n03271574_2806.JPEG,545,electric fan
train/n03271574/n03271574_13086.JPEG,545,electric fan
train/n03271574/n03271574_8230.JPEG,545,electric fan
train/n03271574/n03271574_3369.JPEG,545,electric fan
train/n03271574/n03271574_2530.JPEG,545,electric fan
train/n03271574/n03271574_17781.JPEG,545,electric fan
train/n03271574/n03271574_25552.JPEG,545,electric fan
train/n03272010/n03272010_14701.JPEG,546,electric guitar
train/n03272010/n03272010_10974.JPEG,546,electric guitar
train/n03272010/n03272010_11622.JPEG,546,electric guitar
train/n03272010/n03272010_8080.JPEG,546,electric guitar
train/n03272010/n03272010_10867.JPEG,546,electric guitar
train/n03272010/n03272010_17752.JPEG,546,electric guitar
train/n03272010/n03272010_657.JPEG,546,electric guitar
train/n03272010/n03272010_2618.JPEG,546,electric guitar
train/n03272010/n03272010_1938.JPEG,546,electric guitar
train/n03272010/n03272010_5514.JPEG,546,electric guitar
train/n03272010/n03272010_4062.JPEG,546,electric guitar
train/n03272010/n03272010_9921.JPEG,546,electric guitar
train/n03272010/n03272010_14313.JPEG,546,electric guitar
train/n03272010/n03272010_6763.JPEG,546,electric guitar
train/n03272010/n03272010_5177.JPEG,546,electric guitar
train/n03272010/n03272010_2372.JPEG,546,electric guitar
train/n03272562/n03272562_13372.JPEG,547,electric locomotive
train/n03272562/n03272562_6637.JPEG,547,electric locomotive
train/n03272562/n03272562_5127.JPEG,547,electric locomotive
train/n03272562/n03272562_324.JPEG,547,electric locomotive
train/n03272562/n03272562_315.JPEG,547,electric locomotive
train/n03272562/n03272562_1881.JPEG,547,electric locomotive
train/n03272562/n03272562_3150.JPEG,547,electric locomotive
train/n03272562/n03272562_7337.JPEG,547,electric locomotive
train/n03272562/n03272562_1101.JPEG,547,electric locomotive
train/n03272562/n03272562_3539.JPEG,547,electric locomotive
train/n03272562/n03272562_25128.JPEG,547,electric locomotive
train/n03272562/n03272562_2319.JPEG,547,electric locomotive
train/n03272562/n03272562_1566.JPEG,547,electric locomotive
train/n03272562/n03272562_5534.JPEG,547,electric locomotive
train/n03272562/n03272562_3681.JPEG,547,electric locomotive
train/n03272562/n03272562_10190.JPEG,547,electric locomotive
train/n03290653/n03290653_1328.JPEG,548,entertainment center
train/n03290653/n03290653_1803.JPEG,548,entertainment center
train/n03290653/n03290653_2440.JPEG,548,entertainment center
train/n03290653/n03290653_10906.JPEG,548,entertainment center
train/n03290653/n03290653_21900.JPEG,548,entertainment center
train/n03290653/n03290653_3644.JPEG,548,entertainment center
train/n03290653/n03290653_1558.JPEG,548,entertainment center
train/n03290653/n03290653_1236.JPEG,548,entertainment center
train/n03290653/n03290653_9919.JPEG,548,entertainment center
train/n03290653/n03290653_4882.JPEG,548,entertainment center
train/n03290653/n03290653_4278.JPEG,548,entertainment center
train/n03290653/n03290653_1143.JPEG,548,entertainment center
train/n03290653/n03290653_8069.JPEG,548,entertainment center
train/n03290653/n03290653_4804.JPEG,548,entertainment center
train/n03290653/n03290653_1058.JPEG,548,entertainment center
train/n03290653/n03290653_7774.JPEG,548,entertainment center
train/n03291819/n03291819_4783.JPEG,549,envelope
train/n03291819/n03291819_11636.JPEG,549,envelope
train/n03291819/n03291819_18669.JPEG,549,envelope
train/n03291819/n03291819_12992.JPEG,549,envelope
train/n03291819/n03291819_41351.JPEG,549,envelope
train/n03291819/n03291819_6383.JPEG,549,envelope
train/n03291819/n03291819_77850.JPEG,549,envelope
train/n03291819/n03291819_29508.JPEG,549,envelope
train/n03291819/n03291819_7138.JPEG,549,envelope
train/n03291819/n03291819_18876.JPEG,549,envelope
train/n03291819/n03291819_6876.JPEG,549,envelope
train/n03291819/n03291819_37778.JPEG,549,envelope
train/n03291819/n03291819_2940.JPEG,549,envelope
train/n03291819/n03291819_18272.JPEG,549,envelope
train/n03291819/n03291819_39044.JPEG,549,envelope
train/n03291819/n03291819_38736.JPEG,549,envelope
train/n03297495/n03297495_6809.JPEG,550,espresso machine
train/n03297495/n03297495_723.JPEG,550,espresso machine
train/n03297495/n03297495_3028.JPEG,550,espresso machine
train/n03297495/n03297495_5528.JPEG,550,espresso machine
train/n03297495/n03297495_7538.JPEG,550,espresso machine
train/n03297495/n03297495_2739.JPEG,550,espresso machine
train/n03297495/n03297495_2058.JPEG,550,espresso machine
train/n03297495/n03297495_1489.JPEG,550,espresso machine
train/n03297495/n03297495_2959.JPEG,550,espresso machine
train/n03297495/n03297495_6041.JPEG,550,espresso machine
train/n03297495/n03297495_6000.JPEG,550,espresso machine
train/n03297495/n03297495_5410.JPEG,550,espresso machine
train/n03297495/n03297495_11082.JPEG,550,espresso machine
train/n03297495/n03297495_16599.JPEG,550,espresso machine
train/n03297495/n03297495_487.JPEG,550,espresso machine
train/n03297495/n03297495_313.JPEG,550,espresso machine
train/n03314780/n03314780_4891.JPEG,551,face powder
train/n03314780/n03314780_14397.JPEG,551,face powder
train/n03314780/n03314780_8479.JPEG,551,face powder
train/n03314780/n03314780_9000.JPEG,551,face powder
train/n03314780/n03314780_16571.JPEG,551,face powder
train/n03314780/n03314780_1024.JPEG,551,face powder
train/n03314780/n03314780_8225.JPEG,551,face powder
train/n03314780/n03314780_9664.JPEG,551,face powder
train/n03314780/n03314780_5024.JPEG,551,face powder
train/n03314780/n03314780_14406.JPEG,551,face powder
train/n03314780/n03314780_12061.JPEG,551,face powder
train/n03314780/n03314780_5589.JPEG,551,face powder
train/n03314780/n03314780_2197.JPEG,551,face powder
train/n03314780/n03314780_10105.JPEG,551,face powder
train/n03314780/n03314780_994.JPEG,551,face powder
train/n03314780/n03314780_362.JPEG,551,face powder
train/n03325584/n03325584_8018.JPEG,552,feather boa
train/n03325584/n03325584_18450.JPEG,552,feather boa
train/n03325584/n03325584_3871.JPEG,552,feather boa
train/n03325584/n03325584_21277.JPEG,552,feather boa
train/n03325584/n03325584_4096.JPEG,552,feather boa
train/n03325584/n03325584_43548.JPEG,552,feather boa
train/n03325584/n03325584_9999.JPEG,552,feather boa
train/n03325584/n03325584_25336.JPEG,552,feather boa
train/n03325584/n03325584_8649.JPEG,552,feather boa
train/n03325584/n03325584_22961.JPEG,552,feather boa
train/n03325584/n03325584_10233.JPEG,552,feather boa
train/n03325584/n03325584_17006.JPEG,552,feather boa
train/n03325584/n03325584_39026.JPEG,552,feather boa
train/n03325584/n03325584_14627.JPEG,552,feather boa
train/n03325584/n03325584_16943.JPEG,552,feather boa
train/n03325584/n03325584_3210.JPEG,552,feather boa
train/n03337140/n03337140_5677.JPEG,553,filing cabinet
train/n03337140/n03337140_29129.JPEG,553,filing cabinet
train/n03337140/n03337140_42564.JPEG,553,filing cabinet
train/n03337140/n03337140_32954.JPEG,553,filing cabinet
train/n03337140/n03337140_23334.JPEG,553,filing cabinet
train/n03337140/n03337140_32163.JPEG,553,filing cabinet
train/n03337140/n03337140_2499.JPEG,553,filing cabinet
train/n03337140/n03337140_15636.JPEG,553,filing cabinet
train/n03337140/n03337140_9293.JPEG,553,filing cabinet
train/n03337140/n03337140_932.JPEG,553,filing cabinet
train/n03337140/n03337140_28607.JPEG,553,filing cabinet
train/n03337140/n03337140_4070.JPEG,553,filing cabinet
train/n03337140/n03337140_21155.JPEG,553,filing cabinet
train/n03337140/n03337140_17647.JPEG,553,filing cabinet
train/n03337140/n03337140_38802.JPEG,553,filing cabinet
train/n03337140/n03337140_1219.JPEG,553,filing cabinet
train/n03344393/n03344393_5382.JPEG,554,fireboat
train/n03344393/n03344393_9268.JPEG,554,fireboat
train/n03344393/n03344393_8655.JPEG,554,fireboat
train/n03344393/n03344393_1268.JPEG,554,fireboat
train/n03344393/n03344393_907.JPEG,554,fireboat
train/n03344393/n03344393_4920.JPEG,554,fireboat
train/n03344393/n03344393_3226.JPEG,554,fireboat
train/n03344393/n03344393_5916.JPEG,554,fireboat
train/n03344393/n03344393_8422.JPEG,554,fireboat
train/n03344393/n03344393_4140.JPEG,554,fireboat
train/n03344393/n03344393_4266.JPEG,554,fireboat
train/n03344393/n03344393_1058.JPEG,554,fireboat
train/n03344393/n03344393_3874.JPEG,554,fireboat
train/n03344393/n03344393_6773.JPEG,554,fireboat
train/n03344393/n03344393_10295.JPEG,554,fireboat
train/n03344393/n03344393_2838.JPEG,554,fireboat
train/n03345487/n03345487_2341.JPEG,555,fire truck
train/n03345487/n03345487_2619.JPEG,555,fire truck
train/n03345487/n03345487_2021.JPEG,555,fire truck
train/n03345487/n03345487_21265.JPEG,555,fire truck
train/n03345487/n03345487_16827.JPEG,555,fire truck
train/n03345487/n03345487_2819.JPEG,555,fire truck
train/n03345487/n03345487_13511.JPEG,555,fire truck
train/n03345487/n03345487_15892.JPEG,555,fire truck
train/n03345487/n03345487_7012.JPEG,555,fire truck
train/n03345487/n03345487_4079.JPEG,555,fire truck
train/n03345487/n03345487_13910.JPEG,555,fire truck
train/n03345487/n03345487_6851.JPEG,555,fire truck
train/n03345487/n03345487_3295.JPEG,555,fire truck
train/n03345487/n03345487_6421.JPEG,555,fire truck
train/n03345487/n03345487_10437.JPEG,555,fire truck
train/n03345487/n03345487_18999.JPEG,555,fire truck
train/n03347037/n03347037_24941.JPEG,556,fire screen
train/n03347037/n03347037_16153.JPEG,556,fire screen
train/n03347037/n03347037_7324.JPEG,556,fire screen
train/n03347037/n03347037_16825.JPEG,556,fire screen
train/n03347037/n03347037_159.JPEG,556,fire screen
train/n03347037/n03347037_12630.JPEG,556,fire screen
train/n03347037/n03347037_15684.JPEG,556,fire screen
train/n03347037/n03347037_21506.JPEG,556,fire screen
train/n03347037/n03347037_9992.JPEG,556,fire screen
train/n03347037/n03347037_2388.JPEG,556,fire screen
train/n03347037/n03347037_31685.JPEG,556,fire screen
train/n03347037/n03347037_20057.JPEG,556,fire screen
train/n03347037/n03347037_2160.JPEG,556,fire screen
train/n03347037/n03347037_11711.JPEG,556,fire screen
train/n03347037/n03347037_1732.JPEG,556,fire screen
train/n03347037/n03347037_21440.JPEG,556,fire screen
train/n03355925/n03355925_13577.JPEG,557,flagpole
train/n03355925/n03355925_14847.JPEG,557,flagpole
train/n03355925/n03355925_1049.JPEG,557,flagpole
train/n03355925/n03355925_14218.JPEG,557,flagpole
train/n03355925/n03355925_26509.JPEG,557,flagpole
train/n03355925/n03355925_1465.JPEG,557,flagpole
train/n03355925/n03355925_13464.JPEG,557,flagpole
train/n03355925/n03355925_7816.JPEG,557,flagpole
train/n03355925/n03355925_6668.JPEG,557,flagpole
train/n03355925/n03355925_20610.JPEG,557,flagpole
train/n03355925/n03355925_1959.JPEG,557,flagpole
train/n03355925/n03355925_29063.JPEG,557,flagpole
train/n03355925/n03355925_1339.JPEG,557,flagpole
train/n03355925/n03355925_8180.JPEG,557,flagpole
train/n03355925/n03355925_3532.JPEG,557,flagpole
train/n03355925/n03355925_20708.JPEG,557,flagpole
train/n03372029/n03372029_12720.JPEG,558,flute
train/n03372029/n03372029_1515.JPEG,558,flute
train/n03372029/n03372029_62154.JPEG,558,flute
train/n03372029/n03372029_37562.JPEG,558,flute
train/n03372029/n03372029_76189.JPEG,558,flute
train/n03372029/n03372029_11944.JPEG,558,flute
train/n03372029/n03372029_18459.JPEG,558,flute
train/n03372029/n03372029_43964.JPEG,558,flute
train/n03372029/n03372029_15863.JPEG,558,flute
train/n03372029/n03372029_43230.JPEG,558,flute
train/n03372029/n03372029_50707.JPEG,558,flute
train/n03372029/n03372029_45092.JPEG,558,flute
train/n03372029/n03372029_69030.JPEG,558,flute
train/n03372029/n03372029_36188.JPEG,558,flute
train/n03372029/n03372029_34255.JPEG,558,flute
train/n03372029/n03372029_41415.JPEG,558,flute
train/n03376595/n03376595_7764.JPEG,559,folding chair
train/n03376595/n03376595_9283.JPEG,559,folding chair
train/n03376595/n03376595_7568.JPEG,559,folding chair
train/n03376595/n03376595_18263.JPEG,559,folding chair
train/n03376595/n03376595_11352.JPEG,559,folding chair
train/n03376595/n03376595_6071.JPEG,559,folding chair
train/n03376595/n03376595_3239.JPEG,559,folding chair
train/n03376595/n03376595_5360.JPEG,559,folding chair
train/n03376595/n03376595_513.JPEG,559,folding chair
train/n03376595/n03376595_8279.JPEG,559,folding chair
train/n03376595/n03376595_11319.JPEG,559,folding chair
train/n03376595/n03376595_12315.JPEG,559,folding chair
train/n03376595/n03376595_16706.JPEG,559,folding chair
train/n03376595/n03376595_10983.JPEG,559,folding chair
train/n03376595/n03376595_10149.JPEG,559,folding chair
train/n03376595/n03376595_8322.JPEG,559,folding chair
train/n03379051/n03379051_10554.JPEG,560,football helmet
train/n03379051/n03379051_4081.JPEG,560,football helmet
train/n03379051/n03379051_4887.JPEG,560,football helmet
train/n03379051/n03379051_21.JPEG,560,football helmet
train/n03379051/n03379051_11507.JPEG,560,football helmet
train/n03379051/n03379051_11283.JPEG,560,football helmet
train/n03379051/n03379051_2100.JPEG,560,football helmet
train/n03379051/n03379051_7370.JPEG,560,football helmet
train/n03379051/n03379051_4969.JPEG,560,football helmet
train/n03379051/n03379051_1536.JPEG,560,football helmet
train/n03379051/n03379051_4825.JPEG,560,football helmet
train/n03379051/n03379051_888.JPEG,560,football helmet
train/n03379051/n03379051_8251.JPEG,560,football helmet
train/n03379051/n03379051_8641.JPEG,560,football helmet
train/n03379051/n03379051_3447.JPEG,560,football helmet
train/n03379051/n03379051_2238.JPEG,560,football helmet
train/n03384352/n03384352_14908.JPEG,561,forklift
train/n03384352/n03384352_8197.JPEG,561,forklift
train/n03384352/n03384352_4504.JPEG,561,forklift
train/n03384352/n03384352_403.JPEG,561,forklift
train/n03384352/n03384352_8119.JPEG,561,forklift
train/n03384352/n03384352_7160.JPEG,561,forklift
train/n03384352/n03384352_7552.JPEG,561,forklift
train/n03384352/n03384352_20762.JPEG,561,forklift
train/n03384352/n03384352_6677.JPEG,561,forklift
train/n03384352/n03384352_6115.JPEG,561,forklift
train/n03384352/n03384352_6527.JPEG,561,forklift
train/n03384352/n03384352_8952.JPEG,561,forklift
train/n03384352/n03384352_3437.JPEG,561,forklift
train/n03384352/n03384352_3215.JPEG,561,forklift
train/n03384352/n03384352_1755.JPEG,561,forklift
train/n03384352/n03384352_20315.JPEG,561,forklift
train/n03388043/n03388043_9670.JPEG,562,fountain
train/n03388043/n03388043_4508.JPEG,562,fountain
train/n03388043/n03388043_16367.JPEG,562,fountain
train/n03388043/n03388043_16144.JPEG,562,fountain
train/n03388043/n03388043_5226.JPEG,562,fountain
train/n03388043/n03388043_3292.JPEG,562,fountain
train/n03388043/n03388043_18106.JPEG,562,fountain
train/n03388043/n03388043_14076.JPEG,562,fountain
train/n03388043/n03388043_4612.JPEG,562,fountain
train/n03388043/n03388043_13538.JPEG,562,fountain
train/n03388043/n03388043_3782.JPEG,562,fountain
train/n03388043/n03388043_9959.JPEG,562,fountain
train/n03388043/n03388043_18691.JPEG,562,fountain
train/n03388043/n03388043_4140.JPEG,562,fountain
train/n03388043/n03388043_4639.JPEG,562,fountain
train/n03388043/n03388043_9357.JPEG,562,fountain
train/n03388183/n03388183_18870.JPEG,563,fountain pen
train/n03388183/n03388183_276.JPEG,563,fountain pen
train/n03388183/n03388183_27556.JPEG,563,fountain pen
train/n03388183/n03388183_28139.JPEG,563,fountain pen
train/n03388183/n03388183_11250.JPEG,563,fountain pen
train/n03388183/n03388183_7180.JPEG,563,fountain pen
train/n03388183/n03388183_11150.JPEG,563,fountain pen
train/n03388183/n03388183_4852.JPEG,563,fountain pen
train/n03388183/n03388183_11013.JPEG,563,fountain pen
train/n03388183/n03388183_115.JPEG,563,fountain pen
train/n03388183/n03388183_22314.JPEG,563,fountain pen
train/n03388183/n03388183_7309.JPEG,563,fountain pen
train/n03388183/n03388183_5399.JPEG,563,fountain pen
train/n03388183/n03388183_20306.JPEG,563,fountain pen
train/n03388183/n03388183_4700.JPEG,563,fountain pen
train/n03388183/n03388183_9133.JPEG,563,fountain pen
train/n03388549/n03388549_358.JPEG,564,four-poster bed
train/n03388549/n03388549_3870.JPEG,564,four-poster bed
train/n03388549/n03388549_1304.JPEG,564,four-poster bed
train/n03388549/n03388549_2730.JPEG,564,four-poster bed
train/n03388549/n03388549_8616.JPEG,564,four-poster bed
train/n03388549/n03388549_3373.JPEG,564,four-poster bed
train/n03388549/n03388549_3421.JPEG,564,four-poster bed
train/n03388549/n03388549_11044.JPEG,564,four-poster bed
train/n03388549/n03388549_867.JPEG,564,four-poster bed
train/n03388549/n03388549_802.JPEG,564,four-poster bed
train/n03388549/n03388549_4276.JPEG,564,four-poster bed
train/n03388549/n03388549_8224.JPEG,564,four-poster bed
train/n03388549/n03388549_5121.JPEG,564,four-poster bed
train/n03388549/n03388549_9329.JPEG,564,four-poster bed
train/n03388549/n03388549_2905.JPEG,564,four-poster bed
train/n03388549/n03388549_13051.JPEG,564,four-poster bed
train/n03393912/n03393912_1146.JPEG,565,freight car
train/n03393912/n03393912_5103.JPEG,565,freight car
train/n03393912/n03393912_44.JPEG,565,freight car
train/n03393912/n03393912_3621.JPEG,565,freight car
train/n03393912/n03393912_5018.JPEG,565,freight car
train/n03393912/n03393912_9459.JPEG,565,freight car
train/n03393912/n03393912_791.JPEG,565,freight car
train/n03393912/n03393912_6470.JPEG,565,freight car
train/n03393912/n03393912_4599.JPEG,565,freight car
train/n03393912/n03393912_6031.JPEG,565,freight car
train/n03393912/n03393912_10918.JPEG,565,freight car
train/n03393912/n03393912_8712.JPEG,565,freight car
train/n03393912/n03393912_688.JPEG,565,freight car
train/n03393912/n03393912_11524.JPEG,565,freight car
train/n03393912/n03393912_8285.JPEG,565,freight car
train/n03393912/n03393912_3735.JPEG,565,freight car
train/n03394916/n03394916_41888.JPEG,566,French horn
train/n03394916/n03394916_53213.JPEG,566,French horn
train/n03394916/n03394916_57936.JPEG,566,French horn
train/n03394916/n03394916_63390.JPEG,566,French horn
train/n03394916/n03394916_57578.JPEG,566,French horn
train/n03394916/n03394916_36420.JPEG,566,French horn
train/n03394916/n03394916_37916.JPEG,566,French horn
train/n03394916/n03394916_38499.JPEG,566,French horn
train/n03394916/n03394916_30866.JPEG,566,French horn
train/n03394916/n03394916_33266.JPEG,566,French horn
train/n03394916/n03394916_55205.JPEG,566,French horn
train/n03394916/n03394916_35956.JPEG,566,French horn
train/n03394916/n03394916_37510.JPEG,566,French horn
train/n03394916/n03394916_46778.JPEG,566,French horn
train/n03394916/n03394916_23008.JPEG,566,French horn
train/n03394916/n03394916_1906.JPEG,566,French horn
train/n03400231/n03400231_2714.JPEG,567,frying pan
train/n03400231/n03400231_4475.JPEG,567,frying pan
train/n03400231/n03400231_872.JPEG,567,frying pan
train/n03400231/n03400231_6781.JPEG,567,frying pan
train/n03400231/n03400231_13797.JPEG,567,frying pan
train/n03400231/n03400231_15079.JPEG,567,frying pan
train/n03400231/n03400231_8123.JPEG,567,frying pan
train/n03400231/n03400231_1579.JPEG,567,frying pan
train/n03400231/n03400231_18759.JPEG,567,frying pan
train/n03400231/n03400231_3541.JPEG,567,frying pan
train/n03400231/n03400231_8712.JPEG,567,frying pan
train/n03400231/n03400231_4578.JPEG,567,frying pan
train/n03400231/n03400231_8416.JPEG,567,frying pan
train/n03400231/n03400231_2179.JPEG,567,frying pan
train/n03400231/n03400231_13263.JPEG,567,frying pan
train/n03400231/n03400231_10081.JPEG,567,frying pan
train/n03404251/n03404251_1785.JPEG,568,fur coat
train/n03404251/n03404251_7078.JPEG,568,fur coat
train/n03404251/n03404251_2964.JPEG,568,fur coat
train/n03404251/n03404251_15469.JPEG,568,fur coat
train/n03404251/n03404251_20611.JPEG,568,fur coat
train/n03404251/n03404251_2472.JPEG,568,fur coat
train/n03404251/n03404251_3138.JPEG,568,fur coat
train/n03404251/n03404251_8747.JPEG,568,fur coat
train/n03404251/n03404251_12456.JPEG,568,fur coat
train/n03404251/n03404251_16457.JPEG,568,fur coat
train/n03404251/n03404251_8229.JPEG,568,fur coat
train/n03404251/n03404251_6826.JPEG,568,fur coat
train/n03404251/n03404251_18201.JPEG,568,fur coat
train/n03404251/n03404251_3818.JPEG,568,fur coat
train/n03404251/n03404251_7665.JPEG,568,fur coat
train/n03404251/n03404251_20831.JPEG,568,fur coat
train/n03417042/n03417042_11095.JPEG,569,garbage truck
train/n03417042/n03417042_3913.JPEG,569,garbage truck
train/n03417042/n03417042_4969.JPEG,569,garbage truck
train/n03417042/n03417042_29083.JPEG,569,garbage truck
train/n03417042/n03417042_152.JPEG,569,garbage truck
train/n03417042/n03417042_18096.JPEG,569,garbage truck
train/n03417042/n03417042_757.JPEG,569,garbage truck
train/n03417042/n03417042_5920.JPEG,569,garbage truck
train/n03417042/n03417042_5381.JPEG,569,garbage truck
train/n03417042/n03417042_12486.JPEG,569,garbage truck
train/n03417042/n03417042_27613.JPEG,569,garbage truck
train/n03417042/n03417042_10520.JPEG,569,garbage truck
train/n03417042/n03417042_10150.JPEG,569,garbage truck
train/n03417042/n03417042_10538.JPEG,569,garbage truck
train/n03417042/n03417042_6034.JPEG,569,garbage truck
train/n03417042/n03417042_16514.JPEG,569,garbage truck
train/n03424325/n03424325_8489.JPEG,570,gas mask or respirator
train/n03424325/n03424325_11753.JPEG,570,gas mask or respirator
train/n03424325/n03424325_8975.JPEG,570,gas mask or respirator
train/n03424325/n03424325_11101.JPEG,570,gas mask or respirator
train/n03424325/n03424325_21617.JPEG,570,gas mask or respirator
train/n03424325/n03424325_4059.JPEG,570,gas mask or respirator
train/n03424325/n03424325_8597.JPEG,570,gas mask or respirator
train/n03424325/n03424325_1989.JPEG,570,gas mask or respirator
train/n03424325/n03424325_11509.JPEG,570,gas mask or respirator
train/n03424325/n03424325_2639.JPEG,570,gas mask or respirator
train/n03424325/n03424325_23166.JPEG,570,gas mask or respirator
train/n03424325/n03424325_18093.JPEG,570,gas mask or respirator
train/n03424325/n03424325_9066.JPEG,570,gas mask or respirator
train/n03424325/n03424325_2229.JPEG,570,gas mask or respirator
train/n03424325/n03424325_10091.JPEG,570,gas mask or respirator
train/n03424325/n03424325_29036.JPEG,570,gas mask or respirator
train/n03425413/n03425413_5072.JPEG,571,gas pump
train/n03425413/n03425413_3103.JPEG,571,gas pump
train/n03425413/n03425413_3471.JPEG,571,gas pump
train/n03425413/n03425413_17441.JPEG,571,gas pump
train/n03425413/n03425413_19378.JPEG,571,gas pump
train/n03425413/n03425413_19944.JPEG,571,gas pump
train/n03425413/n03425413_14722.JPEG,571,gas pump
train/n03425413/n03425413_88.JPEG,571,gas pump
train/n03425413/n03425413_15883.JPEG,571,gas pump
train/n03425413/n03425413_10875.JPEG,571,gas pump
train/n03425413/n03425413_14792.JPEG,571,gas pump
train/n03425413/n03425413_26983.JPEG,571,gas pump
train/n03425413/n03425413_10621.JPEG,571,gas pump
train/n03425413/n03425413_13473.JPEG,571,gas pump
train/n03425413/n03425413_15386.JPEG,571,gas pump
train/n03425413/n03425413_27486.JPEG,571,gas pump
train/n03443371/n03443371_16654.JPEG,572,goblet
train/n03443371/n03443371_21243.JPEG,572,goblet
train/n03443371/n03443371_1574.JPEG,572,goblet
train/n03443371/n03443371_15753.JPEG,572,goblet
train/n03443371/n03443371_7446.JPEG,572,goblet
train/n03443371/n03443371_1876.JPEG,572,goblet
train/n03443371/n03443371_3451.JPEG,572,goblet
train/n03443371/n03443371_6877.JPEG,572,goblet
train/n03443371/n03443371_2966.JPEG,572,goblet
train/n03443371/n03443371_13934.JPEG,572,goblet
train/n03443371/n03443371_19565.JPEG,572,goblet
train/n03443371/n03443371_4836.JPEG,572,goblet
train/n03443371/n03443371_224.JPEG,572,goblet
train/n03443371/n03443371_12220.JPEG,572,goblet
train/n03443371/n03443371_23848.JPEG,572,goblet
train/n03443371/n03443371_3571.JPEG,572,goblet
train/n03444034/n03444034_4298.JPEG,573,go-kart
train/n03444034/n03444034_5438.JPEG,573,go-kart
train/n03444034/n03444034_947.JPEG,573,go-kart
train/n03444034/n03444034_5568.JPEG,573,go-kart
train/n03444034/n03444034_11032.JPEG,573,go-kart
train/n03444034/n03444034_56298.JPEG,573,go-kart
train/n03444034/n03444034_1366.JPEG,573,go-kart
train/n03444034/n03444034_2814.JPEG,573,go-kart
train/n03444034/n03444034_25436.JPEG,573,go-kart
train/n03444034/n03444034_2043.JPEG,573,go-kart
train/n03444034/n03444034_14535.JPEG,573,go-kart
train/n03444034/n03444034_6459.JPEG,573,go-kart
train/n03444034/n03444034_1103.JPEG,573,go-kart
train/n03444034/n03444034_11405.JPEG,573,go-kart
train/n03444034/n03444034_3962.JPEG,573,go-kart
train/n03444034/n03444034_6186.JPEG,573,go-kart
train/n03445777/n03445777_12069.JPEG,574,golf ball
train/n03445777/n03445777_20319.JPEG,574,golf ball
train/n03445777/n03445777_1983.JPEG,574,golf ball
train/n03445777/n03445777_9118.JPEG,574,golf ball
train/n03445777/n03445777_9259.JPEG,574,golf ball
train/n03445777/n03445777_5342.JPEG,574,golf ball
train/n03445777/n03445777_6384.JPEG,574,golf ball
train/n03445777/n03445777_13257.JPEG,574,golf ball
train/n03445777/n03445777_5971.JPEG,574,golf ball
train/n03445777/n03445777_6539.JPEG,574,golf ball
train/n03445777/n03445777_7086.JPEG,574,golf ball
train/n03445777/n03445777_715.JPEG,574,golf ball
train/n03445777/n03445777_1804.JPEG,574,golf ball
train/n03445777/n03445777_2338.JPEG,574,golf ball
train/n03445777/n03445777_4731.JPEG,574,golf ball
train/n03445777/n03445777_5637.JPEG,574,golf ball
train/n03445924/n03445924_10133.JPEG,575,golf cart
train/n03445924/n03445924_7567.JPEG,575,golf cart
train/n03445924/n03445924_14964.JPEG,575,golf cart
train/n03445924/n03445924_18773.JPEG,575,golf cart
train/n03445924/n03445924_12903.JPEG,575,golf cart
train/n03445924/n03445924_12.JPEG,575,golf cart
train/n03445924/n03445924_10932.JPEG,575,golf cart
train/n03445924/n03445924_6888.JPEG,575,golf cart
train/n03445924/n03445924_1769.JPEG,575,golf cart
train/n03445924/n03445924_12495.JPEG,575,golf cart
train/n03445924/n03445924_6637.JPEG,575,golf cart
train/n03445924/n03445924_10689.JPEG,575,golf cart
train/n03445924/n03445924_10387.JPEG,575,golf cart
train/n03445924/n03445924_15193.JPEG,575,golf cart
train/n03445924/n03445924_12155.JPEG,575,golf cart
train/n03445924/n03445924_4504.JPEG,575,golf cart
train/n03447447/n03447447_4952.JPEG,576,gondola
train/n03447447/n03447447_12008.JPEG,576,gondola
train/n03447447/n03447447_11025.JPEG,576,gondola
train/n03447447/n03447447_74.JPEG,576,gondola
train/n03447447/n03447447_6469.JPEG,576,gondola
train/n03447447/n03447447_516.JPEG,576,gondola
train/n03447447/n03447447_2010.JPEG,576,gondola
train/n03447447/n03447447_35.JPEG,576,gondola
train/n03447447/n03447447_7065.JPEG,576,gondola
train/n03447447/n03447447_15503.JPEG,576,gondola
train/n03447447/n03447447_100.JPEG,576,gondola
train/n03447447/n03447447_3226.JPEG,576,gondola
train/n03447447/n03447447_7989.JPEG,576,gondola
train/n03447447/n03447447_14167.JPEG,576,gondola
train/n03447447/n03447447_3320.JPEG,576,gondola
train/n03447447/n03447447_8885.JPEG,576,gondola
train/n03447721/n03447721_10045.JPEG,577,gong
train/n03447721/n03447721_15023.JPEG,577,gong
train/n03447721/n03447721_46665.JPEG,577,gong
train/n03447721/n03447721_42961.JPEG,577,gong
train/n03447721/n03447721_49175.JPEG,577,gong
train/n03447721/n03447721_18612.JPEG,577,gong
train/n03447721/n03447721_58248.JPEG,577,gong
train/n03447721/n03447721_41417.JPEG,577,gong
train/n03447721/n03447721_44442.JPEG,577,gong
train/n03447721/n03447721_15955.JPEG,577,gong
train/n03447721/n03447721_17397.JPEG,577,gong
train/n03447721/n03447721_12047.JPEG,577,gong
train/n03447721/n03447721_28522.JPEG,577,gong
train/n03447721/n03447721_42208.JPEG,577,gong
train/n03447721/n03447721_33561.JPEG,577,gong
train/n03447721/n03447721_22035.JPEG,577,gong
train/n03450230/n03450230_10061.JPEG,578,gown
train/n03450230/n03450230_15845.JPEG,578,gown
train/n03450230/n03450230_14781.JPEG,578,gown
train/n03450230/n03450230_10692.JPEG,578,gown
train/n03450230/n03450230_11372.JPEG,578,gown
train/n03450230/n03450230_506.JPEG,578,gown
train/n03450230/n03450230_30369.JPEG,578,gown
train/n03450230/n03450230_6699.JPEG,578,gown
train/n03450230/n03450230_22153.JPEG,578,gown
train/n03450230/n03450230_13533.JPEG,578,gown
train/n03450230/n03450230_325.JPEG,578,gown
train/n03450230/n03450230_11626.JPEG,578,gown
train/n03450230/n03450230_6189.JPEG,578,gown
train/n03450230/n03450230_25407.JPEG,578,gown
train/n03450230/n03450230_17892.JPEG,578,gown
train/n03450230/n03450230_8422.JPEG,578,gown
train/n03452741/n03452741_2323.JPEG,579,grand piano
train/n03452741/n03452741_13512.JPEG,579,grand piano
train/n03452741/n03452741_177.JPEG,579,grand piano
train/n03452741/n03452741_84.JPEG,579,grand piano
train/n03452741/n03452741_2442.JPEG,579,grand piano
train/n03452741/n03452741_7732.JPEG,579,grand piano
train/n03452741/n03452741_5617.JPEG,579,grand piano
train/n03452741/n03452741_45.JPEG,579,grand piano
train/n03452741/n03452741_10885.JPEG,579,grand piano
train/n03452741/n03452741_10728.JPEG,579,grand piano
train/n03452741/n03452741_13372.JPEG,579,grand piano
train/n03452741/n03452741_20713.JPEG,579,grand piano
train/n03452741/n03452741_13734.JPEG,579,grand piano
train/n03452741/n03452741_2910.JPEG,579,grand piano
train/n03452741/n03452741_9235.JPEG,579,grand piano
train/n03452741/n03452741_10772.JPEG,579,grand piano
train/n03457902/n03457902_37632.JPEG,580,greenhouse
train/n03457902/n03457902_23039.JPEG,580,greenhouse
train/n03457902/n03457902_28468.JPEG,580,greenhouse
train/n03457902/n03457902_14354.JPEG,580,greenhouse
train/n03457902/n03457902_4669.JPEG,580,greenhouse
train/n03457902/n03457902_27348.JPEG,580,greenhouse
train/n03457902/n03457902_22951.JPEG,580,greenhouse
train/n03457902/n03457902_63944.JPEG,580,greenhouse
train/n03457902/n03457902_6713.JPEG,580,greenhouse
train/n03457902/n03457902_8904.JPEG,580,greenhouse
train/n03457902/n03457902_14996.JPEG,580,greenhouse
train/n03457902/n03457902_2250.JPEG,580,greenhouse
train/n03457902/n03457902_21463.JPEG,580,greenhouse
train/n03457902/n03457902_26350.JPEG,580,greenhouse
train/n03457902/n03457902_69325.JPEG,580,greenhouse
train/n03457902/n03457902_2928.JPEG,580,greenhouse
train/n03459775/n03459775_16061.JPEG,581,radiator grille
train/n03459775/n03459775_22356.JPEG,581,radiator grille
train/n03459775/n03459775_4580.JPEG,581,radiator grille
train/n03459775/n03459775_4393.JPEG,581,radiator grille
train/n03459775/n03459775_14747.JPEG,581,radiator grille
train/n03459775/n03459775_2214.JPEG,581,radiator grille
train/n03459775/n03459775_12738.JPEG,581,radiator grille
train/n03459775/n03459775_22065.JPEG,581,radiator grille
train/n03459775/n03459775_9172.JPEG,581,radiator grille
train/n03459775/n03459775_939.JPEG,581,radiator grille
train/n03459775/n03459775_745.JPEG,581,radiator grille
train/n03459775/n03459775_8664.JPEG,581,radiator grille
train/n03459775/n03459775_30755.JPEG,581,radiator grille
train/n03459775/n03459775_5269.JPEG,581,radiator grille
train/n03459775/n03459775_8821.JPEG,581,radiator grille
train/n03459775/n03459775_16181.JPEG,581,radiator grille
train/n03461385/n03461385_91813.JPEG,582,grocery store
train/n03461385/n03461385_207.JPEG,582,grocery store
train/n03461385/n03461385_42783.JPEG,582,grocery store
train/n03461385/n03461385_110747.JPEG,582,grocery store
train/n03461385/n03461385_53079.JPEG,582,grocery store
train/n03461385/n03461385_108120.JPEG,582,grocery store
train/n03461385/n03461385_39483.JPEG,582,grocery store
train/n03461385/n03461385_23976.JPEG,582,grocery store
train/n03461385/n03461385_45644.JPEG,582,grocery store
train/n03461385/n03461385_56251.JPEG,582,grocery store
train/n03461385/n03461385_32526.JPEG,582,grocery store
train/n03461385/n03461385_104409.JPEG,582,grocery store
train/n03461385/n03461385_17840.JPEG,582,grocery store
train/n03461385/n03461385_14741.JPEG,582,grocery store
train/n03461385/n03461385_37690.JPEG,582,grocery store
train/n03461385/n03461385_37882.JPEG,582,grocery store
train/n03467068/n03467068_11580.JPEG,583,guillotine
train/n03467068/n03467068_9526.JPEG,583,guillotine
train/n03467068/n03467068_8902.JPEG,583,guillotine
train/n03467068/n03467068_6936.JPEG,583,guillotine
train/n03467068/n03467068_7265.JPEG,583,guillotine
train/n03467068/n03467068_2537.JPEG,583,guillotine
train/n03467068/n03467068_9890.JPEG,583,guillotine
train/n03467068/n03467068_8935.JPEG,583,guillotine
train/n03467068/n03467068_9964.JPEG,583,guillotine
train/n03467068/n03467068_4860.JPEG,583,guillotine
train/n03467068/n03467068_5286.JPEG,583,guillotine
train/n03467068/n03467068_12430.JPEG,583,guillotine
train/n03467068/n03467068_12591.JPEG,583,guillotine
train/n03467068/n03467068_17449.JPEG,583,guillotine
train/n03467068/n03467068_18360.JPEG,583,guillotine
train/n03467068/n03467068_11753.JPEG,583,guillotine
train/n03476684/n03476684_22580.JPEG,584,hair clip
train/n03476684/n03476684_12413.JPEG,584,hair clip
train/n03476684/n03476684_20900.JPEG,584,hair clip
train/n03476684/n03476684_11640.JPEG,584,hair clip
train/n03476684/n03476684_4450.JPEG,584,hair clip
train/n03476684/n03476684_23854.JPEG,584,hair clip
train/n03476684/n03476684_20418.JPEG,584,hair clip
train/n03476684/n03476684_9918.JPEG,584,hair clip
train/n03476684/n03476684_16218.JPEG,584,hair clip
train/n03476684/n03476684_22903.JPEG,584,hair clip
train/n03476684/n03476684_26775.JPEG,584,hair clip
train/n03476684/n03476684_7710.JPEG,584,hair clip
train/n03476684/n03476684_8651.JPEG,584,hair clip
train/n03476684/n03476684_18367.JPEG,584,hair clip
train/n03476684/n03476684_8055.JPEG,584,hair clip
train/n03476684/n03476684_1656.JPEG,584,hair clip
train/n03476991/n03476991_37406.JPEG,585,hair spray
train/n03476991/n03476991_16271.JPEG,585,hair spray
train/n03476991/n03476991_7431.JPEG,585,hair spray
train/n03476991/n03476991_7533.JPEG,585,hair spray
train/n03476991/n03476991_2224.JPEG,585,hair spray
train/n03476991/n03476991_11240.JPEG,585,hair spray
train/n03476991/n03476991_10208.JPEG,585,hair spray
train/n03476991/n03476991_41756.JPEG,585,hair spray
train/n03476991/n03476991_764.JPEG,585,hair spray
train/n03476991/n03476991_25119.JPEG,585,hair spray
train/n03476991/n03476991_1444.JPEG,585,hair spray
train/n03476991/n03476991_32319.JPEG,585,hair spray
train/n03476991/n03476991_23897.JPEG,585,hair spray
train/n03476991/n03476991_22632.JPEG,585,hair spray
train/n03476991/n03476991_35858.JPEG,585,hair spray
train/n03476991/n03476991_35990.JPEG,585,hair spray
train/n03478589/n03478589_13084.JPEG,586,half-track
train/n03478589/n03478589_10337.JPEG,586,half-track
train/n03478589/n03478589_2896.JPEG,586,half-track
train/n03478589/n03478589_7145.JPEG,586,half-track
train/n03478589/n03478589_8737.JPEG,586,half-track
train/n03478589/n03478589_11826.JPEG,586,half-track
train/n03478589/n03478589_8455.JPEG,586,half-track
train/n03478589/n03478589_8611.JPEG,586,half-track
train/n03478589/n03478589_3574.JPEG,586,half-track
train/n03478589/n03478589_10416.JPEG,586,half-track
train/n03478589/n03478589_7223.JPEG,586,half-track
train/n03478589/n03478589_4681.JPEG,586,half-track
train/n03478589/n03478589_5256.JPEG,586,half-track
train/n03478589/n03478589_17772.JPEG,586,half-track
train/n03478589/n03478589_18730.JPEG,586,half-track
train/n03478589/n03478589_222.JPEG,586,half-track
train/n03481172/n03481172_3582.JPEG,587,hammer
train/n03481172/n03481172_1552.JPEG,587,hammer
train/n03481172/n03481172_40963.JPEG,587,hammer
train/n03481172/n03481172_12129.JPEG,587,hammer
train/n03481172/n03481172_10513.JPEG,587,hammer
train/n03481172/n03481172_12280.JPEG,587,hammer
train/n03481172/n03481172_706.JPEG,587,hammer
train/n03481172/n03481172_42622.JPEG,587,hammer
train/n03481172/n03481172_10451.JPEG,587,hammer
train/n03481172/n03481172_26875.JPEG,587,hammer
train/n03481172/n03481172_18074.JPEG,587,hammer
train/n03481172/n03481172_4734.JPEG,587,hammer
train/n03481172/n03481172_12093.JPEG,587,hammer
train/n03481172/n03481172_27232.JPEG,587,hammer
train/n03481172/n03481172_8164.JPEG,587,hammer
train/n03481172/n03481172_1505.JPEG,587,hammer
train/n03482405/n03482405_11162.JPEG,588,hamper
train/n03482405/n03482405_1926.JPEG,588,hamper
train/n03482405/n03482405_8231.JPEG,588,hamper
train/n03482405/n03482405_28115.JPEG,588,hamper
train/n03482405/n03482405_21587.JPEG,588,hamper
train/n03482405/n03482405_26836.JPEG,588,hamper
train/n03482405/n03482405_31909.JPEG,588,hamper
train/n03482405/n03482405_30175.JPEG,588,hamper
train/n03482405/n03482405_6642.JPEG,588,hamper
train/n03482405/n03482405_3349.JPEG,588,hamper
train/n03482405/n03482405_7683.JPEG,588,hamper
train/n03482405/n03482405_2591.JPEG,588,hamper
train/n03482405/n03482405_29534.JPEG,588,hamper
train/n03482405/n03482405_6816.JPEG,588,hamper
train/n03482405/n03482405_30215.JPEG,588,hamper
train/n03482405/n03482405_27274.JPEG,588,hamper
train/n03483316/n03483316_15703.JPEG,589,hair dryer
train/n03483316/n03483316_25096.JPEG,589,hair dryer
train/n03483316/n03483316_9920.JPEG,589,hair dryer
train/n03483316/n03483316_27513.JPEG,589,hair dryer
train/n03483316/n03483316_42888.JPEG,589,hair dryer
train/n03483316/n03483316_11491.JPEG,589,hair dryer
train/n03483316/n03483316_2006.JPEG,589,hair dryer
train/n03483316/n03483316_42613.JPEG,589,hair dryer
train/n03483316/n03483316_12410.JPEG,589,hair dryer
train/n03483316/n03483316_25163.JPEG,589,hair dryer
train/n03483316/n03483316_434.JPEG,589,hair dryer
train/n03483316/n03483316_11346.JPEG,589,hair dryer
train/n03483316/n03483316_21702.JPEG,589,hair dryer
train/n03483316/n03483316_16451.JPEG,589,hair dryer
train/n03483316/n03483316_39799.JPEG,589,hair dryer
train/n03483316/n03483316_10715.JPEG,589,hair dryer
train/n03485407/n03485407_1383.JPEG,590,hand-held computer
train/n03485407/n03485407_3987.JPEG,590,hand-held computer
train/n03485407/n03485407_892.JPEG,590,hand-held computer
train/n03485407/n03485407_6172.JPEG,590,hand-held computer
train/n03485407/n03485407_7464.JPEG,590,hand-held computer
train/n03485407/n03485407_12030.JPEG,590,hand-held computer
train/n03485407/n03485407_4173.JPEG,590,hand-held computer
train/n03485407/n03485407_2309.JPEG,590,hand-held computer
train/n03485407/n03485407_12906.JPEG,590,hand-held computer
train/n03485407/n03485407_6062.JPEG,590,hand-held computer
train/n03485407/n03485407_770.JPEG,590,hand-held computer
train/n03485407/n03485407_6949.JPEG,590,hand-held computer
train/n03485407/n03485407_5281.JPEG,590,hand-held computer
train/n03485407/n03485407_5671.JPEG,590,hand-held computer
train/n03485407/n03485407_664.JPEG,590,hand-held computer
train/n03485407/n03485407_4064.JPEG,590,hand-held computer
train/n03485794/n03485794_33184.JPEG,591,handkerchief
train/n03485794/n03485794_13220.JPEG,591,handkerchief
train/n03485794/n03485794_4202.JPEG,591,handkerchief
train/n03485794/n03485794_10493.JPEG,591,handkerchief
train/n03485794/n03485794_43492.JPEG,591,handkerchief
train/n03485794/n03485794_41891.JPEG,591,handkerchief
train/n03485794/n03485794_10387.JPEG,591,handkerchief
train/n03485794/n03485794_29140.JPEG,591,handkerchief
train/n03485794/n03485794_4791.JPEG,591,handkerchief
train/n03485794/n03485794_10216.JPEG,591,handkerchief
train/n03485794/n03485794_20506.JPEG,591,handkerchief
train/n03485794/n03485794_13790.JPEG,591,handkerchief
train/n03485794/n03485794_68434.JPEG,591,handkerchief
train/n03485794/n03485794_15548.JPEG,591,handkerchief
train/n03485794/n03485794_30359.JPEG,591,handkerchief
train/n03485794/n03485794_3226.JPEG,591,handkerchief
train/n03492542/n03492542_27550.JPEG,592,hard disk drive
train/n03492542/n03492542_2125.JPEG,592,hard disk drive
train/n03492542/n03492542_1920.JPEG,592,hard disk drive
train/n03492542/n03492542_2653.JPEG,592,hard disk drive
train/n03492542/n03492542_15031.JPEG,592,hard disk drive
train/n03492542/n03492542_2372.JPEG,592,hard disk drive
train/n03492542/n03492542_8364.JPEG,592,hard disk drive
train/n03492542/n03492542_24597.JPEG,592,hard disk drive
train/n03492542/n03492542_6439.JPEG,592,hard disk drive
train/n03492542/n03492542_1855.JPEG,592,hard disk drive
train/n03492542/n03492542_56320.JPEG,592,hard disk drive
train/n03492542/n03492542_12203.JPEG,592,hard disk drive
train/n03492542/n03492542_21956.JPEG,592,hard disk drive
train/n03492542/n03492542_8587.JPEG,592,hard disk drive
train/n03492542/n03492542_17466.JPEG,592,hard disk drive
train/n03492542/n03492542_26739.JPEG,592,hard disk drive
train/n03494278/n03494278_27943.JPEG,593,harmonica
train/n03494278/n03494278_28639.JPEG,593,harmonica
train/n03494278/n03494278_39418.JPEG,593,harmonica
train/n03494278/n03494278_51475.JPEG,593,harmonica
train/n03494278/n03494278_29145.JPEG,593,harmonica
train/n03494278/n03494278_25269.JPEG,593,harmonica
train/n03494278/n03494278_13961.JPEG,593,harmonica
train/n03494278/n03494278_36026.JPEG,593,harmonica
train/n03494278/n03494278_30127.JPEG,593,harmonica
train/n03494278/n03494278_30452.JPEG,593,harmonica
train/n03494278/n03494278_30893.JPEG,593,harmonica
train/n03494278/n03494278_38899.JPEG,593,harmonica
train/n03494278/n03494278_39434.JPEG,593,harmonica
train/n03494278/n03494278_26972.JPEG,593,harmonica
train/n03494278/n03494278_3805.JPEG,593,harmonica
train/n03494278/n03494278_46557.JPEG,593,harmonica
train/n03495258/n03495258_411.JPEG,594,harp
train/n03495258/n03495258_13941.JPEG,594,harp
train/n03495258/n03495258_2394.JPEG,594,harp
train/n03495258/n03495258_744.JPEG,594,harp
train/n03495258/n03495258_17561.JPEG,594,harp
train/n03495258/n03495258_27013.JPEG,594,harp
train/n03495258/n03495258_18332.JPEG,594,harp
train/n03495258/n03495258_5403.JPEG,594,harp
train/n03495258/n03495258_1046.JPEG,594,harp
train/n03495258/n03495258_28767.JPEG,594,harp
train/n03495258/n03495258_11426.JPEG,594,harp
train/n03495258/n03495258_13231.JPEG,594,harp
train/n03495258/n03495258_4839.JPEG,594,harp
train/n03495258/n03495258_16803.JPEG,594,harp
train/n03495258/n03495258_5105.JPEG,594,harp
train/n03495258/n03495258_21859.JPEG,594,harp
train/n03496892/n03496892_8778.JPEG,595,combine harvester
train/n03496892/n03496892_22028.JPEG,595,combine harvester
train/n03496892/n03496892_35136.JPEG,595,combine harvester
train/n03496892/n03496892_22321.JPEG,595,combine harvester
train/n03496892/n03496892_18885.JPEG,595,combine harvester
train/n03496892/n03496892_36472.JPEG,595,combine harvester
train/n03496892/n03496892_3218.JPEG,595,combine harvester
train/n03496892/n03496892_18709.JPEG,595,combine harvester
train/n03496892/n03496892_3055.JPEG,595,combine harvester
train/n03496892/n03496892_21873.JPEG,595,combine harvester
train/n03496892/n03496892_15608.JPEG,595,combine harvester
train/n03496892/n03496892_26108.JPEG,595,combine harvester
train/n03496892/n03496892_10986.JPEG,595,combine harvester
train/n03496892/n03496892_11557.JPEG,595,combine harvester
train/n03496892/n03496892_13065.JPEG,595,combine harvester
train/n03496892/n03496892_18285.JPEG,595,combine harvester
train/n03498962/n03498962_8805.JPEG,596,hatchet
train/n03498962/n03498962_6903.JPEG,596,hatchet
train/n03498962/n03498962_335.JPEG,596,hatchet
train/n03498962/n03498962_4034.JPEG,596,hatchet
train/n03498962/n03498962_8454.JPEG,596,hatchet
train/n03498962/n03498962_41554.JPEG,596,hatchet
train/n03498962/n03498962_51459.JPEG,596,hatchet
train/n03498962/n03498962_58918.JPEG,596,hatchet
train/n03498962/n03498962_15292.JPEG,596,hatchet
train/n03498962/n03498962_44082.JPEG,596,hatchet
train/n03498962/n03498962_11319.JPEG,596,hatchet
train/n03498962/n03498962_57055.JPEG,596,hatchet
train/n03498962/n03498962_8887.JPEG,596,hatchet
train/n03498962/n03498962_10533.JPEG,596,hatchet
train/n03498962/n03498962_50867.JPEG,596,hatchet
train/n03498962/n03498962_8528.JPEG,596,hatchet
train/n03527444/n03527444_13851.JPEG,597,holster
train/n03527444/n03527444_10689.JPEG,597,holster
train/n03527444/n03527444_18236.JPEG,597,holster
train/n03527444/n03527444_10331.JPEG,597,holster
train/n03527444/n03527444_3514.JPEG,597,holster
train/n03527444/n03527444_2426.JPEG,597,holster
train/n03527444/n03527444_10588.JPEG,597,holster
train/n03527444/n03527444_4404.JPEG,597,holster
train/n03527444/n03527444_5918.JPEG,597,holster
train/n03527444/n03527444_20462.JPEG,597,holster
train/n03527444/n03527444_11838.JPEG,597,holster
train/n03527444/n03527444_4593.JPEG,597,holster
train/n03527444/n03527444_10603.JPEG,597,holster
train/n03527444/n03527444_277.JPEG,597,holster
train/n03527444/n03527444_22617.JPEG,597,holster
train/n03527444/n03527444_7753.JPEG,597,holster
train/n03529860/n03529860_2246.JPEG,598,home theater
train/n03529860/n03529860_10729.JPEG,598,home theater
train/n03529860/n03529860_13124.JPEG,598,home theater
train/n03529860/n03529860_16807.JPEG,598,home theater
train/n03529860/n03529860_5667.JPEG,598,home theater
train/n03529860/n03529860_16882.JPEG,598,home theater
train/n03529860/n03529860_629.JPEG,598,home theater
train/n03529860/n03529860_1063.JPEG,598,home theater
train/n03529860/n03529860_12604.JPEG,598,home theater
train/n03529860/n03529860_2501.JPEG,598,home theater
train/n03529860/n03529860_973.JPEG,598,home theater
train/n03529860/n03529860_16495.JPEG,598,home theater
train/n03529860/n03529860_10320.JPEG,598,home theater
train/n03529860/n03529860_21259.JPEG,598,home theater
train/n03529860/n03529860_11011.JPEG,598,home theater
train/n03529860/n03529860_20046.JPEG,598,home theater
train/n03530642/n03530642_13464.JPEG,599,honeycomb
train/n03530642/n03530642_13006.JPEG,599,honeycomb
train/n03530642/n03530642_26773.JPEG,599,honeycomb
train/n03530642/n03530642_42270.JPEG,599,honeycomb
train/n03530642/n03530642_19010.JPEG,599,honeycomb
train/n03530642/n03530642_47560.JPEG,599,honeycomb
train/n03530642/n03530642_37133.JPEG,599,honeycomb
train/n03530642/n03530642_17052.JPEG,599,honeycomb
train/n03530642/n03530642_17360.JPEG,599,honeycomb
train/n03530642/n03530642_3280.JPEG,599,honeycomb
train/n03530642/n03530642_24203.JPEG,599,honeycomb
train/n03530642/n03530642_17774.JPEG,599,honeycomb
train/n03530642/n03530642_29739.JPEG,599,honeycomb
train/n03530642/n03530642_1085.JPEG,599,honeycomb
train/n03530642/n03530642_11799.JPEG,599,honeycomb
train/n03530642/n03530642_12994.JPEG,599,honeycomb
train/n03532672/n03532672_12679.JPEG,600,hook
train/n03532672/n03532672_43535.JPEG,600,hook
train/n03532672/n03532672_3326.JPEG,600,hook
train/n03532672/n03532672_19744.JPEG,600,hook
train/n03532672/n03532672_22121.JPEG,600,hook
train/n03532672/n03532672_8956.JPEG,600,hook
train/n03532672/n03532672_33076.JPEG,600,hook
train/n03532672/n03532672_32590.JPEG,600,hook
train/n03532672/n03532672_23810.JPEG,600,hook
train/n03532672/n03532672_54124.JPEG,600,hook
train/n03532672/n03532672_7282.JPEG,600,hook
train/n03532672/n03532672_8135.JPEG,600,hook
train/n03532672/n03532672_36742.JPEG,600,hook
train/n03532672/n03532672_15092.JPEG,600,hook
train/n03532672/n03532672_24963.JPEG,600,hook
train/n03532672/n03532672_22202.JPEG,600,hook
train/n03534580/n03534580_30288.JPEG,601,hoop skirt
train/n03534580/n03534580_9108.JPEG,601,hoop skirt
train/n03534580/n03534580_9100.JPEG,601,hoop skirt
train/n03534580/n03534580_4187.JPEG,601,hoop skirt
train/n03534580/n03534580_5485.JPEG,601,hoop skirt
train/n03534580/n03534580_21368.JPEG,601,hoop skirt
train/n03534580/n03534580_2981.JPEG,601,hoop skirt
train/n03534580/n03534580_16565.JPEG,601,hoop skirt
train/n03534580/n03534580_1885.JPEG,601,hoop skirt
train/n03534580/n03534580_4294.JPEG,601,hoop skirt
train/n03534580/n03534580_5184.JPEG,601,hoop skirt
train/n03534580/n03534580_7330.JPEG,601,hoop skirt
train/n03534580/n03534580_21689.JPEG,601,hoop skirt
train/n03534580/n03534580_19728.JPEG,601,hoop skirt
train/n03534580/n03534580_18498.JPEG,601,hoop skirt
train/n03534580/n03534580_12306.JPEG,601,hoop skirt
train/n03535780/n03535780_13945.JPEG,602,gymnastic horizontal bar
train/n03535780/n03535780_5615.JPEG,602,gymnastic horizontal bar
train/n03535780/n03535780_37830.JPEG,602,gymnastic horizontal bar
train/n03535780/n03535780_34168.JPEG,602,gymnastic horizontal bar
train/n03535780/n03535780_14700.JPEG,602,gymnastic horizontal bar
train/n03535780/n03535780_13201.JPEG,602,gymnastic horizontal bar
train/n03535780/n03535780_50527.JPEG,602,gymnastic horizontal bar
train/n03535780/n03535780_6604.JPEG,602,gymnastic horizontal bar
train/n03535780/n03535780_18812.JPEG,602,gymnastic horizontal bar
train/n03535780/n03535780_44093.JPEG,602,gymnastic horizontal bar
train/n03535780/n03535780_15332.JPEG,602,gymnastic horizontal bar
train/n03535780/n03535780_14178.JPEG,602,gymnastic horizontal bar
train/n03535780/n03535780_1921.JPEG,602,gymnastic horizontal bar
train/n03535780/n03535780_1337.JPEG,602,gymnastic horizontal bar
train/n03535780/n03535780_27745.JPEG,602,gymnastic horizontal bar
train/n03535780/n03535780_17669.JPEG,602,gymnastic horizontal bar
train/n03538406/n03538406_2053.JPEG,603,horse-drawn vehicle
train/n03538406/n03538406_636.JPEG,603,horse-drawn vehicle
train/n03538406/n03538406_10184.JPEG,603,horse-drawn vehicle
train/n03538406/n03538406_2241.JPEG,603,horse-drawn vehicle
train/n03538406/n03538406_1476.JPEG,603,horse-drawn vehicle
train/n03538406/n03538406_5724.JPEG,603,horse-drawn vehicle
train/n03538406/n03538406_10439.JPEG,603,horse-drawn vehicle
train/n03538406/n03538406_2620.JPEG,603,horse-drawn vehicle
train/n03538406/n03538406_4021.JPEG,603,horse-drawn vehicle
train/n03538406/n03538406_4885.JPEG,603,horse-drawn vehicle
train/n03538406/n03538406_2233.JPEG,603,horse-drawn vehicle
train/n03538406/n03538406_4624.JPEG,603,horse-drawn vehicle
train/n03538406/n03538406_7219.JPEG,603,horse-drawn vehicle
train/n03538406/n03538406_14012.JPEG,603,horse-drawn vehicle
train/n03538406/n03538406_4999.JPEG,603,horse-drawn vehicle
train/n03538406/n03538406_3793.JPEG,603,horse-drawn vehicle
train/n03544143/n03544143_30044.JPEG,604,hourglass
train/n03544143/n03544143_1278.JPEG,604,hourglass
train/n03544143/n03544143_1986.JPEG,604,hourglass
train/n03544143/n03544143_6389.JPEG,604,hourglass
train/n03544143/n03544143_4760.JPEG,604,hourglass
train/n03544143/n03544143_1800.JPEG,604,hourglass
train/n03544143/n03544143_14228.JPEG,604,hourglass
train/n03544143/n03544143_4092.JPEG,604,hourglass
train/n03544143/n03544143_53.JPEG,604,hourglass
train/n03544143/n03544143_12236.JPEG,604,hourglass
train/n03544143/n03544143_14252.JPEG,604,hourglass
train/n03544143/n03544143_6999.JPEG,604,hourglass
train/n03544143/n03544143_19068.JPEG,604,hourglass
train/n03544143/n03544143_11016.JPEG,604,hourglass
train/n03544143/n03544143_7690.JPEG,604,hourglass
train/n03544143/n03544143_18594.JPEG,604,hourglass
train/n03584254/n03584254_2408.JPEG,605,iPod
train/n03584254/n03584254_1510.JPEG,605,iPod
train/n03584254/n03584254_47.JPEG,605,iPod
train/n03584254/n03584254_3006.JPEG,605,iPod
train/n03584254/n03584254_2557.JPEG,605,iPod
train/n03584254/n03584254_1888.JPEG,605,iPod
train/n03584254/n03584254_2857.JPEG,605,iPod
train/n03584254/n03584254_2778.JPEG,605,iPod
train/n03584254/n03584254_2996.JPEG,605,iPod
train/n03584254/n03584254_5871.JPEG,605,iPod
train/n03584254/n03584254_3076.JPEG,605,iPod
train/n03584254/n03584254_3521.JPEG,605,iPod
train/n03584254/n03584254_3069.JPEG,605,iPod
train/n03584254/n03584254_4938.JPEG,605,iPod
train/n03584254/n03584254_3209.JPEG,605,iPod
train/n03584254/n03584254_79.JPEG,605,iPod
train/n03584829/n03584829_23687.JPEG,606,clothes iron
train/n03584829/n03584829_6817.JPEG,606,clothes iron
train/n03584829/n03584829_29958.JPEG,606,clothes iron
train/n03584829/n03584829_46573.JPEG,606,clothes iron
train/n03584829/n03584829_42141.JPEG,606,clothes iron
train/n03584829/n03584829_787.JPEG,606,clothes iron
train/n03584829/n03584829_9451.JPEG,606,clothes iron
train/n03584829/n03584829_9140.JPEG,606,clothes iron
train/n03584829/n03584829_51960.JPEG,606,clothes iron
train/n03584829/n03584829_30650.JPEG,606,clothes iron
train/n03584829/n03584829_4295.JPEG,606,clothes iron
train/n03584829/n03584829_23908.JPEG,606,clothes iron
train/n03584829/n03584829_36382.JPEG,606,clothes iron
train/n03584829/n03584829_50519.JPEG,606,clothes iron
train/n03584829/n03584829_26036.JPEG,606,clothes iron
train/n03584829/n03584829_28553.JPEG,606,clothes iron
train/n03590841/n03590841_2247.JPEG,607,carved pumpkin
train/n03590841/n03590841_1081.JPEG,607,carved pumpkin
train/n03590841/n03590841_1740.JPEG,607,carved pumpkin
train/n03590841/n03590841_1292.JPEG,607,carved pumpkin
train/n03590841/n03590841_6129.JPEG,607,carved pumpkin
train/n03590841/n03590841_5334.JPEG,607,carved pumpkin
train/n03590841/n03590841_3965.JPEG,607,carved pumpkin
train/n03590841/n03590841_7350.JPEG,607,carved pumpkin
train/n03590841/n03590841_13285.JPEG,607,carved pumpkin
train/n03590841/n03590841_10461.JPEG,607,carved pumpkin
train/n03590841/n03590841_473.JPEG,607,carved pumpkin
train/n03590841/n03590841_1340.JPEG,607,carved pumpkin
train/n03590841/n03590841_6026.JPEG,607,carved pumpkin
train/n03590841/n03590841_701.JPEG,607,carved pumpkin
train/n03590841/n03590841_659.JPEG,607,carved pumpkin
train/n03590841/n03590841_4693.JPEG,607,carved pumpkin
train/n03594734/n03594734_33394.JPEG,608,jeans
train/n03594734/n03594734_45016.JPEG,608,jeans
train/n03594734/n03594734_10401.JPEG,608,jeans
train/n03594734/n03594734_4073.JPEG,608,jeans
train/n03594734/n03594734_18856.JPEG,608,jeans
train/n03594734/n03594734_17053.JPEG,608,jeans
train/n03594734/n03594734_16072.JPEG,608,jeans
train/n03594734/n03594734_34407.JPEG,608,jeans
train/n03594734/n03594734_21123.JPEG,608,jeans
train/n03594734/n03594734_44775.JPEG,608,jeans
train/n03594734/n03594734_7134.JPEG,608,jeans
train/n03594734/n03594734_10198.JPEG,608,jeans
train/n03594734/n03594734_54718.JPEG,608,jeans
train/n03594734/n03594734_51680.JPEG,608,jeans
train/n03594734/n03594734_21692.JPEG,608,jeans
train/n03594734/n03594734_15973.JPEG,608,jeans
train/n03594945/n03594945_4758.JPEG,609,jeep
train/n03594945/n03594945_951.JPEG,609,jeep
train/n03594945/n03594945_9306.JPEG,609,jeep
train/n03594945/n03594945_24396.JPEG,609,jeep
train/n03594945/n03594945_7854.JPEG,609,jeep
train/n03594945/n03594945_14631.JPEG,609,jeep
train/n03594945/n03594945_13707.JPEG,609,jeep
train/n03594945/n03594945_38001.JPEG,609,jeep
train/n03594945/n03594945_8360.JPEG,609,jeep
train/n03594945/n03594945_18500.JPEG,609,jeep
train/n03594945/n03594945_32234.JPEG,609,jeep
train/n03594945/n03594945_3744.JPEG,609,jeep
train/n03594945/n03594945_1015.JPEG,609,jeep
train/n03594945/n03594945_4663.JPEG,609,jeep
train/n03594945/n03594945_14811.JPEG,609,jeep
train/n03594945/n03594945_344.JPEG,609,jeep
train/n03595614/n03595614_6890.JPEG,610,T-shirt
train/n03595614/n03595614_2592.JPEG,610,T-shirt
train/n03595614/n03595614_11450.JPEG,610,T-shirt
train/n03595614/n03595614_5466.JPEG,610,T-shirt
train/n03595614/n03595614_27685.JPEG,610,T-shirt
train/n03595614/n03595614_5581.JPEG,610,T-shirt
train/n03595614/n03595614_16481.JPEG,610,T-shirt
train/n03595614/n03595614_1533.JPEG,610,T-shirt
train/n03595614/n03595614_1935.JPEG,610,T-shirt
train/n03595614/n03595614_24454.JPEG,610,T-shirt
train/n03595614/n03595614_5956.JPEG,610,T-shirt
train/n03595614/n03595614_21752.JPEG,610,T-shirt
train/n03595614/n03595614_11511.JPEG,610,T-shirt
train/n03595614/n03595614_23861.JPEG,610,T-shirt
train/n03595614/n03595614_17025.JPEG,610,T-shirt
train/n03595614/n03595614_35484.JPEG,610,T-shirt
train/n03598930/n03598930_6734.JPEG,611,jigsaw puzzle
train/n03598930/n03598930_1805.JPEG,611,jigsaw puzzle
train/n03598930/n03598930_10420.JPEG,611,jigsaw puzzle
train/n03598930/n03598930_16399.JPEG,611,jigsaw puzzle
train/n03598930/n03598930_1267.JPEG,611,jigsaw puzzle
train/n03598930/n03598930_8137.JPEG,611,jigsaw puzzle
train/n03598930/n03598930_8489.JPEG,611,jigsaw puzzle
train/n03598930/n03598930_4116.JPEG,611,jigsaw puzzle
train/n03598930/n03598930_7850.JPEG,611,jigsaw puzzle
train/n03598930/n03598930_2233.JPEG,611,jigsaw puzzle
train/n03598930/n03598930_4487.JPEG,611,jigsaw puzzle
train/n03598930/n03598930_20329.JPEG,611,jigsaw puzzle
train/n03598930/n03598930_23002.JPEG,611,jigsaw puzzle
train/n03598930/n03598930_3935.JPEG,611,jigsaw puzzle
train/n03598930/n03598930_6354.JPEG,611,jigsaw puzzle
train/n03598930/n03598930_9874.JPEG,611,jigsaw puzzle
train/n03599486/n03599486_7148.JPEG,612,rickshaw
train/n03599486/n03599486_10568.JPEG,612,rickshaw
train/n03599486/n03599486_21683.JPEG,612,rickshaw
train/n03599486/n03599486_21506.JPEG,612,rickshaw
train/n03599486/n03599486_27841.JPEG,612,rickshaw
train/n03599486/n03599486_13122.JPEG,612,rickshaw
train/n03599486/n03599486_27699.JPEG,612,rickshaw
train/n03599486/n03599486_16961.JPEG,612,rickshaw
train/n03599486/n03599486_16684.JPEG,612,rickshaw
train/n03599486/n03599486_9843.JPEG,612,rickshaw
train/n03599486/n03599486_7839.JPEG,612,rickshaw
train/n03599486/n03599486_20.JPEG,612,rickshaw
train/n03599486/n03599486_7977.JPEG,612,rickshaw
train/n03599486/n03599486_13296.JPEG,612,rickshaw
train/n03599486/n03599486_8477.JPEG,612,rickshaw
train/n03599486/n03599486_16785.JPEG,612,rickshaw
train/n03602883/n03602883_11270.JPEG,613,joystick
train/n03602883/n03602883_7168.JPEG,613,joystick
train/n03602883/n03602883_15543.JPEG,613,joystick
train/n03602883/n03602883_10321.JPEG,613,joystick
train/n03602883/n03602883_14404.JPEG,613,joystick
train/n03602883/n03602883_5499.JPEG,613,joystick
train/n03602883/n03602883_18269.JPEG,613,joystick
train/n03602883/n03602883_9988.JPEG,613,joystick
train/n03602883/n03602883_11060.JPEG,613,joystick
train/n03602883/n03602883_2947.JPEG,613,joystick
train/n03602883/n03602883_25171.JPEG,613,joystick
train/n03602883/n03602883_15612.JPEG,613,joystick
train/n03602883/n03602883_9154.JPEG,613,joystick
train/n03602883/n03602883_10505.JPEG,613,joystick
train/n03602883/n03602883_15636.JPEG,613,joystick
train/n03602883/n03602883_5117.JPEG,613,joystick
train/n03617480/n03617480_19883.JPEG,614,kimono
train/n03617480/n03617480_8618.JPEG,614,kimono
train/n03617480/n03617480_7760.JPEG,614,kimono
train/n03617480/n03617480_6790.JPEG,614,kimono
train/n03617480/n03617480_10149.JPEG,614,kimono
train/n03617480/n03617480_13906.JPEG,614,kimono
train/n03617480/n03617480_15960.JPEG,614,kimono
train/n03617480/n03617480_3606.JPEG,614,kimono
train/n03617480/n03617480_6762.JPEG,614,kimono
train/n03617480/n03617480_7551.JPEG,614,kimono
train/n03617480/n03617480_4986.JPEG,614,kimono
train/n03617480/n03617480_17732.JPEG,614,kimono
train/n03617480/n03617480_13946.JPEG,614,kimono
train/n03617480/n03617480_11065.JPEG,614,kimono
train/n03617480/n03617480_6153.JPEG,614,kimono
train/n03617480/n03617480_14995.JPEG,614,kimono
train/n03623198/n03623198_7166.JPEG,615,knee pad
train/n03623198/n03623198_1909.JPEG,615,knee pad
train/n03623198/n03623198_5852.JPEG,615,knee pad
train/n03623198/n03623198_13020.JPEG,615,knee pad
train/n03623198/n03623198_5849.JPEG,615,knee pad
train/n03623198/n03623198_5283.JPEG,615,knee pad
train/n03623198/n03623198_6393.JPEG,615,knee pad
train/n03623198/n03623198_3712.JPEG,615,knee pad
train/n03623198/n03623198_13566.JPEG,615,knee pad
train/n03623198/n03623198_9749.JPEG,615,knee pad
train/n03623198/n03623198_3630.JPEG,615,knee pad
train/n03623198/n03623198_15749.JPEG,615,knee pad
train/n03623198/n03623198_13538.JPEG,615,knee pad
train/n03623198/n03623198_1206.JPEG,615,knee pad
train/n03623198/n03623198_10568.JPEG,615,knee pad
train/n03623198/n03623198_10528.JPEG,615,knee pad
train/n03627232/n03627232_20441.JPEG,616,knot
train/n03627232/n03627232_3440.JPEG,616,knot
train/n03627232/n03627232_1500.JPEG,616,knot
train/n03627232/n03627232_9570.JPEG,616,knot
train/n03627232/n03627232_5185.JPEG,616,knot
train/n03627232/n03627232_6643.JPEG,616,knot
train/n03627232/n03627232_1755.JPEG,616,knot
train/n03627232/n03627232_20178.JPEG,616,knot
train/n03627232/n03627232_8609.JPEG,616,knot
train/n03627232/n03627232_16882.JPEG,616,knot
train/n03627232/n03627232_6781.JPEG,616,knot
train/n03627232/n03627232_26250.JPEG,616,knot
train/n03627232/n03627232_16523.JPEG,616,knot
train/n03627232/n03627232_51710.JPEG,616,knot
train/n03627232/n03627232_5550.JPEG,616,knot
train/n03627232/n03627232_1414.JPEG,616,knot
train/n03630383/n03630383_1594.JPEG,617,lab coat
train/n03630383/n03630383_2752.JPEG,617,lab coat
train/n03630383/n03630383_5017.JPEG,617,lab coat
train/n03630383/n03630383_1763.JPEG,617,lab coat
train/n03630383/n03630383_6452.JPEG,617,lab coat
train/n03630383/n03630383_13620.JPEG,617,lab coat
train/n03630383/n03630383_610.JPEG,617,lab coat
train/n03630383/n03630383_7578.JPEG,617,lab coat
train/n03630383/n03630383_7906.JPEG,617,lab coat
train/n03630383/n03630383_583.JPEG,617,lab coat
train/n03630383/n03630383_2596.JPEG,617,lab coat
train/n03630383/n03630383_1394.JPEG,617,lab coat
train/n03630383/n03630383_9020.JPEG,617,lab coat
train/n03630383/n03630383_3756.JPEG,617,lab coat
train/n03630383/n03630383_9270.JPEG,617,lab coat
train/n03630383/n03630383_2532.JPEG,617,lab coat
train/n03633091/n03633091_12796.JPEG,618,ladle
train/n03633091/n03633091_5894.JPEG,618,ladle
train/n03633091/n03633091_13505.JPEG,618,ladle
train/n03633091/n03633091_9490.JPEG,618,ladle
train/n03633091/n03633091_10077.JPEG,618,ladle
train/n03633091/n03633091_5312.JPEG,618,ladle
train/n03633091/n03633091_15108.JPEG,618,ladle
train/n03633091/n03633091_15921.JPEG,618,ladle
train/n03633091/n03633091_15949.JPEG,618,ladle
train/n03633091/n03633091_3272.JPEG,618,ladle
train/n03633091/n03633091_15662.JPEG,618,ladle
train/n03633091/n03633091_23746.JPEG,618,ladle
train/n03633091/n03633091_18680.JPEG,618,ladle
train/n03633091/n03633091_17246.JPEG,618,ladle
train/n03633091/n03633091_12172.JPEG,618,ladle
train/n03633091/n03633091_17738.JPEG,618,ladle
train/n03637318/n03637318_9404.JPEG,619,lampshade
train/n03637318/n03637318_10029.JPEG,619,lampshade
train/n03637318/n03637318_1238.JPEG,619,lampshade
train/n03637318/n03637318_35043.JPEG,619,lampshade
train/n03637318/n03637318_5674.JPEG,619,lampshade
train/n03637318/n03637318_915.JPEG,619,lampshade
train/n03637318/n03637318_517.JPEG,619,lampshade
train/n03637318/n03637318_12170.JPEG,619,lampshade
train/n03637318/n03637318_15962.JPEG,619,lampshade
train/n03637318/n03637318_60934.JPEG,619,lampshade
train/n03637318/n03637318_4549.JPEG,619,lampshade
train/n03637318/n03637318_12056.JPEG,619,lampshade
train/n03637318/n03637318_2428.JPEG,619,lampshade
train/n03637318/n03637318_19816.JPEG,619,lampshade
train/n03637318/n03637318_21822.JPEG,619,lampshade
train/n03637318/n03637318_12001.JPEG,619,lampshade
train/n03642806/n03642806_24723.JPEG,620,laptop computer
train/n03642806/n03642806_25040.JPEG,620,laptop computer
train/n03642806/n03642806_14675.JPEG,620,laptop computer
train/n03642806/n03642806_23486.JPEG,620,laptop computer
train/n03642806/n03642806_12733.JPEG,620,laptop computer
train/n03642806/n03642806_23466.JPEG,620,laptop computer
train/n03642806/n03642806_12576.JPEG,620,laptop computer
train/n03642806/n03642806_7036.JPEG,620,laptop computer
train/n03642806/n03642806_18985.JPEG,620,laptop computer
train/n03642806/n03642806_16055.JPEG,620,laptop computer
train/n03642806/n03642806_8479.JPEG,620,laptop computer
train/n03642806/n03642806_13672.JPEG,620,laptop computer
train/n03642806/n03642806_15778.JPEG,620,laptop computer
train/n03642806/n03642806_26089.JPEG,620,laptop computer
train/n03642806/n03642806_7713.JPEG,620,laptop computer
train/n03642806/n03642806_15164.JPEG,620,laptop computer
train/n03649909/n03649909_3966.JPEG,621,lawn mower
train/n03649909/n03649909_20784.JPEG,621,lawn mower
train/n03649909/n03649909_22531.JPEG,621,lawn mower
train/n03649909/n03649909_581.JPEG,621,lawn mower
train/n03649909/n03649909_19047.JPEG,621,lawn mower
train/n03649909/n03649909_6330.JPEG,621,lawn mower
train/n03649909/n03649909_19023.JPEG,621,lawn mower
train/n03649909/n03649909_21043.JPEG,621,lawn mower
train/n03649909/n03649909_52147.JPEG,621,lawn mower
train/n03649909/n03649909_24286.JPEG,621,lawn mower
train/n03649909/n03649909_28328.JPEG,621,lawn mower
train/n03649909/n03649909_4007.JPEG,621,lawn mower
train/n03649909/n03649909_19452.JPEG,621,lawn mower
train/n03649909/n03649909_6014.JPEG,621,lawn mower
train/n03649909/n03649909_11349.JPEG,621,lawn mower
train/n03649909/n03649909_50801.JPEG,621,lawn mower
train/n03657121/n03657121_17774.JPEG,622,lens cap
train/n03657121/n03657121_15161.JPEG,622,lens cap
train/n03657121/n03657121_7610.JPEG,622,lens cap
train/n03657121/n03657121_8968.JPEG,622,lens cap
train/n03657121/n03657121_11401.JPEG,622,lens cap
train/n03657121/n03657121_12145.JPEG,622,lens cap
train/n03657121/n03657121_11292.JPEG,622,lens cap
train/n03657121/n03657121_8188.JPEG,622,lens cap
train/n03657121/n03657121_9641.JPEG,622,lens cap
train/n03657121/n03657121_30177.JPEG,622,lens cap
train/n03657121/n03657121_18775.JPEG,622,lens cap
train/n03657121/n03657121_9241.JPEG,622,lens cap
train/n03657121/n03657121_45462.JPEG,622,lens cap
train/n03657121/n03657121_10845.JPEG,622,lens cap
train/n03657121/n03657121_42163.JPEG,622,lens cap
train/n03657121/n03657121_13136.JPEG,622,lens cap
train/n03658185/n03658185_35643.JPEG,623,letter opener
train/n03658185/n03658185_10649.JPEG,623,letter opener
train/n03658185/n03658185_8575.JPEG,623,letter opener
train/n03658185/n03658185_1859.JPEG,623,letter opener
train/n03658185/n03658185_7560.JPEG,623,letter opener
train/n03658185/n03658185_15536.JPEG,623,letter opener
train/n03658185/n03658185_5584.JPEG,623,letter opener
train/n03658185/n03658185_9130.JPEG,623,letter opener
train/n03658185/n03658185_11704.JPEG,623,letter opener
train/n03658185/n03658185_18929.JPEG,623,letter opener
train/n03658185/n03658185_18059.JPEG,623,letter opener
train/n03658185/n03658185_1534.JPEG,623,letter opener
train/n03658185/n03658185_21785.JPEG,623,letter opener
train/n03658185/n03658185_16560.JPEG,623,letter opener
train/n03658185/n03658185_1768.JPEG,623,letter opener
train/n03658185/n03658185_12961.JPEG,623,letter opener
train/n03661043/n03661043_3310.JPEG,624,library
train/n03661043/n03661043_17290.JPEG,624,library
train/n03661043/n03661043_20018.JPEG,624,library
train/n03661043/n03661043_21179.JPEG,624,library
train/n03661043/n03661043_44722.JPEG,624,library
train/n03661043/n03661043_7350.JPEG,624,library
train/n03661043/n03661043_17865.JPEG,624,library
train/n03661043/n03661043_20930.JPEG,624,library
train/n03661043/n03661043_21755.JPEG,624,library
train/n03661043/n03661043_15293.JPEG,624,library
train/n03661043/n03661043_12866.JPEG,624,library
train/n03661043/n03661043_20863.JPEG,624,library
train/n03661043/n03661043_8225.JPEG,624,library
train/n03661043/n03661043_19857.JPEG,624,library
train/n03661043/n03661043_12517.JPEG,624,library
train/n03661043/n03661043_7152.JPEG,624,library
train/n03662601/n03662601_5491.JPEG,625,lifeboat
train/n03662601/n03662601_2061.JPEG,625,lifeboat
train/n03662601/n03662601_17403.JPEG,625,lifeboat
train/n03662601/n03662601_28046.JPEG,625,lifeboat
train/n03662601/n03662601_13009.JPEG,625,lifeboat
train/n03662601/n03662601_13321.JPEG,625,lifeboat
train/n03662601/n03662601_21711.JPEG,625,lifeboat
train/n03662601/n03662601_22921.JPEG,625,lifeboat
train/n03662601/n03662601_10120.JPEG,625,lifeboat
train/n03662601/n03662601_21408.JPEG,625,lifeboat
train/n03662601/n03662601_18135.JPEG,625,lifeboat
train/n03662601/n03662601_6266.JPEG,625,lifeboat
train/n03662601/n03662601_1010.JPEG,625,lifeboat
train/n03662601/n03662601_22726.JPEG,625,lifeboat
train/n03662601/n03662601_1536.JPEG,625,lifeboat
train/n03662601/n03662601_10327.JPEG,625,lifeboat
train/n03666591/n03666591_61417.JPEG,626,lighter
train/n03666591/n03666591_10731.JPEG,626,lighter
train/n03666591/n03666591_13120.JPEG,626,lighter
train/n03666591/n03666591_2188.JPEG,626,lighter
train/n03666591/n03666591_20489.JPEG,626,lighter
train/n03666591/n03666591_25041.JPEG,626,lighter
train/n03666591/n03666591_31612.JPEG,626,lighter
train/n03666591/n03666591_3184.JPEG,626,lighter
train/n03666591/n03666591_29696.JPEG,626,lighter
train/n03666591/n03666591_2240.JPEG,626,lighter
train/n03666591/n03666591_17828.JPEG,626,lighter
train/n03666591/n03666591_8036.JPEG,626,lighter
train/n03666591/n03666591_27550.JPEG,626,lighter
train/n03666591/n03666591_53814.JPEG,626,lighter
train/n03666591/n03666591_53024.JPEG,626,lighter
train/n03666591/n03666591_22805.JPEG,626,lighter
train/n03670208/n03670208_8513.JPEG,627,limousine
train/n03670208/n03670208_9612.JPEG,627,limousine
train/n03670208/n03670208_16510.JPEG,627,limousine
train/n03670208/n03670208_8226.JPEG,627,limousine
train/n03670208/n03670208_33082.JPEG,627,limousine
train/n03670208/n03670208_41535.JPEG,627,limousine
train/n03670208/n03670208_29905.JPEG,627,limousine
train/n03670208/n03670208_14930.JPEG,627,limousine
train/n03670208/n03670208_11449.JPEG,627,limousine
train/n03670208/n03670208_2982.JPEG,627,limousine
train/n03670208/n03670208_9607.JPEG,627,limousine
train/n03670208/n03670208_11445.JPEG,627,limousine
train/n03670208/n03670208_44324.JPEG,627,limousine
train/n03670208/n03670208_7968.JPEG,627,limousine
train/n03670208/n03670208_19225.JPEG,627,limousine
train/n03670208/n03670208_13334.JPEG,627,limousine
train/n03673027/n03673027_526.JPEG,628,ocean liner
train/n03673027/n03673027_933.JPEG,628,ocean liner
train/n03673027/n03673027_35695.JPEG,628,ocean liner
train/n03673027/n03673027_3860.JPEG,628,ocean liner
train/n03673027/n03673027_7637.JPEG,628,ocean liner
train/n03673027/n03673027_26376.JPEG,628,ocean liner
train/n03673027/n03673027_14019.JPEG,628,ocean liner
train/n03673027/n03673027_30472.JPEG,628,ocean liner
train/n03673027/n03673027_3439.JPEG,628,ocean liner
train/n03673027/n03673027_17506.JPEG,628,ocean liner
train/n03673027/n03673027_32478.JPEG,628,ocean liner
train/n03673027/n03673027_27148.JPEG,628,ocean liner
train/n03673027/n03673027_13112.JPEG,628,ocean liner
train/n03673027/n03673027_6518.JPEG,628,ocean liner
train/n03673027/n03673027_43463.JPEG,628,ocean liner
train/n03673027/n03673027_29599.JPEG,628,ocean liner
train/n03676483/n03676483_24606.JPEG,629,lipstick
train/n03676483/n03676483_6537.JPEG,629,lipstick
train/n03676483/n03676483_13857.JPEG,629,lipstick
train/n03676483/n03676483_4229.JPEG,629,lipstick
train/n03676483/n03676483_18021.JPEG,629,lipstick
train/n03676483/n03676483_46373.JPEG,629,lipstick
train/n03676483/n03676483_13940.JPEG,629,lipstick
train/n03676483/n03676483_19568.JPEG,629,lipstick
train/n03676483/n03676483_27474.JPEG,629,lipstick
train/n03676483/n03676483_205.JPEG,629,lipstick
train/n03676483/n03676483_5650.JPEG,629,lipstick
train/n03676483/n03676483_7895.JPEG,629,lipstick
train/n03676483/n03676483_28563.JPEG,629,lipstick
train/n03676483/n03676483_21910.JPEG,629,lipstick
train/n03676483/n03676483_40502.JPEG,629,lipstick
train/n03676483/n03676483_10492.JPEG,629,lipstick
train/n03680355/n03680355_2123.JPEG,630,slip-on shoe
train/n03680355/n03680355_15281.JPEG,630,slip-on shoe
train/n03680355/n03680355_23593.JPEG,630,slip-on shoe
train/n03680355/n03680355_1454.JPEG,630,slip-on shoe
train/n03680355/n03680355_863.JPEG,630,slip-on shoe
train/n03680355/n03680355_8824.JPEG,630,slip-on shoe
train/n03680355/n03680355_3270.JPEG,630,slip-on shoe
train/n03680355/n03680355_2625.JPEG,630,slip-on shoe
train/n03680355/n03680355_3281.JPEG,630,slip-on shoe
train/n03680355/n03680355_4699.JPEG,630,slip-on shoe
train/n03680355/n03680355_10489.JPEG,630,slip-on shoe
train/n03680355/n03680355_2728.JPEG,630,slip-on shoe
train/n03680355/n03680355_4137.JPEG,630,slip-on shoe
train/n03680355/n03680355_2542.JPEG,630,slip-on shoe
train/n03680355/n03680355_769.JPEG,630,slip-on shoe
train/n03680355/n03680355_9964.JPEG,630,slip-on shoe
train/n03690938/n03690938_4206.JPEG,631,lotion
train/n03690938/n03690938_908.JPEG,631,lotion
train/n03690938/n03690938_985.JPEG,631,lotion
train/n03690938/n03690938_8097.JPEG,631,lotion
train/n03690938/n03690938_5732.JPEG,631,lotion
train/n03690938/n03690938_17141.JPEG,631,lotion
train/n03690938/n03690938_4303.JPEG,631,lotion
train/n03690938/n03690938_7187.JPEG,631,lotion
train/n03690938/n03690938_12705.JPEG,631,lotion
train/n03690938/n03690938_521.JPEG,631,lotion
train/n03690938/n03690938_12911.JPEG,631,lotion
train/n03690938/n03690938_5946.JPEG,631,lotion
train/n03690938/n03690938_1982.JPEG,631,lotion
train/n03690938/n03690938_2172.JPEG,631,lotion
train/n03690938/n03690938_3578.JPEG,631,lotion
train/n03690938/n03690938_6601.JPEG,631,lotion
train/n03691459/n03691459_58293.JPEG,632,music speaker
train/n03691459/n03691459_49928.JPEG,632,music speaker
train/n03691459/n03691459_47090.JPEG,632,music speaker
train/n03691459/n03691459_40144.JPEG,632,music speaker
train/n03691459/n03691459_20484.JPEG,632,music speaker
train/n03691459/n03691459_61943.JPEG,632,music speaker
train/n03691459/n03691459_35026.JPEG,632,music speaker
train/n03691459/n03691459_44500.JPEG,632,music speaker
train/n03691459/n03691459_64940.JPEG,632,music speaker
train/n03691459/n03691459_59241.JPEG,632,music speaker
train/n03691459/n03691459_34302.JPEG,632,music speaker
train/n03691459/n03691459_41079.JPEG,632,music speaker
train/n03691459/n03691459_40397.JPEG,632,music speaker
train/n03691459/n03691459_2931.JPEG,632,music speaker
train/n03691459/n03691459_58481.JPEG,632,music speaker
train/n03691459/n03691459_1706.JPEG,632,music speaker
train/n03692522/n03692522_16945.JPEG,633,loupe magnifying glass
train/n03692522/n03692522_10706.JPEG,633,loupe magnifying glass
train/n03692522/n03692522_11041.JPEG,633,loupe magnifying glass
train/n03692522/n03692522_12307.JPEG,633,loupe magnifying glass
train/n03692522/n03692522_1289.JPEG,633,loupe magnifying glass
train/n03692522/n03692522_12275.JPEG,633,loupe magnifying glass
train/n03692522/n03692522_16055.JPEG,633,loupe magnifying glass
train/n03692522/n03692522_164.JPEG,633,loupe magnifying glass
train/n03692522/n03692522_11800.JPEG,633,loupe magnifying glass
train/n03692522/n03692522_1019.JPEG,633,loupe magnifying glass
train/n03692522/n03692522_339.JPEG,633,loupe magnifying glass
train/n03692522/n03692522_7978.JPEG,633,loupe magnifying glass
train/n03692522/n03692522_16424.JPEG,633,loupe magnifying glass
train/n03692522/n03692522_9791.JPEG,633,loupe magnifying glass
train/n03692522/n03692522_14871.JPEG,633,loupe magnifying glass
train/n03692522/n03692522_4442.JPEG,633,loupe magnifying glass
train/n03697007/n03697007_11708.JPEG,634,sawmill
train/n03697007/n03697007_17242.JPEG,634,sawmill
train/n03697007/n03697007_14305.JPEG,634,sawmill
train/n03697007/n03697007_9803.JPEG,634,sawmill
train/n03697007/n03697007_9768.JPEG,634,sawmill
train/n03697007/n03697007_36840.JPEG,634,sawmill
train/n03697007/n03697007_1575.JPEG,634,sawmill
train/n03697007/n03697007_1298.JPEG,634,sawmill
train/n03697007/n03697007_33601.JPEG,634,sawmill
train/n03697007/n03697007_12155.JPEG,634,sawmill
train/n03697007/n03697007_6413.JPEG,634,sawmill
train/n03697007/n03697007_11848.JPEG,634,sawmill
train/n03697007/n03697007_22729.JPEG,634,sawmill
train/n03697007/n03697007_2303.JPEG,634,sawmill
train/n03697007/n03697007_355.JPEG,634,sawmill
train/n03697007/n03697007_14662.JPEG,634,sawmill
train/n03706229/n03706229_8564.JPEG,635,magnetic compass
train/n03706229/n03706229_4343.JPEG,635,magnetic compass
train/n03706229/n03706229_7106.JPEG,635,magnetic compass
train/n03706229/n03706229_8982.JPEG,635,magnetic compass
train/n03706229/n03706229_4267.JPEG,635,magnetic compass
train/n03706229/n03706229_4460.JPEG,635,magnetic compass
train/n03706229/n03706229_5674.JPEG,635,magnetic compass
train/n03706229/n03706229_1448.JPEG,635,magnetic compass
train/n03706229/n03706229_6751.JPEG,635,magnetic compass
train/n03706229/n03706229_5589.JPEG,635,magnetic compass
train/n03706229/n03706229_3611.JPEG,635,magnetic compass
train/n03706229/n03706229_1071.JPEG,635,magnetic compass
train/n03706229/n03706229_9267.JPEG,635,magnetic compass
train/n03706229/n03706229_6490.JPEG,635,magnetic compass
train/n03706229/n03706229_7029.JPEG,635,magnetic compass
train/n03706229/n03706229_5728.JPEG,635,magnetic compass
train/n03709823/n03709823_18394.JPEG,636,messenger bag
train/n03709823/n03709823_3776.JPEG,636,messenger bag
train/n03709823/n03709823_25469.JPEG,636,messenger bag
train/n03709823/n03709823_9866.JPEG,636,messenger bag
train/n03709823/n03709823_6975.JPEG,636,messenger bag
train/n03709823/n03709823_9063.JPEG,636,messenger bag
train/n03709823/n03709823_27607.JPEG,636,messenger bag
train/n03709823/n03709823_3437.JPEG,636,messenger bag
train/n03709823/n03709823_13006.JPEG,636,messenger bag
train/n03709823/n03709823_17711.JPEG,636,messenger bag
train/n03709823/n03709823_30191.JPEG,636,messenger bag
train/n03709823/n03709823_18477.JPEG,636,messenger bag
train/n03709823/n03709823_8558.JPEG,636,messenger bag
train/n03709823/n03709823_16994.JPEG,636,messenger bag
train/n03709823/n03709823_25310.JPEG,636,messenger bag
train/n03709823/n03709823_23885.JPEG,636,messenger bag
train/n03710193/n03710193_1170.JPEG,637,mailbox
train/n03710193/n03710193_3706.JPEG,637,mailbox
train/n03710193/n03710193_14685.JPEG,637,mailbox
train/n03710193/n03710193_35318.JPEG,637,mailbox
train/n03710193/n03710193_15251.JPEG,637,mailbox
train/n03710193/n03710193_11752.JPEG,637,mailbox
train/n03710193/n03710193_1307.JPEG,637,mailbox
train/n03710193/n03710193_22403.JPEG,637,mailbox
train/n03710193/n03710193_15986.JPEG,637,mailbox
train/n03710193/n03710193_4846.JPEG,637,mailbox
train/n03710193/n03710193_32576.JPEG,637,mailbox
train/n03710193/n03710193_15697.JPEG,637,mailbox
train/n03710193/n03710193_3634.JPEG,637,mailbox
train/n03710193/n03710193_32012.JPEG,637,mailbox
train/n03710193/n03710193_7599.JPEG,637,mailbox
train/n03710193/n03710193_3283.JPEG,637,mailbox
train/n03710637/n03710637_3028.JPEG,638,tights
train/n03710637/n03710637_15799.JPEG,638,tights
train/n03710637/n03710637_4705.JPEG,638,tights
train/n03710637/n03710637_2702.JPEG,638,tights
train/n03710637/n03710637_5670.JPEG,638,tights
train/n03710637/n03710637_2448.JPEG,638,tights
train/n03710637/n03710637_23526.JPEG,638,tights
train/n03710637/n03710637_20076.JPEG,638,tights
train/n03710637/n03710637_1581.JPEG,638,tights
train/n03710637/n03710637_6649.JPEG,638,tights
train/n03710637/n03710637_23535.JPEG,638,tights
train/n03710637/n03710637_1931.JPEG,638,tights
train/n03710637/n03710637_30794.JPEG,638,tights
train/n03710637/n03710637_7604.JPEG,638,tights
train/n03710637/n03710637_19768.JPEG,638,tights
train/n03710637/n03710637_25598.JPEG,638,tights
train/n03710721/n03710721_25.JPEG,639,one-piece bathing suit
train/n03710721/n03710721_9547.JPEG,639,one-piece bathing suit
train/n03710721/n03710721_12553.JPEG,639,one-piece bathing suit
train/n03710721/n03710721_27505.JPEG,639,one-piece bathing suit
train/n03710721/n03710721_25233.JPEG,639,one-piece bathing suit
train/n03710721/n03710721_16940.JPEG,639,one-piece bathing suit
train/n03710721/n03710721_1420.JPEG,639,one-piece bathing suit
train/n03710721/n03710721_11514.JPEG,639,one-piece bathing suit
train/n03710721/n03710721_6559.JPEG,639,one-piece bathing suit
train/n03710721/n03710721_1017.JPEG,639,one-piece bathing suit
train/n03710721/n03710721_1992.JPEG,639,one-piece bathing suit
train/n03710721/n03710721_22225.JPEG,639,one-piece bathing suit
train/n03710721/n03710721_9563.JPEG,639,one-piece bathing suit
train/n03710721/n03710721_24896.JPEG,639,one-piece bathing suit
train/n03710721/n03710721_429.JPEG,639,one-piece bathing suit
train/n03710721/n03710721_6812.JPEG,639,one-piece bathing suit
train/n03717622/n03717622_2177.JPEG,640,manhole cover
train/n03717622/n03717622_5795.JPEG,640,manhole cover
train/n03717622/n03717622_3515.JPEG,640,manhole cover
train/n03717622/n03717622_3025.JPEG,640,manhole cover
train/n03717622/n03717622_3534.JPEG,640,manhole cover
train/n03717622/n03717622_1144.JPEG,640,manhole cover
train/n03717622/n03717622_14566.JPEG,640,manhole cover
train/n03717622/n03717622_8467.JPEG,640,manhole cover
train/n03717622/n03717622_2662.JPEG,640,manhole cover
train/n03717622/n03717622_4005.JPEG,640,manhole cover
train/n03717622/n03717622_14898.JPEG,640,manhole cover
train/n03717622/n03717622_840.JPEG,640,manhole cover
train/n03717622/n03717622_3106.JPEG,640,manhole cover
train/n03717622/n03717622_4303.JPEG,640,manhole cover
train/n03717622/n03717622_9602.JPEG,640,manhole cover
train/n03717622/n03717622_13018.JPEG,640,manhole cover
train/n03720891/n03720891_4864.JPEG,641,maraca
train/n03720891/n03720891_15460.JPEG,641,maraca
train/n03720891/n03720891_12007.JPEG,641,maraca
train/n03720891/n03720891_3968.JPEG,641,maraca
train/n03720891/n03720891_331.JPEG,641,maraca
train/n03720891/n03720891_10540.JPEG,641,maraca
train/n03720891/n03720891_11297.JPEG,641,maraca
train/n03720891/n03720891_14790.JPEG,641,maraca
train/n03720891/n03720891_5427.JPEG,641,maraca
train/n03720891/n03720891_4903.JPEG,641,maraca
train/n03720891/n03720891_16034.JPEG,641,maraca
train/n03720891/n03720891_5966.JPEG,641,maraca
train/n03720891/n03720891_9215.JPEG,641,maraca
train/n03720891/n03720891_14834.JPEG,641,maraca
train/n03720891/n03720891_12536.JPEG,641,maraca
train/n03720891/n03720891_3007.JPEG,641,maraca
train/n03721384/n03721384_10526.JPEG,642,marimba
train/n03721384/n03721384_25899.JPEG,642,marimba
train/n03721384/n03721384_1919.JPEG,642,marimba
train/n03721384/n03721384_36163.JPEG,642,marimba
train/n03721384/n03721384_10727.JPEG,642,marimba
train/n03721384/n03721384_34889.JPEG,642,marimba
train/n03721384/n03721384_10239.JPEG,642,marimba
train/n03721384/n03721384_4520.JPEG,642,marimba
train/n03721384/n03721384_10883.JPEG,642,marimba
train/n03721384/n03721384_24482.JPEG,642,marimba
train/n03721384/n03721384_21576.JPEG,642,marimba
train/n03721384/n03721384_12291.JPEG,642,marimba
train/n03721384/n03721384_1231.JPEG,642,marimba
train/n03721384/n03721384_11578.JPEG,642,marimba
train/n03721384/n03721384_21440.JPEG,642,marimba
train/n03721384/n03721384_6194.JPEG,642,marimba
train/n03724870/n03724870_1589.JPEG,643,mask
train/n03724870/n03724870_9305.JPEG,643,mask
train/n03724870/n03724870_10424.JPEG,643,mask
train/n03724870/n03724870_14187.JPEG,643,mask
train/n03724870/n03724870_14377.JPEG,643,mask
train/n03724870/n03724870_15881.JPEG,643,mask
train/n03724870/n03724870_1466.JPEG,643,mask
train/n03724870/n03724870_54794.JPEG,643,mask
train/n03724870/n03724870_21709.JPEG,643,mask
train/n03724870/n03724870_17164.JPEG,643,mask
train/n03724870/n03724870_22451.JPEG,643,mask
train/n03724870/n03724870_11232.JPEG,643,mask
train/n03724870/n03724870_50440.JPEG,643,mask
train/n03724870/n03724870_13006.JPEG,643,mask
train/n03724870/n03724870_1423.JPEG,643,mask
train/n03724870/n03724870_1228.JPEG,643,mask
train/n03729826/n03729826_16289.JPEG,644,matchstick
train/n03729826/n03729826_25986.JPEG,644,matchstick
train/n03729826/n03729826_4214.JPEG,644,matchstick
train/n03729826/n03729826_13307.JPEG,644,matchstick
train/n03729826/n03729826_1263.JPEG,644,matchstick
train/n03729826/n03729826_18507.JPEG,644,matchstick
train/n03729826/n03729826_35152.JPEG,644,matchstick
train/n03729826/n03729826_39710.JPEG,644,matchstick
train/n03729826/n03729826_2905.JPEG,644,matchstick
train/n03729826/n03729826_29323.JPEG,644,matchstick
train/n03729826/n03729826_31339.JPEG,644,matchstick
train/n03729826/n03729826_10289.JPEG,644,matchstick
train/n03729826/n03729826_24931.JPEG,644,matchstick
train/n03729826/n03729826_26086.JPEG,644,matchstick
train/n03729826/n03729826_7883.JPEG,644,matchstick
train/n03729826/n03729826_11448.JPEG,644,matchstick
train/n03733131/n03733131_7659.JPEG,645,maypole
train/n03733131/n03733131_6399.JPEG,645,maypole
train/n03733131/n03733131_21796.JPEG,645,maypole
train/n03733131/n03733131_8891.JPEG,645,maypole
train/n03733131/n03733131_4141.JPEG,645,maypole
train/n03733131/n03733131_7277.JPEG,645,maypole
train/n03733131/n03733131_2847.JPEG,645,maypole
train/n03733131/n03733131_1506.JPEG,645,maypole
train/n03733131/n03733131_7126.JPEG,645,maypole
train/n03733131/n03733131_9812.JPEG,645,maypole
train/n03733131/n03733131_3197.JPEG,645,maypole
train/n03733131/n03733131_8563.JPEG,645,maypole
train/n03733131/n03733131_2919.JPEG,645,maypole
train/n03733131/n03733131_10048.JPEG,645,maypole
train/n03733131/n03733131_4329.JPEG,645,maypole
train/n03733131/n03733131_1356.JPEG,645,maypole
train/n03733281/n03733281_5043.JPEG,646,maze
train/n03733281/n03733281_6303.JPEG,646,maze
train/n03733281/n03733281_27405.JPEG,646,maze
train/n03733281/n03733281_10750.JPEG,646,maze
train/n03733281/n03733281_25004.JPEG,646,maze
train/n03733281/n03733281_41282.JPEG,646,maze
train/n03733281/n03733281_26701.JPEG,646,maze
train/n03733281/n03733281_21033.JPEG,646,maze
train/n03733281/n03733281_58730.JPEG,646,maze
train/n03733281/n03733281_10462.JPEG,646,maze
train/n03733281/n03733281_8345.JPEG,646,maze
train/n03733281/n03733281_41108.JPEG,646,maze
train/n03733281/n03733281_12163.JPEG,646,maze
train/n03733281/n03733281_48923.JPEG,646,maze
train/n03733281/n03733281_4928.JPEG,646,maze
train/n03733281/n03733281_18103.JPEG,646,maze
train/n03733805/n03733805_3757.JPEG,647,measuring cup
train/n03733805/n03733805_24896.JPEG,647,measuring cup
train/n03733805/n03733805_5138.JPEG,647,measuring cup
train/n03733805/n03733805_2797.JPEG,647,measuring cup
train/n03733805/n03733805_2031.JPEG,647,measuring cup
train/n03733805/n03733805_10166.JPEG,647,measuring cup
train/n03733805/n03733805_9632.JPEG,647,measuring cup
train/n03733805/n03733805_19749.JPEG,647,measuring cup
train/n03733805/n03733805_1652.JPEG,647,measuring cup
train/n03733805/n03733805_18916.JPEG,647,measuring cup
train/n03733805/n03733805_6869.JPEG,647,measuring cup
train/n03733805/n03733805_8550.JPEG,647,measuring cup
train/n03733805/n03733805_11266.JPEG,647,measuring cup
train/n03733805/n03733805_1444.JPEG,647,measuring cup
train/n03733805/n03733805_3654.JPEG,647,measuring cup
train/n03733805/n03733805_4030.JPEG,647,measuring cup
train/n03742115/n03742115_13286.JPEG,648,medicine cabinet
train/n03742115/n03742115_5045.JPEG,648,medicine cabinet
train/n03742115/n03742115_18251.JPEG,648,medicine cabinet
train/n03742115/n03742115_9162.JPEG,648,medicine cabinet
train/n03742115/n03742115_16127.JPEG,648,medicine cabinet
train/n03742115/n03742115_14600.JPEG,648,medicine cabinet
train/n03742115/n03742115_10563.JPEG,648,medicine cabinet
train/n03742115/n03742115_23468.JPEG,648,medicine cabinet
train/n03742115/n03742115_16587.JPEG,648,medicine cabinet
train/n03742115/n03742115_11098.JPEG,648,medicine cabinet
train/n03742115/n03742115_15385.JPEG,648,medicine cabinet
train/n03742115/n03742115_2416.JPEG,648,medicine cabinet
train/n03742115/n03742115_18490.JPEG,648,medicine cabinet
train/n03742115/n03742115_2211.JPEG,648,medicine cabinet
train/n03742115/n03742115_24357.JPEG,648,medicine cabinet
train/n03742115/n03742115_12450.JPEG,648,medicine cabinet
train/n03743016/n03743016_14272.JPEG,649,megalith
train/n03743016/n03743016_3069.JPEG,649,megalith
train/n03743016/n03743016_1251.JPEG,649,megalith
train/n03743016/n03743016_3171.JPEG,649,megalith
train/n03743016/n03743016_32921.JPEG,649,megalith
train/n03743016/n03743016_4401.JPEG,649,megalith
train/n03743016/n03743016_31832.JPEG,649,megalith
train/n03743016/n03743016_4839.JPEG,649,megalith
train/n03743016/n03743016_30983.JPEG,649,megalith
train/n03743016/n03743016_17392.JPEG,649,megalith
train/n03743016/n03743016_7605.JPEG,649,megalith
train/n03743016/n03743016_8894.JPEG,649,megalith
train/n03743016/n03743016_15929.JPEG,649,megalith
train/n03743016/n03743016_32682.JPEG,649,megalith
train/n03743016/n03743016_27933.JPEG,649,megalith
train/n03743016/n03743016_9601.JPEG,649,megalith
train/n03759954/n03759954_7496.JPEG,650,microphone
train/n03759954/n03759954_22496.JPEG,650,microphone
train/n03759954/n03759954_20202.JPEG,650,microphone
train/n03759954/n03759954_19147.JPEG,650,microphone
train/n03759954/n03759954_18758.JPEG,650,microphone
train/n03759954/n03759954_17259.JPEG,650,microphone
train/n03759954/n03759954_21618.JPEG,650,microphone
train/n03759954/n03759954_10476.JPEG,650,microphone
train/n03759954/n03759954_18904.JPEG,650,microphone
train/n03759954/n03759954_26332.JPEG,650,microphone
train/n03759954/n03759954_13059.JPEG,650,microphone
train/n03759954/n03759954_24084.JPEG,650,microphone
train/n03759954/n03759954_19812.JPEG,650,microphone
train/n03759954/n03759954_19484.JPEG,650,microphone
train/n03759954/n03759954_2811.JPEG,650,microphone
train/n03759954/n03759954_1578.JPEG,650,microphone
train/n03761084/n03761084_12862.JPEG,651,microwave oven
train/n03761084/n03761084_11515.JPEG,651,microwave oven
train/n03761084/n03761084_6513.JPEG,651,microwave oven
train/n03761084/n03761084_172.JPEG,651,microwave oven
train/n03761084/n03761084_9090.JPEG,651,microwave oven
train/n03761084/n03761084_41713.JPEG,651,microwave oven
train/n03761084/n03761084_6168.JPEG,651,microwave oven
train/n03761084/n03761084_1055.JPEG,651,microwave oven
train/n03761084/n03761084_5210.JPEG,651,microwave oven
train/n03761084/n03761084_5649.JPEG,651,microwave oven
train/n03761084/n03761084_16809.JPEG,651,microwave oven
train/n03761084/n03761084_6419.JPEG,651,microwave oven
train/n03761084/n03761084_30793.JPEG,651,microwave oven
train/n03761084/n03761084_27521.JPEG,651,microwave oven
train/n03761084/n03761084_13604.JPEG,651,microwave oven
train/n03761084/n03761084_12822.JPEG,651,microwave oven
train/n03763968/n03763968_6054.JPEG,652,military uniform
train/n03763968/n03763968_6825.JPEG,652,military uniform
train/n03763968/n03763968_5287.JPEG,652,military uniform
train/n03763968/n03763968_1033.JPEG,652,military uniform
train/n03763968/n03763968_4597.JPEG,652,military uniform
train/n03763968/n03763968_4215.JPEG,652,military uniform
train/n03763968/n03763968_3518.JPEG,652,military uniform
train/n03763968/n03763968_929.JPEG,652,military uniform
train/n03763968/n03763968_8003.JPEG,652,military uniform
train/n03763968/n03763968_10072.JPEG,652,military uniform
train/n03763968/n03763968_505.JPEG,652,military uniform
train/n03763968/n03763968_3011.JPEG,652,military uniform
train/n03763968/n03763968_11807.JPEG,652,military uniform
train/n03763968/n03763968_7491.JPEG,652,military uniform
train/n03763968/n03763968_7209.JPEG,652,military uniform
train/n03763968/n03763968_1670.JPEG,652,military uniform
train/n03764736/n03764736_3884.JPEG,653,milk can
train/n03764736/n03764736_18877.JPEG,653,milk can
train/n03764736/n03764736_1791.JPEG,653,milk can
train/n03764736/n03764736_923.JPEG,653,milk can
train/n03764736/n03764736_883.JPEG,653,milk can
train/n03764736/n03764736_1905.JPEG,653,milk can
train/n03764736/n03764736_21338.JPEG,653,milk can
train/n03764736/n03764736_17346.JPEG,653,milk can
train/n03764736/n03764736_11162.JPEG,653,milk can
train/n03764736/n03764736_1943.JPEG,653,milk can
train/n03764736/n03764736_3089.JPEG,653,milk can
train/n03764736/n03764736_22770.JPEG,653,milk can
train/n03764736/n03764736_9096.JPEG,653,milk can
train/n03764736/n03764736_7321.JPEG,653,milk can
train/n03764736/n03764736_2444.JPEG,653,milk can
train/n03764736/n03764736_1434.JPEG,653,milk can
train/n03769881/n03769881_468.JPEG,654,minibus
train/n03769881/n03769881_12024.JPEG,654,minibus
train/n03769881/n03769881_7828.JPEG,654,minibus
train/n03769881/n03769881_517.JPEG,654,minibus
train/n03769881/n03769881_5691.JPEG,654,minibus
train/n03769881/n03769881_5447.JPEG,654,minibus
train/n03769881/n03769881_12849.JPEG,654,minibus
train/n03769881/n03769881_14344.JPEG,654,minibus
train/n03769881/n03769881_3555.JPEG,654,minibus
train/n03769881/n03769881_5257.JPEG,654,minibus
train/n03769881/n03769881_1623.JPEG,654,minibus
train/n03769881/n03769881_9088.JPEG,654,minibus
train/n03769881/n03769881_3959.JPEG,654,minibus
train/n03769881/n03769881_3154.JPEG,654,minibus
train/n03769881/n03769881_8563.JPEG,654,minibus
train/n03769881/n03769881_6561.JPEG,654,minibus
train/n03770439/n03770439_3046.JPEG,655,miniskirt
train/n03770439/n03770439_8483.JPEG,655,miniskirt
train/n03770439/n03770439_13443.JPEG,655,miniskirt
train/n03770439/n03770439_28384.JPEG,655,miniskirt
train/n03770439/n03770439_4941.JPEG,655,miniskirt
train/n03770439/n03770439_13529.JPEG,655,miniskirt
train/n03770439/n03770439_4907.JPEG,655,miniskirt
train/n03770439/n03770439_964.JPEG,655,miniskirt
train/n03770439/n03770439_16989.JPEG,655,miniskirt
train/n03770439/n03770439_17919.JPEG,655,miniskirt
train/n03770439/n03770439_9623.JPEG,655,miniskirt
train/n03770439/n03770439_6530.JPEG,655,miniskirt
train/n03770439/n03770439_30962.JPEG,655,miniskirt
train/n03770439/n03770439_661.JPEG,655,miniskirt
train/n03770439/n03770439_10923.JPEG,655,miniskirt
train/n03770439/n03770439_17532.JPEG,655,miniskirt
train/n03770679/n03770679_20779.JPEG,656,minivan
train/n03770679/n03770679_3381.JPEG,656,minivan
train/n03770679/n03770679_13189.JPEG,656,minivan
train/n03770679/n03770679_4923.JPEG,656,minivan
train/n03770679/n03770679_6134.JPEG,656,minivan
train/n03770679/n03770679_7112.JPEG,656,minivan
train/n03770679/n03770679_8561.JPEG,656,minivan
train/n03770679/n03770679_31126.JPEG,656,minivan
train/n03770679/n03770679_12259.JPEG,656,minivan
train/n03770679/n03770679_12701.JPEG,656,minivan
train/n03770679/n03770679_9723.JPEG,656,minivan
train/n03770679/n03770679_18367.JPEG,656,minivan
train/n03770679/n03770679_21466.JPEG,656,minivan
train/n03770679/n03770679_5312.JPEG,656,minivan
train/n03770679/n03770679_9818.JPEG,656,minivan
train/n03770679/n03770679_499.JPEG,656,minivan
train/n03773504/n03773504_10423.JPEG,657,missile
train/n03773504/n03773504_13206.JPEG,657,missile
train/n03773504/n03773504_19299.JPEG,657,missile
train/n03773504/n03773504_16410.JPEG,657,missile
train/n03773504/n03773504_14181.JPEG,657,missile
train/n03773504/n03773504_5446.JPEG,657,missile
train/n03773504/n03773504_571.JPEG,657,missile
train/n03773504/n03773504_9986.JPEG,657,missile
train/n03773504/n03773504_12157.JPEG,657,missile
train/n03773504/n03773504_4660.JPEG,657,missile
train/n03773504/n03773504_28808.JPEG,657,missile
train/n03773504/n03773504_27761.JPEG,657,missile
train/n03773504/n03773504_2372.JPEG,657,missile
train/n03773504/n03773504_17345.JPEG,657,missile
train/n03773504/n03773504_2840.JPEG,657,missile
train/n03773504/n03773504_27825.JPEG,657,missile
train/n03775071/n03775071_11142.JPEG,658,mitten
train/n03775071/n03775071_8670.JPEG,658,mitten
train/n03775071/n03775071_28108.JPEG,658,mitten
train/n03775071/n03775071_33485.JPEG,658,mitten
train/n03775071/n03775071_5443.JPEG,658,mitten
train/n03775071/n03775071_23848.JPEG,658,mitten
train/n03775071/n03775071_5526.JPEG,658,mitten
train/n03775071/n03775071_4724.JPEG,658,mitten
train/n03775071/n03775071_19113.JPEG,658,mitten
train/n03775071/n03775071_8021.JPEG,658,mitten
train/n03775071/n03775071_2020.JPEG,658,mitten
train/n03775071/n03775071_9518.JPEG,658,mitten
train/n03775071/n03775071_6664.JPEG,658,mitten
train/n03775071/n03775071_7685.JPEG,658,mitten
train/n03775071/n03775071_5157.JPEG,658,mitten
train/n03775071/n03775071_6507.JPEG,658,mitten
train/n03775546/n03775546_12573.JPEG,659,mixing bowl
train/n03775546/n03775546_5274.JPEG,659,mixing bowl
train/n03775546/n03775546_10190.JPEG,659,mixing bowl
train/n03775546/n03775546_13964.JPEG,659,mixing bowl
train/n03775546/n03775546_8192.JPEG,659,mixing bowl
train/n03775546/n03775546_8928.JPEG,659,mixing bowl
train/n03775546/n03775546_716.JPEG,659,mixing bowl
train/n03775546/n03775546_1814.JPEG,659,mixing bowl
train/n03775546/n03775546_2397.JPEG,659,mixing bowl
train/n03775546/n03775546_20085.JPEG,659,mixing bowl
train/n03775546/n03775546_5561.JPEG,659,mixing bowl
train/n03775546/n03775546_5137.JPEG,659,mixing bowl
train/n03775546/n03775546_8253.JPEG,659,mixing bowl
train/n03775546/n03775546_8235.JPEG,659,mixing bowl
train/n03775546/n03775546_15348.JPEG,659,mixing bowl
train/n03775546/n03775546_16758.JPEG,659,mixing bowl
train/n03776460/n03776460_4846.JPEG,660,mobile home
train/n03776460/n03776460_19192.JPEG,660,mobile home
train/n03776460/n03776460_20376.JPEG,660,mobile home
train/n03776460/n03776460_19080.JPEG,660,mobile home
train/n03776460/n03776460_21976.JPEG,660,mobile home
train/n03776460/n03776460_4248.JPEG,660,mobile home
train/n03776460/n03776460_5113.JPEG,660,mobile home
train/n03776460/n03776460_4041.JPEG,660,mobile home
train/n03776460/n03776460_1486.JPEG,660,mobile home
train/n03776460/n03776460_20833.JPEG,660,mobile home
train/n03776460/n03776460_735.JPEG,660,mobile home
train/n03776460/n03776460_6630.JPEG,660,mobile home
train/n03776460/n03776460_19304.JPEG,660,mobile home
train/n03776460/n03776460_4914.JPEG,660,mobile home
train/n03776460/n03776460_9686.JPEG,660,mobile home
train/n03776460/n03776460_5293.JPEG,660,mobile home
train/n03777568/n03777568_8528.JPEG,661,ford model t
train/n03777568/n03777568_4394.JPEG,661,ford model t
train/n03777568/n03777568_5495.JPEG,661,ford model t
train/n03777568/n03777568_12766.JPEG,661,ford model t
train/n03777568/n03777568_10368.JPEG,661,ford model t
train/n03777568/n03777568_9296.JPEG,661,ford model t
train/n03777568/n03777568_13553.JPEG,661,ford model t
train/n03777568/n03777568_12121.JPEG,661,ford model t
train/n03777568/n03777568_2040.JPEG,661,ford model t
train/n03777568/n03777568_7226.JPEG,661,ford model t
train/n03777568/n03777568_4311.JPEG,661,ford model t
train/n03777568/n03777568_5660.JPEG,661,ford model t
train/n03777568/n03777568_306.JPEG,661,ford model t
train/n03777568/n03777568_10957.JPEG,661,ford model t
train/n03777568/n03777568_10106.JPEG,661,ford model t
train/n03777568/n03777568_10327.JPEG,661,ford model t
train/n03777754/n03777754_6042.JPEG,662,modem
train/n03777754/n03777754_7636.JPEG,662,modem
train/n03777754/n03777754_7846.JPEG,662,modem
train/n03777754/n03777754_6037.JPEG,662,modem
train/n03777754/n03777754_6557.JPEG,662,modem
train/n03777754/n03777754_9288.JPEG,662,modem
train/n03777754/n03777754_13753.JPEG,662,modem
train/n03777754/n03777754_2763.JPEG,662,modem
train/n03777754/n03777754_10834.JPEG,662,modem
train/n03777754/n03777754_12634.JPEG,662,modem
train/n03777754/n03777754_6635.JPEG,662,modem
train/n03777754/n03777754_2124.JPEG,662,modem
train/n03777754/n03777754_7347.JPEG,662,modem
train/n03777754/n03777754_1660.JPEG,662,modem
train/n03777754/n03777754_3171.JPEG,662,modem
train/n03777754/n03777754_8716.JPEG,662,modem
train/n03781244/n03781244_5873.JPEG,663,monastery
train/n03781244/n03781244_36308.JPEG,663,monastery
train/n03781244/n03781244_15422.JPEG,663,monastery
train/n03781244/n03781244_132286.JPEG,663,monastery
train/n03781244/n03781244_103133.JPEG,663,monastery
train/n03781244/n03781244_14410.JPEG,663,monastery
train/n03781244/n03781244_900.JPEG,663,monastery
train/n03781244/n03781244_40665.JPEG,663,monastery
train/n03781244/n03781244_5649.JPEG,663,monastery
train/n03781244/n03781244_6994.JPEG,663,monastery
train/n03781244/n03781244_11825.JPEG,663,monastery
train/n03781244/n03781244_13361.JPEG,663,monastery
train/n03781244/n03781244_91256.JPEG,663,monastery
train/n03781244/n03781244_54386.JPEG,663,monastery
train/n03781244/n03781244_55946.JPEG,663,monastery
train/n03781244/n03781244_86071.JPEG,663,monastery
train/n03782006/n03782006_5542.JPEG,664,monitor
train/n03782006/n03782006_1275.JPEG,664,monitor
train/n03782006/n03782006_12809.JPEG,664,monitor
train/n03782006/n03782006_6777.JPEG,664,monitor
train/n03782006/n03782006_580.JPEG,664,monitor
train/n03782006/n03782006_11524.JPEG,664,monitor
train/n03782006/n03782006_8126.JPEG,664,monitor
train/n03782006/n03782006_2939.JPEG,664,monitor
train/n03782006/n03782006_14185.JPEG,664,monitor
train/n03782006/n03782006_10313.JPEG,664,monitor
train/n03782006/n03782006_27193.JPEG,664,monitor
train/n03782006/n03782006_10402.JPEG,664,monitor
train/n03782006/n03782006_14402.JPEG,664,monitor
train/n03782006/n03782006_13288.JPEG,664,monitor
train/n03782006/n03782006_24633.JPEG,664,monitor
train/n03782006/n03782006_3174.JPEG,664,monitor
train/n03785016/n03785016_8926.JPEG,665,moped
train/n03785016/n03785016_6487.JPEG,665,moped
train/n03785016/n03785016_4610.JPEG,665,moped
train/n03785016/n03785016_40324.JPEG,665,moped
train/n03785016/n03785016_2025.JPEG,665,moped
train/n03785016/n03785016_6809.JPEG,665,moped
train/n03785016/n03785016_626.JPEG,665,moped
train/n03785016/n03785016_22677.JPEG,665,moped
train/n03785016/n03785016_12907.JPEG,665,moped
train/n03785016/n03785016_6156.JPEG,665,moped
train/n03785016/n03785016_21677.JPEG,665,moped
train/n03785016/n03785016_14852.JPEG,665,moped
train/n03785016/n03785016_6672.JPEG,665,moped
train/n03785016/n03785016_9260.JPEG,665,moped
train/n03785016/n03785016_18495.JPEG,665,moped
train/n03785016/n03785016_6239.JPEG,665,moped
train/n03786901/n03786901_10911.JPEG,666,mortar and pestle
train/n03786901/n03786901_19142.JPEG,666,mortar and pestle
train/n03786901/n03786901_10287.JPEG,666,mortar and pestle
train/n03786901/n03786901_18283.JPEG,666,mortar and pestle
train/n03786901/n03786901_19664.JPEG,666,mortar and pestle
train/n03786901/n03786901_15607.JPEG,666,mortar and pestle
train/n03786901/n03786901_11874.JPEG,666,mortar and pestle
train/n03786901/n03786901_10777.JPEG,666,mortar and pestle
train/n03786901/n03786901_11549.JPEG,666,mortar and pestle
train/n03786901/n03786901_7972.JPEG,666,mortar and pestle
train/n03786901/n03786901_11061.JPEG,666,mortar and pestle
train/n03786901/n03786901_16542.JPEG,666,mortar and pestle
train/n03786901/n03786901_11252.JPEG,666,mortar and pestle
train/n03786901/n03786901_2632.JPEG,666,mortar and pestle
train/n03786901/n03786901_3445.JPEG,666,mortar and pestle
train/n03786901/n03786901_10117.JPEG,666,mortar and pestle
train/n03787032/n03787032_13538.JPEG,667,graduation cap
train/n03787032/n03787032_1565.JPEG,667,graduation cap
train/n03787032/n03787032_9843.JPEG,667,graduation cap
train/n03787032/n03787032_9012.JPEG,667,graduation cap
train/n03787032/n03787032_11990.JPEG,667,graduation cap
train/n03787032/n03787032_4941.JPEG,667,graduation cap
train/n03787032/n03787032_8153.JPEG,667,graduation cap
train/n03787032/n03787032_532.JPEG,667,graduation cap
train/n03787032/n03787032_15151.JPEG,667,graduation cap
train/n03787032/n03787032_4003.JPEG,667,graduation cap
train/n03787032/n03787032_8489.JPEG,667,graduation cap
train/n03787032/n03787032_3738.JPEG,667,graduation cap
train/n03787032/n03787032_9556.JPEG,667,graduation cap
train/n03787032/n03787032_8780.JPEG,667,graduation cap
train/n03787032/n03787032_7832.JPEG,667,graduation cap
train/n03787032/n03787032_9110.JPEG,667,graduation cap
train/n03788195/n03788195_9962.JPEG,668,mosque
train/n03788195/n03788195_9936.JPEG,668,mosque
train/n03788195/n03788195_39263.JPEG,668,mosque
train/n03788195/n03788195_15956.JPEG,668,mosque
train/n03788195/n03788195_32027.JPEG,668,mosque
train/n03788195/n03788195_7934.JPEG,668,mosque
train/n03788195/n03788195_13851.JPEG,668,mosque
train/n03788195/n03788195_21320.JPEG,668,mosque
train/n03788195/n03788195_4468.JPEG,668,mosque
train/n03788195/n03788195_832.JPEG,668,mosque
train/n03788195/n03788195_61333.JPEG,668,mosque
train/n03788195/n03788195_18012.JPEG,668,mosque
train/n03788195/n03788195_16149.JPEG,668,mosque
train/n03788195/n03788195_14357.JPEG,668,mosque
train/n03788195/n03788195_15271.JPEG,668,mosque
train/n03788195/n03788195_9242.JPEG,668,mosque
train/n03788365/n03788365_10011.JPEG,669,mosquito net
train/n03788365/n03788365_7737.JPEG,669,mosquito net
train/n03788365/n03788365_10814.JPEG,669,mosquito net
train/n03788365/n03788365_7640.JPEG,669,mosquito net
train/n03788365/n03788365_9012.JPEG,669,mosquito net
train/n03788365/n03788365_6998.JPEG,669,mosquito net
train/n03788365/n03788365_19951.JPEG,669,mosquito net
train/n03788365/n03788365_6907.JPEG,669,mosquito net
train/n03788365/n03788365_13694.JPEG,669,mosquito net
train/n03788365/n03788365_7441.JPEG,669,mosquito net
train/n03788365/n03788365_24338.JPEG,669,mosquito net
train/n03788365/n03788365_12879.JPEG,669,mosquito net
train/n03788365/n03788365_13256.JPEG,669,mosquito net
train/n03788365/n03788365_18558.JPEG,669,mosquito net
train/n03788365/n03788365_182.JPEG,669,mosquito net
train/n03788365/n03788365_7649.JPEG,669,mosquito net
train/n03791053/n03791053_12915.JPEG,670,vespa
train/n03791053/n03791053_8878.JPEG,670,vespa
train/n03791053/n03791053_1215.JPEG,670,vespa
train/n03791053/n03791053_18062.JPEG,670,vespa
train/n03791053/n03791053_16372.JPEG,670,vespa
train/n03791053/n03791053_4754.JPEG,670,vespa
train/n03791053/n03791053_30995.JPEG,670,vespa
train/n03791053/n03791053_14142.JPEG,670,vespa
train/n03791053/n03791053_10464.JPEG,670,vespa
train/n03791053/n03791053_7823.JPEG,670,vespa
train/n03791053/n03791053_387.JPEG,670,vespa
train/n03791053/n03791053_21430.JPEG,670,vespa
train/n03791053/n03791053_23641.JPEG,670,vespa
train/n03791053/n03791053_15781.JPEG,670,vespa
train/n03791053/n03791053_10474.JPEG,670,vespa
train/n03791053/n03791053_9372.JPEG,670,vespa
train/n03792782/n03792782_9991.JPEG,671,mountain bike
train/n03792782/n03792782_6857.JPEG,671,mountain bike
train/n03792782/n03792782_5532.JPEG,671,mountain bike
train/n03792782/n03792782_14531.JPEG,671,mountain bike
train/n03792782/n03792782_19739.JPEG,671,mountain bike
train/n03792782/n03792782_7820.JPEG,671,mountain bike
train/n03792782/n03792782_17503.JPEG,671,mountain bike
train/n03792782/n03792782_53662.JPEG,671,mountain bike
train/n03792782/n03792782_2364.JPEG,671,mountain bike
train/n03792782/n03792782_12691.JPEG,671,mountain bike
train/n03792782/n03792782_7139.JPEG,671,mountain bike
train/n03792782/n03792782_4538.JPEG,671,mountain bike
train/n03792782/n03792782_10612.JPEG,671,mountain bike
train/n03792782/n03792782_4222.JPEG,671,mountain bike
train/n03792782/n03792782_7357.JPEG,671,mountain bike
train/n03792782/n03792782_13067.JPEG,671,mountain bike
train/n03792972/n03792972_1582.JPEG,672,tent
train/n03792972/n03792972_519.JPEG,672,tent
train/n03792972/n03792972_3107.JPEG,672,tent
train/n03792972/n03792972_5305.JPEG,672,tent
train/n03792972/n03792972_3711.JPEG,672,tent
train/n03792972/n03792972_2235.JPEG,672,tent
train/n03792972/n03792972_19449.JPEG,672,tent
train/n03792972/n03792972_1038.JPEG,672,tent
train/n03792972/n03792972_7442.JPEG,672,tent
train/n03792972/n03792972_7079.JPEG,672,tent
train/n03792972/n03792972_20551.JPEG,672,tent
train/n03792972/n03792972_18018.JPEG,672,tent
train/n03792972/n03792972_5665.JPEG,672,tent
train/n03792972/n03792972_18969.JPEG,672,tent
train/n03792972/n03792972_17186.JPEG,672,tent
train/n03792972/n03792972_897.JPEG,672,tent
train/n03793489/n03793489_8102.JPEG,673,computer mouse
train/n03793489/n03793489_82132.JPEG,673,computer mouse
train/n03793489/n03793489_12048.JPEG,673,computer mouse
train/n03793489/n03793489_12246.JPEG,673,computer mouse
train/n03793489/n03793489_8338.JPEG,673,computer mouse
train/n03793489/n03793489_15001.JPEG,673,computer mouse
train/n03793489/n03793489_11223.JPEG,673,computer mouse
train/n03793489/n03793489_80264.JPEG,673,computer mouse
train/n03793489/n03793489_11507.JPEG,673,computer mouse
train/n03793489/n03793489_10881.JPEG,673,computer mouse
train/n03793489/n03793489_6010.JPEG,673,computer mouse
train/n03793489/n03793489_9676.JPEG,673,computer mouse
train/n03793489/n03793489_18128.JPEG,673,computer mouse
train/n03793489/n03793489_29.JPEG,673,computer mouse
train/n03793489/n03793489_1347.JPEG,673,computer mouse
train/n03793489/n03793489_8794.JPEG,673,computer mouse
train/n03794056/n03794056_6567.JPEG,674,mousetrap
train/n03794056/n03794056_5786.JPEG,674,mousetrap
train/n03794056/n03794056_13055.JPEG,674,mousetrap
train/n03794056/n03794056_17014.JPEG,674,mousetrap
train/n03794056/n03794056_22163.JPEG,674,mousetrap
train/n03794056/n03794056_16607.JPEG,674,mousetrap
train/n03794056/n03794056_30539.JPEG,674,mousetrap
train/n03794056/n03794056_2637.JPEG,674,mousetrap
train/n03794056/n03794056_20480.JPEG,674,mousetrap
train/n03794056/n03794056_10784.JPEG,674,mousetrap
train/n03794056/n03794056_26707.JPEG,674,mousetrap
train/n03794056/n03794056_13158.JPEG,674,mousetrap
train/n03794056/n03794056_12549.JPEG,674,mousetrap
train/n03794056/n03794056_22958.JPEG,674,mousetrap
train/n03794056/n03794056_17870.JPEG,674,mousetrap
train/n03794056/n03794056_16713.JPEG,674,mousetrap
train/n03796401/n03796401_22906.JPEG,675,moving van
train/n03796401/n03796401_10198.JPEG,675,moving van
train/n03796401/n03796401_6019.JPEG,675,moving van
train/n03796401/n03796401_19561.JPEG,675,moving van
train/n03796401/n03796401_7455.JPEG,675,moving van
train/n03796401/n03796401_17985.JPEG,675,moving van
train/n03796401/n03796401_16608.JPEG,675,moving van
train/n03796401/n03796401_21994.JPEG,675,moving van
train/n03796401/n03796401_2864.JPEG,675,moving van
train/n03796401/n03796401_1777.JPEG,675,moving van
train/n03796401/n03796401_4321.JPEG,675,moving van
train/n03796401/n03796401_3210.JPEG,675,moving van
train/n03796401/n03796401_28635.JPEG,675,moving van
train/n03796401/n03796401_5437.JPEG,675,moving van
train/n03796401/n03796401_11240.JPEG,675,moving van
train/n03796401/n03796401_17633.JPEG,675,moving van
train/n03803284/n03803284_12636.JPEG,676,muzzle
train/n03803284/n03803284_12623.JPEG,676,muzzle
train/n03803284/n03803284_11516.JPEG,676,muzzle
train/n03803284/n03803284_2840.JPEG,676,muzzle
train/n03803284/n03803284_3151.JPEG,676,muzzle
train/n03803284/n03803284_16250.JPEG,676,muzzle
train/n03803284/n03803284_5922.JPEG,676,muzzle
train/n03803284/n03803284_4385.JPEG,676,muzzle
train/n03803284/n03803284_13651.JPEG,676,muzzle
train/n03803284/n03803284_10307.JPEG,676,muzzle
train/n03803284/n03803284_24437.JPEG,676,muzzle
train/n03803284/n03803284_4532.JPEG,676,muzzle
train/n03803284/n03803284_15011.JPEG,676,muzzle
train/n03803284/n03803284_8896.JPEG,676,muzzle
train/n03803284/n03803284_10030.JPEG,676,muzzle
train/n03803284/n03803284_25744.JPEG,676,muzzle
train/n03804744/n03804744_39124.JPEG,677,metal nail
train/n03804744/n03804744_12884.JPEG,677,metal nail
train/n03804744/n03804744_2848.JPEG,677,metal nail
train/n03804744/n03804744_6821.JPEG,677,metal nail
train/n03804744/n03804744_4194.JPEG,677,metal nail
train/n03804744/n03804744_13135.JPEG,677,metal nail
train/n03804744/n03804744_6294.JPEG,677,metal nail
train/n03804744/n03804744_6261.JPEG,677,metal nail
train/n03804744/n03804744_7430.JPEG,677,metal nail
train/n03804744/n03804744_7469.JPEG,677,metal nail
train/n03804744/n03804744_4697.JPEG,677,metal nail
train/n03804744/n03804744_19779.JPEG,677,metal nail
train/n03804744/n03804744_41985.JPEG,677,metal nail
train/n03804744/n03804744_6085.JPEG,677,metal nail
train/n03804744/n03804744_10034.JPEG,677,metal nail
train/n03804744/n03804744_2102.JPEG,677,metal nail
train/n03814639/n03814639_5491.JPEG,678,neck brace
train/n03814639/n03814639_2066.JPEG,678,neck brace
train/n03814639/n03814639_2827.JPEG,678,neck brace
train/n03814639/n03814639_1971.JPEG,678,neck brace
train/n03814639/n03814639_221.JPEG,678,neck brace
train/n03814639/n03814639_18776.JPEG,678,neck brace
train/n03814639/n03814639_3052.JPEG,678,neck brace
train/n03814639/n03814639_7682.JPEG,678,neck brace
train/n03814639/n03814639_14692.JPEG,678,neck brace
train/n03814639/n03814639_4226.JPEG,678,neck brace
train/n03814639/n03814639_5841.JPEG,678,neck brace
train/n03814639/n03814639_1313.JPEG,678,neck brace
train/n03814639/n03814639_6146.JPEG,678,neck brace
train/n03814639/n03814639_6231.JPEG,678,neck brace
train/n03814639/n03814639_713.JPEG,678,neck brace
train/n03814639/n03814639_4418.JPEG,678,neck brace
train/n03814906/n03814906_48319.JPEG,679,necklace
train/n03814906/n03814906_15731.JPEG,679,necklace
train/n03814906/n03814906_12341.JPEG,679,necklace
train/n03814906/n03814906_44141.JPEG,679,necklace
train/n03814906/n03814906_1756.JPEG,679,necklace
train/n03814906/n03814906_76964.JPEG,679,necklace
train/n03814906/n03814906_62671.JPEG,679,necklace
train/n03814906/n03814906_2515.JPEG,679,necklace
train/n03814906/n03814906_66797.JPEG,679,necklace
train/n03814906/n03814906_35968.JPEG,679,necklace
train/n03814906/n03814906_90108.JPEG,679,necklace
train/n03814906/n03814906_25317.JPEG,679,necklace
train/n03814906/n03814906_32593.JPEG,679,necklace
train/n03814906/n03814906_12560.JPEG,679,necklace
train/n03814906/n03814906_34980.JPEG,679,necklace
train/n03814906/n03814906_16365.JPEG,679,necklace
train/n03825788/n03825788_23033.JPEG,680,baby pacifier
train/n03825788/n03825788_2562.JPEG,680,baby pacifier
train/n03825788/n03825788_16754.JPEG,680,baby pacifier
train/n03825788/n03825788_16568.JPEG,680,baby pacifier
train/n03825788/n03825788_18163.JPEG,680,baby pacifier
train/n03825788/n03825788_54187.JPEG,680,baby pacifier
train/n03825788/n03825788_1179.JPEG,680,baby pacifier
train/n03825788/n03825788_16274.JPEG,680,baby pacifier
train/n03825788/n03825788_23164.JPEG,680,baby pacifier
train/n03825788/n03825788_4359.JPEG,680,baby pacifier
train/n03825788/n03825788_2378.JPEG,680,baby pacifier
train/n03825788/n03825788_21718.JPEG,680,baby pacifier
train/n03825788/n03825788_47731.JPEG,680,baby pacifier
train/n03825788/n03825788_54561.JPEG,680,baby pacifier
train/n03825788/n03825788_43763.JPEG,680,baby pacifier
train/n03825788/n03825788_7677.JPEG,680,baby pacifier
train/n03832673/n03832673_11097.JPEG,681,notebook computer
train/n03832673/n03832673_5785.JPEG,681,notebook computer
train/n03832673/n03832673_16629.JPEG,681,notebook computer
train/n03832673/n03832673_15185.JPEG,681,notebook computer
train/n03832673/n03832673_6330.JPEG,681,notebook computer
train/n03832673/n03832673_12357.JPEG,681,notebook computer
train/n03832673/n03832673_16345.JPEG,681,notebook computer
train/n03832673/n03832673_20056.JPEG,681,notebook computer
train/n03832673/n03832673_12180.JPEG,681,notebook computer
train/n03832673/n03832673_3793.JPEG,681,notebook computer
train/n03832673/n03832673_21690.JPEG,681,notebook computer
train/n03832673/n03832673_22755.JPEG,681,notebook computer
train/n03832673/n03832673_2525.JPEG,681,notebook computer
train/n03832673/n03832673_28224.JPEG,681,notebook computer
train/n03832673/n03832673_32514.JPEG,681,notebook computer
train/n03832673/n03832673_13333.JPEG,681,notebook computer
train/n03837869/n03837869_1576.JPEG,682,obelisk
train/n03837869/n03837869_1161.JPEG,682,obelisk
train/n03837869/n03837869_1968.JPEG,682,obelisk
train/n03837869/n03837869_1687.JPEG,682,obelisk
train/n03837869/n03837869_10013.JPEG,682,obelisk
train/n03837869/n03837869_11449.JPEG,682,obelisk
train/n03837869/n03837869_8188.JPEG,682,obelisk
train/n03837869/n03837869_8447.JPEG,682,obelisk
train/n03837869/n03837869_9413.JPEG,682,obelisk
train/n03837869/n03837869_5991.JPEG,682,obelisk
train/n03837869/n03837869_81.JPEG,682,obelisk
train/n03837869/n03837869_4722.JPEG,682,obelisk
train/n03837869/n03837869_8815.JPEG,682,obelisk
train/n03837869/n03837869_7032.JPEG,682,obelisk
train/n03837869/n03837869_2170.JPEG,682,obelisk
train/n03837869/n03837869_1685.JPEG,682,obelisk
train/n03838899/n03838899_3840.JPEG,683,oboe
train/n03838899/n03838899_6918.JPEG,683,oboe
train/n03838899/n03838899_30739.JPEG,683,oboe
train/n03838899/n03838899_10318.JPEG,683,oboe
train/n03838899/n03838899_28629.JPEG,683,oboe
train/n03838899/n03838899_23078.JPEG,683,oboe
train/n03838899/n03838899_6128.JPEG,683,oboe
train/n03838899/n03838899_42028.JPEG,683,oboe
train/n03838899/n03838899_9300.JPEG,683,oboe
train/n03838899/n03838899_26866.JPEG,683,oboe
train/n03838899/n03838899_46573.JPEG,683,oboe
train/n03838899/n03838899_6090.JPEG,683,oboe
train/n03838899/n03838899_11907.JPEG,683,oboe
train/n03838899/n03838899_13839.JPEG,683,oboe
train/n03838899/n03838899_12513.JPEG,683,oboe
train/n03838899/n03838899_31262.JPEG,683,oboe
train/n03840681/n03840681_18763.JPEG,684,ocarina
train/n03840681/n03840681_9393.JPEG,684,ocarina
train/n03840681/n03840681_14309.JPEG,684,ocarina
train/n03840681/n03840681_39947.JPEG,684,ocarina
train/n03840681/n03840681_38540.JPEG,684,ocarina
train/n03840681/n03840681_10268.JPEG,684,ocarina
train/n03840681/n03840681_7946.JPEG,684,ocarina
train/n03840681/n03840681_6430.JPEG,684,ocarina
train/n03840681/n03840681_17414.JPEG,684,ocarina
train/n03840681/n03840681_24608.JPEG,684,ocarina
train/n03840681/n03840681_26100.JPEG,684,ocarina
train/n03840681/n03840681_4825.JPEG,684,ocarina
train/n03840681/n03840681_8722.JPEG,684,ocarina
train/n03840681/n03840681_14321.JPEG,684,ocarina
train/n03840681/n03840681_13452.JPEG,684,ocarina
train/n03840681/n03840681_5596.JPEG,684,ocarina
train/n03841143/n03841143_11454.JPEG,685,odometer
train/n03841143/n03841143_8077.JPEG,685,odometer
train/n03841143/n03841143_1916.JPEG,685,odometer
train/n03841143/n03841143_24297.JPEG,685,odometer
train/n03841143/n03841143_9448.JPEG,685,odometer
train/n03841143/n03841143_5167.JPEG,685,odometer
train/n03841143/n03841143_6742.JPEG,685,odometer
train/n03841143/n03841143_9567.JPEG,685,odometer
train/n03841143/n03841143_3318.JPEG,685,odometer
train/n03841143/n03841143_17009.JPEG,685,odometer
train/n03841143/n03841143_31102.JPEG,685,odometer
train/n03841143/n03841143_16439.JPEG,685,odometer
train/n03841143/n03841143_3155.JPEG,685,odometer
train/n03841143/n03841143_13448.JPEG,685,odometer
train/n03841143/n03841143_3669.JPEG,685,odometer
train/n03841143/n03841143_18348.JPEG,685,odometer
train/n03843555/n03843555_6774.JPEG,686,oil filter
train/n03843555/n03843555_6799.JPEG,686,oil filter
train/n03843555/n03843555_10270.JPEG,686,oil filter
train/n03843555/n03843555_2986.JPEG,686,oil filter
train/n03843555/n03843555_12516.JPEG,686,oil filter
train/n03843555/n03843555_19021.JPEG,686,oil filter
train/n03843555/n03843555_1828.JPEG,686,oil filter
train/n03843555/n03843555_11669.JPEG,686,oil filter
train/n03843555/n03843555_9895.JPEG,686,oil filter
train/n03843555/n03843555_11162.JPEG,686,oil filter
train/n03843555/n03843555_9576.JPEG,686,oil filter
train/n03843555/n03843555_4751.JPEG,686,oil filter
train/n03843555/n03843555_1950.JPEG,686,oil filter
train/n03843555/n03843555_5554.JPEG,686,oil filter
train/n03843555/n03843555_14003.JPEG,686,oil filter
train/n03843555/n03843555_7853.JPEG,686,oil filter
train/n03854065/n03854065_40815.JPEG,687,pipe organ
train/n03854065/n03854065_3796.JPEG,687,pipe organ
train/n03854065/n03854065_6011.JPEG,687,pipe organ
train/n03854065/n03854065_60973.JPEG,687,pipe organ
train/n03854065/n03854065_14757.JPEG,687,pipe organ
train/n03854065/n03854065_13313.JPEG,687,pipe organ
train/n03854065/n03854065_69223.JPEG,687,pipe organ
train/n03854065/n03854065_1328.JPEG,687,pipe organ
train/n03854065/n03854065_12826.JPEG,687,pipe organ
train/n03854065/n03854065_37951.JPEG,687,pipe organ
train/n03854065/n03854065_48400.JPEG,687,pipe organ
train/n03854065/n03854065_731.JPEG,687,pipe organ
train/n03854065/n03854065_17395.JPEG,687,pipe organ
train/n03854065/n03854065_57340.JPEG,687,pipe organ
train/n03854065/n03854065_5359.JPEG,687,pipe organ
train/n03854065/n03854065_1265.JPEG,687,pipe organ
train/n03857828/n03857828_68815.JPEG,688,oscilloscope
train/n03857828/n03857828_4647.JPEG,688,oscilloscope
train/n03857828/n03857828_6126.JPEG,688,oscilloscope
train/n03857828/n03857828_12954.JPEG,688,oscilloscope
train/n03857828/n03857828_30876.JPEG,688,oscilloscope
train/n03857828/n03857828_8168.JPEG,688,oscilloscope
train/n03857828/n03857828_41597.JPEG,688,oscilloscope
train/n03857828/n03857828_10226.JPEG,688,oscilloscope
train/n03857828/n03857828_31039.JPEG,688,oscilloscope
train/n03857828/n03857828_16462.JPEG,688,oscilloscope
train/n03857828/n03857828_8698.JPEG,688,oscilloscope
train/n03857828/n03857828_10062.JPEG,688,oscilloscope
train/n03857828/n03857828_43462.JPEG,688,oscilloscope
train/n03857828/n03857828_10901.JPEG,688,oscilloscope
train/n03857828/n03857828_2934.JPEG,688,oscilloscope
train/n03857828/n03857828_16642.JPEG,688,oscilloscope
train/n03866082/n03866082_9.JPEG,689,overskirt
train/n03866082/n03866082_6251.JPEG,689,overskirt
train/n03866082/n03866082_7826.JPEG,689,overskirt
train/n03866082/n03866082_16237.JPEG,689,overskirt
train/n03866082/n03866082_5188.JPEG,689,overskirt
train/n03866082/n03866082_7408.JPEG,689,overskirt
train/n03866082/n03866082_474.JPEG,689,overskirt
train/n03866082/n03866082_9128.JPEG,689,overskirt
train/n03866082/n03866082_9129.JPEG,689,overskirt
train/n03866082/n03866082_11488.JPEG,689,overskirt
train/n03866082/n03866082_4915.JPEG,689,overskirt
train/n03866082/n03866082_6128.JPEG,689,overskirt
train/n03866082/n03866082_1933.JPEG,689,overskirt
train/n03866082/n03866082_5257.JPEG,689,overskirt
train/n03866082/n03866082_7499.JPEG,689,overskirt
train/n03866082/n03866082_15740.JPEG,689,overskirt
train/n03868242/n03868242_6806.JPEG,690,bullock cart
train/n03868242/n03868242_10232.JPEG,690,bullock cart
train/n03868242/n03868242_2107.JPEG,690,bullock cart
train/n03868242/n03868242_4194.JPEG,690,bullock cart
train/n03868242/n03868242_8157.JPEG,690,bullock cart
train/n03868242/n03868242_13531.JPEG,690,bullock cart
train/n03868242/n03868242_2481.JPEG,690,bullock cart
train/n03868242/n03868242_8518.JPEG,690,bullock cart
train/n03868242/n03868242_7502.JPEG,690,bullock cart
train/n03868242/n03868242_7385.JPEG,690,bullock cart
train/n03868242/n03868242_7526.JPEG,690,bullock cart
train/n03868242/n03868242_13936.JPEG,690,bullock cart
train/n03868242/n03868242_1002.JPEG,690,bullock cart
train/n03868242/n03868242_8245.JPEG,690,bullock cart
train/n03868242/n03868242_2774.JPEG,690,bullock cart
train/n03868242/n03868242_7427.JPEG,690,bullock cart
train/n03868863/n03868863_6953.JPEG,691,oxygen mask
train/n03868863/n03868863_10555.JPEG,691,oxygen mask
train/n03868863/n03868863_11856.JPEG,691,oxygen mask
train/n03868863/n03868863_18030.JPEG,691,oxygen mask
train/n03868863/n03868863_13573.JPEG,691,oxygen mask
train/n03868863/n03868863_11214.JPEG,691,oxygen mask
train/n03868863/n03868863_19827.JPEG,691,oxygen mask
train/n03868863/n03868863_4572.JPEG,691,oxygen mask
train/n03868863/n03868863_12320.JPEG,691,oxygen mask
train/n03868863/n03868863_8665.JPEG,691,oxygen mask
train/n03868863/n03868863_7227.JPEG,691,oxygen mask
train/n03868863/n03868863_12349.JPEG,691,oxygen mask
train/n03868863/n03868863_816.JPEG,691,oxygen mask
train/n03868863/n03868863_8226.JPEG,691,oxygen mask
train/n03868863/n03868863_7723.JPEG,691,oxygen mask
train/n03868863/n03868863_2653.JPEG,691,oxygen mask
train/n03871628/n03871628_14843.JPEG,692,product packet / packaging
train/n03871628/n03871628_2373.JPEG,692,product packet / packaging
train/n03871628/n03871628_4207.JPEG,692,product packet / packaging
train/n03871628/n03871628_11486.JPEG,692,product packet / packaging
train/n03871628/n03871628_21373.JPEG,692,product packet / packaging
train/n03871628/n03871628_7711.JPEG,692,product packet / packaging
train/n03871628/n03871628_12867.JPEG,692,product packet / packaging
train/n03871628/n03871628_13202.JPEG,692,product packet / packaging
train/n03871628/n03871628_13297.JPEG,692,product packet / packaging
train/n03871628/n03871628_12897.JPEG,692,product packet / packaging
train/n03871628/n03871628_13219.JPEG,692,product packet / packaging
train/n03871628/n03871628_11767.JPEG,692,product packet / packaging
train/n03871628/n03871628_5210.JPEG,692,product packet / packaging
train/n03871628/n03871628_12478.JPEG,692,product packet / packaging
train/n03871628/n03871628_9714.JPEG,692,product packet / packaging
train/n03871628/n03871628_4338.JPEG,692,product packet / packaging
train/n03873416/n03873416_13773.JPEG,693,paddle
train/n03873416/n03873416_962.JPEG,693,paddle
train/n03873416/n03873416_3319.JPEG,693,paddle
train/n03873416/n03873416_5972.JPEG,693,paddle
train/n03873416/n03873416_13651.JPEG,693,paddle
train/n03873416/n03873416_246.JPEG,693,paddle
train/n03873416/n03873416_40782.JPEG,693,paddle
train/n03873416/n03873416_20449.JPEG,693,paddle
train/n03873416/n03873416_22588.JPEG,693,paddle
train/n03873416/n03873416_30693.JPEG,693,paddle
train/n03873416/n03873416_2034.JPEG,693,paddle
train/n03873416/n03873416_71019.JPEG,693,paddle
train/n03873416/n03873416_17729.JPEG,693,paddle
train/n03873416/n03873416_35105.JPEG,693,paddle
train/n03873416/n03873416_20087.JPEG,693,paddle
train/n03873416/n03873416_12680.JPEG,693,paddle
train/n03874293/n03874293_7480.JPEG,694,paddle wheel
train/n03874293/n03874293_4428.JPEG,694,paddle wheel
train/n03874293/n03874293_13635.JPEG,694,paddle wheel
train/n03874293/n03874293_10279.JPEG,694,paddle wheel
train/n03874293/n03874293_6888.JPEG,694,paddle wheel
train/n03874293/n03874293_2248.JPEG,694,paddle wheel
train/n03874293/n03874293_474.JPEG,694,paddle wheel
train/n03874293/n03874293_13545.JPEG,694,paddle wheel
train/n03874293/n03874293_14150.JPEG,694,paddle wheel
train/n03874293/n03874293_10411.JPEG,694,paddle wheel
train/n03874293/n03874293_3306.JPEG,694,paddle wheel
train/n03874293/n03874293_10966.JPEG,694,paddle wheel
train/n03874293/n03874293_6960.JPEG,694,paddle wheel
train/n03874293/n03874293_13213.JPEG,694,paddle wheel
train/n03874293/n03874293_4250.JPEG,694,paddle wheel
train/n03874293/n03874293_11073.JPEG,694,paddle wheel
train/n03874599/n03874599_6857.JPEG,695,padlock
train/n03874599/n03874599_8537.JPEG,695,padlock
train/n03874599/n03874599_1804.JPEG,695,padlock
train/n03874599/n03874599_4038.JPEG,695,padlock
train/n03874599/n03874599_4972.JPEG,695,padlock
train/n03874599/n03874599_12378.JPEG,695,padlock
train/n03874599/n03874599_1320.JPEG,695,padlock
train/n03874599/n03874599_5661.JPEG,695,padlock
train/n03874599/n03874599_15104.JPEG,695,padlock
train/n03874599/n03874599_2267.JPEG,695,padlock
train/n03874599/n03874599_3673.JPEG,695,padlock
train/n03874599/n03874599_12584.JPEG,695,padlock
train/n03874599/n03874599_14770.JPEG,695,padlock
train/n03874599/n03874599_7743.JPEG,695,padlock
train/n03874599/n03874599_10491.JPEG,695,padlock
train/n03874599/n03874599_13023.JPEG,695,padlock
train/n03876231/n03876231_21259.JPEG,696,paintbrush
train/n03876231/n03876231_38812.JPEG,696,paintbrush
train/n03876231/n03876231_17717.JPEG,696,paintbrush
train/n03876231/n03876231_16272.JPEG,696,paintbrush
train/n03876231/n03876231_7337.JPEG,696,paintbrush
train/n03876231/n03876231_34550.JPEG,696,paintbrush
train/n03876231/n03876231_5989.JPEG,696,paintbrush
train/n03876231/n03876231_2921.JPEG,696,paintbrush
train/n03876231/n03876231_3397.JPEG,696,paintbrush
train/n03876231/n03876231_13559.JPEG,696,paintbrush
train/n03876231/n03876231_9499.JPEG,696,paintbrush
train/n03876231/n03876231_12131.JPEG,696,paintbrush
train/n03876231/n03876231_39853.JPEG,696,paintbrush
train/n03876231/n03876231_19811.JPEG,696,paintbrush
train/n03876231/n03876231_6201.JPEG,696,paintbrush
train/n03876231/n03876231_5002.JPEG,696,paintbrush
train/n03877472/n03877472_16669.JPEG,697,pajamas
train/n03877472/n03877472_15276.JPEG,697,pajamas
train/n03877472/n03877472_20058.JPEG,697,pajamas
train/n03877472/n03877472_15770.JPEG,697,pajamas
train/n03877472/n03877472_5402.JPEG,697,pajamas
train/n03877472/n03877472_37880.JPEG,697,pajamas
train/n03877472/n03877472_26075.JPEG,697,pajamas
train/n03877472/n03877472_8206.JPEG,697,pajamas
train/n03877472/n03877472_2920.JPEG,697,pajamas
train/n03877472/n03877472_33132.JPEG,697,pajamas
train/n03877472/n03877472_40447.JPEG,697,pajamas
train/n03877472/n03877472_58057.JPEG,697,pajamas
train/n03877472/n03877472_37001.JPEG,697,pajamas
train/n03877472/n03877472_3394.JPEG,697,pajamas
train/n03877472/n03877472_41384.JPEG,697,pajamas
train/n03877472/n03877472_27791.JPEG,697,pajamas
train/n03877845/n03877845_9162.JPEG,698,palace
train/n03877845/n03877845_11439.JPEG,698,palace
train/n03877845/n03877845_13529.JPEG,698,palace
train/n03877845/n03877845_5889.JPEG,698,palace
train/n03877845/n03877845_15396.JPEG,698,palace
train/n03877845/n03877845_719.JPEG,698,palace
train/n03877845/n03877845_4440.JPEG,698,palace
train/n03877845/n03877845_5487.JPEG,698,palace
train/n03877845/n03877845_9409.JPEG,698,palace
train/n03877845/n03877845_11025.JPEG,698,palace
train/n03877845/n03877845_12143.JPEG,698,palace
train/n03877845/n03877845_454.JPEG,698,palace
train/n03877845/n03877845_2523.JPEG,698,palace
train/n03877845/n03877845_4818.JPEG,698,palace
train/n03877845/n03877845_7046.JPEG,698,palace
train/n03877845/n03877845_1743.JPEG,698,palace
train/n03884397/n03884397_27919.JPEG,699,pan flute
train/n03884397/n03884397_15263.JPEG,699,pan flute
train/n03884397/n03884397_22069.JPEG,699,pan flute
train/n03884397/n03884397_15168.JPEG,699,pan flute
train/n03884397/n03884397_14471.JPEG,699,pan flute
train/n03884397/n03884397_21289.JPEG,699,pan flute
train/n03884397/n03884397_24443.JPEG,699,pan flute
train/n03884397/n03884397_15375.JPEG,699,pan flute
train/n03884397/n03884397_12950.JPEG,699,pan flute
train/n03884397/n03884397_19082.JPEG,699,pan flute
train/n03884397/n03884397_19432.JPEG,699,pan flute
train/n03884397/n03884397_16337.JPEG,699,pan flute
train/n03884397/n03884397_9868.JPEG,699,pan flute
train/n03884397/n03884397_3523.JPEG,699,pan flute
train/n03884397/n03884397_18593.JPEG,699,pan flute
train/n03884397/n03884397_12164.JPEG,699,pan flute
train/n03887697/n03887697_8842.JPEG,700,paper towel
train/n03887697/n03887697_3789.JPEG,700,paper towel
train/n03887697/n03887697_11417.JPEG,700,paper towel
train/n03887697/n03887697_559.JPEG,700,paper towel
train/n03887697/n03887697_5824.JPEG,700,paper towel
train/n03887697/n03887697_9601.JPEG,700,paper towel
train/n03887697/n03887697_11165.JPEG,700,paper towel
train/n03887697/n03887697_6241.JPEG,700,paper towel
train/n03887697/n03887697_6592.JPEG,700,paper towel
train/n03887697/n03887697_5404.JPEG,700,paper towel
train/n03887697/n03887697_9101.JPEG,700,paper towel
train/n03887697/n03887697_7176.JPEG,700,paper towel
train/n03887697/n03887697_4802.JPEG,700,paper towel
train/n03887697/n03887697_3461.JPEG,700,paper towel
train/n03887697/n03887697_2383.JPEG,700,paper towel
train/n03887697/n03887697_1474.JPEG,700,paper towel
train/n03888257/n03888257_31296.JPEG,701,parachute
train/n03888257/n03888257_4259.JPEG,701,parachute
train/n03888257/n03888257_33427.JPEG,701,parachute
train/n03888257/n03888257_7960.JPEG,701,parachute
train/n03888257/n03888257_3492.JPEG,701,parachute
train/n03888257/n03888257_33481.JPEG,701,parachute
train/n03888257/n03888257_16765.JPEG,701,parachute
train/n03888257/n03888257_3607.JPEG,701,parachute
train/n03888257/n03888257_9444.JPEG,701,parachute
train/n03888257/n03888257_43034.JPEG,701,parachute
train/n03888257/n03888257_10014.JPEG,701,parachute
train/n03888257/n03888257_24126.JPEG,701,parachute
train/n03888257/n03888257_12593.JPEG,701,parachute
train/n03888257/n03888257_2033.JPEG,701,parachute
train/n03888257/n03888257_30332.JPEG,701,parachute
train/n03888257/n03888257_10913.JPEG,701,parachute
train/n03888605/n03888605_21362.JPEG,702,parallel bars
train/n03888605/n03888605_25239.JPEG,702,parallel bars
train/n03888605/n03888605_27937.JPEG,702,parallel bars
train/n03888605/n03888605_22375.JPEG,702,parallel bars
train/n03888605/n03888605_11936.JPEG,702,parallel bars
train/n03888605/n03888605_24876.JPEG,702,parallel bars
train/n03888605/n03888605_24093.JPEG,702,parallel bars
train/n03888605/n03888605_25768.JPEG,702,parallel bars
train/n03888605/n03888605_6298.JPEG,702,parallel bars
train/n03888605/n03888605_8072.JPEG,702,parallel bars
train/n03888605/n03888605_10670.JPEG,702,parallel bars
train/n03888605/n03888605_50.JPEG,702,parallel bars
train/n03888605/n03888605_13306.JPEG,702,parallel bars
train/n03888605/n03888605_33526.JPEG,702,parallel bars
train/n03888605/n03888605_8044.JPEG,702,parallel bars
train/n03888605/n03888605_23938.JPEG,702,parallel bars
train/n03891251/n03891251_5857.JPEG,703,park bench
train/n03891251/n03891251_1588.JPEG,703,park bench
train/n03891251/n03891251_1281.JPEG,703,park bench
train/n03891251/n03891251_472.JPEG,703,park bench
train/n03891251/n03891251_463.JPEG,703,park bench
train/n03891251/n03891251_1813.JPEG,703,park bench
train/n03891251/n03891251_505.JPEG,703,park bench
train/n03891251/n03891251_1171.JPEG,703,park bench
train/n03891251/n03891251_321.JPEG,703,park bench
train/n03891251/n03891251_6388.JPEG,703,park bench
train/n03891251/n03891251_1319.JPEG,703,park bench
train/n03891251/n03891251_5511.JPEG,703,park bench
train/n03891251/n03891251_75.JPEG,703,park bench
train/n03891251/n03891251_5703.JPEG,703,park bench
train/n03891251/n03891251_2303.JPEG,703,park bench
train/n03891251/n03891251_346.JPEG,703,park bench
train/n03891332/n03891332_6620.JPEG,704,parking meter
train/n03891332/n03891332_10134.JPEG,704,parking meter
train/n03891332/n03891332_3647.JPEG,704,parking meter
train/n03891332/n03891332_3742.JPEG,704,parking meter
train/n03891332/n03891332_3414.JPEG,704,parking meter
train/n03891332/n03891332_5764.JPEG,704,parking meter
train/n03891332/n03891332_1826.JPEG,704,parking meter
train/n03891332/n03891332_507.JPEG,704,parking meter
train/n03891332/n03891332_11923.JPEG,704,parking meter
train/n03891332/n03891332_3666.JPEG,704,parking meter
train/n03891332/n03891332_3029.JPEG,704,parking meter
train/n03891332/n03891332_7907.JPEG,704,parking meter
train/n03891332/n03891332_3035.JPEG,704,parking meter
train/n03891332/n03891332_5382.JPEG,704,parking meter
train/n03891332/n03891332_14257.JPEG,704,parking meter
train/n03891332/n03891332_3203.JPEG,704,parking meter
train/n03895866/n03895866_24819.JPEG,705,railroad car
train/n03895866/n03895866_4595.JPEG,705,railroad car
train/n03895866/n03895866_35612.JPEG,705,railroad car
train/n03895866/n03895866_82780.JPEG,705,railroad car
train/n03895866/n03895866_122216.JPEG,705,railroad car
train/n03895866/n03895866_46965.JPEG,705,railroad car
train/n03895866/n03895866_12098.JPEG,705,railroad car
train/n03895866/n03895866_94099.JPEG,705,railroad car
train/n03895866/n03895866_6075.JPEG,705,railroad car
train/n03895866/n03895866_15475.JPEG,705,railroad car
train/n03895866/n03895866_62047.JPEG,705,railroad car
train/n03895866/n03895866_54880.JPEG,705,railroad car
train/n03895866/n03895866_56436.JPEG,705,railroad car
train/n03895866/n03895866_4058.JPEG,705,railroad car
train/n03895866/n03895866_6346.JPEG,705,railroad car
train/n03895866/n03895866_59385.JPEG,705,railroad car
train/n03899768/n03899768_20212.JPEG,706,patio
train/n03899768/n03899768_67512.JPEG,706,patio
train/n03899768/n03899768_4762.JPEG,706,patio
train/n03899768/n03899768_4232.JPEG,706,patio
train/n03899768/n03899768_16479.JPEG,706,patio
train/n03899768/n03899768_10144.JPEG,706,patio
train/n03899768/n03899768_89606.JPEG,706,patio
train/n03899768/n03899768_486.JPEG,706,patio
train/n03899768/n03899768_12081.JPEG,706,patio
train/n03899768/n03899768_1454.JPEG,706,patio
train/n03899768/n03899768_12371.JPEG,706,patio
train/n03899768/n03899768_71224.JPEG,706,patio
train/n03899768/n03899768_15320.JPEG,706,patio
train/n03899768/n03899768_15599.JPEG,706,patio
train/n03899768/n03899768_27893.JPEG,706,patio
train/n03899768/n03899768_1089.JPEG,706,patio
train/n03902125/n03902125_14829.JPEG,707,payphone
train/n03902125/n03902125_28319.JPEG,707,payphone
train/n03902125/n03902125_3689.JPEG,707,payphone
train/n03902125/n03902125_18917.JPEG,707,payphone
train/n03902125/n03902125_6280.JPEG,707,payphone
train/n03902125/n03902125_15598.JPEG,707,payphone
train/n03902125/n03902125_2002.JPEG,707,payphone
train/n03902125/n03902125_6557.JPEG,707,payphone
train/n03902125/n03902125_15640.JPEG,707,payphone
train/n03902125/n03902125_25847.JPEG,707,payphone
train/n03902125/n03902125_8697.JPEG,707,payphone
train/n03902125/n03902125_2215.JPEG,707,payphone
train/n03902125/n03902125_16446.JPEG,707,payphone
train/n03902125/n03902125_27350.JPEG,707,payphone
train/n03902125/n03902125_26976.JPEG,707,payphone
train/n03902125/n03902125_8833.JPEG,707,payphone
train/n03903868/n03903868_21875.JPEG,708,pedestal
train/n03903868/n03903868_29307.JPEG,708,pedestal
train/n03903868/n03903868_23889.JPEG,708,pedestal
train/n03903868/n03903868_40308.JPEG,708,pedestal
train/n03903868/n03903868_17375.JPEG,708,pedestal
train/n03903868/n03903868_19521.JPEG,708,pedestal
train/n03903868/n03903868_5257.JPEG,708,pedestal
train/n03903868/n03903868_20028.JPEG,708,pedestal
train/n03903868/n03903868_88949.JPEG,708,pedestal
train/n03903868/n03903868_33473.JPEG,708,pedestal
train/n03903868/n03903868_62391.JPEG,708,pedestal
train/n03903868/n03903868_49497.JPEG,708,pedestal
train/n03903868/n03903868_9617.JPEG,708,pedestal
train/n03903868/n03903868_19082.JPEG,708,pedestal
train/n03903868/n03903868_9740.JPEG,708,pedestal
train/n03903868/n03903868_26777.JPEG,708,pedestal
train/n03908618/n03908618_17487.JPEG,709,pencil case
train/n03908618/n03908618_10582.JPEG,709,pencil case
train/n03908618/n03908618_19419.JPEG,709,pencil case
train/n03908618/n03908618_5821.JPEG,709,pencil case
train/n03908618/n03908618_42223.JPEG,709,pencil case
train/n03908618/n03908618_16860.JPEG,709,pencil case
train/n03908618/n03908618_12248.JPEG,709,pencil case
train/n03908618/n03908618_9877.JPEG,709,pencil case
train/n03908618/n03908618_34643.JPEG,709,pencil case
train/n03908618/n03908618_17190.JPEG,709,pencil case
train/n03908618/n03908618_14126.JPEG,709,pencil case
train/n03908618/n03908618_17358.JPEG,709,pencil case
train/n03908618/n03908618_1005.JPEG,709,pencil case
train/n03908618/n03908618_8218.JPEG,709,pencil case
train/n03908618/n03908618_6267.JPEG,709,pencil case
train/n03908618/n03908618_17038.JPEG,709,pencil case
train/n03908714/n03908714_8367.JPEG,710,pencil sharpener
train/n03908714/n03908714_7994.JPEG,710,pencil sharpener
train/n03908714/n03908714_133.JPEG,710,pencil sharpener
train/n03908714/n03908714_2806.JPEG,710,pencil sharpener
train/n03908714/n03908714_7733.JPEG,710,pencil sharpener
train/n03908714/n03908714_4542.JPEG,710,pencil sharpener
train/n03908714/n03908714_5089.JPEG,710,pencil sharpener
train/n03908714/n03908714_7458.JPEG,710,pencil sharpener
train/n03908714/n03908714_4771.JPEG,710,pencil sharpener
train/n03908714/n03908714_7378.JPEG,710,pencil sharpener
train/n03908714/n03908714_2310.JPEG,710,pencil sharpener
train/n03908714/n03908714_844.JPEG,710,pencil sharpener
train/n03908714/n03908714_1649.JPEG,710,pencil sharpener
train/n03908714/n03908714_500.JPEG,710,pencil sharpener
train/n03908714/n03908714_3403.JPEG,710,pencil sharpener
train/n03908714/n03908714_7865.JPEG,710,pencil sharpener
train/n03916031/n03916031_14258.JPEG,711,perfume
train/n03916031/n03916031_5677.JPEG,711,perfume
train/n03916031/n03916031_5393.JPEG,711,perfume
train/n03916031/n03916031_66534.JPEG,711,perfume
train/n03916031/n03916031_4194.JPEG,711,perfume
train/n03916031/n03916031_7635.JPEG,711,perfume
train/n03916031/n03916031_8263.JPEG,711,perfume
train/n03916031/n03916031_20791.JPEG,711,perfume
train/n03916031/n03916031_34742.JPEG,711,perfume
train/n03916031/n03916031_3693.JPEG,711,perfume
train/n03916031/n03916031_2572.JPEG,711,perfume
train/n03916031/n03916031_18110.JPEG,711,perfume
train/n03916031/n03916031_16009.JPEG,711,perfume
train/n03916031/n03916031_3461.JPEG,711,perfume
train/n03916031/n03916031_21167.JPEG,711,perfume
train/n03916031/n03916031_33779.JPEG,711,perfume
train/n03920288/n03920288_1741.JPEG,712,Petri dish
train/n03920288/n03920288_1526.JPEG,712,Petri dish
train/n03920288/n03920288_4176.JPEG,712,Petri dish
train/n03920288/n03920288_1857.JPEG,712,Petri dish
train/n03920288/n03920288_190.JPEG,712,Petri dish
train/n03920288/n03920288_222.JPEG,712,Petri dish
train/n03920288/n03920288_1700.JPEG,712,Petri dish
train/n03920288/n03920288_180.JPEG,712,Petri dish
train/n03920288/n03920288_1942.JPEG,712,Petri dish
train/n03920288/n03920288_2396.JPEG,712,Petri dish
train/n03920288/n03920288_5043.JPEG,712,Petri dish
train/n03920288/n03920288_1631.JPEG,712,Petri dish
train/n03920288/n03920288_2077.JPEG,712,Petri dish
train/n03920288/n03920288_82.JPEG,712,Petri dish
train/n03920288/n03920288_2189.JPEG,712,Petri dish
train/n03920288/n03920288_3024.JPEG,712,Petri dish
train/n03924679/n03924679_3360.JPEG,713,photocopier
train/n03924679/n03924679_454.JPEG,713,photocopier
train/n03924679/n03924679_2637.JPEG,713,photocopier
train/n03924679/n03924679_20613.JPEG,713,photocopier
train/n03924679/n03924679_11327.JPEG,713,photocopier
train/n03924679/n03924679_11153.JPEG,713,photocopier
train/n03924679/n03924679_247.JPEG,713,photocopier
train/n03924679/n03924679_1747.JPEG,713,photocopier
train/n03924679/n03924679_16797.JPEG,713,photocopier
train/n03924679/n03924679_11420.JPEG,713,photocopier
train/n03924679/n03924679_4016.JPEG,713,photocopier
train/n03924679/n03924679_8787.JPEG,713,photocopier
train/n03924679/n03924679_1648.JPEG,713,photocopier
train/n03924679/n03924679_4496.JPEG,713,photocopier
train/n03924679/n03924679_13714.JPEG,713,photocopier
train/n03924679/n03924679_15897.JPEG,713,photocopier
train/n03929660/n03929660_12734.JPEG,714,plectrum
train/n03929660/n03929660_12738.JPEG,714,plectrum
train/n03929660/n03929660_8689.JPEG,714,plectrum
train/n03929660/n03929660_6411.JPEG,714,plectrum
train/n03929660/n03929660_16234.JPEG,714,plectrum
train/n03929660/n03929660_54618.JPEG,714,plectrum
train/n03929660/n03929660_6765.JPEG,714,plectrum
train/n03929660/n03929660_48.JPEG,714,plectrum
train/n03929660/n03929660_16593.JPEG,714,plectrum
train/n03929660/n03929660_15330.JPEG,714,plectrum
train/n03929660/n03929660_8284.JPEG,714,plectrum
train/n03929660/n03929660_11200.JPEG,714,plectrum
train/n03929660/n03929660_11266.JPEG,714,plectrum
train/n03929660/n03929660_59143.JPEG,714,plectrum
train/n03929660/n03929660_1693.JPEG,714,plectrum
train/n03929660/n03929660_21751.JPEG,714,plectrum
train/n03929855/n03929855_3549.JPEG,715,Pickelhaube
train/n03929855/n03929855_272.JPEG,715,Pickelhaube
train/n03929855/n03929855_4042.JPEG,715,Pickelhaube
train/n03929855/n03929855_1636.JPEG,715,Pickelhaube
train/n03929855/n03929855_3886.JPEG,715,Pickelhaube
train/n03929855/n03929855_854.JPEG,715,Pickelhaube
train/n03929855/n03929855_10073.JPEG,715,Pickelhaube
train/n03929855/n03929855_4544.JPEG,715,Pickelhaube
train/n03929855/n03929855_2040.JPEG,715,Pickelhaube
train/n03929855/n03929855_4107.JPEG,715,Pickelhaube
train/n03929855/n03929855_2571.JPEG,715,Pickelhaube
train/n03929855/n03929855_8102.JPEG,715,Pickelhaube
train/n03929855/n03929855_6173.JPEG,715,Pickelhaube
train/n03929855/n03929855_2611.JPEG,715,Pickelhaube
train/n03929855/n03929855_477.JPEG,715,Pickelhaube
train/n03929855/n03929855_6895.JPEG,715,Pickelhaube
train/n03930313/n03930313_4977.JPEG,716,picket fence
train/n03930313/n03930313_13078.JPEG,716,picket fence
train/n03930313/n03930313_13726.JPEG,716,picket fence
train/n03930313/n03930313_11319.JPEG,716,picket fence
train/n03930313/n03930313_218.JPEG,716,picket fence
train/n03930313/n03930313_11165.JPEG,716,picket fence
train/n03930313/n03930313_14487.JPEG,716,picket fence
train/n03930313/n03930313_13489.JPEG,716,picket fence
train/n03930313/n03930313_2158.JPEG,716,picket fence
train/n03930313/n03930313_7617.JPEG,716,picket fence
train/n03930313/n03930313_19932.JPEG,716,picket fence
train/n03930313/n03930313_13554.JPEG,716,picket fence
train/n03930313/n03930313_5548.JPEG,716,picket fence
train/n03930313/n03930313_23008.JPEG,716,picket fence
train/n03930313/n03930313_4298.JPEG,716,picket fence
train/n03930313/n03930313_16264.JPEG,716,picket fence
train/n03930630/n03930630_1758.JPEG,717,pickup truck
train/n03930630/n03930630_5648.JPEG,717,pickup truck
train/n03930630/n03930630_15311.JPEG,717,pickup truck
train/n03930630/n03930630_9106.JPEG,717,pickup truck
train/n03930630/n03930630_942.JPEG,717,pickup truck
train/n03930630/n03930630_8404.JPEG,717,pickup truck
train/n03930630/n03930630_23384.JPEG,717,pickup truck
train/n03930630/n03930630_11559.JPEG,717,pickup truck
train/n03930630/n03930630_4087.JPEG,717,pickup truck
train/n03930630/n03930630_7818.JPEG,717,pickup truck
train/n03930630/n03930630_5160.JPEG,717,pickup truck
train/n03930630/n03930630_15199.JPEG,717,pickup truck
train/n03930630/n03930630_11704.JPEG,717,pickup truck
train/n03930630/n03930630_8669.JPEG,717,pickup truck
train/n03930630/n03930630_26183.JPEG,717,pickup truck
train/n03930630/n03930630_6922.JPEG,717,pickup truck
train/n03933933/n03933933_15165.JPEG,718,pier
train/n03933933/n03933933_3665.JPEG,718,pier
train/n03933933/n03933933_27030.JPEG,718,pier
train/n03933933/n03933933_4828.JPEG,718,pier
train/n03933933/n03933933_17061.JPEG,718,pier
train/n03933933/n03933933_8030.JPEG,718,pier
train/n03933933/n03933933_23661.JPEG,718,pier
train/n03933933/n03933933_2057.JPEG,718,pier
train/n03933933/n03933933_7002.JPEG,718,pier
train/n03933933/n03933933_27632.JPEG,718,pier
train/n03933933/n03933933_26978.JPEG,718,pier
train/n03933933/n03933933_2264.JPEG,718,pier
train/n03933933/n03933933_80708.JPEG,718,pier
train/n03933933/n03933933_38031.JPEG,718,pier
train/n03933933/n03933933_4110.JPEG,718,pier
train/n03933933/n03933933_20332.JPEG,718,pier
train/n03935335/n03935335_16495.JPEG,719,piggy bank
train/n03935335/n03935335_6059.JPEG,719,piggy bank
train/n03935335/n03935335_33960.JPEG,719,piggy bank
train/n03935335/n03935335_112.JPEG,719,piggy bank
train/n03935335/n03935335_14945.JPEG,719,piggy bank
train/n03935335/n03935335_9026.JPEG,719,piggy bank
train/n03935335/n03935335_3929.JPEG,719,piggy bank
train/n03935335/n03935335_14319.JPEG,719,piggy bank
train/n03935335/n03935335_7079.JPEG,719,piggy bank
train/n03935335/n03935335_6614.JPEG,719,piggy bank
train/n03935335/n03935335_1318.JPEG,719,piggy bank
train/n03935335/n03935335_7796.JPEG,719,piggy bank
train/n03935335/n03935335_36172.JPEG,719,piggy bank
train/n03935335/n03935335_15274.JPEG,719,piggy bank
train/n03935335/n03935335_3412.JPEG,719,piggy bank
train/n03935335/n03935335_13053.JPEG,719,piggy bank
train/n03937543/n03937543_4789.JPEG,720,pill bottle
train/n03937543/n03937543_7757.JPEG,720,pill bottle
train/n03937543/n03937543_2252.JPEG,720,pill bottle
train/n03937543/n03937543_3357.JPEG,720,pill bottle
train/n03937543/n03937543_10181.JPEG,720,pill bottle
train/n03937543/n03937543_4220.JPEG,720,pill bottle
train/n03937543/n03937543_4361.JPEG,720,pill bottle
train/n03937543/n03937543_245.JPEG,720,pill bottle
train/n03937543/n03937543_8859.JPEG,720,pill bottle
train/n03937543/n03937543_5427.JPEG,720,pill bottle
train/n03937543/n03937543_1883.JPEG,720,pill bottle
train/n03937543/n03937543_4999.JPEG,720,pill bottle
train/n03937543/n03937543_2350.JPEG,720,pill bottle
train/n03937543/n03937543_579.JPEG,720,pill bottle
train/n03937543/n03937543_6759.JPEG,720,pill bottle
train/n03937543/n03937543_4576.JPEG,720,pill bottle
train/n03938244/n03938244_4612.JPEG,721,pillow
train/n03938244/n03938244_20484.JPEG,721,pillow
train/n03938244/n03938244_28225.JPEG,721,pillow
train/n03938244/n03938244_34527.JPEG,721,pillow
train/n03938244/n03938244_14399.JPEG,721,pillow
train/n03938244/n03938244_34708.JPEG,721,pillow
train/n03938244/n03938244_15943.JPEG,721,pillow
train/n03938244/n03938244_20428.JPEG,721,pillow
train/n03938244/n03938244_14422.JPEG,721,pillow
train/n03938244/n03938244_28938.JPEG,721,pillow
train/n03938244/n03938244_23243.JPEG,721,pillow
train/n03938244/n03938244_5868.JPEG,721,pillow
train/n03938244/n03938244_12696.JPEG,721,pillow
train/n03938244/n03938244_12263.JPEG,721,pillow
train/n03938244/n03938244_17007.JPEG,721,pillow
train/n03938244/n03938244_29043.JPEG,721,pillow
train/n03942813/n03942813_10616.JPEG,722,ping-pong ball
train/n03942813/n03942813_1156.JPEG,722,ping-pong ball
train/n03942813/n03942813_12991.JPEG,722,ping-pong ball
train/n03942813/n03942813_11597.JPEG,722,ping-pong ball
train/n03942813/n03942813_10891.JPEG,722,ping-pong ball
train/n03942813/n03942813_4693.JPEG,722,ping-pong ball
train/n03942813/n03942813_5895.JPEG,722,ping-pong ball
train/n03942813/n03942813_13272.JPEG,722,ping-pong ball
train/n03942813/n03942813_11183.JPEG,722,ping-pong ball
train/n03942813/n03942813_3833.JPEG,722,ping-pong ball
train/n03942813/n03942813_10774.JPEG,722,ping-pong ball
train/n03942813/n03942813_14788.JPEG,722,ping-pong ball
train/n03942813/n03942813_6690.JPEG,722,ping-pong ball
train/n03942813/n03942813_3496.JPEG,722,ping-pong ball
train/n03942813/n03942813_1489.JPEG,722,ping-pong ball
train/n03942813/n03942813_4501.JPEG,722,ping-pong ball
train/n03944341/n03944341_3787.JPEG,723,pinwheel
train/n03944341/n03944341_7324.JPEG,723,pinwheel
train/n03944341/n03944341_17419.JPEG,723,pinwheel
train/n03944341/n03944341_8929.JPEG,723,pinwheel
train/n03944341/n03944341_23267.JPEG,723,pinwheel
train/n03944341/n03944341_6877.JPEG,723,pinwheel
train/n03944341/n03944341_3455.JPEG,723,pinwheel
train/n03944341/n03944341_15681.JPEG,723,pinwheel
train/n03944341/n03944341_602.JPEG,723,pinwheel
train/n03944341/n03944341_6753.JPEG,723,pinwheel
train/n03944341/n03944341_6748.JPEG,723,pinwheel
train/n03944341/n03944341_7543.JPEG,723,pinwheel
train/n03944341/n03944341_6969.JPEG,723,pinwheel
train/n03944341/n03944341_7663.JPEG,723,pinwheel
train/n03944341/n03944341_7656.JPEG,723,pinwheel
train/n03944341/n03944341_7853.JPEG,723,pinwheel
train/n03947888/n03947888_39164.JPEG,724,pirate ship
train/n03947888/n03947888_32704.JPEG,724,pirate ship
train/n03947888/n03947888_10516.JPEG,724,pirate ship
train/n03947888/n03947888_4916.JPEG,724,pirate ship
train/n03947888/n03947888_13786.JPEG,724,pirate ship
train/n03947888/n03947888_16148.JPEG,724,pirate ship
train/n03947888/n03947888_14011.JPEG,724,pirate ship
train/n03947888/n03947888_8235.JPEG,724,pirate ship
train/n03947888/n03947888_25919.JPEG,724,pirate ship
train/n03947888/n03947888_19283.JPEG,724,pirate ship
train/n03947888/n03947888_3970.JPEG,724,pirate ship
train/n03947888/n03947888_17222.JPEG,724,pirate ship
train/n03947888/n03947888_8461.JPEG,724,pirate ship
train/n03947888/n03947888_21685.JPEG,724,pirate ship
train/n03947888/n03947888_1921.JPEG,724,pirate ship
train/n03947888/n03947888_11029.JPEG,724,pirate ship
train/n03950228/n03950228_25352.JPEG,725,drink pitcher
train/n03950228/n03950228_6087.JPEG,725,drink pitcher
train/n03950228/n03950228_12157.JPEG,725,drink pitcher
train/n03950228/n03950228_3136.JPEG,725,drink pitcher
train/n03950228/n03950228_13618.JPEG,725,drink pitcher
train/n03950228/n03950228_8629.JPEG,725,drink pitcher
train/n03950228/n03950228_15655.JPEG,725,drink pitcher
train/n03950228/n03950228_6037.JPEG,725,drink pitcher
train/n03950228/n03950228_14588.JPEG,725,drink pitcher
train/n03950228/n03950228_35884.JPEG,725,drink pitcher
train/n03950228/n03950228_4814.JPEG,725,drink pitcher
train/n03950228/n03950228_19284.JPEG,725,drink pitcher
train/n03950228/n03950228_2205.JPEG,725,drink pitcher
train/n03950228/n03950228_9974.JPEG,725,drink pitcher
train/n03950228/n03950228_1623.JPEG,725,drink pitcher
train/n03950228/n03950228_39411.JPEG,725,drink pitcher
train/n03954731/n03954731_18171.JPEG,726,block plane
train/n03954731/n03954731_941.JPEG,726,block plane
train/n03954731/n03954731_34359.JPEG,726,block plane
train/n03954731/n03954731_18315.JPEG,726,block plane
train/n03954731/n03954731_38691.JPEG,726,block plane
train/n03954731/n03954731_13962.JPEG,726,block plane
train/n03954731/n03954731_3694.JPEG,726,block plane
train/n03954731/n03954731_37392.JPEG,726,block plane
train/n03954731/n03954731_49993.JPEG,726,block plane
train/n03954731/n03954731_7097.JPEG,726,block plane
train/n03954731/n03954731_13126.JPEG,726,block plane
train/n03954731/n03954731_10485.JPEG,726,block plane
train/n03954731/n03954731_51511.JPEG,726,block plane
train/n03954731/n03954731_15256.JPEG,726,block plane
train/n03954731/n03954731_12057.JPEG,726,block plane
train/n03954731/n03954731_52456.JPEG,726,block plane
train/n03956157/n03956157_26729.JPEG,727,planetarium
train/n03956157/n03956157_197.JPEG,727,planetarium
train/n03956157/n03956157_5407.JPEG,727,planetarium
train/n03956157/n03956157_65.JPEG,727,planetarium
train/n03956157/n03956157_26754.JPEG,727,planetarium
train/n03956157/n03956157_14745.JPEG,727,planetarium
train/n03956157/n03956157_2955.JPEG,727,planetarium
train/n03956157/n03956157_29301.JPEG,727,planetarium
train/n03956157/n03956157_27084.JPEG,727,planetarium
train/n03956157/n03956157_12182.JPEG,727,planetarium
train/n03956157/n03956157_22818.JPEG,727,planetarium
train/n03956157/n03956157_4920.JPEG,727,planetarium
train/n03956157/n03956157_31595.JPEG,727,planetarium
train/n03956157/n03956157_14911.JPEG,727,planetarium
train/n03956157/n03956157_34144.JPEG,727,planetarium
train/n03956157/n03956157_14701.JPEG,727,planetarium
train/n03958227/n03958227_5200.JPEG,728,plastic bag
train/n03958227/n03958227_3987.JPEG,728,plastic bag
train/n03958227/n03958227_99.JPEG,728,plastic bag
train/n03958227/n03958227_1096.JPEG,728,plastic bag
train/n03958227/n03958227_8721.JPEG,728,plastic bag
train/n03958227/n03958227_6491.JPEG,728,plastic bag
train/n03958227/n03958227_7449.JPEG,728,plastic bag
train/n03958227/n03958227_12414.JPEG,728,plastic bag
train/n03958227/n03958227_10605.JPEG,728,plastic bag
train/n03958227/n03958227_8932.JPEG,728,plastic bag
train/n03958227/n03958227_2783.JPEG,728,plastic bag
train/n03958227/n03958227_7572.JPEG,728,plastic bag
train/n03958227/n03958227_12534.JPEG,728,plastic bag
train/n03958227/n03958227_7647.JPEG,728,plastic bag
train/n03958227/n03958227_794.JPEG,728,plastic bag
train/n03958227/n03958227_4234.JPEG,728,plastic bag
train/n03961711/n03961711_2984.JPEG,729,plate rack
train/n03961711/n03961711_6397.JPEG,729,plate rack
train/n03961711/n03961711_21650.JPEG,729,plate rack
train/n03961711/n03961711_418.JPEG,729,plate rack
train/n03961711/n03961711_1671.JPEG,729,plate rack
train/n03961711/n03961711_979.JPEG,729,plate rack
train/n03961711/n03961711_13065.JPEG,729,plate rack
train/n03961711/n03961711_17819.JPEG,729,plate rack
train/n03961711/n03961711_2640.JPEG,729,plate rack
train/n03961711/n03961711_365.JPEG,729,plate rack
train/n03961711/n03961711_14725.JPEG,729,plate rack
train/n03961711/n03961711_9883.JPEG,729,plate rack
train/n03961711/n03961711_1156.JPEG,729,plate rack
train/n03961711/n03961711_18714.JPEG,729,plate rack
train/n03961711/n03961711_1739.JPEG,729,plate rack
train/n03961711/n03961711_21982.JPEG,729,plate rack
train/n03967562/n03967562_17459.JPEG,730,farm plow
train/n03967562/n03967562_18554.JPEG,730,farm plow
train/n03967562/n03967562_23773.JPEG,730,farm plow
train/n03967562/n03967562_23088.JPEG,730,farm plow
train/n03967562/n03967562_10246.JPEG,730,farm plow
train/n03967562/n03967562_7493.JPEG,730,farm plow
train/n03967562/n03967562_4536.JPEG,730,farm plow
train/n03967562/n03967562_22420.JPEG,730,farm plow
train/n03967562/n03967562_38112.JPEG,730,farm plow
train/n03967562/n03967562_22744.JPEG,730,farm plow
train/n03967562/n03967562_24890.JPEG,730,farm plow
train/n03967562/n03967562_19545.JPEG,730,farm plow
train/n03967562/n03967562_27820.JPEG,730,farm plow
train/n03967562/n03967562_35042.JPEG,730,farm plow
train/n03967562/n03967562_28886.JPEG,730,farm plow
train/n03967562/n03967562_18219.JPEG,730,farm plow
train/n03970156/n03970156_12798.JPEG,731,plunger
train/n03970156/n03970156_21591.JPEG,731,plunger
train/n03970156/n03970156_34242.JPEG,731,plunger
train/n03970156/n03970156_4537.JPEG,731,plunger
train/n03970156/n03970156_28868.JPEG,731,plunger
train/n03970156/n03970156_12126.JPEG,731,plunger
train/n03970156/n03970156_10344.JPEG,731,plunger
train/n03970156/n03970156_5122.JPEG,731,plunger
train/n03970156/n03970156_18213.JPEG,731,plunger
train/n03970156/n03970156_31038.JPEG,731,plunger
train/n03970156/n03970156_43150.JPEG,731,plunger
train/n03970156/n03970156_4578.JPEG,731,plunger
train/n03970156/n03970156_6002.JPEG,731,plunger
train/n03970156/n03970156_917.JPEG,731,plunger
train/n03970156/n03970156_4009.JPEG,731,plunger
train/n03970156/n03970156_42473.JPEG,731,plunger
train/n03976467/n03976467_5214.JPEG,732,Polaroid camera
train/n03976467/n03976467_7832.JPEG,732,Polaroid camera
train/n03976467/n03976467_20159.JPEG,732,Polaroid camera
train/n03976467/n03976467_5089.JPEG,732,Polaroid camera
train/n03976467/n03976467_1311.JPEG,732,Polaroid camera
train/n03976467/n03976467_5341.JPEG,732,Polaroid camera
train/n03976467/n03976467_16797.JPEG,732,Polaroid camera
train/n03976467/n03976467_8981.JPEG,732,Polaroid camera
train/n03976467/n03976467_14043.JPEG,732,Polaroid camera
train/n03976467/n03976467_11604.JPEG,732,Polaroid camera
train/n03976467/n03976467_15437.JPEG,732,Polaroid camera
train/n03976467/n03976467_4318.JPEG,732,Polaroid camera
train/n03976467/n03976467_957.JPEG,732,Polaroid camera
train/n03976467/n03976467_13380.JPEG,732,Polaroid camera
train/n03976467/n03976467_11037.JPEG,732,Polaroid camera
train/n03976467/n03976467_7975.JPEG,732,Polaroid camera
train/n03976657/n03976657_2399.JPEG,733,pole
train/n03976657/n03976657_49815.JPEG,733,pole
train/n03976657/n03976657_53087.JPEG,733,pole
train/n03976657/n03976657_10817.JPEG,733,pole
train/n03976657/n03976657_15265.JPEG,733,pole
train/n03976657/n03976657_688.JPEG,733,pole
train/n03976657/n03976657_18309.JPEG,733,pole
train/n03976657/n03976657_46543.JPEG,733,pole
train/n03976657/n03976657_26410.JPEG,733,pole
train/n03976657/n03976657_12018.JPEG,733,pole
train/n03976657/n03976657_23026.JPEG,733,pole
train/n03976657/n03976657_8506.JPEG,733,pole
train/n03976657/n03976657_7818.JPEG,733,pole
train/n03976657/n03976657_5737.JPEG,733,pole
train/n03976657/n03976657_28578.JPEG,733,pole
train/n03976657/n03976657_29209.JPEG,733,pole
train/n03977966/n03977966_65271.JPEG,734,police van
train/n03977966/n03977966_39848.JPEG,734,police van
train/n03977966/n03977966_8697.JPEG,734,police van
train/n03977966/n03977966_35894.JPEG,734,police van
train/n03977966/n03977966_48794.JPEG,734,police van
train/n03977966/n03977966_53450.JPEG,734,police van
train/n03977966/n03977966_36688.JPEG,734,police van
train/n03977966/n03977966_31931.JPEG,734,police van
train/n03977966/n03977966_46308.JPEG,734,police van
train/n03977966/n03977966_29232.JPEG,734,police van
train/n03977966/n03977966_1969.JPEG,734,police van
train/n03977966/n03977966_49281.JPEG,734,police van
train/n03977966/n03977966_48975.JPEG,734,police van
train/n03977966/n03977966_3077.JPEG,734,police van
train/n03977966/n03977966_15115.JPEG,734,police van
train/n03977966/n03977966_76667.JPEG,734,police van
train/n03980874/n03980874_1401.JPEG,735,poncho
train/n03980874/n03980874_11286.JPEG,735,poncho
train/n03980874/n03980874_561.JPEG,735,poncho
train/n03980874/n03980874_20366.JPEG,735,poncho
train/n03980874/n03980874_5993.JPEG,735,poncho
train/n03980874/n03980874_4105.JPEG,735,poncho
train/n03980874/n03980874_19538.JPEG,735,poncho
train/n03980874/n03980874_18130.JPEG,735,poncho
train/n03980874/n03980874_10000.JPEG,735,poncho
train/n03980874/n03980874_17493.JPEG,735,poncho
train/n03980874/n03980874_4886.JPEG,735,poncho
train/n03980874/n03980874_2257.JPEG,735,poncho
train/n03980874/n03980874_19368.JPEG,735,poncho
train/n03980874/n03980874_5174.JPEG,735,poncho
train/n03980874/n03980874_1404.JPEG,735,poncho
train/n03980874/n03980874_895.JPEG,735,poncho
train/n03982430/n03982430_27485.JPEG,736,pool table
train/n03982430/n03982430_27640.JPEG,736,pool table
train/n03982430/n03982430_27698.JPEG,736,pool table
train/n03982430/n03982430_38961.JPEG,736,pool table
train/n03982430/n03982430_8192.JPEG,736,pool table
train/n03982430/n03982430_24912.JPEG,736,pool table
train/n03982430/n03982430_36695.JPEG,736,pool table
train/n03982430/n03982430_22303.JPEG,736,pool table
train/n03982430/n03982430_22393.JPEG,736,pool table
train/n03982430/n03982430_22979.JPEG,736,pool table
train/n03982430/n03982430_26520.JPEG,736,pool table
train/n03982430/n03982430_12768.JPEG,736,pool table
train/n03982430/n03982430_4329.JPEG,736,pool table
train/n03982430/n03982430_3081.JPEG,736,pool table
train/n03982430/n03982430_27160.JPEG,736,pool table
train/n03982430/n03982430_27133.JPEG,736,pool table
train/n03983396/n03983396_14939.JPEG,737,soda bottle
train/n03983396/n03983396_10027.JPEG,737,soda bottle
train/n03983396/n03983396_8591.JPEG,737,soda bottle
train/n03983396/n03983396_9710.JPEG,737,soda bottle
train/n03983396/n03983396_6600.JPEG,737,soda bottle
train/n03983396/n03983396_2777.JPEG,737,soda bottle
train/n03983396/n03983396_5952.JPEG,737,soda bottle
train/n03983396/n03983396_7744.JPEG,737,soda bottle
train/n03983396/n03983396_1746.JPEG,737,soda bottle
train/n03983396/n03983396_11980.JPEG,737,soda bottle
train/n03983396/n03983396_170.JPEG,737,soda bottle
train/n03983396/n03983396_4295.JPEG,737,soda bottle
train/n03983396/n03983396_4762.JPEG,737,soda bottle
train/n03983396/n03983396_2565.JPEG,737,soda bottle
train/n03983396/n03983396_8281.JPEG,737,soda bottle
train/n03983396/n03983396_22865.JPEG,737,soda bottle
train/n03991062/n03991062_126.JPEG,738,plant pot
train/n03991062/n03991062_3989.JPEG,738,plant pot
train/n03991062/n03991062_26479.JPEG,738,plant pot
train/n03991062/n03991062_143.JPEG,738,plant pot
train/n03991062/n03991062_3532.JPEG,738,plant pot
train/n03991062/n03991062_2641.JPEG,738,plant pot
train/n03991062/n03991062_2064.JPEG,738,plant pot
train/n03991062/n03991062_2511.JPEG,738,plant pot
train/n03991062/n03991062_4146.JPEG,738,plant pot
train/n03991062/n03991062_885.JPEG,738,plant pot
train/n03991062/n03991062_27940.JPEG,738,plant pot
train/n03991062/n03991062_9073.JPEG,738,plant pot
train/n03991062/n03991062_5971.JPEG,738,plant pot
train/n03991062/n03991062_8769.JPEG,738,plant pot
train/n03991062/n03991062_29455.JPEG,738,plant pot
train/n03991062/n03991062_4762.JPEG,738,plant pot
train/n03992509/n03992509_5575.JPEG,739,potter's wheel
train/n03992509/n03992509_12516.JPEG,739,potter's wheel
train/n03992509/n03992509_2467.JPEG,739,potter's wheel
train/n03992509/n03992509_5944.JPEG,739,potter's wheel
train/n03992509/n03992509_4856.JPEG,739,potter's wheel
train/n03992509/n03992509_533.JPEG,739,potter's wheel
train/n03992509/n03992509_9258.JPEG,739,potter's wheel
train/n03992509/n03992509_574.JPEG,739,potter's wheel
train/n03992509/n03992509_12417.JPEG,739,potter's wheel
train/n03992509/n03992509_4589.JPEG,739,potter's wheel
train/n03992509/n03992509_7450.JPEG,739,potter's wheel
train/n03992509/n03992509_9323.JPEG,739,potter's wheel
train/n03992509/n03992509_9317.JPEG,739,potter's wheel
train/n03992509/n03992509_7197.JPEG,739,potter's wheel
train/n03992509/n03992509_141.JPEG,739,potter's wheel
train/n03992509/n03992509_4447.JPEG,739,potter's wheel
train/n03995372/n03995372_7492.JPEG,740,power drill
train/n03995372/n03995372_290.JPEG,740,power drill
train/n03995372/n03995372_4142.JPEG,740,power drill
train/n03995372/n03995372_8995.JPEG,740,power drill
train/n03995372/n03995372_13978.JPEG,740,power drill
train/n03995372/n03995372_6494.JPEG,740,power drill
train/n03995372/n03995372_10803.JPEG,740,power drill
train/n03995372/n03995372_5304.JPEG,740,power drill
train/n03995372/n03995372_9932.JPEG,740,power drill
train/n03995372/n03995372_4082.JPEG,740,power drill
train/n03995372/n03995372_19056.JPEG,740,power drill
train/n03995372/n03995372_10117.JPEG,740,power drill
train/n03995372/n03995372_2139.JPEG,740,power drill
train/n03995372/n03995372_19977.JPEG,740,power drill
train/n03995372/n03995372_594.JPEG,740,power drill
train/n03995372/n03995372_3378.JPEG,740,power drill
train/n03998194/n03998194_10834.JPEG,741,prayer rug
train/n03998194/n03998194_7529.JPEG,741,prayer rug
train/n03998194/n03998194_5288.JPEG,741,prayer rug
train/n03998194/n03998194_502.JPEG,741,prayer rug
train/n03998194/n03998194_5899.JPEG,741,prayer rug
train/n03998194/n03998194_11075.JPEG,741,prayer rug
train/n03998194/n03998194_23186.JPEG,741,prayer rug
train/n03998194/n03998194_7126.JPEG,741,prayer rug
train/n03998194/n03998194_6858.JPEG,741,prayer rug
train/n03998194/n03998194_1674.JPEG,741,prayer rug
train/n03998194/n03998194_401.JPEG,741,prayer rug
train/n03998194/n03998194_1120.JPEG,741,prayer rug
train/n03998194/n03998194_601.JPEG,741,prayer rug
train/n03998194/n03998194_11020.JPEG,741,prayer rug
train/n03998194/n03998194_6096.JPEG,741,prayer rug
train/n03998194/n03998194_10917.JPEG,741,prayer rug
train/n04004767/n04004767_5290.JPEG,742,printer
train/n04004767/n04004767_17934.JPEG,742,printer
train/n04004767/n04004767_12506.JPEG,742,printer
train/n04004767/n04004767_3305.JPEG,742,printer
train/n04004767/n04004767_2053.JPEG,742,printer
train/n04004767/n04004767_12360.JPEG,742,printer
train/n04004767/n04004767_1246.JPEG,742,printer
train/n04004767/n04004767_3531.JPEG,742,printer
train/n04004767/n04004767_5464.JPEG,742,printer
train/n04004767/n04004767_19229.JPEG,742,printer
train/n04004767/n04004767_8363.JPEG,742,printer
train/n04004767/n04004767_5152.JPEG,742,printer
train/n04004767/n04004767_13218.JPEG,742,printer
train/n04004767/n04004767_14236.JPEG,742,printer
train/n04004767/n04004767_3925.JPEG,742,printer
train/n04004767/n04004767_1986.JPEG,742,printer
train/n04005630/n04005630_21991.JPEG,743,prison
train/n04005630/n04005630_61696.JPEG,743,prison
train/n04005630/n04005630_15158.JPEG,743,prison
train/n04005630/n04005630_15115.JPEG,743,prison
train/n04005630/n04005630_91461.JPEG,743,prison
train/n04005630/n04005630_48718.JPEG,743,prison
train/n04005630/n04005630_111013.JPEG,743,prison
train/n04005630/n04005630_30120.JPEG,743,prison
train/n04005630/n04005630_32107.JPEG,743,prison
train/n04005630/n04005630_179319.JPEG,743,prison
train/n04005630/n04005630_4573.JPEG,743,prison
train/n04005630/n04005630_28948.JPEG,743,prison
train/n04005630/n04005630_19481.JPEG,743,prison
train/n04005630/n04005630_17595.JPEG,743,prison
train/n04005630/n04005630_18762.JPEG,743,prison
train/n04005630/n04005630_10741.JPEG,743,prison
train/n04008634/n04008634_10960.JPEG,744,missile
train/n04008634/n04008634_17258.JPEG,744,missile
train/n04008634/n04008634_24482.JPEG,744,missile
train/n04008634/n04008634_48947.JPEG,744,missile
train/n04008634/n04008634_19514.JPEG,744,missile
train/n04008634/n04008634_7627.JPEG,744,missile
train/n04008634/n04008634_18121.JPEG,744,missile
train/n04008634/n04008634_19478.JPEG,744,missile
train/n04008634/n04008634_10148.JPEG,744,missile
train/n04008634/n04008634_15951.JPEG,744,missile
train/n04008634/n04008634_23508.JPEG,744,missile
train/n04008634/n04008634_15602.JPEG,744,missile
train/n04008634/n04008634_20735.JPEG,744,missile
train/n04008634/n04008634_13730.JPEG,744,missile
train/n04008634/n04008634_18471.JPEG,744,missile
train/n04008634/n04008634_40337.JPEG,744,missile
train/n04009552/n04009552_6767.JPEG,745,projector
train/n04009552/n04009552_9559.JPEG,745,projector
train/n04009552/n04009552_5077.JPEG,745,projector
train/n04009552/n04009552_2172.JPEG,745,projector
train/n04009552/n04009552_24961.JPEG,745,projector
train/n04009552/n04009552_12980.JPEG,745,projector
train/n04009552/n04009552_9353.JPEG,745,projector
train/n04009552/n04009552_16907.JPEG,745,projector
train/n04009552/n04009552_13679.JPEG,745,projector
train/n04009552/n04009552_2212.JPEG,745,projector
train/n04009552/n04009552_12409.JPEG,745,projector
train/n04009552/n04009552_2308.JPEG,745,projector
train/n04009552/n04009552_12737.JPEG,745,projector
train/n04009552/n04009552_7471.JPEG,745,projector
train/n04009552/n04009552_15945.JPEG,745,projector
train/n04009552/n04009552_158.JPEG,745,projector
train/n04019541/n04019541_9076.JPEG,746,hockey puck
train/n04019541/n04019541_40573.JPEG,746,hockey puck
train/n04019541/n04019541_29230.JPEG,746,hockey puck
train/n04019541/n04019541_25379.JPEG,746,hockey puck
train/n04019541/n04019541_52958.JPEG,746,hockey puck
train/n04019541/n04019541_12934.JPEG,746,hockey puck
train/n04019541/n04019541_27908.JPEG,746,hockey puck
train/n04019541/n04019541_63234.JPEG,746,hockey puck
train/n04019541/n04019541_41013.JPEG,746,hockey puck
train/n04019541/n04019541_57170.JPEG,746,hockey puck
train/n04019541/n04019541_19357.JPEG,746,hockey puck
train/n04019541/n04019541_4195.JPEG,746,hockey puck
train/n04019541/n04019541_28147.JPEG,746,hockey puck
train/n04019541/n04019541_4445.JPEG,746,hockey puck
train/n04019541/n04019541_57367.JPEG,746,hockey puck
train/n04019541/n04019541_59146.JPEG,746,hockey puck
train/n04023962/n04023962_15769.JPEG,747,punching bag
train/n04023962/n04023962_19641.JPEG,747,punching bag
train/n04023962/n04023962_30522.JPEG,747,punching bag
train/n04023962/n04023962_10199.JPEG,747,punching bag
train/n04023962/n04023962_311.JPEG,747,punching bag
train/n04023962/n04023962_3158.JPEG,747,punching bag
train/n04023962/n04023962_7017.JPEG,747,punching bag
train/n04023962/n04023962_35126.JPEG,747,punching bag
train/n04023962/n04023962_29085.JPEG,747,punching bag
train/n04023962/n04023962_14727.JPEG,747,punching bag
train/n04023962/n04023962_20126.JPEG,747,punching bag
train/n04023962/n04023962_17513.JPEG,747,punching bag
train/n04023962/n04023962_636.JPEG,747,punching bag
train/n04023962/n04023962_38528.JPEG,747,punching bag
train/n04023962/n04023962_25129.JPEG,747,punching bag
train/n04023962/n04023962_25632.JPEG,747,punching bag
train/n04026417/n04026417_25588.JPEG,748,purse
train/n04026417/n04026417_13916.JPEG,748,purse
train/n04026417/n04026417_4946.JPEG,748,purse
train/n04026417/n04026417_30595.JPEG,748,purse
train/n04026417/n04026417_13678.JPEG,748,purse
train/n04026417/n04026417_44302.JPEG,748,purse
train/n04026417/n04026417_12632.JPEG,748,purse
train/n04026417/n04026417_97899.JPEG,748,purse
train/n04026417/n04026417_3302.JPEG,748,purse
train/n04026417/n04026417_10106.JPEG,748,purse
train/n04026417/n04026417_17970.JPEG,748,purse
train/n04026417/n04026417_8538.JPEG,748,purse
train/n04026417/n04026417_5128.JPEG,748,purse
train/n04026417/n04026417_13013.JPEG,748,purse
train/n04026417/n04026417_4369.JPEG,748,purse
train/n04026417/n04026417_2532.JPEG,748,purse
train/n04033901/n04033901_35841.JPEG,749,quill
train/n04033901/n04033901_29245.JPEG,749,quill
train/n04033901/n04033901_19900.JPEG,749,quill
train/n04033901/n04033901_4248.JPEG,749,quill
train/n04033901/n04033901_35748.JPEG,749,quill
train/n04033901/n04033901_6034.JPEG,749,quill
train/n04033901/n04033901_31368.JPEG,749,quill
train/n04033901/n04033901_2278.JPEG,749,quill
train/n04033901/n04033901_22870.JPEG,749,quill
train/n04033901/n04033901_9925.JPEG,749,quill
train/n04033901/n04033901_8817.JPEG,749,quill
train/n04033901/n04033901_10020.JPEG,749,quill
train/n04033901/n04033901_2737.JPEG,749,quill
train/n04033901/n04033901_7388.JPEG,749,quill
train/n04033901/n04033901_10951.JPEG,749,quill
train/n04033901/n04033901_4594.JPEG,749,quill
train/n04033995/n04033995_7657.JPEG,750,quilt
train/n04033995/n04033995_16503.JPEG,750,quilt
train/n04033995/n04033995_4385.JPEG,750,quilt
train/n04033995/n04033995_45786.JPEG,750,quilt
train/n04033995/n04033995_5000.JPEG,750,quilt
train/n04033995/n04033995_6764.JPEG,750,quilt
train/n04033995/n04033995_2207.JPEG,750,quilt
train/n04033995/n04033995_34870.JPEG,750,quilt
train/n04033995/n04033995_48117.JPEG,750,quilt
train/n04033995/n04033995_22746.JPEG,750,quilt
train/n04033995/n04033995_20162.JPEG,750,quilt
train/n04033995/n04033995_1157.JPEG,750,quilt
train/n04033995/n04033995_19548.JPEG,750,quilt
train/n04033995/n04033995_10016.JPEG,750,quilt
train/n04033995/n04033995_1507.JPEG,750,quilt
train/n04033995/n04033995_2891.JPEG,750,quilt
train/n04037443/n04037443_19623.JPEG,751,race car
train/n04037443/n04037443_10324.JPEG,751,race car
train/n04037443/n04037443_43088.JPEG,751,race car
train/n04037443/n04037443_55310.JPEG,751,race car
train/n04037443/n04037443_13489.JPEG,751,race car
train/n04037443/n04037443_838.JPEG,751,race car
train/n04037443/n04037443_24415.JPEG,751,race car
train/n04037443/n04037443_6936.JPEG,751,race car
train/n04037443/n04037443_11406.JPEG,751,race car
train/n04037443/n04037443_8108.JPEG,751,race car
train/n04037443/n04037443_32758.JPEG,751,race car
train/n04037443/n04037443_20699.JPEG,751,race car
train/n04037443/n04037443_22530.JPEG,751,race car
train/n04037443/n04037443_52115.JPEG,751,race car
train/n04037443/n04037443_4169.JPEG,751,race car
train/n04037443/n04037443_55589.JPEG,751,race car
train/n04039381/n04039381_23255.JPEG,752,racket
train/n04039381/n04039381_17430.JPEG,752,racket
train/n04039381/n04039381_9010.JPEG,752,racket
train/n04039381/n04039381_7352.JPEG,752,racket
train/n04039381/n04039381_1179.JPEG,752,racket
train/n04039381/n04039381_43345.JPEG,752,racket
train/n04039381/n04039381_26538.JPEG,752,racket
train/n04039381/n04039381_20610.JPEG,752,racket
train/n04039381/n04039381_35320.JPEG,752,racket
train/n04039381/n04039381_10856.JPEG,752,racket
train/n04039381/n04039381_5066.JPEG,752,racket
train/n04039381/n04039381_14015.JPEG,752,racket
train/n04039381/n04039381_31013.JPEG,752,racket
train/n04039381/n04039381_32788.JPEG,752,racket
train/n04039381/n04039381_34775.JPEG,752,racket
train/n04039381/n04039381_471.JPEG,752,racket
train/n04040759/n04040759_526.JPEG,753,radiator
train/n04040759/n04040759_58639.JPEG,753,radiator
train/n04040759/n04040759_1913.JPEG,753,radiator
train/n04040759/n04040759_1706.JPEG,753,radiator
train/n04040759/n04040759_12188.JPEG,753,radiator
train/n04040759/n04040759_22964.JPEG,753,radiator
train/n04040759/n04040759_9186.JPEG,753,radiator
train/n04040759/n04040759_16412.JPEG,753,radiator
train/n04040759/n04040759_12073.JPEG,753,radiator
train/n04040759/n04040759_9614.JPEG,753,radiator
train/n04040759/n04040759_37214.JPEG,753,radiator
train/n04040759/n04040759_4804.JPEG,753,radiator
train/n04040759/n04040759_8227.JPEG,753,radiator
train/n04040759/n04040759_2691.JPEG,753,radiator
train/n04040759/n04040759_809.JPEG,753,radiator
train/n04040759/n04040759_1001.JPEG,753,radiator
train/n04041544/n04041544_47025.JPEG,754,radio
train/n04041544/n04041544_27891.JPEG,754,radio
train/n04041544/n04041544_6401.JPEG,754,radio
train/n04041544/n04041544_25504.JPEG,754,radio
train/n04041544/n04041544_7024.JPEG,754,radio
train/n04041544/n04041544_3850.JPEG,754,radio
train/n04041544/n04041544_33894.JPEG,754,radio
train/n04041544/n04041544_3120.JPEG,754,radio
train/n04041544/n04041544_34146.JPEG,754,radio
train/n04041544/n04041544_19128.JPEG,754,radio
train/n04041544/n04041544_4502.JPEG,754,radio
train/n04041544/n04041544_33191.JPEG,754,radio
train/n04041544/n04041544_30730.JPEG,754,radio
train/n04041544/n04041544_9720.JPEG,754,radio
train/n04041544/n04041544_28788.JPEG,754,radio
train/n04041544/n04041544_34242.JPEG,754,radio
train/n04044716/n04044716_968.JPEG,755,radio telescope
train/n04044716/n04044716_14576.JPEG,755,radio telescope
train/n04044716/n04044716_13752.JPEG,755,radio telescope
train/n04044716/n04044716_4435.JPEG,755,radio telescope
train/n04044716/n04044716_6078.JPEG,755,radio telescope
train/n04044716/n04044716_8619.JPEG,755,radio telescope
train/n04044716/n04044716_4900.JPEG,755,radio telescope
train/n04044716/n04044716_15089.JPEG,755,radio telescope
train/n04044716/n04044716_1372.JPEG,755,radio telescope
train/n04044716/n04044716_6042.JPEG,755,radio telescope
train/n04044716/n04044716_8678.JPEG,755,radio telescope
train/n04044716/n04044716_363.JPEG,755,radio telescope
train/n04044716/n04044716_1134.JPEG,755,radio telescope
train/n04044716/n04044716_5480.JPEG,755,radio telescope
train/n04044716/n04044716_9624.JPEG,755,radio telescope
train/n04044716/n04044716_17804.JPEG,755,radio telescope
train/n04049303/n04049303_4311.JPEG,756,rain barrel
train/n04049303/n04049303_8308.JPEG,756,rain barrel
train/n04049303/n04049303_3233.JPEG,756,rain barrel
train/n04049303/n04049303_5480.JPEG,756,rain barrel
train/n04049303/n04049303_16952.JPEG,756,rain barrel
train/n04049303/n04049303_17105.JPEG,756,rain barrel
train/n04049303/n04049303_9063.JPEG,756,rain barrel
train/n04049303/n04049303_15995.JPEG,756,rain barrel
train/n04049303/n04049303_4380.JPEG,756,rain barrel
train/n04049303/n04049303_9899.JPEG,756,rain barrel
train/n04049303/n04049303_9659.JPEG,756,rain barrel
train/n04049303/n04049303_9085.JPEG,756,rain barrel
train/n04049303/n04049303_8505.JPEG,756,rain barrel
train/n04049303/n04049303_11494.JPEG,756,rain barrel
train/n04049303/n04049303_9869.JPEG,756,rain barrel
train/n04049303/n04049303_10510.JPEG,756,rain barrel
train/n04065272/n04065272_27719.JPEG,757,recreational vehicle
train/n04065272/n04065272_36614.JPEG,757,recreational vehicle
train/n04065272/n04065272_26097.JPEG,757,recreational vehicle
train/n04065272/n04065272_48867.JPEG,757,recreational vehicle
train/n04065272/n04065272_17158.JPEG,757,recreational vehicle
train/n04065272/n04065272_18027.JPEG,757,recreational vehicle
train/n04065272/n04065272_40829.JPEG,757,recreational vehicle
train/n04065272/n04065272_39341.JPEG,757,recreational vehicle
train/n04065272/n04065272_36316.JPEG,757,recreational vehicle
train/n04065272/n04065272_25662.JPEG,757,recreational vehicle
train/n04065272/n04065272_9549.JPEG,757,recreational vehicle
train/n04065272/n04065272_2400.JPEG,757,recreational vehicle
train/n04065272/n04065272_7243.JPEG,757,recreational vehicle
train/n04065272/n04065272_20564.JPEG,757,recreational vehicle
train/n04065272/n04065272_14231.JPEG,757,recreational vehicle
train/n04065272/n04065272_27639.JPEG,757,recreational vehicle
train/n04067472/n04067472_10147.JPEG,758,fishing casting reel
train/n04067472/n04067472_5244.JPEG,758,fishing casting reel
train/n04067472/n04067472_14201.JPEG,758,fishing casting reel
train/n04067472/n04067472_1100.JPEG,758,fishing casting reel
train/n04067472/n04067472_8532.JPEG,758,fishing casting reel
train/n04067472/n04067472_15320.JPEG,758,fishing casting reel
train/n04067472/n04067472_474.JPEG,758,fishing casting reel
train/n04067472/n04067472_8509.JPEG,758,fishing casting reel
train/n04067472/n04067472_39744.JPEG,758,fishing casting reel
train/n04067472/n04067472_7700.JPEG,758,fishing casting reel
train/n04067472/n04067472_7697.JPEG,758,fishing casting reel
train/n04067472/n04067472_6001.JPEG,758,fishing casting reel
train/n04067472/n04067472_16039.JPEG,758,fishing casting reel
train/n04067472/n04067472_45889.JPEG,758,fishing casting reel
train/n04067472/n04067472_9478.JPEG,758,fishing casting reel
train/n04067472/n04067472_779.JPEG,758,fishing casting reel
train/n04069434/n04069434_10948.JPEG,759,reflex camera
train/n04069434/n04069434_13770.JPEG,759,reflex camera
train/n04069434/n04069434_3037.JPEG,759,reflex camera
train/n04069434/n04069434_2502.JPEG,759,reflex camera
train/n04069434/n04069434_9490.JPEG,759,reflex camera
train/n04069434/n04069434_623.JPEG,759,reflex camera
train/n04069434/n04069434_11451.JPEG,759,reflex camera
train/n04069434/n04069434_12574.JPEG,759,reflex camera
train/n04069434/n04069434_9772.JPEG,759,reflex camera
train/n04069434/n04069434_8410.JPEG,759,reflex camera
train/n04069434/n04069434_2278.JPEG,759,reflex camera
train/n04069434/n04069434_16189.JPEG,759,reflex camera
train/n04069434/n04069434_17126.JPEG,759,reflex camera
train/n04069434/n04069434_14073.JPEG,759,reflex camera
train/n04069434/n04069434_25220.JPEG,759,reflex camera
train/n04069434/n04069434_18583.JPEG,759,reflex camera
train/n04070727/n04070727_4141.JPEG,760,refrigerator
train/n04070727/n04070727_26808.JPEG,760,refrigerator
train/n04070727/n04070727_40862.JPEG,760,refrigerator
train/n04070727/n04070727_2331.JPEG,760,refrigerator
train/n04070727/n04070727_7088.JPEG,760,refrigerator
train/n04070727/n04070727_3212.JPEG,760,refrigerator
train/n04070727/n04070727_56015.JPEG,760,refrigerator
train/n04070727/n04070727_57202.JPEG,760,refrigerator
train/n04070727/n04070727_31255.JPEG,760,refrigerator
train/n04070727/n04070727_82054.JPEG,760,refrigerator
train/n04070727/n04070727_14165.JPEG,760,refrigerator
train/n04070727/n04070727_31603.JPEG,760,refrigerator
train/n04070727/n04070727_18490.JPEG,760,refrigerator
train/n04070727/n04070727_11585.JPEG,760,refrigerator
train/n04070727/n04070727_31182.JPEG,760,refrigerator
train/n04070727/n04070727_24095.JPEG,760,refrigerator
train/n04074963/n04074963_17883.JPEG,761,remote control
train/n04074963/n04074963_3913.JPEG,761,remote control
train/n04074963/n04074963_4178.JPEG,761,remote control
train/n04074963/n04074963_8851.JPEG,761,remote control
train/n04074963/n04074963_5856.JPEG,761,remote control
train/n04074963/n04074963_14650.JPEG,761,remote control
train/n04074963/n04074963_4229.JPEG,761,remote control
train/n04074963/n04074963_4522.JPEG,761,remote control
train/n04074963/n04074963_9754.JPEG,761,remote control
train/n04074963/n04074963_19162.JPEG,761,remote control
train/n04074963/n04074963_8061.JPEG,761,remote control
train/n04074963/n04074963_11445.JPEG,761,remote control
train/n04074963/n04074963_13565.JPEG,761,remote control
train/n04074963/n04074963_21590.JPEG,761,remote control
train/n04074963/n04074963_3483.JPEG,761,remote control
train/n04074963/n04074963_2496.JPEG,761,remote control
train/n04081281/n04081281_111766.JPEG,762,restaurant
train/n04081281/n04081281_46144.JPEG,762,restaurant
train/n04081281/n04081281_65339.JPEG,762,restaurant
train/n04081281/n04081281_123373.JPEG,762,restaurant
train/n04081281/n04081281_24439.JPEG,762,restaurant
train/n04081281/n04081281_6288.JPEG,762,restaurant
train/n04081281/n04081281_13932.JPEG,762,restaurant
train/n04081281/n04081281_131897.JPEG,762,restaurant
train/n04081281/n04081281_74031.JPEG,762,restaurant
train/n04081281/n04081281_27517.JPEG,762,restaurant
train/n04081281/n04081281_22656.JPEG,762,restaurant
train/n04081281/n04081281_62205.JPEG,762,restaurant
train/n04081281/n04081281_16909.JPEG,762,restaurant
train/n04081281/n04081281_9239.JPEG,762,restaurant
train/n04081281/n04081281_4346.JPEG,762,restaurant
train/n04081281/n04081281_1150.JPEG,762,restaurant
train/n04086273/n04086273_24745.JPEG,763,revolver
train/n04086273/n04086273_7013.JPEG,763,revolver
train/n04086273/n04086273_11986.JPEG,763,revolver
train/n04086273/n04086273_13855.JPEG,763,revolver
train/n04086273/n04086273_14171.JPEG,763,revolver
train/n04086273/n04086273_11758.JPEG,763,revolver
train/n04086273/n04086273_29680.JPEG,763,revolver
train/n04086273/n04086273_38241.JPEG,763,revolver
train/n04086273/n04086273_4043.JPEG,763,revolver
train/n04086273/n04086273_24914.JPEG,763,revolver
train/n04086273/n04086273_8140.JPEG,763,revolver
train/n04086273/n04086273_1150.JPEG,763,revolver
train/n04086273/n04086273_20244.JPEG,763,revolver
train/n04086273/n04086273_8141.JPEG,763,revolver
train/n04086273/n04086273_8683.JPEG,763,revolver
train/n04086273/n04086273_19317.JPEG,763,revolver
train/n04090263/n04090263_17761.JPEG,764,rifle
train/n04090263/n04090263_2390.JPEG,764,rifle
train/n04090263/n04090263_25342.JPEG,764,rifle
train/n04090263/n04090263_2377.JPEG,764,rifle
train/n04090263/n04090263_8032.JPEG,764,rifle
train/n04090263/n04090263_4727.JPEG,764,rifle
train/n04090263/n04090263_8438.JPEG,764,rifle
train/n04090263/n04090263_6562.JPEG,764,rifle
train/n04090263/n04090263_6924.JPEG,764,rifle
train/n04090263/n04090263_6514.JPEG,764,rifle
train/n04090263/n04090263_5528.JPEG,764,rifle
train/n04090263/n04090263_11232.JPEG,764,rifle
train/n04090263/n04090263_30357.JPEG,764,rifle
train/n04090263/n04090263_6945.JPEG,764,rifle
train/n04090263/n04090263_22390.JPEG,764,rifle
train/n04090263/n04090263_5438.JPEG,764,rifle
train/n04099969/n04099969_1005.JPEG,765,rocking chair
train/n04099969/n04099969_3102.JPEG,765,rocking chair
train/n04099969/n04099969_5550.JPEG,765,rocking chair
train/n04099969/n04099969_5873.JPEG,765,rocking chair
train/n04099969/n04099969_2445.JPEG,765,rocking chair
train/n04099969/n04099969_24916.JPEG,765,rocking chair
train/n04099969/n04099969_7571.JPEG,765,rocking chair
train/n04099969/n04099969_9847.JPEG,765,rocking chair
train/n04099969/n04099969_1652.JPEG,765,rocking chair
train/n04099969/n04099969_3430.JPEG,765,rocking chair
train/n04099969/n04099969_15641.JPEG,765,rocking chair
train/n04099969/n04099969_17087.JPEG,765,rocking chair
train/n04099969/n04099969_14056.JPEG,765,rocking chair
train/n04099969/n04099969_12940.JPEG,765,rocking chair
train/n04099969/n04099969_51112.JPEG,765,rocking chair
train/n04099969/n04099969_4275.JPEG,765,rocking chair
train/n04111531/n04111531_7195.JPEG,766,rotisserie
train/n04111531/n04111531_6201.JPEG,766,rotisserie
train/n04111531/n04111531_5290.JPEG,766,rotisserie
train/n04111531/n04111531_1073.JPEG,766,rotisserie
train/n04111531/n04111531_15912.JPEG,766,rotisserie
train/n04111531/n04111531_11069.JPEG,766,rotisserie
train/n04111531/n04111531_6082.JPEG,766,rotisserie
train/n04111531/n04111531_7965.JPEG,766,rotisserie
train/n04111531/n04111531_11634.JPEG,766,rotisserie
train/n04111531/n04111531_6425.JPEG,766,rotisserie
train/n04111531/n04111531_4845.JPEG,766,rotisserie
train/n04111531/n04111531_1612.JPEG,766,rotisserie
train/n04111531/n04111531_6479.JPEG,766,rotisserie
train/n04111531/n04111531_9429.JPEG,766,rotisserie
train/n04111531/n04111531_10974.JPEG,766,rotisserie
train/n04111531/n04111531_2456.JPEG,766,rotisserie
train/n04116512/n04116512_21419.JPEG,767,eraser
train/n04116512/n04116512_92293.JPEG,767,eraser
train/n04116512/n04116512_52149.JPEG,767,eraser
train/n04116512/n04116512_27068.JPEG,767,eraser
train/n04116512/n04116512_25557.JPEG,767,eraser
train/n04116512/n04116512_2732.JPEG,767,eraser
train/n04116512/n04116512_3500.JPEG,767,eraser
train/n04116512/n04116512_89996.JPEG,767,eraser
train/n04116512/n04116512_18162.JPEG,767,eraser
train/n04116512/n04116512_20037.JPEG,767,eraser
train/n04116512/n04116512_5001.JPEG,767,eraser
train/n04116512/n04116512_29221.JPEG,767,eraser
train/n04116512/n04116512_6856.JPEG,767,eraser
train/n04116512/n04116512_42477.JPEG,767,eraser
train/n04116512/n04116512_92634.JPEG,767,eraser
train/n04116512/n04116512_90913.JPEG,767,eraser
train/n04118538/n04118538_222.JPEG,768,rugby ball
train/n04118538/n04118538_3550.JPEG,768,rugby ball
train/n04118538/n04118538_12830.JPEG,768,rugby ball
train/n04118538/n04118538_22019.JPEG,768,rugby ball
train/n04118538/n04118538_22885.JPEG,768,rugby ball
train/n04118538/n04118538_9675.JPEG,768,rugby ball
train/n04118538/n04118538_4854.JPEG,768,rugby ball
train/n04118538/n04118538_6391.JPEG,768,rugby ball
train/n04118538/n04118538_15991.JPEG,768,rugby ball
train/n04118538/n04118538_1345.JPEG,768,rugby ball
train/n04118538/n04118538_5788.JPEG,768,rugby ball
train/n04118538/n04118538_21351.JPEG,768,rugby ball
train/n04118538/n04118538_5922.JPEG,768,rugby ball
train/n04118538/n04118538_8078.JPEG,768,rugby ball
train/n04118538/n04118538_16020.JPEG,768,rugby ball
train/n04118538/n04118538_8357.JPEG,768,rugby ball
train/n04118776/n04118776_16131.JPEG,769,ruler measuring stick
train/n04118776/n04118776_6806.JPEG,769,ruler measuring stick
train/n04118776/n04118776_2487.JPEG,769,ruler measuring stick
train/n04118776/n04118776_1402.JPEG,769,ruler measuring stick
train/n04118776/n04118776_50193.JPEG,769,ruler measuring stick
train/n04118776/n04118776_28711.JPEG,769,ruler measuring stick
train/n04118776/n04118776_4885.JPEG,769,ruler measuring stick
train/n04118776/n04118776_58089.JPEG,769,ruler measuring stick
train/n04118776/n04118776_30042.JPEG,769,ruler measuring stick
train/n04118776/n04118776_67844.JPEG,769,ruler measuring stick
train/n04118776/n04118776_29543.JPEG,769,ruler measuring stick
train/n04118776/n04118776_49.JPEG,769,ruler measuring stick
train/n04118776/n04118776_2673.JPEG,769,ruler measuring stick
train/n04118776/n04118776_72283.JPEG,769,ruler measuring stick
train/n04118776/n04118776_5077.JPEG,769,ruler measuring stick
train/n04118776/n04118776_23106.JPEG,769,ruler measuring stick
train/n04120489/n04120489_4369.JPEG,770,sneaker
train/n04120489/n04120489_1054.JPEG,770,sneaker
train/n04120489/n04120489_945.JPEG,770,sneaker
train/n04120489/n04120489_4299.JPEG,770,sneaker
train/n04120489/n04120489_899.JPEG,770,sneaker
train/n04120489/n04120489_4100.JPEG,770,sneaker
train/n04120489/n04120489_12434.JPEG,770,sneaker
train/n04120489/n04120489_1812.JPEG,770,sneaker
train/n04120489/n04120489_155.JPEG,770,sneaker
train/n04120489/n04120489_1990.JPEG,770,sneaker
train/n04120489/n04120489_8660.JPEG,770,sneaker
train/n04120489/n04120489_4748.JPEG,770,sneaker
train/n04120489/n04120489_1276.JPEG,770,sneaker
train/n04120489/n04120489_4606.JPEG,770,sneaker
train/n04120489/n04120489_5582.JPEG,770,sneaker
train/n04120489/n04120489_4300.JPEG,770,sneaker
train/n04125021/n04125021_225.JPEG,771,safe
train/n04125021/n04125021_20664.JPEG,771,safe
train/n04125021/n04125021_27861.JPEG,771,safe
train/n04125021/n04125021_18650.JPEG,771,safe
train/n04125021/n04125021_1657.JPEG,771,safe
train/n04125021/n04125021_4017.JPEG,771,safe
train/n04125021/n04125021_12518.JPEG,771,safe
train/n04125021/n04125021_10226.JPEG,771,safe
train/n04125021/n04125021_16626.JPEG,771,safe
train/n04125021/n04125021_10951.JPEG,771,safe
train/n04125021/n04125021_18492.JPEG,771,safe
train/n04125021/n04125021_19780.JPEG,771,safe
train/n04125021/n04125021_1264.JPEG,771,safe
train/n04125021/n04125021_12690.JPEG,771,safe
train/n04125021/n04125021_12986.JPEG,771,safe
train/n04125021/n04125021_10187.JPEG,771,safe
train/n04127249/n04127249_10343.JPEG,772,safety pin
train/n04127249/n04127249_3119.JPEG,772,safety pin
train/n04127249/n04127249_1255.JPEG,772,safety pin
train/n04127249/n04127249_727.JPEG,772,safety pin
train/n04127249/n04127249_14566.JPEG,772,safety pin
train/n04127249/n04127249_2981.JPEG,772,safety pin
train/n04127249/n04127249_9064.JPEG,772,safety pin
train/n04127249/n04127249_6947.JPEG,772,safety pin
train/n04127249/n04127249_3657.JPEG,772,safety pin
train/n04127249/n04127249_9826.JPEG,772,safety pin
train/n04127249/n04127249_18042.JPEG,772,safety pin
train/n04127249/n04127249_5165.JPEG,772,safety pin
train/n04127249/n04127249_146.JPEG,772,safety pin
train/n04127249/n04127249_9317.JPEG,772,safety pin
train/n04127249/n04127249_6444.JPEG,772,safety pin
train/n04127249/n04127249_3135.JPEG,772,safety pin
train/n04131690/n04131690_7313.JPEG,773,salt shaker
train/n04131690/n04131690_4110.JPEG,773,salt shaker
train/n04131690/n04131690_7026.JPEG,773,salt shaker
train/n04131690/n04131690_7979.JPEG,773,salt shaker
train/n04131690/n04131690_10129.JPEG,773,salt shaker
train/n04131690/n04131690_21955.JPEG,773,salt shaker
train/n04131690/n04131690_4278.JPEG,773,salt shaker
train/n04131690/n04131690_12672.JPEG,773,salt shaker
train/n04131690/n04131690_15369.JPEG,773,salt shaker
train/n04131690/n04131690_23481.JPEG,773,salt shaker
train/n04131690/n04131690_882.JPEG,773,salt shaker
train/n04131690/n04131690_15224.JPEG,773,salt shaker
train/n04131690/n04131690_10612.JPEG,773,salt shaker
train/n04131690/n04131690_17117.JPEG,773,salt shaker
train/n04131690/n04131690_4294.JPEG,773,salt shaker
train/n04131690/n04131690_6394.JPEG,773,salt shaker
train/n04133789/n04133789_43483.JPEG,774,sandal
train/n04133789/n04133789_6815.JPEG,774,sandal
train/n04133789/n04133789_15839.JPEG,774,sandal
train/n04133789/n04133789_6914.JPEG,774,sandal
train/n04133789/n04133789_2470.JPEG,774,sandal
train/n04133789/n04133789_25946.JPEG,774,sandal
train/n04133789/n04133789_564.JPEG,774,sandal
train/n04133789/n04133789_2844.JPEG,774,sandal
train/n04133789/n04133789_4794.JPEG,774,sandal
train/n04133789/n04133789_5070.JPEG,774,sandal
train/n04133789/n04133789_11064.JPEG,774,sandal
train/n04133789/n04133789_8864.JPEG,774,sandal
train/n04133789/n04133789_1394.JPEG,774,sandal
train/n04133789/n04133789_12057.JPEG,774,sandal
train/n04133789/n04133789_9319.JPEG,774,sandal
train/n04133789/n04133789_25369.JPEG,774,sandal
train/n04136333/n04136333_24787.JPEG,775,sarong
train/n04136333/n04136333_17839.JPEG,775,sarong
train/n04136333/n04136333_8572.JPEG,775,sarong
train/n04136333/n04136333_15874.JPEG,775,sarong
train/n04136333/n04136333_12934.JPEG,775,sarong
train/n04136333/n04136333_15973.JPEG,775,sarong
train/n04136333/n04136333_24018.JPEG,775,sarong
train/n04136333/n04136333_7305.JPEG,775,sarong
train/n04136333/n04136333_24429.JPEG,775,sarong
train/n04136333/n04136333_3687.JPEG,775,sarong
train/n04136333/n04136333_24805.JPEG,775,sarong
train/n04136333/n04136333_9016.JPEG,775,sarong
train/n04136333/n04136333_10062.JPEG,775,sarong
train/n04136333/n04136333_6931.JPEG,775,sarong
train/n04136333/n04136333_13098.JPEG,775,sarong
train/n04136333/n04136333_21483.JPEG,775,sarong
train/n04141076/n04141076_73926.JPEG,776,saxophone
train/n04141076/n04141076_11729.JPEG,776,saxophone
train/n04141076/n04141076_16678.JPEG,776,saxophone
train/n04141076/n04141076_34866.JPEG,776,saxophone
train/n04141076/n04141076_36409.JPEG,776,saxophone
train/n04141076/n04141076_57899.JPEG,776,saxophone
train/n04141076/n04141076_23407.JPEG,776,saxophone
train/n04141076/n04141076_8296.JPEG,776,saxophone
train/n04141076/n04141076_3848.JPEG,776,saxophone
train/n04141076/n04141076_37069.JPEG,776,saxophone
train/n04141076/n04141076_11485.JPEG,776,saxophone
train/n04141076/n04141076_4178.JPEG,776,saxophone
train/n04141076/n04141076_48440.JPEG,776,saxophone
train/n04141076/n04141076_43426.JPEG,776,saxophone
train/n04141076/n04141076_62957.JPEG,776,saxophone
train/n04141076/n04141076_47572.JPEG,776,saxophone
train/n04141327/n04141327_2639.JPEG,777,scabbard
train/n04141327/n04141327_6263.JPEG,777,scabbard
train/n04141327/n04141327_1171.JPEG,777,scabbard
train/n04141327/n04141327_20705.JPEG,777,scabbard
train/n04141327/n04141327_2127.JPEG,777,scabbard
train/n04141327/n04141327_3486.JPEG,777,scabbard
train/n04141327/n04141327_4065.JPEG,777,scabbard
train/n04141327/n04141327_7131.JPEG,777,scabbard
train/n04141327/n04141327_14685.JPEG,777,scabbard
train/n04141327/n04141327_1915.JPEG,777,scabbard
train/n04141327/n04141327_1740.JPEG,777,scabbard
train/n04141327/n04141327_10011.JPEG,777,scabbard
train/n04141327/n04141327_2274.JPEG,777,scabbard
train/n04141327/n04141327_13521.JPEG,777,scabbard
train/n04141327/n04141327_15979.JPEG,777,scabbard
train/n04141327/n04141327_15555.JPEG,777,scabbard
train/n04141975/n04141975_414.JPEG,778,weighing scale
train/n04141975/n04141975_4815.JPEG,778,weighing scale
train/n04141975/n04141975_25655.JPEG,778,weighing scale
train/n04141975/n04141975_37840.JPEG,778,weighing scale
train/n04141975/n04141975_1310.JPEG,778,weighing scale
train/n04141975/n04141975_29874.JPEG,778,weighing scale
train/n04141975/n04141975_10092.JPEG,778,weighing scale
train/n04141975/n04141975_71357.JPEG,778,weighing scale
train/n04141975/n04141975_65514.JPEG,778,weighing scale
train/n04141975/n04141975_40127.JPEG,778,weighing scale
train/n04141975/n04141975_9088.JPEG,778,weighing scale
train/n04141975/n04141975_6835.JPEG,778,weighing scale
train/n04141975/n04141975_3483.JPEG,778,weighing scale
train/n04141975/n04141975_2364.JPEG,778,weighing scale
train/n04141975/n04141975_15575.JPEG,778,weighing scale
train/n04141975/n04141975_26727.JPEG,778,weighing scale
train/n04146614/n04146614_7221.JPEG,779,school bus
train/n04146614/n04146614_3251.JPEG,779,school bus
train/n04146614/n04146614_10120.JPEG,779,school bus
train/n04146614/n04146614_2188.JPEG,779,school bus
train/n04146614/n04146614_15744.JPEG,779,school bus
train/n04146614/n04146614_3826.JPEG,779,school bus
train/n04146614/n04146614_1281.JPEG,779,school bus
train/n04146614/n04146614_5780.JPEG,779,school bus
train/n04146614/n04146614_16667.JPEG,779,school bus
train/n04146614/n04146614_16401.JPEG,779,school bus
train/n04146614/n04146614_5303.JPEG,779,school bus
train/n04146614/n04146614_8438.JPEG,779,school bus
train/n04146614/n04146614_4729.JPEG,779,school bus
train/n04146614/n04146614_10702.JPEG,779,school bus
train/n04146614/n04146614_8862.JPEG,779,school bus
train/n04146614/n04146614_6278.JPEG,779,school bus
train/n04147183/n04147183_25354.JPEG,780,schooner
train/n04147183/n04147183_16436.JPEG,780,schooner
train/n04147183/n04147183_2246.JPEG,780,schooner
train/n04147183/n04147183_3946.JPEG,780,schooner
train/n04147183/n04147183_24400.JPEG,780,schooner
train/n04147183/n04147183_9488.JPEG,780,schooner
train/n04147183/n04147183_9294.JPEG,780,schooner
train/n04147183/n04147183_622.JPEG,780,schooner
train/n04147183/n04147183_4279.JPEG,780,schooner
train/n04147183/n04147183_21988.JPEG,780,schooner
train/n04147183/n04147183_3908.JPEG,780,schooner
train/n04147183/n04147183_21975.JPEG,780,schooner
train/n04147183/n04147183_6819.JPEG,780,schooner
train/n04147183/n04147183_2119.JPEG,780,schooner
train/n04147183/n04147183_41727.JPEG,780,schooner
train/n04147183/n04147183_16168.JPEG,780,schooner
train/n04149813/n04149813_2782.JPEG,781,scoreboard
train/n04149813/n04149813_16518.JPEG,781,scoreboard
train/n04149813/n04149813_12589.JPEG,781,scoreboard
train/n04149813/n04149813_2165.JPEG,781,scoreboard
train/n04149813/n04149813_4108.JPEG,781,scoreboard
train/n04149813/n04149813_633.JPEG,781,scoreboard
train/n04149813/n04149813_2836.JPEG,781,scoreboard
train/n04149813/n04149813_2227.JPEG,781,scoreboard
train/n04149813/n04149813_3433.JPEG,781,scoreboard
train/n04149813/n04149813_9355.JPEG,781,scoreboard
train/n04149813/n04149813_699.JPEG,781,scoreboard
train/n04149813/n04149813_9201.JPEG,781,scoreboard
train/n04149813/n04149813_5988.JPEG,781,scoreboard
train/n04149813/n04149813_15736.JPEG,781,scoreboard
train/n04149813/n04149813_20107.JPEG,781,scoreboard
train/n04149813/n04149813_6457.JPEG,781,scoreboard
train/n04152593/n04152593_842.JPEG,782,CRT monitor
train/n04152593/n04152593_21732.JPEG,782,CRT monitor
train/n04152593/n04152593_72028.JPEG,782,CRT monitor
train/n04152593/n04152593_5109.JPEG,782,CRT monitor
train/n04152593/n04152593_78233.JPEG,782,CRT monitor
train/n04152593/n04152593_18923.JPEG,782,CRT monitor
train/n04152593/n04152593_9597.JPEG,782,CRT monitor
train/n04152593/n04152593_17329.JPEG,782,CRT monitor
train/n04152593/n04152593_13975.JPEG,782,CRT monitor
train/n04152593/n04152593_82168.JPEG,782,CRT monitor
train/n04152593/n04152593_38398.JPEG,782,CRT monitor
train/n04152593/n04152593_75139.JPEG,782,CRT monitor
train/n04152593/n04152593_7607.JPEG,782,CRT monitor
train/n04152593/n04152593_50916.JPEG,782,CRT monitor
train/n04152593/n04152593_11120.JPEG,782,CRT monitor
train/n04152593/n04152593_2889.JPEG,782,CRT monitor
train/n04153751/n04153751_8802.JPEG,783,screw
train/n04153751/n04153751_11970.JPEG,783,screw
train/n04153751/n04153751_6830.JPEG,783,screw
train/n04153751/n04153751_24406.JPEG,783,screw
train/n04153751/n04153751_6348.JPEG,783,screw
train/n04153751/n04153751_6702.JPEG,783,screw
train/n04153751/n04153751_35425.JPEG,783,screw
train/n04153751/n04153751_3060.JPEG,783,screw
train/n04153751/n04153751_10075.JPEG,783,screw
train/n04153751/n04153751_8093.JPEG,783,screw
train/n04153751/n04153751_6604.JPEG,783,screw
train/n04153751/n04153751_7485.JPEG,783,screw
train/n04153751/n04153751_24420.JPEG,783,screw
train/n04153751/n04153751_5389.JPEG,783,screw
train/n04153751/n04153751_8461.JPEG,783,screw
train/n04153751/n04153751_14349.JPEG,783,screw
train/n04154565/n04154565_31526.JPEG,784,screwdriver
train/n04154565/n04154565_334.JPEG,784,screwdriver
train/n04154565/n04154565_13663.JPEG,784,screwdriver
train/n04154565/n04154565_4779.JPEG,784,screwdriver
train/n04154565/n04154565_30240.JPEG,784,screwdriver
train/n04154565/n04154565_18863.JPEG,784,screwdriver
train/n04154565/n04154565_31271.JPEG,784,screwdriver
train/n04154565/n04154565_10069.JPEG,784,screwdriver
train/n04154565/n04154565_12268.JPEG,784,screwdriver
train/n04154565/n04154565_1212.JPEG,784,screwdriver
train/n04154565/n04154565_28564.JPEG,784,screwdriver
train/n04154565/n04154565_17480.JPEG,784,screwdriver
train/n04154565/n04154565_11714.JPEG,784,screwdriver
train/n04154565/n04154565_9374.JPEG,784,screwdriver
train/n04154565/n04154565_87.JPEG,784,screwdriver
train/n04154565/n04154565_15429.JPEG,784,screwdriver
train/n04162706/n04162706_46714.JPEG,785,seat belt
train/n04162706/n04162706_44518.JPEG,785,seat belt
train/n04162706/n04162706_19392.JPEG,785,seat belt
train/n04162706/n04162706_3499.JPEG,785,seat belt
train/n04162706/n04162706_31269.JPEG,785,seat belt
train/n04162706/n04162706_8980.JPEG,785,seat belt
train/n04162706/n04162706_21004.JPEG,785,seat belt
train/n04162706/n04162706_44232.JPEG,785,seat belt
train/n04162706/n04162706_36257.JPEG,785,seat belt
train/n04162706/n04162706_43367.JPEG,785,seat belt
train/n04162706/n04162706_45712.JPEG,785,seat belt
train/n04162706/n04162706_38629.JPEG,785,seat belt
train/n04162706/n04162706_24527.JPEG,785,seat belt
train/n04162706/n04162706_17992.JPEG,785,seat belt
train/n04162706/n04162706_1205.JPEG,785,seat belt
train/n04162706/n04162706_31975.JPEG,785,seat belt
train/n04179913/n04179913_10330.JPEG,786,sewing machine
train/n04179913/n04179913_7367.JPEG,786,sewing machine
train/n04179913/n04179913_11731.JPEG,786,sewing machine
train/n04179913/n04179913_11109.JPEG,786,sewing machine
train/n04179913/n04179913_11908.JPEG,786,sewing machine
train/n04179913/n04179913_10855.JPEG,786,sewing machine
train/n04179913/n04179913_11975.JPEG,786,sewing machine
train/n04179913/n04179913_2981.JPEG,786,sewing machine
train/n04179913/n04179913_10945.JPEG,786,sewing machine
train/n04179913/n04179913_7206.JPEG,786,sewing machine
train/n04179913/n04179913_15014.JPEG,786,sewing machine
train/n04179913/n04179913_12442.JPEG,786,sewing machine
train/n04179913/n04179913_15269.JPEG,786,sewing machine
train/n04179913/n04179913_17107.JPEG,786,sewing machine
train/n04179913/n04179913_11680.JPEG,786,sewing machine
train/n04179913/n04179913_13529.JPEG,786,sewing machine
train/n04192698/n04192698_26355.JPEG,787,shield
train/n04192698/n04192698_20299.JPEG,787,shield
train/n04192698/n04192698_49446.JPEG,787,shield
train/n04192698/n04192698_18837.JPEG,787,shield
train/n04192698/n04192698_12346.JPEG,787,shield
train/n04192698/n04192698_7704.JPEG,787,shield
train/n04192698/n04192698_21994.JPEG,787,shield
train/n04192698/n04192698_62827.JPEG,787,shield
train/n04192698/n04192698_68916.JPEG,787,shield
train/n04192698/n04192698_10116.JPEG,787,shield
train/n04192698/n04192698_19486.JPEG,787,shield
train/n04192698/n04192698_10394.JPEG,787,shield
train/n04192698/n04192698_839.JPEG,787,shield
train/n04192698/n04192698_48171.JPEG,787,shield
train/n04192698/n04192698_3503.JPEG,787,shield
train/n04192698/n04192698_41568.JPEG,787,shield
train/n04200800/n04200800_18771.JPEG,788,shoe store
train/n04200800/n04200800_29309.JPEG,788,shoe store
train/n04200800/n04200800_37391.JPEG,788,shoe store
train/n04200800/n04200800_47564.JPEG,788,shoe store
train/n04200800/n04200800_21347.JPEG,788,shoe store
train/n04200800/n04200800_21037.JPEG,788,shoe store
train/n04200800/n04200800_40018.JPEG,788,shoe store
train/n04200800/n04200800_10885.JPEG,788,shoe store
train/n04200800/n04200800_6130.JPEG,788,shoe store
train/n04200800/n04200800_6129.JPEG,788,shoe store
train/n04200800/n04200800_12718.JPEG,788,shoe store
train/n04200800/n04200800_19439.JPEG,788,shoe store
train/n04200800/n04200800_40844.JPEG,788,shoe store
train/n04200800/n04200800_2130.JPEG,788,shoe store
train/n04200800/n04200800_37968.JPEG,788,shoe store
train/n04200800/n04200800_2808.JPEG,788,shoe store
train/n04201297/n04201297_5705.JPEG,789,shoji screen / room divider
train/n04201297/n04201297_3278.JPEG,789,shoji screen / room divider
train/n04201297/n04201297_3916.JPEG,789,shoji screen / room divider
train/n04201297/n04201297_1181.JPEG,789,shoji screen / room divider
train/n04201297/n04201297_6464.JPEG,789,shoji screen / room divider
train/n04201297/n04201297_10016.JPEG,789,shoji screen / room divider
train/n04201297/n04201297_17649.JPEG,789,shoji screen / room divider
train/n04201297/n04201297_10028.JPEG,789,shoji screen / room divider
train/n04201297/n04201297_1420.JPEG,789,shoji screen / room divider
train/n04201297/n04201297_6582.JPEG,789,shoji screen / room divider
train/n04201297/n04201297_5575.JPEG,789,shoji screen / room divider
train/n04201297/n04201297_6607.JPEG,789,shoji screen / room divider
train/n04201297/n04201297_6171.JPEG,789,shoji screen / room divider
train/n04201297/n04201297_7801.JPEG,789,shoji screen / room divider
train/n04201297/n04201297_6282.JPEG,789,shoji screen / room divider
train/n04201297/n04201297_5074.JPEG,789,shoji screen / room divider
train/n04204238/n04204238_2812.JPEG,790,shopping basket
train/n04204238/n04204238_15926.JPEG,790,shopping basket
train/n04204238/n04204238_13198.JPEG,790,shopping basket
train/n04204238/n04204238_3552.JPEG,790,shopping basket
train/n04204238/n04204238_2020.JPEG,790,shopping basket
train/n04204238/n04204238_5169.JPEG,790,shopping basket
train/n04204238/n04204238_11727.JPEG,790,shopping basket
train/n04204238/n04204238_748.JPEG,790,shopping basket
train/n04204238/n04204238_5082.JPEG,790,shopping basket
train/n04204238/n04204238_8246.JPEG,790,shopping basket
train/n04204238/n04204238_13353.JPEG,790,shopping basket
train/n04204238/n04204238_2444.JPEG,790,shopping basket
train/n04204238/n04204238_14575.JPEG,790,shopping basket
train/n04204238/n04204238_7884.JPEG,790,shopping basket
train/n04204238/n04204238_11731.JPEG,790,shopping basket
train/n04204238/n04204238_831.JPEG,790,shopping basket
train/n04204347/n04204347_3786.JPEG,791,shopping cart
train/n04204347/n04204347_4792.JPEG,791,shopping cart
train/n04204347/n04204347_9868.JPEG,791,shopping cart
train/n04204347/n04204347_6268.JPEG,791,shopping cart
train/n04204347/n04204347_5365.JPEG,791,shopping cart
train/n04204347/n04204347_10296.JPEG,791,shopping cart
train/n04204347/n04204347_6466.JPEG,791,shopping cart
train/n04204347/n04204347_1861.JPEG,791,shopping cart
train/n04204347/n04204347_3873.JPEG,791,shopping cart
train/n04204347/n04204347_2307.JPEG,791,shopping cart
train/n04204347/n04204347_11241.JPEG,791,shopping cart
train/n04204347/n04204347_4526.JPEG,791,shopping cart
train/n04204347/n04204347_10947.JPEG,791,shopping cart
train/n04204347/n04204347_3558.JPEG,791,shopping cart
train/n04204347/n04204347_446.JPEG,791,shopping cart
train/n04204347/n04204347_6522.JPEG,791,shopping cart
train/n04208210/n04208210_13609.JPEG,792,shovel
train/n04208210/n04208210_45794.JPEG,792,shovel
train/n04208210/n04208210_14041.JPEG,792,shovel
train/n04208210/n04208210_15259.JPEG,792,shovel
train/n04208210/n04208210_19888.JPEG,792,shovel
train/n04208210/n04208210_5987.JPEG,792,shovel
train/n04208210/n04208210_54660.JPEG,792,shovel
train/n04208210/n04208210_10374.JPEG,792,shovel
train/n04208210/n04208210_959.JPEG,792,shovel
train/n04208210/n04208210_3467.JPEG,792,shovel
train/n04208210/n04208210_38205.JPEG,792,shovel
train/n04208210/n04208210_2767.JPEG,792,shovel
train/n04208210/n04208210_13765.JPEG,792,shovel
train/n04208210/n04208210_13410.JPEG,792,shovel
train/n04208210/n04208210_8040.JPEG,792,shovel
train/n04208210/n04208210_13744.JPEG,792,shovel
train/n04209133/n04209133_1228.JPEG,793,shower cap
train/n04209133/n04209133_2200.JPEG,793,shower cap
train/n04209133/n04209133_1870.JPEG,793,shower cap
train/n04209133/n04209133_2118.JPEG,793,shower cap
train/n04209133/n04209133_1848.JPEG,793,shower cap
train/n04209133/n04209133_11454.JPEG,793,shower cap
train/n04209133/n04209133_1921.JPEG,793,shower cap
train/n04209133/n04209133_3694.JPEG,793,shower cap
train/n04209133/n04209133_734.JPEG,793,shower cap
train/n04209133/n04209133_3582.JPEG,793,shower cap
train/n04209133/n04209133_8400.JPEG,793,shower cap
train/n04209133/n04209133_1791.JPEG,793,shower cap
train/n04209133/n04209133_4912.JPEG,793,shower cap
train/n04209133/n04209133_858.JPEG,793,shower cap
train/n04209133/n04209133_6322.JPEG,793,shower cap
train/n04209133/n04209133_4238.JPEG,793,shower cap
train/n04209239/n04209239_416.JPEG,794,shower curtain
train/n04209239/n04209239_19783.JPEG,794,shower curtain
train/n04209239/n04209239_8800.JPEG,794,shower curtain
train/n04209239/n04209239_8143.JPEG,794,shower curtain
train/n04209239/n04209239_2962.JPEG,794,shower curtain
train/n04209239/n04209239_203.JPEG,794,shower curtain
train/n04209239/n04209239_6924.JPEG,794,shower curtain
train/n04209239/n04209239_11056.JPEG,794,shower curtain
train/n04209239/n04209239_1721.JPEG,794,shower curtain
train/n04209239/n04209239_17062.JPEG,794,shower curtain
train/n04209239/n04209239_1875.JPEG,794,shower curtain
train/n04209239/n04209239_2554.JPEG,794,shower curtain
train/n04209239/n04209239_6473.JPEG,794,shower curtain
train/n04209239/n04209239_12020.JPEG,794,shower curtain
train/n04209239/n04209239_9363.JPEG,794,shower curtain
train/n04209239/n04209239_14903.JPEG,794,shower curtain
train/n04228054/n04228054_9489.JPEG,795,ski
train/n04228054/n04228054_6170.JPEG,795,ski
train/n04228054/n04228054_12029.JPEG,795,ski
train/n04228054/n04228054_16922.JPEG,795,ski
train/n04228054/n04228054_12198.JPEG,795,ski
train/n04228054/n04228054_2386.JPEG,795,ski
train/n04228054/n04228054_198.JPEG,795,ski
train/n04228054/n04228054_11419.JPEG,795,ski
train/n04228054/n04228054_29817.JPEG,795,ski
train/n04228054/n04228054_20474.JPEG,795,ski
train/n04228054/n04228054_11614.JPEG,795,ski
train/n04228054/n04228054_4572.JPEG,795,ski
train/n04228054/n04228054_7101.JPEG,795,ski
train/n04228054/n04228054_1594.JPEG,795,ski
train/n04228054/n04228054_25869.JPEG,795,ski
train/n04228054/n04228054_11549.JPEG,795,ski
train/n04229816/n04229816_3912.JPEG,796,balaclava ski mask
train/n04229816/n04229816_12442.JPEG,796,balaclava ski mask
train/n04229816/n04229816_8834.JPEG,796,balaclava ski mask
train/n04229816/n04229816_4291.JPEG,796,balaclava ski mask
train/n04229816/n04229816_7520.JPEG,796,balaclava ski mask
train/n04229816/n04229816_3637.JPEG,796,balaclava ski mask
train/n04229816/n04229816_3252.JPEG,796,balaclava ski mask
train/n04229816/n04229816_6281.JPEG,796,balaclava ski mask
train/n04229816/n04229816_313.JPEG,796,balaclava ski mask
train/n04229816/n04229816_6308.JPEG,796,balaclava ski mask
train/n04229816/n04229816_13238.JPEG,796,balaclava ski mask
train/n04229816/n04229816_2683.JPEG,796,balaclava ski mask
train/n04229816/n04229816_12464.JPEG,796,balaclava ski mask
train/n04229816/n04229816_6234.JPEG,796,balaclava ski mask
train/n04229816/n04229816_4931.JPEG,796,balaclava ski mask
train/n04229816/n04229816_3922.JPEG,796,balaclava ski mask
train/n04235860/n04235860_12195.JPEG,797,sleeping bag
train/n04235860/n04235860_7500.JPEG,797,sleeping bag
train/n04235860/n04235860_16345.JPEG,797,sleeping bag
train/n04235860/n04235860_3549.JPEG,797,sleeping bag
train/n04235860/n04235860_6496.JPEG,797,sleeping bag
train/n04235860/n04235860_2714.JPEG,797,sleeping bag
train/n04235860/n04235860_12257.JPEG,797,sleeping bag
train/n04235860/n04235860_11572.JPEG,797,sleeping bag
train/n04235860/n04235860_8786.JPEG,797,sleeping bag
train/n04235860/n04235860_9599.JPEG,797,sleeping bag
train/n04235860/n04235860_13754.JPEG,797,sleeping bag
train/n04235860/n04235860_1854.JPEG,797,sleeping bag
train/n04235860/n04235860_3405.JPEG,797,sleeping bag
train/n04235860/n04235860_9746.JPEG,797,sleeping bag
train/n04235860/n04235860_14486.JPEG,797,sleeping bag
train/n04235860/n04235860_6823.JPEG,797,sleeping bag
train/n04238763/n04238763_6012.JPEG,798,slide rule
train/n04238763/n04238763_2526.JPEG,798,slide rule
train/n04238763/n04238763_12629.JPEG,798,slide rule
train/n04238763/n04238763_698.JPEG,798,slide rule
train/n04238763/n04238763_8277.JPEG,798,slide rule
train/n04238763/n04238763_410.JPEG,798,slide rule
train/n04238763/n04238763_1721.JPEG,798,slide rule
train/n04238763/n04238763_11268.JPEG,798,slide rule
train/n04238763/n04238763_9268.JPEG,798,slide rule
train/n04238763/n04238763_5898.JPEG,798,slide rule
train/n04238763/n04238763_2332.JPEG,798,slide rule
train/n04238763/n04238763_1445.JPEG,798,slide rule
train/n04238763/n04238763_10163.JPEG,798,slide rule
train/n04238763/n04238763_2092.JPEG,798,slide rule
train/n04238763/n04238763_13226.JPEG,798,slide rule
train/n04238763/n04238763_2976.JPEG,798,slide rule
train/n04239074/n04239074_10587.JPEG,799,sliding door
train/n04239074/n04239074_5186.JPEG,799,sliding door
train/n04239074/n04239074_7441.JPEG,799,sliding door
train/n04239074/n04239074_7560.JPEG,799,sliding door
train/n04239074/n04239074_12561.JPEG,799,sliding door
train/n04239074/n04239074_5623.JPEG,799,sliding door
train/n04239074/n04239074_5195.JPEG,799,sliding door
train/n04239074/n04239074_7415.JPEG,799,sliding door
train/n04239074/n04239074_1230.JPEG,799,sliding door
train/n04239074/n04239074_14019.JPEG,799,sliding door
train/n04239074/n04239074_3766.JPEG,799,sliding door
train/n04239074/n04239074_3246.JPEG,799,sliding door
train/n04239074/n04239074_1369.JPEG,799,sliding door
train/n04239074/n04239074_8046.JPEG,799,sliding door
train/n04239074/n04239074_22143.JPEG,799,sliding door
train/n04239074/n04239074_6773.JPEG,799,sliding door
train/n04243546/n04243546_5872.JPEG,800,slot machine
train/n04243546/n04243546_1997.JPEG,800,slot machine
train/n04243546/n04243546_19367.JPEG,800,slot machine
train/n04243546/n04243546_20544.JPEG,800,slot machine
train/n04243546/n04243546_24176.JPEG,800,slot machine
train/n04243546/n04243546_7165.JPEG,800,slot machine
train/n04243546/n04243546_2431.JPEG,800,slot machine
train/n04243546/n04243546_1160.JPEG,800,slot machine
train/n04243546/n04243546_3301.JPEG,800,slot machine
train/n04243546/n04243546_4721.JPEG,800,slot machine
train/n04243546/n04243546_4270.JPEG,800,slot machine
train/n04243546/n04243546_16524.JPEG,800,slot machine
train/n04243546/n04243546_6958.JPEG,800,slot machine
train/n04243546/n04243546_5715.JPEG,800,slot machine
train/n04243546/n04243546_3639.JPEG,800,slot machine
train/n04243546/n04243546_19586.JPEG,800,slot machine
train/n04251144/n04251144_605.JPEG,801,snorkel
train/n04251144/n04251144_5050.JPEG,801,snorkel
train/n04251144/n04251144_19739.JPEG,801,snorkel
train/n04251144/n04251144_8650.JPEG,801,snorkel
train/n04251144/n04251144_9065.JPEG,801,snorkel
train/n04251144/n04251144_14705.JPEG,801,snorkel
train/n04251144/n04251144_29026.JPEG,801,snorkel
train/n04251144/n04251144_10263.JPEG,801,snorkel
train/n04251144/n04251144_9102.JPEG,801,snorkel
train/n04251144/n04251144_12645.JPEG,801,snorkel
train/n04251144/n04251144_4862.JPEG,801,snorkel
train/n04251144/n04251144_22655.JPEG,801,snorkel
train/n04251144/n04251144_12713.JPEG,801,snorkel
train/n04251144/n04251144_10552.JPEG,801,snorkel
train/n04251144/n04251144_13428.JPEG,801,snorkel
train/n04251144/n04251144_12460.JPEG,801,snorkel
train/n04252077/n04252077_5413.JPEG,802,snowmobile
train/n04252077/n04252077_2558.JPEG,802,snowmobile
train/n04252077/n04252077_7281.JPEG,802,snowmobile
train/n04252077/n04252077_10186.JPEG,802,snowmobile
train/n04252077/n04252077_902.JPEG,802,snowmobile
train/n04252077/n04252077_3601.JPEG,802,snowmobile
train/n04252077/n04252077_9103.JPEG,802,snowmobile
train/n04252077/n04252077_9450.JPEG,802,snowmobile
train/n04252077/n04252077_2523.JPEG,802,snowmobile
train/n04252077/n04252077_1722.JPEG,802,snowmobile
train/n04252077/n04252077_10869.JPEG,802,snowmobile
train/n04252077/n04252077_6852.JPEG,802,snowmobile
train/n04252077/n04252077_4277.JPEG,802,snowmobile
train/n04252077/n04252077_4899.JPEG,802,snowmobile
train/n04252077/n04252077_1226.JPEG,802,snowmobile
train/n04252077/n04252077_13547.JPEG,802,snowmobile
train/n04252225/n04252225_8292.JPEG,803,snowplow
train/n04252225/n04252225_2664.JPEG,803,snowplow
train/n04252225/n04252225_30058.JPEG,803,snowplow
train/n04252225/n04252225_5248.JPEG,803,snowplow
train/n04252225/n04252225_15526.JPEG,803,snowplow
train/n04252225/n04252225_29385.JPEG,803,snowplow
train/n04252225/n04252225_9404.JPEG,803,snowplow
train/n04252225/n04252225_22295.JPEG,803,snowplow
train/n04252225/n04252225_11036.JPEG,803,snowplow
train/n04252225/n04252225_7312.JPEG,803,snowplow
train/n04252225/n04252225_18556.JPEG,803,snowplow
train/n04252225/n04252225_26632.JPEG,803,snowplow
train/n04252225/n04252225_12860.JPEG,803,snowplow
train/n04252225/n04252225_22398.JPEG,803,snowplow
train/n04252225/n04252225_12219.JPEG,803,snowplow
train/n04252225/n04252225_28262.JPEG,803,snowplow
train/n04254120/n04254120_1607.JPEG,804,soap dispenser
train/n04254120/n04254120_1374.JPEG,804,soap dispenser
train/n04254120/n04254120_775.JPEG,804,soap dispenser
train/n04254120/n04254120_3146.JPEG,804,soap dispenser
train/n04254120/n04254120_4732.JPEG,804,soap dispenser
train/n04254120/n04254120_747.JPEG,804,soap dispenser
train/n04254120/n04254120_3362.JPEG,804,soap dispenser
train/n04254120/n04254120_1578.JPEG,804,soap dispenser
train/n04254120/n04254120_2102.JPEG,804,soap dispenser
train/n04254120/n04254120_3639.JPEG,804,soap dispenser
train/n04254120/n04254120_3115.JPEG,804,soap dispenser
train/n04254120/n04254120_1044.JPEG,804,soap dispenser
train/n04254120/n04254120_3240.JPEG,804,soap dispenser
train/n04254120/n04254120_521.JPEG,804,soap dispenser
train/n04254120/n04254120_1835.JPEG,804,soap dispenser
train/n04254120/n04254120_1278.JPEG,804,soap dispenser
train/n04254680/n04254680_7422.JPEG,805,soccer ball
train/n04254680/n04254680_154.JPEG,805,soccer ball
train/n04254680/n04254680_6056.JPEG,805,soccer ball
train/n04254680/n04254680_1809.JPEG,805,soccer ball
train/n04254680/n04254680_13262.JPEG,805,soccer ball
train/n04254680/n04254680_5033.JPEG,805,soccer ball
train/n04254680/n04254680_1395.JPEG,805,soccer ball
train/n04254680/n04254680_7998.JPEG,805,soccer ball
train/n04254680/n04254680_5744.JPEG,805,soccer ball
train/n04254680/n04254680_6645.JPEG,805,soccer ball
train/n04254680/n04254680_1366.JPEG,805,soccer ball
train/n04254680/n04254680_3147.JPEG,805,soccer ball
train/n04254680/n04254680_2098.JPEG,805,soccer ball
train/n04254680/n04254680_359.JPEG,805,soccer ball
train/n04254680/n04254680_1919.JPEG,805,soccer ball
train/n04254680/n04254680_7622.JPEG,805,soccer ball
train/n04254777/n04254777_207.JPEG,806,sock
train/n04254777/n04254777_8176.JPEG,806,sock
train/n04254777/n04254777_24002.JPEG,806,sock
train/n04254777/n04254777_12393.JPEG,806,sock
train/n04254777/n04254777_20772.JPEG,806,sock
train/n04254777/n04254777_15415.JPEG,806,sock
train/n04254777/n04254777_3828.JPEG,806,sock
train/n04254777/n04254777_7075.JPEG,806,sock
train/n04254777/n04254777_22484.JPEG,806,sock
train/n04254777/n04254777_22189.JPEG,806,sock
train/n04254777/n04254777_3317.JPEG,806,sock
train/n04254777/n04254777_2971.JPEG,806,sock
train/n04254777/n04254777_354.JPEG,806,sock
train/n04254777/n04254777_9589.JPEG,806,sock
train/n04254777/n04254777_23119.JPEG,806,sock
train/n04254777/n04254777_13415.JPEG,806,sock
train/n04258138/n04258138_1302.JPEG,807,solar thermal collector
train/n04258138/n04258138_2035.JPEG,807,solar thermal collector
train/n04258138/n04258138_1276.JPEG,807,solar thermal collector
train/n04258138/n04258138_3078.JPEG,807,solar thermal collector
train/n04258138/n04258138_1500.JPEG,807,solar thermal collector
train/n04258138/n04258138_10927.JPEG,807,solar thermal collector
train/n04258138/n04258138_3349.JPEG,807,solar thermal collector
train/n04258138/n04258138_4552.JPEG,807,solar thermal collector
train/n04258138/n04258138_10457.JPEG,807,solar thermal collector
train/n04258138/n04258138_476.JPEG,807,solar thermal collector
train/n04258138/n04258138_6501.JPEG,807,solar thermal collector
train/n04258138/n04258138_11229.JPEG,807,solar thermal collector
train/n04258138/n04258138_4705.JPEG,807,solar thermal collector
train/n04258138/n04258138_5244.JPEG,807,solar thermal collector
train/n04258138/n04258138_10494.JPEG,807,solar thermal collector
train/n04258138/n04258138_8072.JPEG,807,solar thermal collector
train/n04259630/n04259630_2149.JPEG,808,sombrero
train/n04259630/n04259630_4855.JPEG,808,sombrero
train/n04259630/n04259630_3044.JPEG,808,sombrero
train/n04259630/n04259630_18793.JPEG,808,sombrero
train/n04259630/n04259630_5886.JPEG,808,sombrero
train/n04259630/n04259630_35188.JPEG,808,sombrero
train/n04259630/n04259630_15892.JPEG,808,sombrero
train/n04259630/n04259630_9022.JPEG,808,sombrero
train/n04259630/n04259630_17028.JPEG,808,sombrero
train/n04259630/n04259630_2174.JPEG,808,sombrero
train/n04259630/n04259630_23813.JPEG,808,sombrero
train/n04259630/n04259630_7083.JPEG,808,sombrero
train/n04259630/n04259630_1344.JPEG,808,sombrero
train/n04259630/n04259630_10000.JPEG,808,sombrero
train/n04259630/n04259630_3007.JPEG,808,sombrero
train/n04259630/n04259630_2585.JPEG,808,sombrero
train/n04263257/n04263257_9004.JPEG,809,soup bowl
train/n04263257/n04263257_17848.JPEG,809,soup bowl
train/n04263257/n04263257_796.JPEG,809,soup bowl
train/n04263257/n04263257_6910.JPEG,809,soup bowl
train/n04263257/n04263257_6190.JPEG,809,soup bowl
train/n04263257/n04263257_11620.JPEG,809,soup bowl
train/n04263257/n04263257_4467.JPEG,809,soup bowl
train/n04263257/n04263257_1941.JPEG,809,soup bowl
train/n04263257/n04263257_7510.JPEG,809,soup bowl
train/n04263257/n04263257_5617.JPEG,809,soup bowl
train/n04263257/n04263257_826.JPEG,809,soup bowl
train/n04263257/n04263257_671.JPEG,809,soup bowl
train/n04263257/n04263257_6103.JPEG,809,soup bowl
train/n04263257/n04263257_5516.JPEG,809,soup bowl
train/n04263257/n04263257_6526.JPEG,809,soup bowl
train/n04263257/n04263257_9211.JPEG,809,soup bowl
train/n04264628/n04264628_21401.JPEG,810,keyboard space bar
train/n04264628/n04264628_98.JPEG,810,keyboard space bar
train/n04264628/n04264628_5282.JPEG,810,keyboard space bar
train/n04264628/n04264628_7341.JPEG,810,keyboard space bar
train/n04264628/n04264628_7449.JPEG,810,keyboard space bar
train/n04264628/n04264628_9421.JPEG,810,keyboard space bar
train/n04264628/n04264628_37615.JPEG,810,keyboard space bar
train/n04264628/n04264628_2617.JPEG,810,keyboard space bar
train/n04264628/n04264628_7671.JPEG,810,keyboard space bar
train/n04264628/n04264628_305.JPEG,810,keyboard space bar
train/n04264628/n04264628_10051.JPEG,810,keyboard space bar
train/n04264628/n04264628_4039.JPEG,810,keyboard space bar
train/n04264628/n04264628_8637.JPEG,810,keyboard space bar
train/n04264628/n04264628_4803.JPEG,810,keyboard space bar
train/n04264628/n04264628_25613.JPEG,810,keyboard space bar
train/n04264628/n04264628_16548.JPEG,810,keyboard space bar
train/n04265275/n04265275_6784.JPEG,811,space heater
train/n04265275/n04265275_2030.JPEG,811,space heater
train/n04265275/n04265275_6195.JPEG,811,space heater
train/n04265275/n04265275_2891.JPEG,811,space heater
train/n04265275/n04265275_4704.JPEG,811,space heater
train/n04265275/n04265275_229.JPEG,811,space heater
train/n04265275/n04265275_1509.JPEG,811,space heater
train/n04265275/n04265275_4697.JPEG,811,space heater
train/n04265275/n04265275_2188.JPEG,811,space heater
train/n04265275/n04265275_7210.JPEG,811,space heater
train/n04265275/n04265275_4065.JPEG,811,space heater
train/n04265275/n04265275_209.JPEG,811,space heater
train/n04265275/n04265275_3655.JPEG,811,space heater
train/n04265275/n04265275_2385.JPEG,811,space heater
train/n04265275/n04265275_617.JPEG,811,space heater
train/n04265275/n04265275_2984.JPEG,811,space heater
train/n04266014/n04266014_2568.JPEG,812,space shuttle
train/n04266014/n04266014_9600.JPEG,812,space shuttle
train/n04266014/n04266014_295.JPEG,812,space shuttle
train/n04266014/n04266014_5520.JPEG,812,space shuttle
train/n04266014/n04266014_3071.JPEG,812,space shuttle
train/n04266014/n04266014_4669.JPEG,812,space shuttle
train/n04266014/n04266014_3124.JPEG,812,space shuttle
train/n04266014/n04266014_4479.JPEG,812,space shuttle
train/n04266014/n04266014_1774.JPEG,812,space shuttle
train/n04266014/n04266014_2884.JPEG,812,space shuttle
train/n04266014/n04266014_4645.JPEG,812,space shuttle
train/n04266014/n04266014_6753.JPEG,812,space shuttle
train/n04266014/n04266014_7363.JPEG,812,space shuttle
train/n04266014/n04266014_2605.JPEG,812,space shuttle
train/n04266014/n04266014_2871.JPEG,812,space shuttle
train/n04266014/n04266014_2564.JPEG,812,space shuttle
train/n04270147/n04270147_19937.JPEG,813,spatula
train/n04270147/n04270147_14665.JPEG,813,spatula
train/n04270147/n04270147_2832.JPEG,813,spatula
train/n04270147/n04270147_14345.JPEG,813,spatula
train/n04270147/n04270147_5491.JPEG,813,spatula
train/n04270147/n04270147_7696.JPEG,813,spatula
train/n04270147/n04270147_852.JPEG,813,spatula
train/n04270147/n04270147_2890.JPEG,813,spatula
train/n04270147/n04270147_53.JPEG,813,spatula
train/n04270147/n04270147_2936.JPEG,813,spatula
train/n04270147/n04270147_18414.JPEG,813,spatula
train/n04270147/n04270147_20153.JPEG,813,spatula
train/n04270147/n04270147_17991.JPEG,813,spatula
train/n04270147/n04270147_7360.JPEG,813,spatula
train/n04270147/n04270147_7310.JPEG,813,spatula
train/n04270147/n04270147_757.JPEG,813,spatula
train/n04273569/n04273569_113.JPEG,814,motorboat
train/n04273569/n04273569_5672.JPEG,814,motorboat
train/n04273569/n04273569_3311.JPEG,814,motorboat
train/n04273569/n04273569_10766.JPEG,814,motorboat
train/n04273569/n04273569_281.JPEG,814,motorboat
train/n04273569/n04273569_561.JPEG,814,motorboat
train/n04273569/n04273569_4093.JPEG,814,motorboat
train/n04273569/n04273569_5501.JPEG,814,motorboat
train/n04273569/n04273569_25291.JPEG,814,motorboat
train/n04273569/n04273569_14262.JPEG,814,motorboat
train/n04273569/n04273569_16252.JPEG,814,motorboat
train/n04273569/n04273569_8795.JPEG,814,motorboat
train/n04273569/n04273569_14892.JPEG,814,motorboat
train/n04273569/n04273569_19314.JPEG,814,motorboat
train/n04273569/n04273569_20418.JPEG,814,motorboat
train/n04273569/n04273569_10008.JPEG,814,motorboat
train/n04275548/n04275548_1702.JPEG,815,spider web
train/n04275548/n04275548_15979.JPEG,815,spider web
train/n04275548/n04275548_4724.JPEG,815,spider web
train/n04275548/n04275548_1321.JPEG,815,spider web
train/n04275548/n04275548_3670.JPEG,815,spider web
train/n04275548/n04275548_3243.JPEG,815,spider web
train/n04275548/n04275548_9102.JPEG,815,spider web
train/n04275548/n04275548_7908.JPEG,815,spider web
train/n04275548/n04275548_10270.JPEG,815,spider web
train/n04275548/n04275548_3314.JPEG,815,spider web
train/n04275548/n04275548_4529.JPEG,815,spider web
train/n04275548/n04275548_3784.JPEG,815,spider web
train/n04275548/n04275548_8834.JPEG,815,spider web
train/n04275548/n04275548_13283.JPEG,815,spider web
train/n04275548/n04275548_8562.JPEG,815,spider web
train/n04275548/n04275548_4669.JPEG,815,spider web
train/n04277352/n04277352_8116.JPEG,816,spindle
train/n04277352/n04277352_13662.JPEG,816,spindle
train/n04277352/n04277352_15798.JPEG,816,spindle
train/n04277352/n04277352_3408.JPEG,816,spindle
train/n04277352/n04277352_4220.JPEG,816,spindle
train/n04277352/n04277352_12255.JPEG,816,spindle
train/n04277352/n04277352_14249.JPEG,816,spindle
train/n04277352/n04277352_1971.JPEG,816,spindle
train/n04277352/n04277352_13288.JPEG,816,spindle
train/n04277352/n04277352_5647.JPEG,816,spindle
train/n04277352/n04277352_11590.JPEG,816,spindle
train/n04277352/n04277352_9376.JPEG,816,spindle
train/n04277352/n04277352_26707.JPEG,816,spindle
train/n04277352/n04277352_9588.JPEG,816,spindle
train/n04277352/n04277352_19579.JPEG,816,spindle
train/n04277352/n04277352_13542.JPEG,816,spindle
train/n04285008/n04285008_7924.JPEG,817,sports car
train/n04285008/n04285008_7243.JPEG,817,sports car
train/n04285008/n04285008_14573.JPEG,817,sports car
train/n04285008/n04285008_2758.JPEG,817,sports car
train/n04285008/n04285008_2505.JPEG,817,sports car
train/n04285008/n04285008_771.JPEG,817,sports car
train/n04285008/n04285008_6200.JPEG,817,sports car
train/n04285008/n04285008_2395.JPEG,817,sports car
train/n04285008/n04285008_7033.JPEG,817,sports car
train/n04285008/n04285008_8552.JPEG,817,sports car
train/n04285008/n04285008_15738.JPEG,817,sports car
train/n04285008/n04285008_3053.JPEG,817,sports car
train/n04285008/n04285008_15005.JPEG,817,sports car
train/n04285008/n04285008_4868.JPEG,817,sports car
train/n04285008/n04285008_4236.JPEG,817,sports car
train/n04285008/n04285008_3199.JPEG,817,sports car
train/n04286575/n04286575_59345.JPEG,818,spotlight
train/n04286575/n04286575_44490.JPEG,818,spotlight
train/n04286575/n04286575_47609.JPEG,818,spotlight
train/n04286575/n04286575_13818.JPEG,818,spotlight
train/n04286575/n04286575_5106.JPEG,818,spotlight
train/n04286575/n04286575_12789.JPEG,818,spotlight
train/n04286575/n04286575_13391.JPEG,818,spotlight
train/n04286575/n04286575_13003.JPEG,818,spotlight
train/n04286575/n04286575_31337.JPEG,818,spotlight
train/n04286575/n04286575_38559.JPEG,818,spotlight
train/n04286575/n04286575_48841.JPEG,818,spotlight
train/n04286575/n04286575_19774.JPEG,818,spotlight
train/n04286575/n04286575_21579.JPEG,818,spotlight
train/n04286575/n04286575_5053.JPEG,818,spotlight
train/n04286575/n04286575_35421.JPEG,818,spotlight
train/n04286575/n04286575_2255.JPEG,818,spotlight
train/n04296562/n04296562_50786.JPEG,819,stage
train/n04296562/n04296562_61572.JPEG,819,stage
train/n04296562/n04296562_40221.JPEG,819,stage
train/n04296562/n04296562_54056.JPEG,819,stage
train/n04296562/n04296562_13945.JPEG,819,stage
train/n04296562/n04296562_19289.JPEG,819,stage
train/n04296562/n04296562_5292.JPEG,819,stage
train/n04296562/n04296562_50582.JPEG,819,stage
train/n04296562/n04296562_67478.JPEG,819,stage
train/n04296562/n04296562_39131.JPEG,819,stage
train/n04296562/n04296562_26389.JPEG,819,stage
train/n04296562/n04296562_52790.JPEG,819,stage
train/n04296562/n04296562_55152.JPEG,819,stage
train/n04296562/n04296562_42021.JPEG,819,stage
train/n04296562/n04296562_2192.JPEG,819,stage
train/n04296562/n04296562_48083.JPEG,819,stage
train/n04310018/n04310018_8937.JPEG,820,steam locomotive
train/n04310018/n04310018_14299.JPEG,820,steam locomotive
train/n04310018/n04310018_19821.JPEG,820,steam locomotive
train/n04310018/n04310018_9536.JPEG,820,steam locomotive
train/n04310018/n04310018_1886.JPEG,820,steam locomotive
train/n04310018/n04310018_803.JPEG,820,steam locomotive
train/n04310018/n04310018_10367.JPEG,820,steam locomotive
train/n04310018/n04310018_14688.JPEG,820,steam locomotive
train/n04310018/n04310018_15199.JPEG,820,steam locomotive
train/n04310018/n04310018_16774.JPEG,820,steam locomotive
train/n04310018/n04310018_8945.JPEG,820,steam locomotive
train/n04310018/n04310018_4802.JPEG,820,steam locomotive
train/n04310018/n04310018_6590.JPEG,820,steam locomotive
train/n04310018/n04310018_3266.JPEG,820,steam locomotive
train/n04310018/n04310018_12106.JPEG,820,steam locomotive
train/n04310018/n04310018_8807.JPEG,820,steam locomotive
train/n04311004/n04311004_2467.JPEG,821,through arch bridge
train/n04311004/n04311004_3508.JPEG,821,through arch bridge
train/n04311004/n04311004_10353.JPEG,821,through arch bridge
train/n04311004/n04311004_1419.JPEG,821,through arch bridge
train/n04311004/n04311004_3274.JPEG,821,through arch bridge
train/n04311004/n04311004_2735.JPEG,821,through arch bridge
train/n04311004/n04311004_2518.JPEG,821,through arch bridge
train/n04311004/n04311004_5130.JPEG,821,through arch bridge
train/n04311004/n04311004_2102.JPEG,821,through arch bridge
train/n04311004/n04311004_5117.JPEG,821,through arch bridge
train/n04311004/n04311004_19.JPEG,821,through arch bridge
train/n04311004/n04311004_4293.JPEG,821,through arch bridge
train/n04311004/n04311004_1712.JPEG,821,through arch bridge
train/n04311004/n04311004_1963.JPEG,821,through arch bridge
train/n04311004/n04311004_10.JPEG,821,through arch bridge
train/n04311004/n04311004_1432.JPEG,821,through arch bridge
train/n04311174/n04311174_1369.JPEG,822,steel drum
train/n04311174/n04311174_7495.JPEG,822,steel drum
train/n04311174/n04311174_4354.JPEG,822,steel drum
train/n04311174/n04311174_779.JPEG,822,steel drum
train/n04311174/n04311174_2998.JPEG,822,steel drum
train/n04311174/n04311174_3779.JPEG,822,steel drum
train/n04311174/n04311174_17464.JPEG,822,steel drum
train/n04311174/n04311174_771.JPEG,822,steel drum
train/n04311174/n04311174_9974.JPEG,822,steel drum
train/n04311174/n04311174_749.JPEG,822,steel drum
train/n04311174/n04311174_746.JPEG,822,steel drum
train/n04311174/n04311174_1268.JPEG,822,steel drum
train/n04311174/n04311174_827.JPEG,822,steel drum
train/n04311174/n04311174_8367.JPEG,822,steel drum
train/n04311174/n04311174_4380.JPEG,822,steel drum
train/n04311174/n04311174_526.JPEG,822,steel drum
train/n04317175/n04317175_598.JPEG,823,stethoscope
train/n04317175/n04317175_1782.JPEG,823,stethoscope
train/n04317175/n04317175_10088.JPEG,823,stethoscope
train/n04317175/n04317175_6268.JPEG,823,stethoscope
train/n04317175/n04317175_15297.JPEG,823,stethoscope
train/n04317175/n04317175_4845.JPEG,823,stethoscope
train/n04317175/n04317175_10315.JPEG,823,stethoscope
train/n04317175/n04317175_10329.JPEG,823,stethoscope
train/n04317175/n04317175_17927.JPEG,823,stethoscope
train/n04317175/n04317175_549.JPEG,823,stethoscope
train/n04317175/n04317175_3355.JPEG,823,stethoscope
train/n04317175/n04317175_9793.JPEG,823,stethoscope
train/n04317175/n04317175_10960.JPEG,823,stethoscope
train/n04317175/n04317175_5944.JPEG,823,stethoscope
train/n04317175/n04317175_18504.JPEG,823,stethoscope
train/n04317175/n04317175_13651.JPEG,823,stethoscope
train/n04325704/n04325704_8044.JPEG,824,scarf
train/n04325704/n04325704_8629.JPEG,824,scarf
train/n04325704/n04325704_24054.JPEG,824,scarf
train/n04325704/n04325704_14541.JPEG,824,scarf
train/n04325704/n04325704_22267.JPEG,824,scarf
train/n04325704/n04325704_4042.JPEG,824,scarf
train/n04325704/n04325704_25168.JPEG,824,scarf
train/n04325704/n04325704_12382.JPEG,824,scarf
train/n04325704/n04325704_12806.JPEG,824,scarf
train/n04325704/n04325704_18016.JPEG,824,scarf
train/n04325704/n04325704_6223.JPEG,824,scarf
train/n04325704/n04325704_12087.JPEG,824,scarf
train/n04325704/n04325704_21141.JPEG,824,scarf
train/n04325704/n04325704_10853.JPEG,824,scarf
train/n04325704/n04325704_22266.JPEG,824,scarf
train/n04325704/n04325704_3920.JPEG,824,scarf
train/n04326547/n04326547_6485.JPEG,825,stone wall
train/n04326547/n04326547_3339.JPEG,825,stone wall
train/n04326547/n04326547_2675.JPEG,825,stone wall
train/n04326547/n04326547_5657.JPEG,825,stone wall
train/n04326547/n04326547_21793.JPEG,825,stone wall
train/n04326547/n04326547_7867.JPEG,825,stone wall
train/n04326547/n04326547_6272.JPEG,825,stone wall
train/n04326547/n04326547_8392.JPEG,825,stone wall
train/n04326547/n04326547_7793.JPEG,825,stone wall
train/n04326547/n04326547_6218.JPEG,825,stone wall
train/n04326547/n04326547_1178.JPEG,825,stone wall
train/n04326547/n04326547_3325.JPEG,825,stone wall
train/n04326547/n04326547_4959.JPEG,825,stone wall
train/n04326547/n04326547_14844.JPEG,825,stone wall
train/n04326547/n04326547_2954.JPEG,825,stone wall
train/n04326547/n04326547_10398.JPEG,825,stone wall
train/n04328186/n04328186_23343.JPEG,826,stopwatch
train/n04328186/n04328186_17447.JPEG,826,stopwatch
train/n04328186/n04328186_9685.JPEG,826,stopwatch
train/n04328186/n04328186_17963.JPEG,826,stopwatch
train/n04328186/n04328186_6931.JPEG,826,stopwatch
train/n04328186/n04328186_52231.JPEG,826,stopwatch
train/n04328186/n04328186_14300.JPEG,826,stopwatch
train/n04328186/n04328186_17929.JPEG,826,stopwatch
train/n04328186/n04328186_11926.JPEG,826,stopwatch
train/n04328186/n04328186_12171.JPEG,826,stopwatch
train/n04328186/n04328186_18447.JPEG,826,stopwatch
train/n04328186/n04328186_4797.JPEG,826,stopwatch
train/n04328186/n04328186_1390.JPEG,826,stopwatch
train/n04328186/n04328186_63.JPEG,826,stopwatch
train/n04328186/n04328186_20350.JPEG,826,stopwatch
train/n04328186/n04328186_7311.JPEG,826,stopwatch
train/n04330267/n04330267_8978.JPEG,827,stove
train/n04330267/n04330267_2680.JPEG,827,stove
train/n04330267/n04330267_5031.JPEG,827,stove
train/n04330267/n04330267_8467.JPEG,827,stove
train/n04330267/n04330267_6384.JPEG,827,stove
train/n04330267/n04330267_10411.JPEG,827,stove
train/n04330267/n04330267_10002.JPEG,827,stove
train/n04330267/n04330267_11383.JPEG,827,stove
train/n04330267/n04330267_6515.JPEG,827,stove
train/n04330267/n04330267_3552.JPEG,827,stove
train/n04330267/n04330267_10994.JPEG,827,stove
train/n04330267/n04330267_21206.JPEG,827,stove
train/n04330267/n04330267_2126.JPEG,827,stove
train/n04330267/n04330267_18004.JPEG,827,stove
train/n04330267/n04330267_6468.JPEG,827,stove
train/n04330267/n04330267_17995.JPEG,827,stove
train/n04332243/n04332243_16020.JPEG,828,strainer
train/n04332243/n04332243_33482.JPEG,828,strainer
train/n04332243/n04332243_34280.JPEG,828,strainer
train/n04332243/n04332243_22186.JPEG,828,strainer
train/n04332243/n04332243_12261.JPEG,828,strainer
train/n04332243/n04332243_14896.JPEG,828,strainer
train/n04332243/n04332243_4097.JPEG,828,strainer
train/n04332243/n04332243_4536.JPEG,828,strainer
train/n04332243/n04332243_14807.JPEG,828,strainer
train/n04332243/n04332243_5794.JPEG,828,strainer
train/n04332243/n04332243_14777.JPEG,828,strainer
train/n04332243/n04332243_6962.JPEG,828,strainer
train/n04332243/n04332243_26455.JPEG,828,strainer
train/n04332243/n04332243_9977.JPEG,828,strainer
train/n04332243/n04332243_14304.JPEG,828,strainer
train/n04332243/n04332243_23269.JPEG,828,strainer
train/n04335435/n04335435_10777.JPEG,829,tram
train/n04335435/n04335435_24076.JPEG,829,tram
train/n04335435/n04335435_15405.JPEG,829,tram
train/n04335435/n04335435_5006.JPEG,829,tram
train/n04335435/n04335435_43345.JPEG,829,tram
train/n04335435/n04335435_19251.JPEG,829,tram
train/n04335435/n04335435_2550.JPEG,829,tram
train/n04335435/n04335435_28519.JPEG,829,tram
train/n04335435/n04335435_14879.JPEG,829,tram
train/n04335435/n04335435_5295.JPEG,829,tram
train/n04335435/n04335435_19229.JPEG,829,tram
train/n04335435/n04335435_42553.JPEG,829,tram
train/n04335435/n04335435_3572.JPEG,829,tram
train/n04335435/n04335435_8925.JPEG,829,tram
train/n04335435/n04335435_2501.JPEG,829,tram
train/n04335435/n04335435_11751.JPEG,829,tram
train/n04336792/n04336792_6886.JPEG,830,stretcher
train/n04336792/n04336792_8360.JPEG,830,stretcher
train/n04336792/n04336792_7784.JPEG,830,stretcher
train/n04336792/n04336792_15245.JPEG,830,stretcher
train/n04336792/n04336792_13075.JPEG,830,stretcher
train/n04336792/n04336792_10317.JPEG,830,stretcher
train/n04336792/n04336792_9467.JPEG,830,stretcher
train/n04336792/n04336792_7125.JPEG,830,stretcher
train/n04336792/n04336792_13753.JPEG,830,stretcher
train/n04336792/n04336792_47075.JPEG,830,stretcher
train/n04336792/n04336792_987.JPEG,830,stretcher
train/n04336792/n04336792_5058.JPEG,830,stretcher
train/n04336792/n04336792_4762.JPEG,830,stretcher
train/n04336792/n04336792_6896.JPEG,830,stretcher
train/n04336792/n04336792_5445.JPEG,830,stretcher
train/n04336792/n04336792_2501.JPEG,830,stretcher
train/n04344873/n04344873_4956.JPEG,831,couch
train/n04344873/n04344873_13739.JPEG,831,couch
train/n04344873/n04344873_1794.JPEG,831,couch
train/n04344873/n04344873_15344.JPEG,831,couch
train/n04344873/n04344873_12652.JPEG,831,couch
train/n04344873/n04344873_13422.JPEG,831,couch
train/n04344873/n04344873_18473.JPEG,831,couch
train/n04344873/n04344873_12606.JPEG,831,couch
train/n04344873/n04344873_9821.JPEG,831,couch
train/n04344873/n04344873_1506.JPEG,831,couch
train/n04344873/n04344873_5363.JPEG,831,couch
train/n04344873/n04344873_7170.JPEG,831,couch
train/n04344873/n04344873_5451.JPEG,831,couch
train/n04344873/n04344873_2996.JPEG,831,couch
train/n04344873/n04344873_2036.JPEG,831,couch
train/n04344873/n04344873_9435.JPEG,831,couch
train/n04346328/n04346328_8130.JPEG,832,stupa
train/n04346328/n04346328_15295.JPEG,832,stupa
train/n04346328/n04346328_4932.JPEG,832,stupa
train/n04346328/n04346328_20794.JPEG,832,stupa
train/n04346328/n04346328_18228.JPEG,832,stupa
train/n04346328/n04346328_16639.JPEG,832,stupa
train/n04346328/n04346328_21144.JPEG,832,stupa
train/n04346328/n04346328_214.JPEG,832,stupa
train/n04346328/n04346328_14680.JPEG,832,stupa
train/n04346328/n04346328_7719.JPEG,832,stupa
train/n04346328/n04346328_14764.JPEG,832,stupa
train/n04346328/n04346328_14503.JPEG,832,stupa
train/n04346328/n04346328_9314.JPEG,832,stupa
train/n04346328/n04346328_6460.JPEG,832,stupa
train/n04346328/n04346328_18160.JPEG,832,stupa
train/n04346328/n04346328_21679.JPEG,832,stupa
train/n04347754/n04347754_54504.JPEG,833,submarine
train/n04347754/n04347754_98374.JPEG,833,submarine
train/n04347754/n04347754_42768.JPEG,833,submarine
train/n04347754/n04347754_51867.JPEG,833,submarine
train/n04347754/n04347754_41759.JPEG,833,submarine
train/n04347754/n04347754_16763.JPEG,833,submarine
train/n04347754/n04347754_52082.JPEG,833,submarine
train/n04347754/n04347754_92822.JPEG,833,submarine
train/n04347754/n04347754_66732.JPEG,833,submarine
train/n04347754/n04347754_94268.JPEG,833,submarine
train/n04347754/n04347754_13643.JPEG,833,submarine
train/n04347754/n04347754_5844.JPEG,833,submarine
train/n04347754/n04347754_100205.JPEG,833,submarine
train/n04347754/n04347754_95959.JPEG,833,submarine
train/n04347754/n04347754_8388.JPEG,833,submarine
train/n04347754/n04347754_17771.JPEG,833,submarine
train/n04350905/n04350905_31639.JPEG,834,suit
train/n04350905/n04350905_5530.JPEG,834,suit
train/n04350905/n04350905_26129.JPEG,834,suit
train/n04350905/n04350905_372.JPEG,834,suit
train/n04350905/n04350905_102813.JPEG,834,suit
train/n04350905/n04350905_31421.JPEG,834,suit
train/n04350905/n04350905_14127.JPEG,834,suit
train/n04350905/n04350905_26081.JPEG,834,suit
train/n04350905/n04350905_104814.JPEG,834,suit
train/n04350905/n04350905_29567.JPEG,834,suit
train/n04350905/n04350905_30134.JPEG,834,suit
train/n04350905/n04350905_152559.JPEG,834,suit
train/n04350905/n04350905_38880.JPEG,834,suit
train/n04350905/n04350905_15140.JPEG,834,suit
train/n04350905/n04350905_43863.JPEG,834,suit
train/n04350905/n04350905_27491.JPEG,834,suit
train/n04355338/n04355338_21790.JPEG,835,sundial
train/n04355338/n04355338_904.JPEG,835,sundial
train/n04355338/n04355338_25730.JPEG,835,sundial
train/n04355338/n04355338_4223.JPEG,835,sundial
train/n04355338/n04355338_12267.JPEG,835,sundial
train/n04355338/n04355338_13315.JPEG,835,sundial
train/n04355338/n04355338_10904.JPEG,835,sundial
train/n04355338/n04355338_27898.JPEG,835,sundial
train/n04355338/n04355338_10423.JPEG,835,sundial
train/n04355338/n04355338_4252.JPEG,835,sundial
train/n04355338/n04355338_3809.JPEG,835,sundial
train/n04355338/n04355338_7739.JPEG,835,sundial
train/n04355338/n04355338_11755.JPEG,835,sundial
train/n04355338/n04355338_11538.JPEG,835,sundial
train/n04355338/n04355338_23514.JPEG,835,sundial
train/n04355338/n04355338_9069.JPEG,835,sundial
train/n04355933/n04355933_8622.JPEG,836,sunglasses
train/n04355933/n04355933_13811.JPEG,836,sunglasses
train/n04355933/n04355933_2183.JPEG,836,sunglasses
train/n04355933/n04355933_2835.JPEG,836,sunglasses
train/n04355933/n04355933_2659.JPEG,836,sunglasses
train/n04355933/n04355933_1751.JPEG,836,sunglasses
train/n04355933/n04355933_2890.JPEG,836,sunglasses
train/n04355933/n04355933_883.JPEG,836,sunglasses
train/n04355933/n04355933_3365.JPEG,836,sunglasses
train/n04355933/n04355933_2187.JPEG,836,sunglasses
train/n04355933/n04355933_1442.JPEG,836,sunglasses
train/n04355933/n04355933_1130.JPEG,836,sunglasses
train/n04355933/n04355933_1421.JPEG,836,sunglasses
train/n04355933/n04355933_7505.JPEG,836,sunglasses
train/n04355933/n04355933_2381.JPEG,836,sunglasses
train/n04355933/n04355933_3419.JPEG,836,sunglasses
train/n04356056/n04356056_36420.JPEG,837,sunglasses
train/n04356056/n04356056_6211.JPEG,837,sunglasses
train/n04356056/n04356056_35569.JPEG,837,sunglasses
train/n04356056/n04356056_9699.JPEG,837,sunglasses
train/n04356056/n04356056_8213.JPEG,837,sunglasses
train/n04356056/n04356056_948.JPEG,837,sunglasses
train/n04356056/n04356056_5088.JPEG,837,sunglasses
train/n04356056/n04356056_22891.JPEG,837,sunglasses
train/n04356056/n04356056_6187.JPEG,837,sunglasses
train/n04356056/n04356056_61503.JPEG,837,sunglasses
train/n04356056/n04356056_21105.JPEG,837,sunglasses
train/n04356056/n04356056_4763.JPEG,837,sunglasses
train/n04356056/n04356056_9498.JPEG,837,sunglasses
train/n04356056/n04356056_46895.JPEG,837,sunglasses
train/n04356056/n04356056_8592.JPEG,837,sunglasses
train/n04356056/n04356056_7547.JPEG,837,sunglasses
train/n04357314/n04357314_17831.JPEG,838,sunscreen
train/n04357314/n04357314_4752.JPEG,838,sunscreen
train/n04357314/n04357314_16506.JPEG,838,sunscreen
train/n04357314/n04357314_12885.JPEG,838,sunscreen
train/n04357314/n04357314_11326.JPEG,838,sunscreen
train/n04357314/n04357314_11999.JPEG,838,sunscreen
train/n04357314/n04357314_8428.JPEG,838,sunscreen
train/n04357314/n04357314_261.JPEG,838,sunscreen
train/n04357314/n04357314_10559.JPEG,838,sunscreen
train/n04357314/n04357314_6227.JPEG,838,sunscreen
train/n04357314/n04357314_14768.JPEG,838,sunscreen
train/n04357314/n04357314_8793.JPEG,838,sunscreen
train/n04357314/n04357314_13964.JPEG,838,sunscreen
train/n04357314/n04357314_13186.JPEG,838,sunscreen
train/n04357314/n04357314_9969.JPEG,838,sunscreen
train/n04357314/n04357314_3554.JPEG,838,sunscreen
train/n04366367/n04366367_8196.JPEG,839,suspension bridge
train/n04366367/n04366367_10800.JPEG,839,suspension bridge
train/n04366367/n04366367_7857.JPEG,839,suspension bridge
train/n04366367/n04366367_6091.JPEG,839,suspension bridge
train/n04366367/n04366367_3874.JPEG,839,suspension bridge
train/n04366367/n04366367_5050.JPEG,839,suspension bridge
train/n04366367/n04366367_9945.JPEG,839,suspension bridge
train/n04366367/n04366367_1443.JPEG,839,suspension bridge
train/n04366367/n04366367_11764.JPEG,839,suspension bridge
train/n04366367/n04366367_11798.JPEG,839,suspension bridge
train/n04366367/n04366367_4565.JPEG,839,suspension bridge
train/n04366367/n04366367_4990.JPEG,839,suspension bridge
train/n04366367/n04366367_23457.JPEG,839,suspension bridge
train/n04366367/n04366367_18722.JPEG,839,suspension bridge
train/n04366367/n04366367_34456.JPEG,839,suspension bridge
train/n04366367/n04366367_34767.JPEG,839,suspension bridge
train/n04367480/n04367480_19737.JPEG,840,mop
train/n04367480/n04367480_11118.JPEG,840,mop
train/n04367480/n04367480_26493.JPEG,840,mop
train/n04367480/n04367480_17029.JPEG,840,mop
train/n04367480/n04367480_715.JPEG,840,mop
train/n04367480/n04367480_14513.JPEG,840,mop
train/n04367480/n04367480_2733.JPEG,840,mop
train/n04367480/n04367480_25273.JPEG,840,mop
train/n04367480/n04367480_42446.JPEG,840,mop
train/n04367480/n04367480_38031.JPEG,840,mop
train/n04367480/n04367480_43152.JPEG,840,mop
train/n04367480/n04367480_1809.JPEG,840,mop
train/n04367480/n04367480_17608.JPEG,840,mop
train/n04367480/n04367480_4036.JPEG,840,mop
train/n04367480/n04367480_43302.JPEG,840,mop
train/n04367480/n04367480_19297.JPEG,840,mop
train/n04370456/n04370456_5840.JPEG,841,sweatshirt
train/n04370456/n04370456_4474.JPEG,841,sweatshirt
train/n04370456/n04370456_8151.JPEG,841,sweatshirt
train/n04370456/n04370456_3779.JPEG,841,sweatshirt
train/n04370456/n04370456_9949.JPEG,841,sweatshirt
train/n04370456/n04370456_3990.JPEG,841,sweatshirt
train/n04370456/n04370456_32788.JPEG,841,sweatshirt
train/n04370456/n04370456_2219.JPEG,841,sweatshirt
train/n04370456/n04370456_22674.JPEG,841,sweatshirt
train/n04370456/n04370456_10130.JPEG,841,sweatshirt
train/n04370456/n04370456_7536.JPEG,841,sweatshirt
train/n04370456/n04370456_3861.JPEG,841,sweatshirt
train/n04370456/n04370456_1152.JPEG,841,sweatshirt
train/n04370456/n04370456_8711.JPEG,841,sweatshirt
train/n04370456/n04370456_40576.JPEG,841,sweatshirt
train/n04370456/n04370456_8678.JPEG,841,sweatshirt
train/n04371430/n04371430_15361.JPEG,842,swim trunks / shorts
train/n04371430/n04371430_10389.JPEG,842,swim trunks / shorts
train/n04371430/n04371430_6053.JPEG,842,swim trunks / shorts
train/n04371430/n04371430_1057.JPEG,842,swim trunks / shorts
train/n04371430/n04371430_9915.JPEG,842,swim trunks / shorts
train/n04371430/n04371430_2822.JPEG,842,swim trunks / shorts
train/n04371430/n04371430_5077.JPEG,842,swim trunks / shorts
train/n04371430/n04371430_1912.JPEG,842,swim trunks / shorts
train/n04371430/n04371430_11749.JPEG,842,swim trunks / shorts
train/n04371430/n04371430_258.JPEG,842,swim trunks / shorts
train/n04371430/n04371430_12586.JPEG,842,swim trunks / shorts
train/n04371430/n04371430_17995.JPEG,842,swim trunks / shorts
train/n04371430/n04371430_2219.JPEG,842,swim trunks / shorts
train/n04371430/n04371430_7911.JPEG,842,swim trunks / shorts
train/n04371430/n04371430_5111.JPEG,842,swim trunks / shorts
train/n04371430/n04371430_17875.JPEG,842,swim trunks / shorts
train/n04371774/n04371774_12016.JPEG,843,swing
train/n04371774/n04371774_14495.JPEG,843,swing
train/n04371774/n04371774_590.JPEG,843,swing
train/n04371774/n04371774_11435.JPEG,843,swing
train/n04371774/n04371774_14804.JPEG,843,swing
train/n04371774/n04371774_12250.JPEG,843,swing
train/n04371774/n04371774_12633.JPEG,843,swing
train/n04371774/n04371774_13912.JPEG,843,swing
train/n04371774/n04371774_2213.JPEG,843,swing
train/n04371774/n04371774_12955.JPEG,843,swing
train/n04371774/n04371774_14224.JPEG,843,swing
train/n04371774/n04371774_13735.JPEG,843,swing
train/n04371774/n04371774_13630.JPEG,843,swing
train/n04371774/n04371774_40075.JPEG,843,swing
train/n04371774/n04371774_13158.JPEG,843,swing
train/n04371774/n04371774_15328.JPEG,843,swing
train/n04372370/n04372370_41561.JPEG,844,electrical switch
train/n04372370/n04372370_35880.JPEG,844,electrical switch
train/n04372370/n04372370_27161.JPEG,844,electrical switch
train/n04372370/n04372370_16905.JPEG,844,electrical switch
train/n04372370/n04372370_9529.JPEG,844,electrical switch
train/n04372370/n04372370_2751.JPEG,844,electrical switch
train/n04372370/n04372370_23633.JPEG,844,electrical switch
train/n04372370/n04372370_14629.JPEG,844,electrical switch
train/n04372370/n04372370_34756.JPEG,844,electrical switch
train/n04372370/n04372370_27707.JPEG,844,electrical switch
train/n04372370/n04372370_26850.JPEG,844,electrical switch
train/n04372370/n04372370_26792.JPEG,844,electrical switch
train/n04372370/n04372370_34184.JPEG,844,electrical switch
train/n04372370/n04372370_13838.JPEG,844,electrical switch
train/n04372370/n04372370_7463.JPEG,844,electrical switch
train/n04372370/n04372370_4534.JPEG,844,electrical switch
train/n04376876/n04376876_9207.JPEG,845,syringe
train/n04376876/n04376876_7577.JPEG,845,syringe
train/n04376876/n04376876_4426.JPEG,845,syringe
train/n04376876/n04376876_10834.JPEG,845,syringe
train/n04376876/n04376876_30576.JPEG,845,syringe
train/n04376876/n04376876_287.JPEG,845,syringe
train/n04376876/n04376876_13460.JPEG,845,syringe
train/n04376876/n04376876_2176.JPEG,845,syringe
train/n04376876/n04376876_32025.JPEG,845,syringe
train/n04376876/n04376876_13651.JPEG,845,syringe
train/n04376876/n04376876_16482.JPEG,845,syringe
train/n04376876/n04376876_14994.JPEG,845,syringe
train/n04376876/n04376876_10344.JPEG,845,syringe
train/n04376876/n04376876_11669.JPEG,845,syringe
train/n04376876/n04376876_10810.JPEG,845,syringe
train/n04376876/n04376876_11083.JPEG,845,syringe
train/n04380533/n04380533_517.JPEG,846,table lamp
train/n04380533/n04380533_498.JPEG,846,table lamp
train/n04380533/n04380533_1979.JPEG,846,table lamp
train/n04380533/n04380533_5394.JPEG,846,table lamp
train/n04380533/n04380533_1910.JPEG,846,table lamp
train/n04380533/n04380533_6118.JPEG,846,table lamp
train/n04380533/n04380533_3957.JPEG,846,table lamp
train/n04380533/n04380533_9082.JPEG,846,table lamp
train/n04380533/n04380533_2330.JPEG,846,table lamp
train/n04380533/n04380533_3306.JPEG,846,table lamp
train/n04380533/n04380533_681.JPEG,846,table lamp
train/n04380533/n04380533_3011.JPEG,846,table lamp
train/n04380533/n04380533_6207.JPEG,846,table lamp
train/n04380533/n04380533_5868.JPEG,846,table lamp
train/n04380533/n04380533_20121.JPEG,846,table lamp
train/n04380533/n04380533_1096.JPEG,846,table lamp
train/n04389033/n04389033_11915.JPEG,847,tank
train/n04389033/n04389033_691.JPEG,847,tank
train/n04389033/n04389033_10553.JPEG,847,tank
train/n04389033/n04389033_48954.JPEG,847,tank
train/n04389033/n04389033_49407.JPEG,847,tank
train/n04389033/n04389033_28841.JPEG,847,tank
train/n04389033/n04389033_30632.JPEG,847,tank
train/n04389033/n04389033_12401.JPEG,847,tank
train/n04389033/n04389033_64650.JPEG,847,tank
train/n04389033/n04389033_10579.JPEG,847,tank
train/n04389033/n04389033_42456.JPEG,847,tank
train/n04389033/n04389033_20745.JPEG,847,tank
train/n04389033/n04389033_22435.JPEG,847,tank
train/n04389033/n04389033_50135.JPEG,847,tank
train/n04389033/n04389033_33271.JPEG,847,tank
train/n04389033/n04389033_17455.JPEG,847,tank
train/n04392985/n04392985_7736.JPEG,848,tape player
train/n04392985/n04392985_399.JPEG,848,tape player
train/n04392985/n04392985_3446.JPEG,848,tape player
train/n04392985/n04392985_9539.JPEG,848,tape player
train/n04392985/n04392985_11432.JPEG,848,tape player
train/n04392985/n04392985_10729.JPEG,848,tape player
train/n04392985/n04392985_4826.JPEG,848,tape player
train/n04392985/n04392985_14905.JPEG,848,tape player
train/n04392985/n04392985_9086.JPEG,848,tape player
train/n04392985/n04392985_3659.JPEG,848,tape player
train/n04392985/n04392985_7897.JPEG,848,tape player
train/n04392985/n04392985_6137.JPEG,848,tape player
train/n04392985/n04392985_8944.JPEG,848,tape player
train/n04392985/n04392985_13069.JPEG,848,tape player
train/n04392985/n04392985_6945.JPEG,848,tape player
train/n04392985/n04392985_8147.JPEG,848,tape player
train/n04398044/n04398044_16966.JPEG,849,teapot
train/n04398044/n04398044_23743.JPEG,849,teapot
train/n04398044/n04398044_7243.JPEG,849,teapot
train/n04398044/n04398044_2784.JPEG,849,teapot
train/n04398044/n04398044_2576.JPEG,849,teapot
train/n04398044/n04398044_8965.JPEG,849,teapot
train/n04398044/n04398044_7213.JPEG,849,teapot
train/n04398044/n04398044_9918.JPEG,849,teapot
train/n04398044/n04398044_14549.JPEG,849,teapot
train/n04398044/n04398044_7227.JPEG,849,teapot
train/n04398044/n04398044_8958.JPEG,849,teapot
train/n04398044/n04398044_15469.JPEG,849,teapot
train/n04398044/n04398044_6388.JPEG,849,teapot
train/n04398044/n04398044_9409.JPEG,849,teapot
train/n04398044/n04398044_4974.JPEG,849,teapot
train/n04398044/n04398044_12153.JPEG,849,teapot
train/n04399382/n04399382_16702.JPEG,850,teddy bear
train/n04399382/n04399382_34508.JPEG,850,teddy bear
train/n04399382/n04399382_5587.JPEG,850,teddy bear
train/n04399382/n04399382_23667.JPEG,850,teddy bear
train/n04399382/n04399382_8017.JPEG,850,teddy bear
train/n04399382/n04399382_29468.JPEG,850,teddy bear
train/n04399382/n04399382_15353.JPEG,850,teddy bear
train/n04399382/n04399382_11440.JPEG,850,teddy bear
train/n04399382/n04399382_22352.JPEG,850,teddy bear
train/n04399382/n04399382_26340.JPEG,850,teddy bear
train/n04399382/n04399382_21285.JPEG,850,teddy bear
train/n04399382/n04399382_32265.JPEG,850,teddy bear
train/n04399382/n04399382_24120.JPEG,850,teddy bear
train/n04399382/n04399382_27382.JPEG,850,teddy bear
train/n04399382/n04399382_15493.JPEG,850,teddy bear
train/n04399382/n04399382_1540.JPEG,850,teddy bear
train/n04404412/n04404412_6755.JPEG,851,television
train/n04404412/n04404412_18866.JPEG,851,television
train/n04404412/n04404412_8386.JPEG,851,television
train/n04404412/n04404412_7942.JPEG,851,television
train/n04404412/n04404412_6711.JPEG,851,television
train/n04404412/n04404412_40588.JPEG,851,television
train/n04404412/n04404412_29049.JPEG,851,television
train/n04404412/n04404412_17509.JPEG,851,television
train/n04404412/n04404412_12838.JPEG,851,television
train/n04404412/n04404412_18637.JPEG,851,television
train/n04404412/n04404412_6262.JPEG,851,television
train/n04404412/n04404412_13094.JPEG,851,television
train/n04404412/n04404412_35623.JPEG,851,television
train/n04404412/n04404412_11078.JPEG,851,television
train/n04404412/n04404412_18638.JPEG,851,television
train/n04404412/n04404412_6213.JPEG,851,television
train/n04409515/n04409515_13460.JPEG,852,tennis ball
train/n04409515/n04409515_15891.JPEG,852,tennis ball
train/n04409515/n04409515_19549.JPEG,852,tennis ball
train/n04409515/n04409515_12107.JPEG,852,tennis ball
train/n04409515/n04409515_8134.JPEG,852,tennis ball
train/n04409515/n04409515_11423.JPEG,852,tennis ball
train/n04409515/n04409515_21756.JPEG,852,tennis ball
train/n04409515/n04409515_22172.JPEG,852,tennis ball
train/n04409515/n04409515_20591.JPEG,852,tennis ball
train/n04409515/n04409515_2041.JPEG,852,tennis ball
train/n04409515/n04409515_3851.JPEG,852,tennis ball
train/n04409515/n04409515_14996.JPEG,852,tennis ball
train/n04409515/n04409515_3583.JPEG,852,tennis ball
train/n04409515/n04409515_3931.JPEG,852,tennis ball
train/n04409515/n04409515_6348.JPEG,852,tennis ball
train/n04409515/n04409515_5760.JPEG,852,tennis ball
train/n04417672/n04417672_17899.JPEG,853,thatched roof
train/n04417672/n04417672_6594.JPEG,853,thatched roof
train/n04417672/n04417672_11567.JPEG,853,thatched roof
train/n04417672/n04417672_171.JPEG,853,thatched roof
train/n04417672/n04417672_15260.JPEG,853,thatched roof
train/n04417672/n04417672_2601.JPEG,853,thatched roof
train/n04417672/n04417672_15223.JPEG,853,thatched roof
train/n04417672/n04417672_17495.JPEG,853,thatched roof
train/n04417672/n04417672_4592.JPEG,853,thatched roof
train/n04417672/n04417672_446.JPEG,853,thatched roof
train/n04417672/n04417672_8759.JPEG,853,thatched roof
train/n04417672/n04417672_41509.JPEG,853,thatched roof
train/n04417672/n04417672_10011.JPEG,853,thatched roof
train/n04417672/n04417672_15277.JPEG,853,thatched roof
train/n04417672/n04417672_15435.JPEG,853,thatched roof
train/n04417672/n04417672_20558.JPEG,853,thatched roof
train/n04418357/n04418357_9816.JPEG,854,front curtain
train/n04418357/n04418357_18458.JPEG,854,front curtain
train/n04418357/n04418357_6832.JPEG,854,front curtain
train/n04418357/n04418357_1693.JPEG,854,front curtain
train/n04418357/n04418357_12164.JPEG,854,front curtain
train/n04418357/n04418357_8563.JPEG,854,front curtain
train/n04418357/n04418357_23052.JPEG,854,front curtain
train/n04418357/n04418357_10282.JPEG,854,front curtain
train/n04418357/n04418357_12572.JPEG,854,front curtain
train/n04418357/n04418357_13929.JPEG,854,front curtain
train/n04418357/n04418357_31477.JPEG,854,front curtain
train/n04418357/n04418357_12317.JPEG,854,front curtain
train/n04418357/n04418357_6853.JPEG,854,front curtain
train/n04418357/n04418357_40951.JPEG,854,front curtain
train/n04418357/n04418357_21822.JPEG,854,front curtain
train/n04418357/n04418357_5219.JPEG,854,front curtain
train/n04423845/n04423845_15409.JPEG,855,thimble
train/n04423845/n04423845_1664.JPEG,855,thimble
train/n04423845/n04423845_2374.JPEG,855,thimble
train/n04423845/n04423845_15263.JPEG,855,thimble
train/n04423845/n04423845_18036.JPEG,855,thimble
train/n04423845/n04423845_11244.JPEG,855,thimble
train/n04423845/n04423845_6970.JPEG,855,thimble
train/n04423845/n04423845_25698.JPEG,855,thimble
train/n04423845/n04423845_50164.JPEG,855,thimble
train/n04423845/n04423845_5915.JPEG,855,thimble
train/n04423845/n04423845_10309.JPEG,855,thimble
train/n04423845/n04423845_26120.JPEG,855,thimble
train/n04423845/n04423845_19055.JPEG,855,thimble
train/n04423845/n04423845_21515.JPEG,855,thimble
train/n04423845/n04423845_6746.JPEG,855,thimble
train/n04423845/n04423845_30167.JPEG,855,thimble
train/n04428191/n04428191_41409.JPEG,856,threshing machine
train/n04428191/n04428191_25742.JPEG,856,threshing machine
train/n04428191/n04428191_28119.JPEG,856,threshing machine
train/n04428191/n04428191_3515.JPEG,856,threshing machine
train/n04428191/n04428191_88004.JPEG,856,threshing machine
train/n04428191/n04428191_13321.JPEG,856,threshing machine
train/n04428191/n04428191_5555.JPEG,856,threshing machine
train/n04428191/n04428191_11686.JPEG,856,threshing machine
train/n04428191/n04428191_11257.JPEG,856,threshing machine
train/n04428191/n04428191_21496.JPEG,856,threshing machine
train/n04428191/n04428191_7612.JPEG,856,threshing machine
train/n04428191/n04428191_34180.JPEG,856,threshing machine
train/n04428191/n04428191_19648.JPEG,856,threshing machine
train/n04428191/n04428191_13420.JPEG,856,threshing machine
train/n04428191/n04428191_878.JPEG,856,threshing machine
train/n04428191/n04428191_21635.JPEG,856,threshing machine
train/n04429376/n04429376_17336.JPEG,857,throne
train/n04429376/n04429376_4564.JPEG,857,throne
train/n04429376/n04429376_8230.JPEG,857,throne
train/n04429376/n04429376_1501.JPEG,857,throne
train/n04429376/n04429376_12691.JPEG,857,throne
train/n04429376/n04429376_7425.JPEG,857,throne
train/n04429376/n04429376_18486.JPEG,857,throne
train/n04429376/n04429376_20188.JPEG,857,throne
train/n04429376/n04429376_5542.JPEG,857,throne
train/n04429376/n04429376_20025.JPEG,857,throne
train/n04429376/n04429376_7281.JPEG,857,throne
train/n04429376/n04429376_8229.JPEG,857,throne
train/n04429376/n04429376_7439.JPEG,857,throne
train/n04429376/n04429376_12102.JPEG,857,throne
train/n04429376/n04429376_14803.JPEG,857,throne
train/n04429376/n04429376_336.JPEG,857,throne
train/n04435653/n04435653_983.JPEG,858,tile roof
train/n04435653/n04435653_6888.JPEG,858,tile roof
train/n04435653/n04435653_1130.JPEG,858,tile roof
train/n04435653/n04435653_10918.JPEG,858,tile roof
train/n04435653/n04435653_3999.JPEG,858,tile roof
train/n04435653/n04435653_270.JPEG,858,tile roof
train/n04435653/n04435653_5831.JPEG,858,tile roof
train/n04435653/n04435653_6856.JPEG,858,tile roof
train/n04435653/n04435653_9376.JPEG,858,tile roof
train/n04435653/n04435653_3199.JPEG,858,tile roof
train/n04435653/n04435653_5390.JPEG,858,tile roof
train/n04435653/n04435653_6579.JPEG,858,tile roof
train/n04435653/n04435653_1163.JPEG,858,tile roof
train/n04435653/n04435653_4283.JPEG,858,tile roof
train/n04435653/n04435653_11166.JPEG,858,tile roof
train/n04435653/n04435653_7662.JPEG,858,tile roof
train/n04442312/n04442312_5182.JPEG,859,toaster
train/n04442312/n04442312_17535.JPEG,859,toaster
train/n04442312/n04442312_23863.JPEG,859,toaster
train/n04442312/n04442312_15962.JPEG,859,toaster
train/n04442312/n04442312_23124.JPEG,859,toaster
train/n04442312/n04442312_11753.JPEG,859,toaster
train/n04442312/n04442312_16400.JPEG,859,toaster
train/n04442312/n04442312_17126.JPEG,859,toaster
train/n04442312/n04442312_12305.JPEG,859,toaster
train/n04442312/n04442312_10251.JPEG,859,toaster
train/n04442312/n04442312_11777.JPEG,859,toaster
train/n04442312/n04442312_28878.JPEG,859,toaster
train/n04442312/n04442312_5986.JPEG,859,toaster
train/n04442312/n04442312_34146.JPEG,859,toaster
train/n04442312/n04442312_12550.JPEG,859,toaster
train/n04442312/n04442312_5872.JPEG,859,toaster
train/n04443257/n04443257_20365.JPEG,860,tobacco shop
train/n04443257/n04443257_33616.JPEG,860,tobacco shop
train/n04443257/n04443257_34128.JPEG,860,tobacco shop
train/n04443257/n04443257_1743.JPEG,860,tobacco shop
train/n04443257/n04443257_8225.JPEG,860,tobacco shop
train/n04443257/n04443257_53662.JPEG,860,tobacco shop
train/n04443257/n04443257_18287.JPEG,860,tobacco shop
train/n04443257/n04443257_10557.JPEG,860,tobacco shop
train/n04443257/n04443257_31144.JPEG,860,tobacco shop
train/n04443257/n04443257_495.JPEG,860,tobacco shop
train/n04443257/n04443257_18750.JPEG,860,tobacco shop
train/n04443257/n04443257_31470.JPEG,860,tobacco shop
train/n04443257/n04443257_30173.JPEG,860,tobacco shop
train/n04443257/n04443257_10980.JPEG,860,tobacco shop
train/n04443257/n04443257_45122.JPEG,860,tobacco shop
train/n04443257/n04443257_34876.JPEG,860,tobacco shop
train/n04447861/n04447861_9247.JPEG,861,toilet seat
train/n04447861/n04447861_6699.JPEG,861,toilet seat
train/n04447861/n04447861_19926.JPEG,861,toilet seat
train/n04447861/n04447861_1698.JPEG,861,toilet seat
train/n04447861/n04447861_2609.JPEG,861,toilet seat
train/n04447861/n04447861_12058.JPEG,861,toilet seat
train/n04447861/n04447861_2400.JPEG,861,toilet seat
train/n04447861/n04447861_5905.JPEG,861,toilet seat
train/n04447861/n04447861_4511.JPEG,861,toilet seat
train/n04447861/n04447861_7557.JPEG,861,toilet seat
train/n04447861/n04447861_6895.JPEG,861,toilet seat
train/n04447861/n04447861_429.JPEG,861,toilet seat
train/n04447861/n04447861_2655.JPEG,861,toilet seat
train/n04447861/n04447861_5815.JPEG,861,toilet seat
train/n04447861/n04447861_6933.JPEG,861,toilet seat
train/n04447861/n04447861_934.JPEG,861,toilet seat
train/n04456115/n04456115_23253.JPEG,862,torch
train/n04456115/n04456115_13283.JPEG,862,torch
train/n04456115/n04456115_28532.JPEG,862,torch
train/n04456115/n04456115_17004.JPEG,862,torch
train/n04456115/n04456115_25351.JPEG,862,torch
train/n04456115/n04456115_289.JPEG,862,torch
train/n04456115/n04456115_9703.JPEG,862,torch
train/n04456115/n04456115_52476.JPEG,862,torch
train/n04456115/n04456115_44.JPEG,862,torch
train/n04456115/n04456115_55782.JPEG,862,torch
train/n04456115/n04456115_3133.JPEG,862,torch
train/n04456115/n04456115_41982.JPEG,862,torch
train/n04456115/n04456115_25370.JPEG,862,torch
train/n04456115/n04456115_8759.JPEG,862,torch
train/n04456115/n04456115_47289.JPEG,862,torch
train/n04456115/n04456115_42973.JPEG,862,torch
train/n04458633/n04458633_12150.JPEG,863,totem pole
train/n04458633/n04458633_22832.JPEG,863,totem pole
train/n04458633/n04458633_671.JPEG,863,totem pole
train/n04458633/n04458633_14644.JPEG,863,totem pole
train/n04458633/n04458633_2397.JPEG,863,totem pole
train/n04458633/n04458633_2197.JPEG,863,totem pole
train/n04458633/n04458633_6345.JPEG,863,totem pole
train/n04458633/n04458633_9925.JPEG,863,totem pole
train/n04458633/n04458633_3606.JPEG,863,totem pole
train/n04458633/n04458633_13634.JPEG,863,totem pole
train/n04458633/n04458633_904.JPEG,863,totem pole
train/n04458633/n04458633_21620.JPEG,863,totem pole
train/n04458633/n04458633_6720.JPEG,863,totem pole
train/n04458633/n04458633_20356.JPEG,863,totem pole
train/n04458633/n04458633_1222.JPEG,863,totem pole
train/n04458633/n04458633_3099.JPEG,863,totem pole
train/n04461696/n04461696_7837.JPEG,864,tow truck
train/n04461696/n04461696_7588.JPEG,864,tow truck
train/n04461696/n04461696_8486.JPEG,864,tow truck
train/n04461696/n04461696_15245.JPEG,864,tow truck
train/n04461696/n04461696_2457.JPEG,864,tow truck
train/n04461696/n04461696_22661.JPEG,864,tow truck
train/n04461696/n04461696_4417.JPEG,864,tow truck
train/n04461696/n04461696_15656.JPEG,864,tow truck
train/n04461696/n04461696_10978.JPEG,864,tow truck
train/n04461696/n04461696_4736.JPEG,864,tow truck
train/n04461696/n04461696_17606.JPEG,864,tow truck
train/n04461696/n04461696_23493.JPEG,864,tow truck
train/n04461696/n04461696_9697.JPEG,864,tow truck
train/n04461696/n04461696_21666.JPEG,864,tow truck
train/n04461696/n04461696_5170.JPEG,864,tow truck
train/n04461696/n04461696_2742.JPEG,864,tow truck
train/n04462240/n04462240_7172.JPEG,865,toy store
train/n04462240/n04462240_3563.JPEG,865,toy store
train/n04462240/n04462240_3407.JPEG,865,toy store
train/n04462240/n04462240_6421.JPEG,865,toy store
train/n04462240/n04462240_25089.JPEG,865,toy store
train/n04462240/n04462240_23195.JPEG,865,toy store
train/n04462240/n04462240_2242.JPEG,865,toy store
train/n04462240/n04462240_2923.JPEG,865,toy store
train/n04462240/n04462240_13730.JPEG,865,toy store
train/n04462240/n04462240_9957.JPEG,865,toy store
train/n04462240/n04462240_9700.JPEG,865,toy store
train/n04462240/n04462240_3683.JPEG,865,toy store
train/n04462240/n04462240_6413.JPEG,865,toy store
train/n04462240/n04462240_2321.JPEG,865,toy store
train/n04462240/n04462240_9940.JPEG,865,toy store
train/n04462240/n04462240_12922.JPEG,865,toy store
train/n04465501/n04465501_12462.JPEG,866,tractor
train/n04465501/n04465501_13198.JPEG,866,tractor
train/n04465501/n04465501_2358.JPEG,866,tractor
train/n04465501/n04465501_14997.JPEG,866,tractor
train/n04465501/n04465501_2510.JPEG,866,tractor
train/n04465501/n04465501_4521.JPEG,866,tractor
train/n04465501/n04465501_4291.JPEG,866,tractor
train/n04465501/n04465501_13564.JPEG,866,tractor
train/n04465501/n04465501_4754.JPEG,866,tractor
train/n04465501/n04465501_3459.JPEG,866,tractor
train/n04465501/n04465501_7402.JPEG,866,tractor
train/n04465501/n04465501_11451.JPEG,866,tractor
train/n04465501/n04465501_952.JPEG,866,tractor
train/n04465501/n04465501_2160.JPEG,866,tractor
train/n04465501/n04465501_3609.JPEG,866,tractor
train/n04465501/n04465501_11113.JPEG,866,tractor
train/n04467665/n04467665_28757.JPEG,867,semi-trailer truck
train/n04467665/n04467665_67280.JPEG,867,semi-trailer truck
train/n04467665/n04467665_69447.JPEG,867,semi-trailer truck
train/n04467665/n04467665_35009.JPEG,867,semi-trailer truck
train/n04467665/n04467665_3551.JPEG,867,semi-trailer truck
train/n04467665/n04467665_67189.JPEG,867,semi-trailer truck
train/n04467665/n04467665_49645.JPEG,867,semi-trailer truck
train/n04467665/n04467665_64269.JPEG,867,semi-trailer truck
train/n04467665/n04467665_53339.JPEG,867,semi-trailer truck
train/n04467665/n04467665_60285.JPEG,867,semi-trailer truck
train/n04467665/n04467665_81731.JPEG,867,semi-trailer truck
train/n04467665/n04467665_19718.JPEG,867,semi-trailer truck
train/n04467665/n04467665_24332.JPEG,867,semi-trailer truck
train/n04467665/n04467665_38134.JPEG,867,semi-trailer truck
train/n04467665/n04467665_30494.JPEG,867,semi-trailer truck
train/n04467665/n04467665_5486.JPEG,867,semi-trailer truck
train/n04476259/n04476259_30093.JPEG,868,tray
train/n04476259/n04476259_4974.JPEG,868,tray
train/n04476259/n04476259_12324.JPEG,868,tray
train/n04476259/n04476259_10553.JPEG,868,tray
train/n04476259/n04476259_17693.JPEG,868,tray
train/n04476259/n04476259_46073.JPEG,868,tray
train/n04476259/n04476259_20764.JPEG,868,tray
train/n04476259/n04476259_10759.JPEG,868,tray
train/n04476259/n04476259_15675.JPEG,868,tray
train/n04476259/n04476259_10656.JPEG,868,tray
train/n04476259/n04476259_17172.JPEG,868,tray
train/n04476259/n04476259_53100.JPEG,868,tray
train/n04476259/n04476259_21569.JPEG,868,tray
train/n04476259/n04476259_8351.JPEG,868,tray
train/n04476259/n04476259_8538.JPEG,868,tray
train/n04476259/n04476259_8316.JPEG,868,tray
train/n04479046/n04479046_6905.JPEG,869,trench coat
train/n04479046/n04479046_9240.JPEG,869,trench coat
train/n04479046/n04479046_7613.JPEG,869,trench coat
train/n04479046/n04479046_3406.JPEG,869,trench coat
train/n04479046/n04479046_28690.JPEG,869,trench coat
train/n04479046/n04479046_1535.JPEG,869,trench coat
train/n04479046/n04479046_11830.JPEG,869,trench coat
train/n04479046/n04479046_23781.JPEG,869,trench coat
train/n04479046/n04479046_3566.JPEG,869,trench coat
train/n04479046/n04479046_9624.JPEG,869,trench coat
train/n04479046/n04479046_14782.JPEG,869,trench coat
train/n04479046/n04479046_1466.JPEG,869,trench coat
train/n04479046/n04479046_1338.JPEG,869,trench coat
train/n04479046/n04479046_13354.JPEG,869,trench coat
train/n04479046/n04479046_9525.JPEG,869,trench coat
train/n04479046/n04479046_5320.JPEG,869,trench coat
train/n04482393/n04482393_24494.JPEG,870,tricycle
train/n04482393/n04482393_10665.JPEG,870,tricycle
train/n04482393/n04482393_11713.JPEG,870,tricycle
train/n04482393/n04482393_9019.JPEG,870,tricycle
train/n04482393/n04482393_29465.JPEG,870,tricycle
train/n04482393/n04482393_13539.JPEG,870,tricycle
train/n04482393/n04482393_12330.JPEG,870,tricycle
train/n04482393/n04482393_372.JPEG,870,tricycle
train/n04482393/n04482393_13656.JPEG,870,tricycle
train/n04482393/n04482393_85.JPEG,870,tricycle
train/n04482393/n04482393_11525.JPEG,870,tricycle
train/n04482393/n04482393_10545.JPEG,870,tricycle
train/n04482393/n04482393_177.JPEG,870,tricycle
train/n04482393/n04482393_25236.JPEG,870,tricycle
train/n04482393/n04482393_21296.JPEG,870,tricycle
train/n04482393/n04482393_10697.JPEG,870,tricycle
train/n04483307/n04483307_1107.JPEG,871,trimaran
train/n04483307/n04483307_10527.JPEG,871,trimaran
train/n04483307/n04483307_18238.JPEG,871,trimaran
train/n04483307/n04483307_11058.JPEG,871,trimaran
train/n04483307/n04483307_3188.JPEG,871,trimaran
train/n04483307/n04483307_5766.JPEG,871,trimaran
train/n04483307/n04483307_10948.JPEG,871,trimaran
train/n04483307/n04483307_4418.JPEG,871,trimaran
train/n04483307/n04483307_8677.JPEG,871,trimaran
train/n04483307/n04483307_505.JPEG,871,trimaran
train/n04483307/n04483307_7353.JPEG,871,trimaran
train/n04483307/n04483307_4773.JPEG,871,trimaran
train/n04483307/n04483307_9423.JPEG,871,trimaran
train/n04483307/n04483307_787.JPEG,871,trimaran
train/n04483307/n04483307_6117.JPEG,871,trimaran
train/n04483307/n04483307_2279.JPEG,871,trimaran
train/n04485082/n04485082_6798.JPEG,872,tripod
train/n04485082/n04485082_18470.JPEG,872,tripod
train/n04485082/n04485082_533.JPEG,872,tripod
train/n04485082/n04485082_2701.JPEG,872,tripod
train/n04485082/n04485082_13163.JPEG,872,tripod
train/n04485082/n04485082_3977.JPEG,872,tripod
train/n04485082/n04485082_2224.JPEG,872,tripod
train/n04485082/n04485082_3814.JPEG,872,tripod
train/n04485082/n04485082_2626.JPEG,872,tripod
train/n04485082/n04485082_30445.JPEG,872,tripod
train/n04485082/n04485082_10334.JPEG,872,tripod
train/n04485082/n04485082_32635.JPEG,872,tripod
train/n04485082/n04485082_6271.JPEG,872,tripod
train/n04485082/n04485082_51811.JPEG,872,tripod
train/n04485082/n04485082_17976.JPEG,872,tripod
train/n04485082/n04485082_14556.JPEG,872,tripod
train/n04486054/n04486054_1398.JPEG,873,triumphal arch
train/n04486054/n04486054_2747.JPEG,873,triumphal arch
train/n04486054/n04486054_542.JPEG,873,triumphal arch
train/n04486054/n04486054_830.JPEG,873,triumphal arch
train/n04486054/n04486054_3709.JPEG,873,triumphal arch
train/n04486054/n04486054_860.JPEG,873,triumphal arch
train/n04486054/n04486054_2719.JPEG,873,triumphal arch
train/n04486054/n04486054_1747.JPEG,873,triumphal arch
train/n04486054/n04486054_20178.JPEG,873,triumphal arch
train/n04486054/n04486054_10067.JPEG,873,triumphal arch
train/n04486054/n04486054_9926.JPEG,873,triumphal arch
train/n04486054/n04486054_12124.JPEG,873,triumphal arch
train/n04486054/n04486054_1332.JPEG,873,triumphal arch
train/n04486054/n04486054_243.JPEG,873,triumphal arch
train/n04486054/n04486054_6649.JPEG,873,triumphal arch
train/n04486054/n04486054_1530.JPEG,873,triumphal arch
train/n04487081/n04487081_30829.JPEG,874,trolleybus
train/n04487081/n04487081_8996.JPEG,874,trolleybus
train/n04487081/n04487081_19983.JPEG,874,trolleybus
train/n04487081/n04487081_15411.JPEG,874,trolleybus
train/n04487081/n04487081_27647.JPEG,874,trolleybus
train/n04487081/n04487081_6230.JPEG,874,trolleybus
train/n04487081/n04487081_3955.JPEG,874,trolleybus
train/n04487081/n04487081_27117.JPEG,874,trolleybus
train/n04487081/n04487081_16395.JPEG,874,trolleybus
train/n04487081/n04487081_29984.JPEG,874,trolleybus
train/n04487081/n04487081_8074.JPEG,874,trolleybus
train/n04487081/n04487081_7180.JPEG,874,trolleybus
train/n04487081/n04487081_6087.JPEG,874,trolleybus
train/n04487081/n04487081_20274.JPEG,874,trolleybus
train/n04487081/n04487081_4396.JPEG,874,trolleybus
train/n04487081/n04487081_19729.JPEG,874,trolleybus
train/n04487394/n04487394_16965.JPEG,875,trombone
train/n04487394/n04487394_23097.JPEG,875,trombone
train/n04487394/n04487394_28210.JPEG,875,trombone
train/n04487394/n04487394_22988.JPEG,875,trombone
train/n04487394/n04487394_16029.JPEG,875,trombone
train/n04487394/n04487394_1217.JPEG,875,trombone
train/n04487394/n04487394_24725.JPEG,875,trombone
train/n04487394/n04487394_17357.JPEG,875,trombone
train/n04487394/n04487394_16001.JPEG,875,trombone
train/n04487394/n04487394_10045.JPEG,875,trombone
train/n04487394/n04487394_17830.JPEG,875,trombone
train/n04487394/n04487394_20235.JPEG,875,trombone
train/n04487394/n04487394_18641.JPEG,875,trombone
train/n04487394/n04487394_19593.JPEG,875,trombone
train/n04487394/n04487394_15757.JPEG,875,trombone
train/n04487394/n04487394_16858.JPEG,875,trombone
train/n04493381/n04493381_16575.JPEG,876,hot tub
train/n04493381/n04493381_20255.JPEG,876,hot tub
train/n04493381/n04493381_75991.JPEG,876,hot tub
train/n04493381/n04493381_36.JPEG,876,hot tub
train/n04493381/n04493381_57622.JPEG,876,hot tub
train/n04493381/n04493381_34073.JPEG,876,hot tub
train/n04493381/n04493381_7290.JPEG,876,hot tub
train/n04493381/n04493381_27751.JPEG,876,hot tub
train/n04493381/n04493381_24816.JPEG,876,hot tub
train/n04493381/n04493381_19824.JPEG,876,hot tub
train/n04493381/n04493381_28031.JPEG,876,hot tub
train/n04493381/n04493381_66900.JPEG,876,hot tub
train/n04493381/n04493381_71235.JPEG,876,hot tub
train/n04493381/n04493381_52374.JPEG,876,hot tub
train/n04493381/n04493381_11911.JPEG,876,hot tub
train/n04493381/n04493381_14422.JPEG,876,hot tub
train/n04501370/n04501370_1846.JPEG,877,turnstile
train/n04501370/n04501370_9243.JPEG,877,turnstile
train/n04501370/n04501370_4468.JPEG,877,turnstile
train/n04501370/n04501370_9449.JPEG,877,turnstile
train/n04501370/n04501370_5338.JPEG,877,turnstile
train/n04501370/n04501370_11624.JPEG,877,turnstile
train/n04501370/n04501370_1743.JPEG,877,turnstile
train/n04501370/n04501370_5811.JPEG,877,turnstile
train/n04501370/n04501370_8989.JPEG,877,turnstile
train/n04501370/n04501370_22337.JPEG,877,turnstile
train/n04501370/n04501370_14694.JPEG,877,turnstile
train/n04501370/n04501370_6929.JPEG,877,turnstile
train/n04501370/n04501370_15262.JPEG,877,turnstile
train/n04501370/n04501370_19657.JPEG,877,turnstile
train/n04501370/n04501370_20604.JPEG,877,turnstile
train/n04501370/n04501370_23683.JPEG,877,turnstile
train/n04505470/n04505470_5054.JPEG,878,typewriter keyboard
train/n04505470/n04505470_7388.JPEG,878,typewriter keyboard
train/n04505470/n04505470_5564.JPEG,878,typewriter keyboard
train/n04505470/n04505470_5007.JPEG,878,typewriter keyboard
train/n04505470/n04505470_9741.JPEG,878,typewriter keyboard
train/n04505470/n04505470_3481.JPEG,878,typewriter keyboard
train/n04505470/n04505470_144.JPEG,878,typewriter keyboard
train/n04505470/n04505470_159.JPEG,878,typewriter keyboard
train/n04505470/n04505470_1755.JPEG,878,typewriter keyboard
train/n04505470/n04505470_241.JPEG,878,typewriter keyboard
train/n04505470/n04505470_1430.JPEG,878,typewriter keyboard
train/n04505470/n04505470_876.JPEG,878,typewriter keyboard
train/n04505470/n04505470_2631.JPEG,878,typewriter keyboard
train/n04505470/n04505470_219.JPEG,878,typewriter keyboard
train/n04505470/n04505470_3148.JPEG,878,typewriter keyboard
train/n04505470/n04505470_1245.JPEG,878,typewriter keyboard
train/n04507155/n04507155_12980.JPEG,879,umbrella
train/n04507155/n04507155_567.JPEG,879,umbrella
train/n04507155/n04507155_14459.JPEG,879,umbrella
train/n04507155/n04507155_11822.JPEG,879,umbrella
train/n04507155/n04507155_1301.JPEG,879,umbrella
train/n04507155/n04507155_10323.JPEG,879,umbrella
train/n04507155/n04507155_18077.JPEG,879,umbrella
train/n04507155/n04507155_7878.JPEG,879,umbrella
train/n04507155/n04507155_3487.JPEG,879,umbrella
train/n04507155/n04507155_31564.JPEG,879,umbrella
train/n04507155/n04507155_8464.JPEG,879,umbrella
train/n04507155/n04507155_13053.JPEG,879,umbrella
train/n04507155/n04507155_14861.JPEG,879,umbrella
train/n04507155/n04507155_716.JPEG,879,umbrella
train/n04507155/n04507155_2757.JPEG,879,umbrella
train/n04507155/n04507155_9179.JPEG,879,umbrella
train/n04509417/n04509417_743.JPEG,880,unicycle
train/n04509417/n04509417_6177.JPEG,880,unicycle
train/n04509417/n04509417_4919.JPEG,880,unicycle
train/n04509417/n04509417_2386.JPEG,880,unicycle
train/n04509417/n04509417_3101.JPEG,880,unicycle
train/n04509417/n04509417_9481.JPEG,880,unicycle
train/n04509417/n04509417_942.JPEG,880,unicycle
train/n04509417/n04509417_6960.JPEG,880,unicycle
train/n04509417/n04509417_3877.JPEG,880,unicycle
train/n04509417/n04509417_542.JPEG,880,unicycle
train/n04509417/n04509417_5771.JPEG,880,unicycle
train/n04509417/n04509417_2391.JPEG,880,unicycle
train/n04509417/n04509417_3873.JPEG,880,unicycle
train/n04509417/n04509417_6098.JPEG,880,unicycle
train/n04509417/n04509417_1773.JPEG,880,unicycle
train/n04509417/n04509417_2312.JPEG,880,unicycle
train/n04515003/n04515003_2815.JPEG,881,upright piano
train/n04515003/n04515003_6484.JPEG,881,upright piano
train/n04515003/n04515003_13419.JPEG,881,upright piano
train/n04515003/n04515003_36083.JPEG,881,upright piano
train/n04515003/n04515003_38984.JPEG,881,upright piano
train/n04515003/n04515003_15985.JPEG,881,upright piano
train/n04515003/n04515003_8675.JPEG,881,upright piano
train/n04515003/n04515003_16363.JPEG,881,upright piano
train/n04515003/n04515003_1966.JPEG,881,upright piano
train/n04515003/n04515003_26498.JPEG,881,upright piano
train/n04515003/n04515003_15431.JPEG,881,upright piano
train/n04515003/n04515003_29526.JPEG,881,upright piano
train/n04515003/n04515003_713.JPEG,881,upright piano
train/n04515003/n04515003_8971.JPEG,881,upright piano
train/n04515003/n04515003_31337.JPEG,881,upright piano
train/n04515003/n04515003_2371.JPEG,881,upright piano
train/n04517823/n04517823_21462.JPEG,882,vacuum cleaner
train/n04517823/n04517823_5681.JPEG,882,vacuum cleaner
train/n04517823/n04517823_3083.JPEG,882,vacuum cleaner
train/n04517823/n04517823_20937.JPEG,882,vacuum cleaner
train/n04517823/n04517823_31646.JPEG,882,vacuum cleaner
train/n04517823/n04517823_21498.JPEG,882,vacuum cleaner
train/n04517823/n04517823_41122.JPEG,882,vacuum cleaner
train/n04517823/n04517823_728.JPEG,882,vacuum cleaner
train/n04517823/n04517823_20874.JPEG,882,vacuum cleaner
train/n04517823/n04517823_14119.JPEG,882,vacuum cleaner
train/n04517823/n04517823_24065.JPEG,882,vacuum cleaner
train/n04517823/n04517823_41689.JPEG,882,vacuum cleaner
train/n04517823/n04517823_3550.JPEG,882,vacuum cleaner
train/n04517823/n04517823_20142.JPEG,882,vacuum cleaner
train/n04517823/n04517823_26388.JPEG,882,vacuum cleaner
train/n04517823/n04517823_18886.JPEG,882,vacuum cleaner
train/n04522168/n04522168_8988.JPEG,883,vase
train/n04522168/n04522168_20945.JPEG,883,vase
train/n04522168/n04522168_2476.JPEG,883,vase
train/n04522168/n04522168_20933.JPEG,883,vase
train/n04522168/n04522168_11522.JPEG,883,vase
train/n04522168/n04522168_15127.JPEG,883,vase
train/n04522168/n04522168_17210.JPEG,883,vase
train/n04522168/n04522168_6194.JPEG,883,vase
train/n04522168/n04522168_21191.JPEG,883,vase
train/n04522168/n04522168_1216.JPEG,883,vase
train/n04522168/n04522168_4185.JPEG,883,vase
train/n04522168/n04522168_2578.JPEG,883,vase
train/n04522168/n04522168_12075.JPEG,883,vase
train/n04522168/n04522168_23905.JPEG,883,vase
train/n04522168/n04522168_54613.JPEG,883,vase
train/n04522168/n04522168_18207.JPEG,883,vase
train/n04523525/n04523525_12462.JPEG,884,vaulted or arched ceiling
train/n04523525/n04523525_43476.JPEG,884,vaulted or arched ceiling
train/n04523525/n04523525_4356.JPEG,884,vaulted or arched ceiling
train/n04523525/n04523525_10565.JPEG,884,vaulted or arched ceiling
train/n04523525/n04523525_63.JPEG,884,vaulted or arched ceiling
train/n04523525/n04523525_1504.JPEG,884,vaulted or arched ceiling
train/n04523525/n04523525_10718.JPEG,884,vaulted or arched ceiling
train/n04523525/n04523525_3743.JPEG,884,vaulted or arched ceiling
train/n04523525/n04523525_40341.JPEG,884,vaulted or arched ceiling
train/n04523525/n04523525_4425.JPEG,884,vaulted or arched ceiling
train/n04523525/n04523525_6253.JPEG,884,vaulted or arched ceiling
train/n04523525/n04523525_6748.JPEG,884,vaulted or arched ceiling
train/n04523525/n04523525_37544.JPEG,884,vaulted or arched ceiling
train/n04523525/n04523525_4704.JPEG,884,vaulted or arched ceiling
train/n04523525/n04523525_18246.JPEG,884,vaulted or arched ceiling
train/n04523525/n04523525_47154.JPEG,884,vaulted or arched ceiling
train/n04525038/n04525038_1226.JPEG,885,velvet fabric
train/n04525038/n04525038_6321.JPEG,885,velvet fabric
train/n04525038/n04525038_17923.JPEG,885,velvet fabric
train/n04525038/n04525038_7094.JPEG,885,velvet fabric
train/n04525038/n04525038_12595.JPEG,885,velvet fabric
train/n04525038/n04525038_13563.JPEG,885,velvet fabric
train/n04525038/n04525038_10328.JPEG,885,velvet fabric
train/n04525038/n04525038_7345.JPEG,885,velvet fabric
train/n04525038/n04525038_13801.JPEG,885,velvet fabric
train/n04525038/n04525038_7275.JPEG,885,velvet fabric
train/n04525038/n04525038_23723.JPEG,885,velvet fabric
train/n04525038/n04525038_19693.JPEG,885,velvet fabric
train/n04525038/n04525038_26656.JPEG,885,velvet fabric
train/n04525038/n04525038_74102.JPEG,885,velvet fabric
train/n04525038/n04525038_3918.JPEG,885,velvet fabric
train/n04525038/n04525038_1741.JPEG,885,velvet fabric
train/n04525305/n04525305_9735.JPEG,886,vending machine
train/n04525305/n04525305_10474.JPEG,886,vending machine
train/n04525305/n04525305_12117.JPEG,886,vending machine
train/n04525305/n04525305_4433.JPEG,886,vending machine
train/n04525305/n04525305_2924.JPEG,886,vending machine
train/n04525305/n04525305_4238.JPEG,886,vending machine
train/n04525305/n04525305_3539.JPEG,886,vending machine
train/n04525305/n04525305_4132.JPEG,886,vending machine
train/n04525305/n04525305_3996.JPEG,886,vending machine
train/n04525305/n04525305_2195.JPEG,886,vending machine
train/n04525305/n04525305_11674.JPEG,886,vending machine
train/n04525305/n04525305_871.JPEG,886,vending machine
train/n04525305/n04525305_17257.JPEG,886,vending machine
train/n04525305/n04525305_10790.JPEG,886,vending machine
train/n04525305/n04525305_10051.JPEG,886,vending machine
train/n04525305/n04525305_1919.JPEG,886,vending machine
train/n04532106/n04532106_395.JPEG,887,vestment
train/n04532106/n04532106_1105.JPEG,887,vestment
train/n04532106/n04532106_5961.JPEG,887,vestment
train/n04532106/n04532106_633.JPEG,887,vestment
train/n04532106/n04532106_803.JPEG,887,vestment
train/n04532106/n04532106_1765.JPEG,887,vestment
train/n04532106/n04532106_17817.JPEG,887,vestment
train/n04532106/n04532106_10057.JPEG,887,vestment
train/n04532106/n04532106_18818.JPEG,887,vestment
train/n04532106/n04532106_2053.JPEG,887,vestment
train/n04532106/n04532106_7170.JPEG,887,vestment
train/n04532106/n04532106_11466.JPEG,887,vestment
train/n04532106/n04532106_8601.JPEG,887,vestment
train/n04532106/n04532106_9789.JPEG,887,vestment
train/n04532106/n04532106_17597.JPEG,887,vestment
train/n04532106/n04532106_17928.JPEG,887,vestment
train/n04532670/n04532670_3227.JPEG,888,viaduct
train/n04532670/n04532670_11068.JPEG,888,viaduct
train/n04532670/n04532670_906.JPEG,888,viaduct
train/n04532670/n04532670_11418.JPEG,888,viaduct
train/n04532670/n04532670_7386.JPEG,888,viaduct
train/n04532670/n04532670_6067.JPEG,888,viaduct
train/n04532670/n04532670_10711.JPEG,888,viaduct
train/n04532670/n04532670_16425.JPEG,888,viaduct
train/n04532670/n04532670_10007.JPEG,888,viaduct
train/n04532670/n04532670_8719.JPEG,888,viaduct
train/n04532670/n04532670_14166.JPEG,888,viaduct
train/n04532670/n04532670_37690.JPEG,888,viaduct
train/n04532670/n04532670_25992.JPEG,888,viaduct
train/n04532670/n04532670_10712.JPEG,888,viaduct
train/n04532670/n04532670_2049.JPEG,888,viaduct
train/n04532670/n04532670_12113.JPEG,888,viaduct
train/n04536866/n04536866_20013.JPEG,889,violin
train/n04536866/n04536866_40507.JPEG,889,violin
train/n04536866/n04536866_36435.JPEG,889,violin
train/n04536866/n04536866_8482.JPEG,889,violin
train/n04536866/n04536866_3645.JPEG,889,violin
train/n04536866/n04536866_18618.JPEG,889,violin
train/n04536866/n04536866_7704.JPEG,889,violin
train/n04536866/n04536866_19758.JPEG,889,violin
train/n04536866/n04536866_7899.JPEG,889,violin
train/n04536866/n04536866_20021.JPEG,889,violin
train/n04536866/n04536866_15338.JPEG,889,violin
train/n04536866/n04536866_10855.JPEG,889,violin
train/n04536866/n04536866_970.JPEG,889,violin
train/n04536866/n04536866_2545.JPEG,889,violin
train/n04536866/n04536866_9945.JPEG,889,violin
train/n04536866/n04536866_22265.JPEG,889,violin
train/n04540053/n04540053_24476.JPEG,890,volleyball
train/n04540053/n04540053_13469.JPEG,890,volleyball
train/n04540053/n04540053_10947.JPEG,890,volleyball
train/n04540053/n04540053_7805.JPEG,890,volleyball
train/n04540053/n04540053_15737.JPEG,890,volleyball
train/n04540053/n04540053_4488.JPEG,890,volleyball
train/n04540053/n04540053_7531.JPEG,890,volleyball
train/n04540053/n04540053_10548.JPEG,890,volleyball
train/n04540053/n04540053_1155.JPEG,890,volleyball
train/n04540053/n04540053_15513.JPEG,890,volleyball
train/n04540053/n04540053_12791.JPEG,890,volleyball
train/n04540053/n04540053_9868.JPEG,890,volleyball
train/n04540053/n04540053_12856.JPEG,890,volleyball
train/n04540053/n04540053_11930.JPEG,890,volleyball
train/n04540053/n04540053_6848.JPEG,890,volleyball
train/n04540053/n04540053_15773.JPEG,890,volleyball
train/n04542943/n04542943_2039.JPEG,891,waffle iron
train/n04542943/n04542943_5957.JPEG,891,waffle iron
train/n04542943/n04542943_218.JPEG,891,waffle iron
train/n04542943/n04542943_10031.JPEG,891,waffle iron
train/n04542943/n04542943_5625.JPEG,891,waffle iron
train/n04542943/n04542943_41.JPEG,891,waffle iron
train/n04542943/n04542943_3943.JPEG,891,waffle iron
train/n04542943/n04542943_1082.JPEG,891,waffle iron
train/n04542943/n04542943_5178.JPEG,891,waffle iron
train/n04542943/n04542943_19587.JPEG,891,waffle iron
train/n04542943/n04542943_1652.JPEG,891,waffle iron
train/n04542943/n04542943_1225.JPEG,891,waffle iron
train/n04542943/n04542943_9869.JPEG,891,waffle iron
train/n04542943/n04542943_15715.JPEG,891,waffle iron
train/n04542943/n04542943_506.JPEG,891,waffle iron
train/n04542943/n04542943_1149.JPEG,891,waffle iron
train/n04548280/n04548280_1081.JPEG,892,wall clock
train/n04548280/n04548280_3553.JPEG,892,wall clock
train/n04548280/n04548280_4841.JPEG,892,wall clock
train/n04548280/n04548280_18914.JPEG,892,wall clock
train/n04548280/n04548280_12596.JPEG,892,wall clock
train/n04548280/n04548280_4643.JPEG,892,wall clock
train/n04548280/n04548280_4626.JPEG,892,wall clock
train/n04548280/n04548280_6646.JPEG,892,wall clock
train/n04548280/n04548280_3563.JPEG,892,wall clock
train/n04548280/n04548280_7511.JPEG,892,wall clock
train/n04548280/n04548280_8705.JPEG,892,wall clock
train/n04548280/n04548280_2299.JPEG,892,wall clock
train/n04548280/n04548280_5142.JPEG,892,wall clock
train/n04548280/n04548280_1106.JPEG,892,wall clock
train/n04548280/n04548280_2216.JPEG,892,wall clock
train/n04548280/n04548280_6999.JPEG,892,wall clock
train/n04548362/n04548362_7680.JPEG,893,wallet
train/n04548362/n04548362_32775.JPEG,893,wallet
train/n04548362/n04548362_21732.JPEG,893,wallet
train/n04548362/n04548362_18773.JPEG,893,wallet
train/n04548362/n04548362_44752.JPEG,893,wallet
train/n04548362/n04548362_6512.JPEG,893,wallet
train/n04548362/n04548362_16869.JPEG,893,wallet
train/n04548362/n04548362_17745.JPEG,893,wallet
train/n04548362/n04548362_10245.JPEG,893,wallet
train/n04548362/n04548362_29082.JPEG,893,wallet
train/n04548362/n04548362_81234.JPEG,893,wallet
train/n04548362/n04548362_1188.JPEG,893,wallet
train/n04548362/n04548362_10858.JPEG,893,wallet
train/n04548362/n04548362_31149.JPEG,893,wallet
train/n04548362/n04548362_26804.JPEG,893,wallet
train/n04548362/n04548362_42215.JPEG,893,wallet
train/n04550184/n04550184_62039.JPEG,894,wardrobe
train/n04550184/n04550184_42089.JPEG,894,wardrobe
train/n04550184/n04550184_52135.JPEG,894,wardrobe
train/n04550184/n04550184_36560.JPEG,894,wardrobe
train/n04550184/n04550184_15192.JPEG,894,wardrobe
train/n04550184/n04550184_65937.JPEG,894,wardrobe
train/n04550184/n04550184_4269.JPEG,894,wardrobe
train/n04550184/n04550184_63265.JPEG,894,wardrobe
train/n04550184/n04550184_30216.JPEG,894,wardrobe
train/n04550184/n04550184_31884.JPEG,894,wardrobe
train/n04550184/n04550184_53811.JPEG,894,wardrobe
train/n04550184/n04550184_34802.JPEG,894,wardrobe
train/n04550184/n04550184_20820.JPEG,894,wardrobe
train/n04550184/n04550184_49379.JPEG,894,wardrobe
train/n04550184/n04550184_21901.JPEG,894,wardrobe
train/n04550184/n04550184_39444.JPEG,894,wardrobe
train/n04552348/n04552348_2691.JPEG,895,military aircraft
train/n04552348/n04552348_13323.JPEG,895,military aircraft
train/n04552348/n04552348_9618.JPEG,895,military aircraft
train/n04552348/n04552348_12864.JPEG,895,military aircraft
train/n04552348/n04552348_535.JPEG,895,military aircraft
train/n04552348/n04552348_20223.JPEG,895,military aircraft
train/n04552348/n04552348_15634.JPEG,895,military aircraft
train/n04552348/n04552348_16926.JPEG,895,military aircraft
train/n04552348/n04552348_4878.JPEG,895,military aircraft
train/n04552348/n04552348_21400.JPEG,895,military aircraft
train/n04552348/n04552348_20361.JPEG,895,military aircraft
train/n04552348/n04552348_22432.JPEG,895,military aircraft
train/n04552348/n04552348_2581.JPEG,895,military aircraft
train/n04552348/n04552348_2909.JPEG,895,military aircraft
train/n04552348/n04552348_16349.JPEG,895,military aircraft
train/n04552348/n04552348_6788.JPEG,895,military aircraft
train/n04553703/n04553703_18104.JPEG,896,sink
train/n04553703/n04553703_15686.JPEG,896,sink
train/n04553703/n04553703_19143.JPEG,896,sink
train/n04553703/n04553703_19050.JPEG,896,sink
train/n04553703/n04553703_13475.JPEG,896,sink
train/n04553703/n04553703_39558.JPEG,896,sink
train/n04553703/n04553703_31378.JPEG,896,sink
train/n04553703/n04553703_35269.JPEG,896,sink
train/n04553703/n04553703_8086.JPEG,896,sink
train/n04553703/n04553703_41286.JPEG,896,sink
train/n04553703/n04553703_6332.JPEG,896,sink
train/n04553703/n04553703_17148.JPEG,896,sink
train/n04553703/n04553703_17354.JPEG,896,sink
train/n04553703/n04553703_49419.JPEG,896,sink
train/n04553703/n04553703_45710.JPEG,896,sink
train/n04553703/n04553703_3935.JPEG,896,sink
train/n04554684/n04554684_16591.JPEG,897,washing machine
train/n04554684/n04554684_13118.JPEG,897,washing machine
train/n04554684/n04554684_61481.JPEG,897,washing machine
train/n04554684/n04554684_5539.JPEG,897,washing machine
train/n04554684/n04554684_45946.JPEG,897,washing machine
train/n04554684/n04554684_1930.JPEG,897,washing machine
train/n04554684/n04554684_12072.JPEG,897,washing machine
train/n04554684/n04554684_16403.JPEG,897,washing machine
train/n04554684/n04554684_12685.JPEG,897,washing machine
train/n04554684/n04554684_13502.JPEG,897,washing machine
train/n04554684/n04554684_14080.JPEG,897,washing machine
train/n04554684/n04554684_3640.JPEG,897,washing machine
train/n04554684/n04554684_45838.JPEG,897,washing machine
train/n04554684/n04554684_1384.JPEG,897,washing machine
train/n04554684/n04554684_17522.JPEG,897,washing machine
train/n04554684/n04554684_3968.JPEG,897,washing machine
train/n04557648/n04557648_4914.JPEG,898,water bottle
train/n04557648/n04557648_26943.JPEG,898,water bottle
train/n04557648/n04557648_5919.JPEG,898,water bottle
train/n04557648/n04557648_3066.JPEG,898,water bottle
train/n04557648/n04557648_11142.JPEG,898,water bottle
train/n04557648/n04557648_10678.JPEG,898,water bottle
train/n04557648/n04557648_4160.JPEG,898,water bottle
train/n04557648/n04557648_214.JPEG,898,water bottle
train/n04557648/n04557648_2820.JPEG,898,water bottle
train/n04557648/n04557648_8598.JPEG,898,water bottle
train/n04557648/n04557648_8958.JPEG,898,water bottle
train/n04557648/n04557648_32358.JPEG,898,water bottle
train/n04557648/n04557648_4504.JPEG,898,water bottle
train/n04557648/n04557648_606.JPEG,898,water bottle
train/n04557648/n04557648_9174.JPEG,898,water bottle
train/n04557648/n04557648_2605.JPEG,898,water bottle
train/n04560804/n04560804_15432.JPEG,899,water jug
train/n04560804/n04560804_6539.JPEG,899,water jug
train/n04560804/n04560804_6020.JPEG,899,water jug
train/n04560804/n04560804_3847.JPEG,899,water jug
train/n04560804/n04560804_6313.JPEG,899,water jug
train/n04560804/n04560804_15267.JPEG,899,water jug
train/n04560804/n04560804_31384.JPEG,899,water jug
train/n04560804/n04560804_14583.JPEG,899,water jug
train/n04560804/n04560804_11785.JPEG,899,water jug
train/n04560804/n04560804_5411.JPEG,899,water jug
train/n04560804/n04560804_22736.JPEG,899,water jug
train/n04560804/n04560804_4987.JPEG,899,water jug
train/n04560804/n04560804_32568.JPEG,899,water jug
train/n04560804/n04560804_7804.JPEG,899,water jug
train/n04560804/n04560804_175.JPEG,899,water jug
train/n04560804/n04560804_17315.JPEG,899,water jug
train/n04562935/n04562935_14136.JPEG,900,water tower
train/n04562935/n04562935_23721.JPEG,900,water tower
train/n04562935/n04562935_13063.JPEG,900,water tower
train/n04562935/n04562935_6907.JPEG,900,water tower
train/n04562935/n04562935_18411.JPEG,900,water tower
train/n04562935/n04562935_5393.JPEG,900,water tower
train/n04562935/n04562935_17225.JPEG,900,water tower
train/n04562935/n04562935_8056.JPEG,900,water tower
train/n04562935/n04562935_25672.JPEG,900,water tower
train/n04562935/n04562935_8015.JPEG,900,water tower
train/n04562935/n04562935_21153.JPEG,900,water tower
train/n04562935/n04562935_9459.JPEG,900,water tower
train/n04562935/n04562935_23394.JPEG,900,water tower
train/n04562935/n04562935_8978.JPEG,900,water tower
train/n04562935/n04562935_30049.JPEG,900,water tower
train/n04562935/n04562935_12044.JPEG,900,water tower
train/n04579145/n04579145_2648.JPEG,901,whiskey jug
train/n04579145/n04579145_4650.JPEG,901,whiskey jug
train/n04579145/n04579145_3827.JPEG,901,whiskey jug
train/n04579145/n04579145_1530.JPEG,901,whiskey jug
train/n04579145/n04579145_235.JPEG,901,whiskey jug
train/n04579145/n04579145_5158.JPEG,901,whiskey jug
train/n04579145/n04579145_3267.JPEG,901,whiskey jug
train/n04579145/n04579145_5310.JPEG,901,whiskey jug
train/n04579145/n04579145_5225.JPEG,901,whiskey jug
train/n04579145/n04579145_5652.JPEG,901,whiskey jug
train/n04579145/n04579145_95.JPEG,901,whiskey jug
train/n04579145/n04579145_5063.JPEG,901,whiskey jug
train/n04579145/n04579145_1011.JPEG,901,whiskey jug
train/n04579145/n04579145_1258.JPEG,901,whiskey jug
train/n04579145/n04579145_3239.JPEG,901,whiskey jug
train/n04579145/n04579145_2165.JPEG,901,whiskey jug
train/n04579432/n04579432_16138.JPEG,902,whistle
train/n04579432/n04579432_30618.JPEG,902,whistle
train/n04579432/n04579432_11511.JPEG,902,whistle
train/n04579432/n04579432_3072.JPEG,902,whistle
train/n04579432/n04579432_21955.JPEG,902,whistle
train/n04579432/n04579432_413.JPEG,902,whistle
train/n04579432/n04579432_20342.JPEG,902,whistle
train/n04579432/n04579432_18763.JPEG,902,whistle
train/n04579432/n04579432_33146.JPEG,902,whistle
train/n04579432/n04579432_3752.JPEG,902,whistle
train/n04579432/n04579432_2330.JPEG,902,whistle
train/n04579432/n04579432_21188.JPEG,902,whistle
train/n04579432/n04579432_34505.JPEG,902,whistle
train/n04579432/n04579432_24020.JPEG,902,whistle
train/n04579432/n04579432_1682.JPEG,902,whistle
train/n04579432/n04579432_17586.JPEG,902,whistle
train/n04584207/n04584207_6844.JPEG,903,hair wig
train/n04584207/n04584207_10150.JPEG,903,hair wig
train/n04584207/n04584207_10001.JPEG,903,hair wig
train/n04584207/n04584207_20687.JPEG,903,hair wig
train/n04584207/n04584207_10382.JPEG,903,hair wig
train/n04584207/n04584207_33546.JPEG,903,hair wig
train/n04584207/n04584207_5548.JPEG,903,hair wig
train/n04584207/n04584207_3847.JPEG,903,hair wig
train/n04584207/n04584207_10783.JPEG,903,hair wig
train/n04584207/n04584207_20888.JPEG,903,hair wig
train/n04584207/n04584207_20207.JPEG,903,hair wig
train/n04584207/n04584207_6510.JPEG,903,hair wig
train/n04584207/n04584207_19833.JPEG,903,hair wig
train/n04584207/n04584207_15443.JPEG,903,hair wig
train/n04584207/n04584207_4008.JPEG,903,hair wig
train/n04584207/n04584207_15436.JPEG,903,hair wig
train/n04589890/n04589890_9151.JPEG,904,window screen
train/n04589890/n04589890_8267.JPEG,904,window screen
train/n04589890/n04589890_9057.JPEG,904,window screen
train/n04589890/n04589890_4290.JPEG,904,window screen
train/n04589890/n04589890_7266.JPEG,904,window screen
train/n04589890/n04589890_7303.JPEG,904,window screen
train/n04589890/n04589890_3841.JPEG,904,window screen
train/n04589890/n04589890_620.JPEG,904,window screen
train/n04589890/n04589890_8100.JPEG,904,window screen
train/n04589890/n04589890_7881.JPEG,904,window screen
train/n04589890/n04589890_9251.JPEG,904,window screen
train/n04589890/n04589890_4750.JPEG,904,window screen
train/n04589890/n04589890_3922.JPEG,904,window screen
train/n04589890/n04589890_11512.JPEG,904,window screen
train/n04589890/n04589890_2053.JPEG,904,window screen
train/n04589890/n04589890_114.JPEG,904,window screen
train/n04590129/n04590129_18046.JPEG,905,window shade
train/n04590129/n04590129_12774.JPEG,905,window shade
train/n04590129/n04590129_14978.JPEG,905,window shade
train/n04590129/n04590129_23600.JPEG,905,window shade
train/n04590129/n04590129_8397.JPEG,905,window shade
train/n04590129/n04590129_7501.JPEG,905,window shade
train/n04590129/n04590129_17388.JPEG,905,window shade
train/n04590129/n04590129_21892.JPEG,905,window shade
train/n04590129/n04590129_3008.JPEG,905,window shade
train/n04590129/n04590129_22565.JPEG,905,window shade
train/n04590129/n04590129_28057.JPEG,905,window shade
train/n04590129/n04590129_29907.JPEG,905,window shade
train/n04590129/n04590129_16175.JPEG,905,window shade
train/n04590129/n04590129_21890.JPEG,905,window shade
train/n04590129/n04590129_16839.JPEG,905,window shade
train/n04590129/n04590129_11034.JPEG,905,window shade
train/n04591157/n04591157_310.JPEG,906,Windsor tie
train/n04591157/n04591157_3382.JPEG,906,Windsor tie
train/n04591157/n04591157_136.JPEG,906,Windsor tie
train/n04591157/n04591157_1863.JPEG,906,Windsor tie
train/n04591157/n04591157_6898.JPEG,906,Windsor tie
train/n04591157/n04591157_5503.JPEG,906,Windsor tie
train/n04591157/n04591157_2065.JPEG,906,Windsor tie
train/n04591157/n04591157_6278.JPEG,906,Windsor tie
train/n04591157/n04591157_300.JPEG,906,Windsor tie
train/n04591157/n04591157_884.JPEG,906,Windsor tie
train/n04591157/n04591157_5500.JPEG,906,Windsor tie
train/n04591157/n04591157_1818.JPEG,906,Windsor tie
train/n04591157/n04591157_6053.JPEG,906,Windsor tie
train/n04591157/n04591157_6428.JPEG,906,Windsor tie
train/n04591157/n04591157_3567.JPEG,906,Windsor tie
train/n04591157/n04591157_3734.JPEG,906,Windsor tie
train/n04591713/n04591713_5129.JPEG,907,wine bottle
train/n04591713/n04591713_6923.JPEG,907,wine bottle
train/n04591713/n04591713_7229.JPEG,907,wine bottle
train/n04591713/n04591713_7866.JPEG,907,wine bottle
train/n04591713/n04591713_2701.JPEG,907,wine bottle
train/n04591713/n04591713_1824.JPEG,907,wine bottle
train/n04591713/n04591713_1752.JPEG,907,wine bottle
train/n04591713/n04591713_2787.JPEG,907,wine bottle
train/n04591713/n04591713_5201.JPEG,907,wine bottle
train/n04591713/n04591713_727.JPEG,907,wine bottle
train/n04591713/n04591713_1691.JPEG,907,wine bottle
train/n04591713/n04591713_2848.JPEG,907,wine bottle
train/n04591713/n04591713_17197.JPEG,907,wine bottle
train/n04591713/n04591713_5095.JPEG,907,wine bottle
train/n04591713/n04591713_4315.JPEG,907,wine bottle
train/n04591713/n04591713_2538.JPEG,907,wine bottle
train/n04592741/n04592741_10061.JPEG,908,airplane wing
train/n04592741/n04592741_7500.JPEG,908,airplane wing
train/n04592741/n04592741_8198.JPEG,908,airplane wing
train/n04592741/n04592741_21635.JPEG,908,airplane wing
train/n04592741/n04592741_10686.JPEG,908,airplane wing
train/n04592741/n04592741_12568.JPEG,908,airplane wing
train/n04592741/n04592741_24297.JPEG,908,airplane wing
train/n04592741/n04592741_9573.JPEG,908,airplane wing
train/n04592741/n04592741_61614.JPEG,908,airplane wing
train/n04592741/n04592741_81787.JPEG,908,airplane wing
train/n04592741/n04592741_5329.JPEG,908,airplane wing
train/n04592741/n04592741_11130.JPEG,908,airplane wing
train/n04592741/n04592741_1868.JPEG,908,airplane wing
train/n04592741/n04592741_12240.JPEG,908,airplane wing
train/n04592741/n04592741_770.JPEG,908,airplane wing
train/n04592741/n04592741_20319.JPEG,908,airplane wing
train/n04596742/n04596742_5342.JPEG,909,wok
train/n04596742/n04596742_6558.JPEG,909,wok
train/n04596742/n04596742_25822.JPEG,909,wok
train/n04596742/n04596742_10622.JPEG,909,wok
train/n04596742/n04596742_34983.JPEG,909,wok
train/n04596742/n04596742_12694.JPEG,909,wok
train/n04596742/n04596742_3061.JPEG,909,wok
train/n04596742/n04596742_14042.JPEG,909,wok
train/n04596742/n04596742_27866.JPEG,909,wok
train/n04596742/n04596742_26764.JPEG,909,wok
train/n04596742/n04596742_21799.JPEG,909,wok
train/n04596742/n04596742_20525.JPEG,909,wok
train/n04596742/n04596742_9554.JPEG,909,wok
train/n04596742/n04596742_8221.JPEG,909,wok
train/n04596742/n04596742_4050.JPEG,909,wok
train/n04596742/n04596742_1196.JPEG,909,wok
train/n04597913/n04597913_2395.JPEG,910,wooden spoon
train/n04597913/n04597913_6024.JPEG,910,wooden spoon
train/n04597913/n04597913_1133.JPEG,910,wooden spoon
train/n04597913/n04597913_4212.JPEG,910,wooden spoon
train/n04597913/n04597913_5344.JPEG,910,wooden spoon
train/n04597913/n04597913_4841.JPEG,910,wooden spoon
train/n04597913/n04597913_2628.JPEG,910,wooden spoon
train/n04597913/n04597913_1034.JPEG,910,wooden spoon
train/n04597913/n04597913_1782.JPEG,910,wooden spoon
train/n04597913/n04597913_3815.JPEG,910,wooden spoon
train/n04597913/n04597913_5083.JPEG,910,wooden spoon
train/n04597913/n04597913_856.JPEG,910,wooden spoon
train/n04597913/n04597913_6268.JPEG,910,wooden spoon
train/n04597913/n04597913_3937.JPEG,910,wooden spoon
train/n04597913/n04597913_4357.JPEG,910,wooden spoon
train/n04597913/n04597913_10803.JPEG,910,wooden spoon
train/n04599235/n04599235_5038.JPEG,911,wool
train/n04599235/n04599235_7965.JPEG,911,wool
train/n04599235/n04599235_4686.JPEG,911,wool
train/n04599235/n04599235_11921.JPEG,911,wool
train/n04599235/n04599235_22766.JPEG,911,wool
train/n04599235/n04599235_7913.JPEG,911,wool
train/n04599235/n04599235_4505.JPEG,911,wool
train/n04599235/n04599235_53332.JPEG,911,wool
train/n04599235/n04599235_4887.JPEG,911,wool
train/n04599235/n04599235_22146.JPEG,911,wool
train/n04599235/n04599235_32788.JPEG,911,wool
train/n04599235/n04599235_14645.JPEG,911,wool
train/n04599235/n04599235_3449.JPEG,911,wool
train/n04599235/n04599235_3051.JPEG,911,wool
train/n04599235/n04599235_3587.JPEG,911,wool
train/n04599235/n04599235_5169.JPEG,911,wool
train/n04604644/n04604644_7864.JPEG,912,split-rail fence
train/n04604644/n04604644_1340.JPEG,912,split-rail fence
train/n04604644/n04604644_2504.JPEG,912,split-rail fence
train/n04604644/n04604644_14162.JPEG,912,split-rail fence
train/n04604644/n04604644_16836.JPEG,912,split-rail fence
train/n04604644/n04604644_9044.JPEG,912,split-rail fence
train/n04604644/n04604644_8025.JPEG,912,split-rail fence
train/n04604644/n04604644_8857.JPEG,912,split-rail fence
train/n04604644/n04604644_5799.JPEG,912,split-rail fence
train/n04604644/n04604644_19489.JPEG,912,split-rail fence
train/n04604644/n04604644_12748.JPEG,912,split-rail fence
train/n04604644/n04604644_6595.JPEG,912,split-rail fence
train/n04604644/n04604644_18101.JPEG,912,split-rail fence
train/n04604644/n04604644_2624.JPEG,912,split-rail fence
train/n04604644/n04604644_19841.JPEG,912,split-rail fence
train/n04604644/n04604644_51283.JPEG,912,split-rail fence
train/n04606251/n04606251_6881.JPEG,913,shipwreck
train/n04606251/n04606251_4722.JPEG,913,shipwreck
train/n04606251/n04606251_14311.JPEG,913,shipwreck
train/n04606251/n04606251_13257.JPEG,913,shipwreck
train/n04606251/n04606251_8461.JPEG,913,shipwreck
train/n04606251/n04606251_9618.JPEG,913,shipwreck
train/n04606251/n04606251_13239.JPEG,913,shipwreck
train/n04606251/n04606251_12144.JPEG,913,shipwreck
train/n04606251/n04606251_10176.JPEG,913,shipwreck
train/n04606251/n04606251_12374.JPEG,913,shipwreck
train/n04606251/n04606251_2343.JPEG,913,shipwreck
train/n04606251/n04606251_2283.JPEG,913,shipwreck
train/n04606251/n04606251_2111.JPEG,913,shipwreck
train/n04606251/n04606251_17734.JPEG,913,shipwreck
train/n04606251/n04606251_9802.JPEG,913,shipwreck
train/n04606251/n04606251_6667.JPEG,913,shipwreck
train/n04612504/n04612504_8953.JPEG,914,sailboat
train/n04612504/n04612504_28204.JPEG,914,sailboat
train/n04612504/n04612504_40843.JPEG,914,sailboat
train/n04612504/n04612504_10205.JPEG,914,sailboat
train/n04612504/n04612504_364.JPEG,914,sailboat
train/n04612504/n04612504_32093.JPEG,914,sailboat
train/n04612504/n04612504_5947.JPEG,914,sailboat
train/n04612504/n04612504_3350.JPEG,914,sailboat
train/n04612504/n04612504_3443.JPEG,914,sailboat
train/n04612504/n04612504_5300.JPEG,914,sailboat
train/n04612504/n04612504_3102.JPEG,914,sailboat
train/n04612504/n04612504_17285.JPEG,914,sailboat
train/n04612504/n04612504_7994.JPEG,914,sailboat
train/n04612504/n04612504_12178.JPEG,914,sailboat
train/n04612504/n04612504_6259.JPEG,914,sailboat
train/n04612504/n04612504_1209.JPEG,914,sailboat
train/n04613696/n04613696_6145.JPEG,915,yurt
train/n04613696/n04613696_3525.JPEG,915,yurt
train/n04613696/n04613696_1882.JPEG,915,yurt
train/n04613696/n04613696_6376.JPEG,915,yurt
train/n04613696/n04613696_6613.JPEG,915,yurt
train/n04613696/n04613696_14368.JPEG,915,yurt
train/n04613696/n04613696_7723.JPEG,915,yurt
train/n04613696/n04613696_2784.JPEG,915,yurt
train/n04613696/n04613696_3371.JPEG,915,yurt
train/n04613696/n04613696_9840.JPEG,915,yurt
train/n04613696/n04613696_11242.JPEG,915,yurt
train/n04613696/n04613696_5151.JPEG,915,yurt
train/n04613696/n04613696_5590.JPEG,915,yurt
train/n04613696/n04613696_1255.JPEG,915,yurt
train/n04613696/n04613696_5656.JPEG,915,yurt
train/n04613696/n04613696_10057.JPEG,915,yurt
train/n06359193/n06359193_20388.JPEG,916,website
train/n06359193/n06359193_81002.JPEG,916,website
train/n06359193/n06359193_17804.JPEG,916,website
train/n06359193/n06359193_27270.JPEG,916,website
train/n06359193/n06359193_28788.JPEG,916,website
train/n06359193/n06359193_43258.JPEG,916,website
train/n06359193/n06359193_43426.JPEG,916,website
train/n06359193/n06359193_11813.JPEG,916,website
train/n06359193/n06359193_23550.JPEG,916,website
train/n06359193/n06359193_47679.JPEG,916,website
train/n06359193/n06359193_41744.JPEG,916,website
train/n06359193/n06359193_8760.JPEG,916,website
train/n06359193/n06359193_23014.JPEG,916,website
train/n06359193/n06359193_101.JPEG,916,website
train/n06359193/n06359193_88996.JPEG,916,website
train/n06359193/n06359193_86659.JPEG,916,website
train/n06596364/n06596364_16979.JPEG,917,comic book
train/n06596364/n06596364_2604.JPEG,917,comic book
train/n06596364/n06596364_12574.JPEG,917,comic book
train/n06596364/n06596364_2274.JPEG,917,comic book
train/n06596364/n06596364_6352.JPEG,917,comic book
train/n06596364/n06596364_1085.JPEG,917,comic book
train/n06596364/n06596364_953.JPEG,917,comic book
train/n06596364/n06596364_15685.JPEG,917,comic book
train/n06596364/n06596364_16696.JPEG,917,comic book
train/n06596364/n06596364_278.JPEG,917,comic book
train/n06596364/n06596364_4935.JPEG,917,comic book
train/n06596364/n06596364_8141.JPEG,917,comic book
train/n06596364/n06596364_63689.JPEG,917,comic book
train/n06596364/n06596364_7888.JPEG,917,comic book
train/n06596364/n06596364_2136.JPEG,917,comic book
train/n06596364/n06596364_4877.JPEG,917,comic book
train/n06785654/n06785654_4320.JPEG,918,crossword
train/n06785654/n06785654_14329.JPEG,918,crossword
train/n06785654/n06785654_1138.JPEG,918,crossword
train/n06785654/n06785654_2040.JPEG,918,crossword
train/n06785654/n06785654_902.JPEG,918,crossword
train/n06785654/n06785654_15003.JPEG,918,crossword
train/n06785654/n06785654_4729.JPEG,918,crossword
train/n06785654/n06785654_15562.JPEG,918,crossword
train/n06785654/n06785654_7783.JPEG,918,crossword
train/n06785654/n06785654_4724.JPEG,918,crossword
train/n06785654/n06785654_1882.JPEG,918,crossword
train/n06785654/n06785654_12366.JPEG,918,crossword
train/n06785654/n06785654_8749.JPEG,918,crossword
train/n06785654/n06785654_1559.JPEG,918,crossword
train/n06785654/n06785654_27798.JPEG,918,crossword
train/n06785654/n06785654_12126.JPEG,918,crossword
train/n06794110/n06794110_3295.JPEG,919,traffic or street sign
train/n06794110/n06794110_2946.JPEG,919,traffic or street sign
train/n06794110/n06794110_830.JPEG,919,traffic or street sign
train/n06794110/n06794110_177.JPEG,919,traffic or street sign
train/n06794110/n06794110_1700.JPEG,919,traffic or street sign
train/n06794110/n06794110_2333.JPEG,919,traffic or street sign
train/n06794110/n06794110_1782.JPEG,919,traffic or street sign
train/n06794110/n06794110_386.JPEG,919,traffic or street sign
train/n06794110/n06794110_1026.JPEG,919,traffic or street sign
train/n06794110/n06794110_3107.JPEG,919,traffic or street sign
train/n06794110/n06794110_2045.JPEG,919,traffic or street sign
train/n06794110/n06794110_3224.JPEG,919,traffic or street sign
train/n06794110/n06794110_1468.JPEG,919,traffic or street sign
train/n06794110/n06794110_1403.JPEG,919,traffic or street sign
train/n06794110/n06794110_2516.JPEG,919,traffic or street sign
train/n06794110/n06794110_578.JPEG,919,traffic or street sign
train/n06874185/n06874185_25682.JPEG,920,traffic light
train/n06874185/n06874185_20692.JPEG,920,traffic light
train/n06874185/n06874185_12147.JPEG,920,traffic light
train/n06874185/n06874185_22778.JPEG,920,traffic light
train/n06874185/n06874185_697.JPEG,920,traffic light
train/n06874185/n06874185_12904.JPEG,920,traffic light
train/n06874185/n06874185_37988.JPEG,920,traffic light
train/n06874185/n06874185_13783.JPEG,920,traffic light
train/n06874185/n06874185_37228.JPEG,920,traffic light
train/n06874185/n06874185_29679.JPEG,920,traffic light
train/n06874185/n06874185_7141.JPEG,920,traffic light
train/n06874185/n06874185_8308.JPEG,920,traffic light
train/n06874185/n06874185_7650.JPEG,920,traffic light
train/n06874185/n06874185_25234.JPEG,920,traffic light
train/n06874185/n06874185_719.JPEG,920,traffic light
train/n06874185/n06874185_4017.JPEG,920,traffic light
train/n07248320/n07248320_9416.JPEG,921,dust jacket
train/n07248320/n07248320_39725.JPEG,921,dust jacket
train/n07248320/n07248320_3947.JPEG,921,dust jacket
train/n07248320/n07248320_97416.JPEG,921,dust jacket
train/n07248320/n07248320_82610.JPEG,921,dust jacket
train/n07248320/n07248320_2077.JPEG,921,dust jacket
train/n07248320/n07248320_20802.JPEG,921,dust jacket
train/n07248320/n07248320_108806.JPEG,921,dust jacket
train/n07248320/n07248320_5798.JPEG,921,dust jacket
train/n07248320/n07248320_9898.JPEG,921,dust jacket
train/n07248320/n07248320_6589.JPEG,921,dust jacket
train/n07248320/n07248320_82177.JPEG,921,dust jacket
train/n07248320/n07248320_5525.JPEG,921,dust jacket
train/n07248320/n07248320_65788.JPEG,921,dust jacket
train/n07248320/n07248320_71884.JPEG,921,dust jacket
train/n07248320/n07248320_9193.JPEG,921,dust jacket
train/n07565083/n07565083_3638.JPEG,922,menu
train/n07565083/n07565083_2900.JPEG,922,menu
train/n07565083/n07565083_6912.JPEG,922,menu
train/n07565083/n07565083_1956.JPEG,922,menu
train/n07565083/n07565083_723.JPEG,922,menu
train/n07565083/n07565083_10456.JPEG,922,menu
train/n07565083/n07565083_708.JPEG,922,menu
train/n07565083/n07565083_1094.JPEG,922,menu
train/n07565083/n07565083_9960.JPEG,922,menu
train/n07565083/n07565083_5707.JPEG,922,menu
train/n07565083/n07565083_7852.JPEG,922,menu
train/n07565083/n07565083_7543.JPEG,922,menu
train/n07565083/n07565083_7916.JPEG,922,menu
train/n07565083/n07565083_11598.JPEG,922,menu
train/n07565083/n07565083_10623.JPEG,922,menu
train/n07565083/n07565083_9610.JPEG,922,menu
train/n07579787/n07579787_18024.JPEG,923,plate
train/n07579787/n07579787_13996.JPEG,923,plate
train/n07579787/n07579787_10430.JPEG,923,plate
train/n07579787/n07579787_36572.JPEG,923,plate
train/n07579787/n07579787_8137.JPEG,923,plate
train/n07579787/n07579787_6406.JPEG,923,plate
train/n07579787/n07579787_18875.JPEG,923,plate
train/n07579787/n07579787_8149.JPEG,923,plate
train/n07579787/n07579787_2055.JPEG,923,plate
train/n07579787/n07579787_8101.JPEG,923,plate
train/n07579787/n07579787_17725.JPEG,923,plate
train/n07579787/n07579787_11649.JPEG,923,plate
train/n07579787/n07579787_2355.JPEG,923,plate
train/n07579787/n07579787_12259.JPEG,923,plate
train/n07579787/n07579787_8168.JPEG,923,plate
train/n07579787/n07579787_18790.JPEG,923,plate
train/n07583066/n07583066_8465.JPEG,924,guacamole
train/n07583066/n07583066_695.JPEG,924,guacamole
train/n07583066/n07583066_1807.JPEG,924,guacamole
train/n07583066/n07583066_3460.JPEG,924,guacamole
train/n07583066/n07583066_10193.JPEG,924,guacamole
train/n07583066/n07583066_6585.JPEG,924,guacamole
train/n07583066/n07583066_2966.JPEG,924,guacamole
train/n07583066/n07583066_9279.JPEG,924,guacamole
train/n07583066/n07583066_3059.JPEG,924,guacamole
train/n07583066/n07583066_8033.JPEG,924,guacamole
train/n07583066/n07583066_20981.JPEG,924,guacamole
train/n07583066/n07583066_1140.JPEG,924,guacamole
train/n07583066/n07583066_8840.JPEG,924,guacamole
train/n07583066/n07583066_3958.JPEG,924,guacamole
train/n07583066/n07583066_6913.JPEG,924,guacamole
train/n07583066/n07583066_3734.JPEG,924,guacamole
train/n07584110/n07584110_9405.JPEG,925,consomme
train/n07584110/n07584110_15664.JPEG,925,consomme
train/n07584110/n07584110_6130.JPEG,925,consomme
train/n07584110/n07584110_6621.JPEG,925,consomme
train/n07584110/n07584110_17628.JPEG,925,consomme
train/n07584110/n07584110_2488.JPEG,925,consomme
train/n07584110/n07584110_2581.JPEG,925,consomme
train/n07584110/n07584110_2743.JPEG,925,consomme
train/n07584110/n07584110_4118.JPEG,925,consomme
train/n07584110/n07584110_7163.JPEG,925,consomme
train/n07584110/n07584110_60.JPEG,925,consomme
train/n07584110/n07584110_9865.JPEG,925,consomme
train/n07584110/n07584110_11549.JPEG,925,consomme
train/n07584110/n07584110_21679.JPEG,925,consomme
train/n07584110/n07584110_1582.JPEG,925,consomme
train/n07584110/n07584110_10709.JPEG,925,consomme
train/n07590611/n07590611_3158.JPEG,926,hot pot
train/n07590611/n07590611_16338.JPEG,926,hot pot
train/n07590611/n07590611_7108.JPEG,926,hot pot
train/n07590611/n07590611_23486.JPEG,926,hot pot
train/n07590611/n07590611_5890.JPEG,926,hot pot
train/n07590611/n07590611_6618.JPEG,926,hot pot
train/n07590611/n07590611_1495.JPEG,926,hot pot
train/n07590611/n07590611_13127.JPEG,926,hot pot
train/n07590611/n07590611_6072.JPEG,926,hot pot
train/n07590611/n07590611_11905.JPEG,926,hot pot
train/n07590611/n07590611_18312.JPEG,926,hot pot
train/n07590611/n07590611_3666.JPEG,926,hot pot
train/n07590611/n07590611_18309.JPEG,926,hot pot
train/n07590611/n07590611_13903.JPEG,926,hot pot
train/n07590611/n07590611_2963.JPEG,926,hot pot
train/n07590611/n07590611_19407.JPEG,926,hot pot
train/n07613480/n07613480_18378.JPEG,927,trifle
train/n07613480/n07613480_7399.JPEG,927,trifle
train/n07613480/n07613480_16530.JPEG,927,trifle
train/n07613480/n07613480_1707.JPEG,927,trifle
train/n07613480/n07613480_4802.JPEG,927,trifle
train/n07613480/n07613480_22661.JPEG,927,trifle
train/n07613480/n07613480_3599.JPEG,927,trifle
train/n07613480/n07613480_8624.JPEG,927,trifle
train/n07613480/n07613480_17572.JPEG,927,trifle
train/n07613480/n07613480_13595.JPEG,927,trifle
train/n07613480/n07613480_18818.JPEG,927,trifle
train/n07613480/n07613480_18513.JPEG,927,trifle
train/n07613480/n07613480_6948.JPEG,927,trifle
train/n07613480/n07613480_24105.JPEG,927,trifle
train/n07613480/n07613480_6113.JPEG,927,trifle
train/n07613480/n07613480_19726.JPEG,927,trifle
train/n07614500/n07614500_7766.JPEG,928,ice cream
train/n07614500/n07614500_12261.JPEG,928,ice cream
train/n07614500/n07614500_14661.JPEG,928,ice cream
train/n07614500/n07614500_21240.JPEG,928,ice cream
train/n07614500/n07614500_63526.JPEG,928,ice cream
train/n07614500/n07614500_55158.JPEG,928,ice cream
train/n07614500/n07614500_91929.JPEG,928,ice cream
train/n07614500/n07614500_35151.JPEG,928,ice cream
train/n07614500/n07614500_20143.JPEG,928,ice cream
train/n07614500/n07614500_63403.JPEG,928,ice cream
train/n07614500/n07614500_27924.JPEG,928,ice cream
train/n07614500/n07614500_5532.JPEG,928,ice cream
train/n07614500/n07614500_11473.JPEG,928,ice cream
train/n07614500/n07614500_40253.JPEG,928,ice cream
train/n07614500/n07614500_63684.JPEG,928,ice cream
train/n07614500/n07614500_2746.JPEG,928,ice cream
train/n07615774/n07615774_53601.JPEG,929,popsicle
train/n07615774/n07615774_19935.JPEG,929,popsicle
train/n07615774/n07615774_19620.JPEG,929,popsicle
train/n07615774/n07615774_8336.JPEG,929,popsicle
train/n07615774/n07615774_13918.JPEG,929,popsicle
train/n07615774/n07615774_5051.JPEG,929,popsicle
train/n07615774/n07615774_5112.JPEG,929,popsicle
train/n07615774/n07615774_56194.JPEG,929,popsicle
train/n07615774/n07615774_17085.JPEG,929,popsicle
train/n07615774/n07615774_22760.JPEG,929,popsicle
train/n07615774/n07615774_32172.JPEG,929,popsicle
train/n07615774/n07615774_6272.JPEG,929,popsicle
train/n07615774/n07615774_35783.JPEG,929,popsicle
train/n07615774/n07615774_24038.JPEG,929,popsicle
train/n07615774/n07615774_19285.JPEG,929,popsicle
train/n07615774/n07615774_22236.JPEG,929,popsicle
train/n07684084/n07684084_3585.JPEG,930,baguette
train/n07684084/n07684084_2248.JPEG,930,baguette
train/n07684084/n07684084_4865.JPEG,930,baguette
train/n07684084/n07684084_7102.JPEG,930,baguette
train/n07684084/n07684084_1164.JPEG,930,baguette
train/n07684084/n07684084_277.JPEG,930,baguette
train/n07684084/n07684084_2006.JPEG,930,baguette
train/n07684084/n07684084_6455.JPEG,930,baguette
train/n07684084/n07684084_1201.JPEG,930,baguette
train/n07684084/n07684084_2727.JPEG,930,baguette
train/n07684084/n07684084_2601.JPEG,930,baguette
train/n07684084/n07684084_230.JPEG,930,baguette
train/n07684084/n07684084_3355.JPEG,930,baguette
train/n07684084/n07684084_4440.JPEG,930,baguette
train/n07684084/n07684084_1002.JPEG,930,baguette
train/n07684084/n07684084_1495.JPEG,930,baguette
train/n07693725/n07693725_12947.JPEG,931,bagel
train/n07693725/n07693725_3410.JPEG,931,bagel
train/n07693725/n07693725_1364.JPEG,931,bagel
train/n07693725/n07693725_3720.JPEG,931,bagel
train/n07693725/n07693725_19034.JPEG,931,bagel
train/n07693725/n07693725_2230.JPEG,931,bagel
train/n07693725/n07693725_11839.JPEG,931,bagel
train/n07693725/n07693725_19614.JPEG,931,bagel
train/n07693725/n07693725_5204.JPEG,931,bagel
train/n07693725/n07693725_6550.JPEG,931,bagel
train/n07693725/n07693725_3125.JPEG,931,bagel
train/n07693725/n07693725_8800.JPEG,931,bagel
train/n07693725/n07693725_24113.JPEG,931,bagel
train/n07693725/n07693725_11264.JPEG,931,bagel
train/n07693725/n07693725_4972.JPEG,931,bagel
train/n07693725/n07693725_25.JPEG,931,bagel
train/n07695742/n07695742_8800.JPEG,932,pretzel
train/n07695742/n07695742_363.JPEG,932,pretzel
train/n07695742/n07695742_8765.JPEG,932,pretzel
train/n07695742/n07695742_6230.JPEG,932,pretzel
train/n07695742/n07695742_10100.JPEG,932,pretzel
train/n07695742/n07695742_15545.JPEG,932,pretzel
train/n07695742/n07695742_3743.JPEG,932,pretzel
train/n07695742/n07695742_5301.JPEG,932,pretzel
train/n07695742/n07695742_134.JPEG,932,pretzel
train/n07695742/n07695742_13709.JPEG,932,pretzel
train/n07695742/n07695742_5848.JPEG,932,pretzel
train/n07695742/n07695742_3189.JPEG,932,pretzel
train/n07695742/n07695742_5779.JPEG,932,pretzel
train/n07695742/n07695742_1494.JPEG,932,pretzel
train/n07695742/n07695742_1928.JPEG,932,pretzel
train/n07695742/n07695742_2192.JPEG,932,pretzel
train/n07697313/n07697313_14953.JPEG,933,cheeseburger
train/n07697313/n07697313_1158.JPEG,933,cheeseburger
train/n07697313/n07697313_3238.JPEG,933,cheeseburger
train/n07697313/n07697313_326.JPEG,933,cheeseburger
train/n07697313/n07697313_3044.JPEG,933,cheeseburger
train/n07697313/n07697313_13116.JPEG,933,cheeseburger
train/n07697313/n07697313_1248.JPEG,933,cheeseburger
train/n07697313/n07697313_8828.JPEG,933,cheeseburger
train/n07697313/n07697313_13569.JPEG,933,cheeseburger
train/n07697313/n07697313_4718.JPEG,933,cheeseburger
train/n07697313/n07697313_13939.JPEG,933,cheeseburger
train/n07697313/n07697313_14290.JPEG,933,cheeseburger
train/n07697313/n07697313_1425.JPEG,933,cheeseburger
train/n07697313/n07697313_2495.JPEG,933,cheeseburger
train/n07697313/n07697313_156.JPEG,933,cheeseburger
train/n07697313/n07697313_11373.JPEG,933,cheeseburger
train/n07697537/n07697537_32168.JPEG,934,hot dog
train/n07697537/n07697537_38020.JPEG,934,hot dog
train/n07697537/n07697537_23696.JPEG,934,hot dog
train/n07697537/n07697537_20259.JPEG,934,hot dog
train/n07697537/n07697537_1454.JPEG,934,hot dog
train/n07697537/n07697537_22561.JPEG,934,hot dog
train/n07697537/n07697537_15279.JPEG,934,hot dog
train/n07697537/n07697537_21337.JPEG,934,hot dog
train/n07697537/n07697537_2918.JPEG,934,hot dog
train/n07697537/n07697537_27790.JPEG,934,hot dog
train/n07697537/n07697537_23922.JPEG,934,hot dog
train/n07697537/n07697537_9377.JPEG,934,hot dog
train/n07697537/n07697537_18460.JPEG,934,hot dog
train/n07697537/n07697537_24507.JPEG,934,hot dog
train/n07697537/n07697537_24127.JPEG,934,hot dog
train/n07697537/n07697537_31973.JPEG,934,hot dog
train/n07711569/n07711569_3529.JPEG,935,mashed potatoes
train/n07711569/n07711569_6388.JPEG,935,mashed potatoes
train/n07711569/n07711569_1136.JPEG,935,mashed potatoes
train/n07711569/n07711569_4785.JPEG,935,mashed potatoes
train/n07711569/n07711569_11407.JPEG,935,mashed potatoes
train/n07711569/n07711569_3546.JPEG,935,mashed potatoes
train/n07711569/n07711569_9172.JPEG,935,mashed potatoes
train/n07711569/n07711569_5166.JPEG,935,mashed potatoes
train/n07711569/n07711569_1793.JPEG,935,mashed potatoes
train/n07711569/n07711569_580.JPEG,935,mashed potatoes
train/n07711569/n07711569_2511.JPEG,935,mashed potatoes
train/n07711569/n07711569_1208.JPEG,935,mashed potatoes
train/n07711569/n07711569_4642.JPEG,935,mashed potatoes
train/n07711569/n07711569_3894.JPEG,935,mashed potatoes
train/n07711569/n07711569_9070.JPEG,935,mashed potatoes
train/n07711569/n07711569_3432.JPEG,935,mashed potatoes
train/n07714571/n07714571_16931.JPEG,936,cabbage
train/n07714571/n07714571_12023.JPEG,936,cabbage
train/n07714571/n07714571_14378.JPEG,936,cabbage
train/n07714571/n07714571_12646.JPEG,936,cabbage
train/n07714571/n07714571_17391.JPEG,936,cabbage
train/n07714571/n07714571_11878.JPEG,936,cabbage
train/n07714571/n07714571_9403.JPEG,936,cabbage
train/n07714571/n07714571_7838.JPEG,936,cabbage
train/n07714571/n07714571_10084.JPEG,936,cabbage
train/n07714571/n07714571_9604.JPEG,936,cabbage
train/n07714571/n07714571_3105.JPEG,936,cabbage
train/n07714571/n07714571_2325.JPEG,936,cabbage
train/n07714571/n07714571_8534.JPEG,936,cabbage
train/n07714571/n07714571_10071.JPEG,936,cabbage
train/n07714571/n07714571_8448.JPEG,936,cabbage
train/n07714571/n07714571_1905.JPEG,936,cabbage
train/n07714990/n07714990_365.JPEG,937,broccoli
train/n07714990/n07714990_15328.JPEG,937,broccoli
train/n07714990/n07714990_11257.JPEG,937,broccoli
train/n07714990/n07714990_11739.JPEG,937,broccoli
train/n07714990/n07714990_3802.JPEG,937,broccoli
train/n07714990/n07714990_5482.JPEG,937,broccoli
train/n07714990/n07714990_4607.JPEG,937,broccoli
train/n07714990/n07714990_902.JPEG,937,broccoli
train/n07714990/n07714990_6886.JPEG,937,broccoli
train/n07714990/n07714990_5212.JPEG,937,broccoli
train/n07714990/n07714990_6451.JPEG,937,broccoli
train/n07714990/n07714990_4222.JPEG,937,broccoli
train/n07714990/n07714990_1702.JPEG,937,broccoli
train/n07714990/n07714990_1433.JPEG,937,broccoli
train/n07714990/n07714990_13776.JPEG,937,broccoli
train/n07714990/n07714990_15413.JPEG,937,broccoli
train/n07715103/n07715103_72.JPEG,938,cauliflower
train/n07715103/n07715103_10073.JPEG,938,cauliflower
train/n07715103/n07715103_4391.JPEG,938,cauliflower
train/n07715103/n07715103_10136.JPEG,938,cauliflower
train/n07715103/n07715103_4950.JPEG,938,cauliflower
train/n07715103/n07715103_8204.JPEG,938,cauliflower
train/n07715103/n07715103_3519.JPEG,938,cauliflower
train/n07715103/n07715103_9839.JPEG,938,cauliflower
train/n07715103/n07715103_480.JPEG,938,cauliflower
train/n07715103/n07715103_12054.JPEG,938,cauliflower
train/n07715103/n07715103_3418.JPEG,938,cauliflower
train/n07715103/n07715103_3898.JPEG,938,cauliflower
train/n07715103/n07715103_299.JPEG,938,cauliflower
train/n07715103/n07715103_5688.JPEG,938,cauliflower
train/n07715103/n07715103_1799.JPEG,938,cauliflower
train/n07715103/n07715103_5662.JPEG,938,cauliflower
train/n07716358/n07716358_10697.JPEG,939,zucchini
train/n07716358/n07716358_13534.JPEG,939,zucchini
train/n07716358/n07716358_12586.JPEG,939,zucchini
train/n07716358/n07716358_37379.JPEG,939,zucchini
train/n07716358/n07716358_792.JPEG,939,zucchini
train/n07716358/n07716358_9042.JPEG,939,zucchini
train/n07716358/n07716358_7627.JPEG,939,zucchini
train/n07716358/n07716358_36170.JPEG,939,zucchini
train/n07716358/n07716358_23189.JPEG,939,zucchini
train/n07716358/n07716358_2013.JPEG,939,zucchini
train/n07716358/n07716358_38523.JPEG,939,zucchini
train/n07716358/n07716358_19007.JPEG,939,zucchini
train/n07716358/n07716358_552.JPEG,939,zucchini
train/n07716358/n07716358_32925.JPEG,939,zucchini
train/n07716358/n07716358_12605.JPEG,939,zucchini
train/n07716358/n07716358_41401.JPEG,939,zucchini
train/n07716906/n07716906_1880.JPEG,940,spaghetti squash
train/n07716906/n07716906_10512.JPEG,940,spaghetti squash
train/n07716906/n07716906_7086.JPEG,940,spaghetti squash
train/n07716906/n07716906_7741.JPEG,940,spaghetti squash
train/n07716906/n07716906_3205.JPEG,940,spaghetti squash
train/n07716906/n07716906_3592.JPEG,940,spaghetti squash
train/n07716906/n07716906_6791.JPEG,940,spaghetti squash
train/n07716906/n07716906_5278.JPEG,940,spaghetti squash
train/n07716906/n07716906_5951.JPEG,940,spaghetti squash
train/n07716906/n07716906_4395.JPEG,940,spaghetti squash
train/n07716906/n07716906_10370.JPEG,940,spaghetti squash
train/n07716906/n07716906_8032.JPEG,940,spaghetti squash
train/n07716906/n07716906_492.JPEG,940,spaghetti squash
train/n07716906/n07716906_12121.JPEG,940,spaghetti squash
train/n07716906/n07716906_1904.JPEG,940,spaghetti squash
train/n07716906/n07716906_2184.JPEG,940,spaghetti squash
train/n07717410/n07717410_35.JPEG,941,acorn squash
train/n07717410/n07717410_13117.JPEG,941,acorn squash
train/n07717410/n07717410_1164.JPEG,941,acorn squash
train/n07717410/n07717410_4867.JPEG,941,acorn squash
train/n07717410/n07717410_2783.JPEG,941,acorn squash
train/n07717410/n07717410_4548.JPEG,941,acorn squash
train/n07717410/n07717410_4391.JPEG,941,acorn squash
train/n07717410/n07717410_11953.JPEG,941,acorn squash
train/n07717410/n07717410_3300.JPEG,941,acorn squash
train/n07717410/n07717410_6781.JPEG,941,acorn squash
train/n07717410/n07717410_9681.JPEG,941,acorn squash
train/n07717410/n07717410_5180.JPEG,941,acorn squash
train/n07717410/n07717410_10826.JPEG,941,acorn squash
train/n07717410/n07717410_1994.JPEG,941,acorn squash
train/n07717410/n07717410_2476.JPEG,941,acorn squash
train/n07717410/n07717410_4681.JPEG,941,acorn squash
train/n07717556/n07717556_188.JPEG,942,butternut squash
train/n07717556/n07717556_8424.JPEG,942,butternut squash
train/n07717556/n07717556_9457.JPEG,942,butternut squash
train/n07717556/n07717556_9102.JPEG,942,butternut squash
train/n07717556/n07717556_156.JPEG,942,butternut squash
train/n07717556/n07717556_5184.JPEG,942,butternut squash
train/n07717556/n07717556_8419.JPEG,942,butternut squash
train/n07717556/n07717556_9713.JPEG,942,butternut squash
train/n07717556/n07717556_13550.JPEG,942,butternut squash
train/n07717556/n07717556_8988.JPEG,942,butternut squash
train/n07717556/n07717556_4579.JPEG,942,butternut squash
train/n07717556/n07717556_2127.JPEG,942,butternut squash
train/n07717556/n07717556_6409.JPEG,942,butternut squash
train/n07717556/n07717556_2626.JPEG,942,butternut squash
train/n07717556/n07717556_11523.JPEG,942,butternut squash
train/n07717556/n07717556_3175.JPEG,942,butternut squash
train/n07718472/n07718472_15229.JPEG,943,cucumber
train/n07718472/n07718472_22563.JPEG,943,cucumber
train/n07718472/n07718472_29620.JPEG,943,cucumber
train/n07718472/n07718472_8287.JPEG,943,cucumber
train/n07718472/n07718472_2578.JPEG,943,cucumber
train/n07718472/n07718472_14924.JPEG,943,cucumber
train/n07718472/n07718472_10483.JPEG,943,cucumber
train/n07718472/n07718472_12535.JPEG,943,cucumber
train/n07718472/n07718472_29088.JPEG,943,cucumber
train/n07718472/n07718472_22364.JPEG,943,cucumber
train/n07718472/n07718472_379.JPEG,943,cucumber
train/n07718472/n07718472_1751.JPEG,943,cucumber
train/n07718472/n07718472_15558.JPEG,943,cucumber
train/n07718472/n07718472_14684.JPEG,943,cucumber
train/n07718472/n07718472_16092.JPEG,943,cucumber
train/n07718472/n07718472_1187.JPEG,943,cucumber
train/n07718747/n07718747_16903.JPEG,944,artichoke
train/n07718747/n07718747_22317.JPEG,944,artichoke
train/n07718747/n07718747_19295.JPEG,944,artichoke
train/n07718747/n07718747_13444.JPEG,944,artichoke
train/n07718747/n07718747_12101.JPEG,944,artichoke
train/n07718747/n07718747_10143.JPEG,944,artichoke
train/n07718747/n07718747_25447.JPEG,944,artichoke
train/n07718747/n07718747_1830.JPEG,944,artichoke
train/n07718747/n07718747_15932.JPEG,944,artichoke
train/n07718747/n07718747_19870.JPEG,944,artichoke
train/n07718747/n07718747_18369.JPEG,944,artichoke
train/n07718747/n07718747_2455.JPEG,944,artichoke
train/n07718747/n07718747_18832.JPEG,944,artichoke
train/n07718747/n07718747_12204.JPEG,944,artichoke
train/n07718747/n07718747_7548.JPEG,944,artichoke
train/n07718747/n07718747_11437.JPEG,944,artichoke
train/n07720875/n07720875_6163.JPEG,945,bell pepper
train/n07720875/n07720875_3874.JPEG,945,bell pepper
train/n07720875/n07720875_1586.JPEG,945,bell pepper
train/n07720875/n07720875_6190.JPEG,945,bell pepper
train/n07720875/n07720875_2182.JPEG,945,bell pepper
train/n07720875/n07720875_8226.JPEG,945,bell pepper
train/n07720875/n07720875_4252.JPEG,945,bell pepper
train/n07720875/n07720875_4491.JPEG,945,bell pepper
train/n07720875/n07720875_5863.JPEG,945,bell pepper
train/n07720875/n07720875_7400.JPEG,945,bell pepper
train/n07720875/n07720875_6776.JPEG,945,bell pepper
train/n07720875/n07720875_889.JPEG,945,bell pepper
train/n07720875/n07720875_5961.JPEG,945,bell pepper
train/n07720875/n07720875_15499.JPEG,945,bell pepper
train/n07720875/n07720875_15818.JPEG,945,bell pepper
train/n07720875/n07720875_12417.JPEG,945,bell pepper
train/n07730033/n07730033_17529.JPEG,946,cardoon
train/n07730033/n07730033_1563.JPEG,946,cardoon
train/n07730033/n07730033_15014.JPEG,946,cardoon
train/n07730033/n07730033_6246.JPEG,946,cardoon
train/n07730033/n07730033_5452.JPEG,946,cardoon
train/n07730033/n07730033_723.JPEG,946,cardoon
train/n07730033/n07730033_10547.JPEG,946,cardoon
train/n07730033/n07730033_17100.JPEG,946,cardoon
train/n07730033/n07730033_3778.JPEG,946,cardoon
train/n07730033/n07730033_18035.JPEG,946,cardoon
train/n07730033/n07730033_5183.JPEG,946,cardoon
train/n07730033/n07730033_2642.JPEG,946,cardoon
train/n07730033/n07730033_17904.JPEG,946,cardoon
train/n07730033/n07730033_6353.JPEG,946,cardoon
train/n07730033/n07730033_11556.JPEG,946,cardoon
train/n07730033/n07730033_8432.JPEG,946,cardoon
train/n07734744/n07734744_4722.JPEG,947,mushroom
train/n07734744/n07734744_3764.JPEG,947,mushroom
train/n07734744/n07734744_1589.JPEG,947,mushroom
train/n07734744/n07734744_11782.JPEG,947,mushroom
train/n07734744/n07734744_4261.JPEG,947,mushroom
train/n07734744/n07734744_1858.JPEG,947,mushroom
train/n07734744/n07734744_17119.JPEG,947,mushroom
train/n07734744/n07734744_2863.JPEG,947,mushroom
train/n07734744/n07734744_9448.JPEG,947,mushroom
train/n07734744/n07734744_4003.JPEG,947,mushroom
train/n07734744/n07734744_9047.JPEG,947,mushroom
train/n07734744/n07734744_139.JPEG,947,mushroom
train/n07734744/n07734744_7627.JPEG,947,mushroom
train/n07734744/n07734744_560.JPEG,947,mushroom
train/n07734744/n07734744_14447.JPEG,947,mushroom
train/n07734744/n07734744_16329.JPEG,947,mushroom
train/n07742313/n07742313_352.JPEG,948,Granny Smith apple
train/n07742313/n07742313_10829.JPEG,948,Granny Smith apple
train/n07742313/n07742313_6501.JPEG,948,Granny Smith apple
train/n07742313/n07742313_14429.JPEG,948,Granny Smith apple
train/n07742313/n07742313_430.JPEG,948,Granny Smith apple
train/n07742313/n07742313_19259.JPEG,948,Granny Smith apple
train/n07742313/n07742313_3422.JPEG,948,Granny Smith apple
train/n07742313/n07742313_10604.JPEG,948,Granny Smith apple
train/n07742313/n07742313_20540.JPEG,948,Granny Smith apple
train/n07742313/n07742313_6542.JPEG,948,Granny Smith apple
train/n07742313/n07742313_20777.JPEG,948,Granny Smith apple
train/n07742313/n07742313_15103.JPEG,948,Granny Smith apple
train/n07742313/n07742313_1491.JPEG,948,Granny Smith apple
train/n07742313/n07742313_19194.JPEG,948,Granny Smith apple
train/n07742313/n07742313_16787.JPEG,948,Granny Smith apple
train/n07742313/n07742313_12507.JPEG,948,Granny Smith apple
train/n07745940/n07745940_20422.JPEG,949,strawberry
train/n07745940/n07745940_13122.JPEG,949,strawberry
train/n07745940/n07745940_4819.JPEG,949,strawberry
train/n07745940/n07745940_3956.JPEG,949,strawberry
train/n07745940/n07745940_12570.JPEG,949,strawberry
train/n07745940/n07745940_1077.JPEG,949,strawberry
train/n07745940/n07745940_584.JPEG,949,strawberry
train/n07745940/n07745940_7712.JPEG,949,strawberry
train/n07745940/n07745940_2045.JPEG,949,strawberry
train/n07745940/n07745940_3100.JPEG,949,strawberry
train/n07745940/n07745940_7140.JPEG,949,strawberry
train/n07745940/n07745940_21178.JPEG,949,strawberry
train/n07745940/n07745940_5486.JPEG,949,strawberry
train/n07745940/n07745940_11137.JPEG,949,strawberry
train/n07745940/n07745940_2596.JPEG,949,strawberry
train/n07745940/n07745940_4087.JPEG,949,strawberry
train/n07747607/n07747607_19729.JPEG,950,orange
train/n07747607/n07747607_14230.JPEG,950,orange
train/n07747607/n07747607_58715.JPEG,950,orange
train/n07747607/n07747607_9788.JPEG,950,orange
train/n07747607/n07747607_5260.JPEG,950,orange
train/n07747607/n07747607_28808.JPEG,950,orange
train/n07747607/n07747607_2494.JPEG,950,orange
train/n07747607/n07747607_63907.JPEG,950,orange
train/n07747607/n07747607_19625.JPEG,950,orange
train/n07747607/n07747607_12806.JPEG,950,orange
train/n07747607/n07747607_11322.JPEG,950,orange
train/n07747607/n07747607_6168.JPEG,950,orange
train/n07747607/n07747607_37387.JPEG,950,orange
train/n07747607/n07747607_1814.JPEG,950,orange
train/n07747607/n07747607_24866.JPEG,950,orange
train/n07747607/n07747607_49492.JPEG,950,orange
train/n07749582/n07749582_15009.JPEG,951,lemon
train/n07749582/n07749582_4246.JPEG,951,lemon
train/n07749582/n07749582_3047.JPEG,951,lemon
train/n07749582/n07749582_1357.JPEG,951,lemon
train/n07749582/n07749582_12801.JPEG,951,lemon
train/n07749582/n07749582_6169.JPEG,951,lemon
train/n07749582/n07749582_31404.JPEG,951,lemon
train/n07749582/n07749582_72.JPEG,951,lemon
train/n07749582/n07749582_166.JPEG,951,lemon
train/n07749582/n07749582_9980.JPEG,951,lemon
train/n07749582/n07749582_21689.JPEG,951,lemon
train/n07749582/n07749582_25219.JPEG,951,lemon
train/n07749582/n07749582_8495.JPEG,951,lemon
train/n07749582/n07749582_1226.JPEG,951,lemon
train/n07749582/n07749582_3350.JPEG,951,lemon
train/n07749582/n07749582_2010.JPEG,951,lemon
train/n07753113/n07753113_11422.JPEG,952,fig
train/n07753113/n07753113_9352.JPEG,952,fig
train/n07753113/n07753113_14906.JPEG,952,fig
train/n07753113/n07753113_1672.JPEG,952,fig
train/n07753113/n07753113_15201.JPEG,952,fig
train/n07753113/n07753113_11796.JPEG,952,fig
train/n07753113/n07753113_11911.JPEG,952,fig
train/n07753113/n07753113_31494.JPEG,952,fig
train/n07753113/n07753113_8736.JPEG,952,fig
train/n07753113/n07753113_5421.JPEG,952,fig
train/n07753113/n07753113_4829.JPEG,952,fig
train/n07753113/n07753113_2048.JPEG,952,fig
train/n07753113/n07753113_34843.JPEG,952,fig
train/n07753113/n07753113_28118.JPEG,952,fig
train/n07753113/n07753113_2806.JPEG,952,fig
train/n07753113/n07753113_15339.JPEG,952,fig
train/n07753275/n07753275_32050.JPEG,953,pineapple
train/n07753275/n07753275_4056.JPEG,953,pineapple
train/n07753275/n07753275_8116.JPEG,953,pineapple
train/n07753275/n07753275_833.JPEG,953,pineapple
train/n07753275/n07753275_12797.JPEG,953,pineapple
train/n07753275/n07753275_3691.JPEG,953,pineapple
train/n07753275/n07753275_3805.JPEG,953,pineapple
train/n07753275/n07753275_7990.JPEG,953,pineapple
train/n07753275/n07753275_9188.JPEG,953,pineapple
train/n07753275/n07753275_7256.JPEG,953,pineapple
train/n07753275/n07753275_11424.JPEG,953,pineapple
train/n07753275/n07753275_3911.JPEG,953,pineapple
train/n07753275/n07753275_19799.JPEG,953,pineapple
train/n07753275/n07753275_59966.JPEG,953,pineapple
train/n07753275/n07753275_26946.JPEG,953,pineapple
train/n07753275/n07753275_27871.JPEG,953,pineapple
train/n07753592/n07753592_6200.JPEG,954,banana
train/n07753592/n07753592_1016.JPEG,954,banana
train/n07753592/n07753592_12708.JPEG,954,banana
train/n07753592/n07753592_9078.JPEG,954,banana
train/n07753592/n07753592_2902.JPEG,954,banana
train/n07753592/n07753592_14206.JPEG,954,banana
train/n07753592/n07753592_15242.JPEG,954,banana
train/n07753592/n07753592_8378.JPEG,954,banana
train/n07753592/n07753592_10608.JPEG,954,banana
train/n07753592/n07753592_15786.JPEG,954,banana
train/n07753592/n07753592_8919.JPEG,954,banana
train/n07753592/n07753592_229.JPEG,954,banana
train/n07753592/n07753592_17356.JPEG,954,banana
train/n07753592/n07753592_9855.JPEG,954,banana
train/n07753592/n07753592_10817.JPEG,954,banana
train/n07753592/n07753592_25221.JPEG,954,banana
train/n07754684/n07754684_20383.JPEG,955,jackfruit
train/n07754684/n07754684_5028.JPEG,955,jackfruit
train/n07754684/n07754684_23131.JPEG,955,jackfruit
train/n07754684/n07754684_21532.JPEG,955,jackfruit
train/n07754684/n07754684_28338.JPEG,955,jackfruit
train/n07754684/n07754684_16169.JPEG,955,jackfruit
train/n07754684/n07754684_34880.JPEG,955,jackfruit
train/n07754684/n07754684_21616.JPEG,955,jackfruit
train/n07754684/n07754684_38294.JPEG,955,jackfruit
train/n07754684/n07754684_10574.JPEG,955,jackfruit
train/n07754684/n07754684_34623.JPEG,955,jackfruit
train/n07754684/n07754684_17942.JPEG,955,jackfruit
train/n07754684/n07754684_16487.JPEG,955,jackfruit
train/n07754684/n07754684_4559.JPEG,955,jackfruit
train/n07754684/n07754684_11786.JPEG,955,jackfruit
train/n07754684/n07754684_6227.JPEG,955,jackfruit
train/n07760859/n07760859_5462.JPEG,956,cherimoya (custard apple)
train/n07760859/n07760859_2280.JPEG,956,cherimoya (custard apple)
train/n07760859/n07760859_403.JPEG,956,cherimoya (custard apple)
train/n07760859/n07760859_1769.JPEG,956,cherimoya (custard apple)
train/n07760859/n07760859_5672.JPEG,956,cherimoya (custard apple)
train/n07760859/n07760859_2041.JPEG,956,cherimoya (custard apple)
train/n07760859/n07760859_9810.JPEG,956,cherimoya (custard apple)
train/n07760859/n07760859_2607.JPEG,956,cherimoya (custard apple)
train/n07760859/n07760859_2958.JPEG,956,cherimoya (custard apple)
train/n07760859/n07760859_619.JPEG,956,cherimoya (custard apple)
train/n07760859/n07760859_10636.JPEG,956,cherimoya (custard apple)
train/n07760859/n07760859_14668.JPEG,956,cherimoya (custard apple)
train/n07760859/n07760859_7440.JPEG,956,cherimoya (custard apple)
train/n07760859/n07760859_6807.JPEG,956,cherimoya (custard apple)
train/n07760859/n07760859_26565.JPEG,956,cherimoya (custard apple)
train/n07760859/n07760859_309.JPEG,956,cherimoya (custard apple)
train/n07768694/n07768694_22311.JPEG,957,pomegranate
train/n07768694/n07768694_3447.JPEG,957,pomegranate
train/n07768694/n07768694_26322.JPEG,957,pomegranate
train/n07768694/n07768694_30290.JPEG,957,pomegranate
train/n07768694/n07768694_5329.JPEG,957,pomegranate
train/n07768694/n07768694_8617.JPEG,957,pomegranate
train/n07768694/n07768694_524.JPEG,957,pomegranate
train/n07768694/n07768694_8371.JPEG,957,pomegranate
train/n07768694/n07768694_3801.JPEG,957,pomegranate
train/n07768694/n07768694_33034.JPEG,957,pomegranate
train/n07768694/n07768694_10560.JPEG,957,pomegranate
train/n07768694/n07768694_39144.JPEG,957,pomegranate
train/n07768694/n07768694_33711.JPEG,957,pomegranate
train/n07768694/n07768694_3656.JPEG,957,pomegranate
train/n07768694/n07768694_36549.JPEG,957,pomegranate
train/n07768694/n07768694_4102.JPEG,957,pomegranate
train/n07802026/n07802026_11366.JPEG,958,hay
train/n07802026/n07802026_6316.JPEG,958,hay
train/n07802026/n07802026_8435.JPEG,958,hay
train/n07802026/n07802026_17546.JPEG,958,hay
train/n07802026/n07802026_16294.JPEG,958,hay
train/n07802026/n07802026_20245.JPEG,958,hay
train/n07802026/n07802026_3245.JPEG,958,hay
train/n07802026/n07802026_538.JPEG,958,hay
train/n07802026/n07802026_2322.JPEG,958,hay
train/n07802026/n07802026_5843.JPEG,958,hay
train/n07802026/n07802026_10040.JPEG,958,hay
train/n07802026/n07802026_11238.JPEG,958,hay
train/n07802026/n07802026_5559.JPEG,958,hay
train/n07802026/n07802026_4060.JPEG,958,hay
train/n07802026/n07802026_34859.JPEG,958,hay
train/n07802026/n07802026_13818.JPEG,958,hay
train/n07831146/n07831146_4716.JPEG,959,carbonara
train/n07831146/n07831146_6572.JPEG,959,carbonara
train/n07831146/n07831146_2558.JPEG,959,carbonara
train/n07831146/n07831146_1849.JPEG,959,carbonara
train/n07831146/n07831146_4711.JPEG,959,carbonara
train/n07831146/n07831146_5024.JPEG,959,carbonara
train/n07831146/n07831146_1919.JPEG,959,carbonara
train/n07831146/n07831146_9074.JPEG,959,carbonara
train/n07831146/n07831146_4994.JPEG,959,carbonara
train/n07831146/n07831146_6050.JPEG,959,carbonara
train/n07831146/n07831146_5989.JPEG,959,carbonara
train/n07831146/n07831146_434.JPEG,959,carbonara
train/n07831146/n07831146_5387.JPEG,959,carbonara
train/n07831146/n07831146_2338.JPEG,959,carbonara
train/n07831146/n07831146_111.JPEG,959,carbonara
train/n07831146/n07831146_8814.JPEG,959,carbonara
train/n07836838/n07836838_8255.JPEG,960,chocolate syrup
train/n07836838/n07836838_3736.JPEG,960,chocolate syrup
train/n07836838/n07836838_4271.JPEG,960,chocolate syrup
train/n07836838/n07836838_2590.JPEG,960,chocolate syrup
train/n07836838/n07836838_10363.JPEG,960,chocolate syrup
train/n07836838/n07836838_29324.JPEG,960,chocolate syrup
train/n07836838/n07836838_12130.JPEG,960,chocolate syrup
train/n07836838/n07836838_9132.JPEG,960,chocolate syrup
train/n07836838/n07836838_10434.JPEG,960,chocolate syrup
train/n07836838/n07836838_9534.JPEG,960,chocolate syrup
train/n07836838/n07836838_5876.JPEG,960,chocolate syrup
train/n07836838/n07836838_2478.JPEG,960,chocolate syrup
train/n07836838/n07836838_12121.JPEG,960,chocolate syrup
train/n07836838/n07836838_10466.JPEG,960,chocolate syrup
train/n07836838/n07836838_4610.JPEG,960,chocolate syrup
train/n07836838/n07836838_12547.JPEG,960,chocolate syrup
train/n07860988/n07860988_38484.JPEG,961,dough
train/n07860988/n07860988_6976.JPEG,961,dough
train/n07860988/n07860988_30483.JPEG,961,dough
train/n07860988/n07860988_4487.JPEG,961,dough
train/n07860988/n07860988_388.JPEG,961,dough
train/n07860988/n07860988_3355.JPEG,961,dough
train/n07860988/n07860988_5122.JPEG,961,dough
train/n07860988/n07860988_24649.JPEG,961,dough
train/n07860988/n07860988_1402.JPEG,961,dough
train/n07860988/n07860988_15476.JPEG,961,dough
train/n07860988/n07860988_22752.JPEG,961,dough
train/n07860988/n07860988_18578.JPEG,961,dough
train/n07860988/n07860988_15423.JPEG,961,dough
train/n07860988/n07860988_26796.JPEG,961,dough
train/n07860988/n07860988_42170.JPEG,961,dough
train/n07860988/n07860988_11325.JPEG,961,dough
train/n07871810/n07871810_869.JPEG,962,meatloaf
train/n07871810/n07871810_13696.JPEG,962,meatloaf
train/n07871810/n07871810_2793.JPEG,962,meatloaf
train/n07871810/n07871810_4187.JPEG,962,meatloaf
train/n07871810/n07871810_4196.JPEG,962,meatloaf
train/n07871810/n07871810_13995.JPEG,962,meatloaf
train/n07871810/n07871810_13518.JPEG,962,meatloaf
train/n07871810/n07871810_2713.JPEG,962,meatloaf
train/n07871810/n07871810_13175.JPEG,962,meatloaf
train/n07871810/n07871810_18484.JPEG,962,meatloaf
train/n07871810/n07871810_3908.JPEG,962,meatloaf
train/n07871810/n07871810_15319.JPEG,962,meatloaf
train/n07871810/n07871810_7192.JPEG,962,meatloaf
train/n07871810/n07871810_9721.JPEG,962,meatloaf
train/n07871810/n07871810_4266.JPEG,962,meatloaf
train/n07871810/n07871810_1767.JPEG,962,meatloaf
train/n07873807/n07873807_5610.JPEG,963,pizza
train/n07873807/n07873807_12343.JPEG,963,pizza
train/n07873807/n07873807_16656.JPEG,963,pizza
train/n07873807/n07873807_15027.JPEG,963,pizza
train/n07873807/n07873807_10725.JPEG,963,pizza
train/n07873807/n07873807_8254.JPEG,963,pizza
train/n07873807/n07873807_5866.JPEG,963,pizza
train/n07873807/n07873807_5952.JPEG,963,pizza
train/n07873807/n07873807_720.JPEG,963,pizza
train/n07873807/n07873807_11233.JPEG,963,pizza
train/n07873807/n07873807_5122.JPEG,963,pizza
train/n07873807/n07873807_1839.JPEG,963,pizza
train/n07873807/n07873807_8555.JPEG,963,pizza
train/n07873807/n07873807_2335.JPEG,963,pizza
train/n07873807/n07873807_17243.JPEG,963,pizza
train/n07873807/n07873807_5422.JPEG,963,pizza
train/n07875152/n07875152_6139.JPEG,964,pot pie
train/n07875152/n07875152_4686.JPEG,964,pot pie
train/n07875152/n07875152_2006.JPEG,964,pot pie
train/n07875152/n07875152_2699.JPEG,964,pot pie
train/n07875152/n07875152_9258.JPEG,964,pot pie
train/n07875152/n07875152_4281.JPEG,964,pot pie
train/n07875152/n07875152_3524.JPEG,964,pot pie
train/n07875152/n07875152_2201.JPEG,964,pot pie
train/n07875152/n07875152_5607.JPEG,964,pot pie
train/n07875152/n07875152_9237.JPEG,964,pot pie
train/n07875152/n07875152_10450.JPEG,964,pot pie
train/n07875152/n07875152_739.JPEG,964,pot pie
train/n07875152/n07875152_260.JPEG,964,pot pie
train/n07875152/n07875152_3874.JPEG,964,pot pie
train/n07875152/n07875152_711.JPEG,964,pot pie
train/n07875152/n07875152_1838.JPEG,964,pot pie
train/n07880968/n07880968_5240.JPEG,965,burrito
train/n07880968/n07880968_1840.JPEG,965,burrito
train/n07880968/n07880968_321.JPEG,965,burrito
train/n07880968/n07880968_6480.JPEG,965,burrito
train/n07880968/n07880968_906.JPEG,965,burrito
train/n07880968/n07880968_6100.JPEG,965,burrito
train/n07880968/n07880968_2698.JPEG,965,burrito
train/n07880968/n07880968_8745.JPEG,965,burrito
train/n07880968/n07880968_2146.JPEG,965,burrito
train/n07880968/n07880968_1042.JPEG,965,burrito
train/n07880968/n07880968_6506.JPEG,965,burrito
train/n07880968/n07880968_5782.JPEG,965,burrito
train/n07880968/n07880968_5952.JPEG,965,burrito
train/n07880968/n07880968_4229.JPEG,965,burrito
train/n07880968/n07880968_1463.JPEG,965,burrito
train/n07880968/n07880968_2113.JPEG,965,burrito
train/n07892512/n07892512_15879.JPEG,966,red wine
train/n07892512/n07892512_23653.JPEG,966,red wine
train/n07892512/n07892512_16423.JPEG,966,red wine
train/n07892512/n07892512_39585.JPEG,966,red wine
train/n07892512/n07892512_13529.JPEG,966,red wine
train/n07892512/n07892512_14999.JPEG,966,red wine
train/n07892512/n07892512_17059.JPEG,966,red wine
train/n07892512/n07892512_22702.JPEG,966,red wine
train/n07892512/n07892512_3066.JPEG,966,red wine
train/n07892512/n07892512_30327.JPEG,966,red wine
train/n07892512/n07892512_14649.JPEG,966,red wine
train/n07892512/n07892512_14987.JPEG,966,red wine
train/n07892512/n07892512_2470.JPEG,966,red wine
train/n07892512/n07892512_10639.JPEG,966,red wine
train/n07892512/n07892512_19477.JPEG,966,red wine
train/n07892512/n07892512_9473.JPEG,966,red wine
train/n07920052/n07920052_9432.JPEG,967,espresso
train/n07920052/n07920052_12054.JPEG,967,espresso
train/n07920052/n07920052_33243.JPEG,967,espresso
train/n07920052/n07920052_7350.JPEG,967,espresso
train/n07920052/n07920052_184.JPEG,967,espresso
train/n07920052/n07920052_7225.JPEG,967,espresso
train/n07920052/n07920052_18491.JPEG,967,espresso
train/n07920052/n07920052_13317.JPEG,967,espresso
train/n07920052/n07920052_1920.JPEG,967,espresso
train/n07920052/n07920052_10747.JPEG,967,espresso
train/n07920052/n07920052_13677.JPEG,967,espresso
train/n07920052/n07920052_16113.JPEG,967,espresso
train/n07920052/n07920052_6174.JPEG,967,espresso
train/n07920052/n07920052_9327.JPEG,967,espresso
train/n07920052/n07920052_34987.JPEG,967,espresso
train/n07920052/n07920052_8906.JPEG,967,espresso
train/n07930864/n07930864_11199.JPEG,968,tea cup
train/n07930864/n07930864_22298.JPEG,968,tea cup
train/n07930864/n07930864_54052.JPEG,968,tea cup
train/n07930864/n07930864_3516.JPEG,968,tea cup
train/n07930864/n07930864_3854.JPEG,968,tea cup
train/n07930864/n07930864_30596.JPEG,968,tea cup
train/n07930864/n07930864_18838.JPEG,968,tea cup
train/n07930864/n07930864_34077.JPEG,968,tea cup
train/n07930864/n07930864_48158.JPEG,968,tea cup
train/n07930864/n07930864_17058.JPEG,968,tea cup
train/n07930864/n07930864_29958.JPEG,968,tea cup
train/n07930864/n07930864_3826.JPEG,968,tea cup
train/n07930864/n07930864_65955.JPEG,968,tea cup
train/n07930864/n07930864_15070.JPEG,968,tea cup
train/n07930864/n07930864_35039.JPEG,968,tea cup
train/n07930864/n07930864_9719.JPEG,968,tea cup
train/n07932039/n07932039_2191.JPEG,969,eggnog
train/n07932039/n07932039_3101.JPEG,969,eggnog
train/n07932039/n07932039_1176.JPEG,969,eggnog
train/n07932039/n07932039_6766.JPEG,969,eggnog
train/n07932039/n07932039_9715.JPEG,969,eggnog
train/n07932039/n07932039_1196.JPEG,969,eggnog
train/n07932039/n07932039_7431.JPEG,969,eggnog
train/n07932039/n07932039_1358.JPEG,969,eggnog
train/n07932039/n07932039_10142.JPEG,969,eggnog
train/n07932039/n07932039_19728.JPEG,969,eggnog
train/n07932039/n07932039_8328.JPEG,969,eggnog
train/n07932039/n07932039_6049.JPEG,969,eggnog
train/n07932039/n07932039_18226.JPEG,969,eggnog
train/n07932039/n07932039_4983.JPEG,969,eggnog
train/n07932039/n07932039_232.JPEG,969,eggnog
train/n07932039/n07932039_9242.JPEG,969,eggnog
train/n09193705/n09193705_7624.JPEG,970,mountain
train/n09193705/n09193705_29118.JPEG,970,mountain
train/n09193705/n09193705_35494.JPEG,970,mountain
train/n09193705/n09193705_16116.JPEG,970,mountain
train/n09193705/n09193705_2794.JPEG,970,mountain
train/n09193705/n09193705_58301.JPEG,970,mountain
train/n09193705/n09193705_3233.JPEG,970,mountain
train/n09193705/n09193705_27712.JPEG,970,mountain
train/n09193705/n09193705_45829.JPEG,970,mountain
train/n09193705/n09193705_64030.JPEG,970,mountain
train/n09193705/n09193705_2848.JPEG,970,mountain
train/n09193705/n09193705_47532.JPEG,970,mountain
train/n09193705/n09193705_35688.JPEG,970,mountain
train/n09193705/n09193705_14854.JPEG,970,mountain
train/n09193705/n09193705_35733.JPEG,970,mountain
train/n09193705/n09193705_4898.JPEG,970,mountain
train/n09229709/n09229709_44494.JPEG,971,bubble
train/n09229709/n09229709_630.JPEG,971,bubble
train/n09229709/n09229709_66130.JPEG,971,bubble
train/n09229709/n09229709_15198.JPEG,971,bubble
train/n09229709/n09229709_46967.JPEG,971,bubble
train/n09229709/n09229709_1633.JPEG,971,bubble
train/n09229709/n09229709_6411.JPEG,971,bubble
train/n09229709/n09229709_11134.JPEG,971,bubble
train/n09229709/n09229709_63334.JPEG,971,bubble
train/n09229709/n09229709_14074.JPEG,971,bubble
train/n09229709/n09229709_18113.JPEG,971,bubble
train/n09229709/n09229709_36615.JPEG,971,bubble
train/n09229709/n09229709_65241.JPEG,971,bubble
train/n09229709/n09229709_46502.JPEG,971,bubble
train/n09229709/n09229709_1047.JPEG,971,bubble
train/n09229709/n09229709_129554.JPEG,971,bubble
train/n09246464/n09246464_3152.JPEG,972,cliff
train/n09246464/n09246464_8448.JPEG,972,cliff
train/n09246464/n09246464_45138.JPEG,972,cliff
train/n09246464/n09246464_11802.JPEG,972,cliff
train/n09246464/n09246464_52526.JPEG,972,cliff
train/n09246464/n09246464_20192.JPEG,972,cliff
train/n09246464/n09246464_2772.JPEG,972,cliff
train/n09246464/n09246464_18277.JPEG,972,cliff
train/n09246464/n09246464_2364.JPEG,972,cliff
train/n09246464/n09246464_23207.JPEG,972,cliff
train/n09246464/n09246464_8173.JPEG,972,cliff
train/n09246464/n09246464_32368.JPEG,972,cliff
train/n09246464/n09246464_21728.JPEG,972,cliff
train/n09246464/n09246464_22100.JPEG,972,cliff
train/n09246464/n09246464_38841.JPEG,972,cliff
train/n09246464/n09246464_33204.JPEG,972,cliff
train/n09256479/n09256479_13925.JPEG,973,coral reef
train/n09256479/n09256479_7988.JPEG,973,coral reef
train/n09256479/n09256479_10033.JPEG,973,coral reef
train/n09256479/n09256479_9929.JPEG,973,coral reef
train/n09256479/n09256479_5637.JPEG,973,coral reef
train/n09256479/n09256479_1355.JPEG,973,coral reef
train/n09256479/n09256479_4900.JPEG,973,coral reef
train/n09256479/n09256479_8959.JPEG,973,coral reef
train/n09256479/n09256479_10625.JPEG,973,coral reef
train/n09256479/n09256479_12467.JPEG,973,coral reef
train/n09256479/n09256479_20678.JPEG,973,coral reef
train/n09256479/n09256479_18637.JPEG,973,coral reef
train/n09256479/n09256479_9055.JPEG,973,coral reef
train/n09256479/n09256479_9820.JPEG,973,coral reef
train/n09256479/n09256479_3147.JPEG,973,coral reef
train/n09256479/n09256479_5828.JPEG,973,coral reef
train/n09288635/n09288635_25424.JPEG,974,geyser
train/n09288635/n09288635_2783.JPEG,974,geyser
train/n09288635/n09288635_1504.JPEG,974,geyser
train/n09288635/n09288635_13512.JPEG,974,geyser
train/n09288635/n09288635_12640.JPEG,974,geyser
train/n09288635/n09288635_29577.JPEG,974,geyser
train/n09288635/n09288635_9839.JPEG,974,geyser
train/n09288635/n09288635_9458.JPEG,974,geyser
train/n09288635/n09288635_8931.JPEG,974,geyser
train/n09288635/n09288635_13044.JPEG,974,geyser
train/n09288635/n09288635_1246.JPEG,974,geyser
train/n09288635/n09288635_3469.JPEG,974,geyser
train/n09288635/n09288635_24295.JPEG,974,geyser
train/n09288635/n09288635_25041.JPEG,974,geyser
train/n09288635/n09288635_2839.JPEG,974,geyser
train/n09288635/n09288635_12937.JPEG,974,geyser
train/n09332890/n09332890_22575.JPEG,975,lakeshore
train/n09332890/n09332890_44961.JPEG,975,lakeshore
train/n09332890/n09332890_17769.JPEG,975,lakeshore
train/n09332890/n09332890_1538.JPEG,975,lakeshore
train/n09332890/n09332890_28105.JPEG,975,lakeshore
train/n09332890/n09332890_4330.JPEG,975,lakeshore
train/n09332890/n09332890_22123.JPEG,975,lakeshore
train/n09332890/n09332890_30851.JPEG,975,lakeshore
train/n09332890/n09332890_49531.JPEG,975,lakeshore
train/n09332890/n09332890_20634.JPEG,975,lakeshore
train/n09332890/n09332890_32482.JPEG,975,lakeshore
train/n09332890/n09332890_11845.JPEG,975,lakeshore
train/n09332890/n09332890_8111.JPEG,975,lakeshore
train/n09332890/n09332890_16454.JPEG,975,lakeshore
train/n09332890/n09332890_31287.JPEG,975,lakeshore
train/n09332890/n09332890_27349.JPEG,975,lakeshore
train/n09399592/n09399592_20711.JPEG,976,promontory
train/n09399592/n09399592_61232.JPEG,976,promontory
train/n09399592/n09399592_31299.JPEG,976,promontory
train/n09399592/n09399592_45190.JPEG,976,promontory
train/n09399592/n09399592_753.JPEG,976,promontory
train/n09399592/n09399592_14857.JPEG,976,promontory
train/n09399592/n09399592_101176.JPEG,976,promontory
train/n09399592/n09399592_9823.JPEG,976,promontory
train/n09399592/n09399592_60660.JPEG,976,promontory
train/n09399592/n09399592_54121.JPEG,976,promontory
train/n09399592/n09399592_7781.JPEG,976,promontory
train/n09399592/n09399592_86844.JPEG,976,promontory
train/n09399592/n09399592_10440.JPEG,976,promontory
train/n09399592/n09399592_44403.JPEG,976,promontory
train/n09399592/n09399592_56070.JPEG,976,promontory
train/n09399592/n09399592_2038.JPEG,976,promontory
train/n09421951/n09421951_4549.JPEG,977,sandbar
train/n09421951/n09421951_7322.JPEG,977,sandbar
train/n09421951/n09421951_14200.JPEG,977,sandbar
train/n09421951/n09421951_10110.JPEG,977,sandbar
train/n09421951/n09421951_11606.JPEG,977,sandbar
train/n09421951/n09421951_18147.JPEG,977,sandbar
train/n09421951/n09421951_501.JPEG,977,sandbar
train/n09421951/n09421951_10170.JPEG,977,sandbar
train/n09421951/n09421951_625.JPEG,977,sandbar
train/n09421951/n09421951_12946.JPEG,977,sandbar
train/n09421951/n09421951_10649.JPEG,977,sandbar
train/n09421951/n09421951_10974.JPEG,977,sandbar
train/n09421951/n09421951_1008.JPEG,977,sandbar
train/n09421951/n09421951_12976.JPEG,977,sandbar
train/n09421951/n09421951_17913.JPEG,977,sandbar
train/n09421951/n09421951_11403.JPEG,977,sandbar
train/n09428293/n09428293_17119.JPEG,978,beach
train/n09428293/n09428293_22219.JPEG,978,beach
train/n09428293/n09428293_53098.JPEG,978,beach
train/n09428293/n09428293_39509.JPEG,978,beach
train/n09428293/n09428293_38992.JPEG,978,beach
train/n09428293/n09428293_33344.JPEG,978,beach
train/n09428293/n09428293_38788.JPEG,978,beach
train/n09428293/n09428293_38528.JPEG,978,beach
train/n09428293/n09428293_34881.JPEG,978,beach
train/n09428293/n09428293_26580.JPEG,978,beach
train/n09428293/n09428293_34668.JPEG,978,beach
train/n09428293/n09428293_34164.JPEG,978,beach
train/n09428293/n09428293_31902.JPEG,978,beach
train/n09428293/n09428293_42935.JPEG,978,beach
train/n09428293/n09428293_544.JPEG,978,beach
train/n09428293/n09428293_34948.JPEG,978,beach
train/n09468604/n09468604_14867.JPEG,979,valley
train/n09468604/n09468604_13605.JPEG,979,valley
train/n09468604/n09468604_27741.JPEG,979,valley
train/n09468604/n09468604_34451.JPEG,979,valley
train/n09468604/n09468604_44394.JPEG,979,valley
train/n09468604/n09468604_11578.JPEG,979,valley
train/n09468604/n09468604_5539.JPEG,979,valley
train/n09468604/n09468604_59155.JPEG,979,valley
train/n09468604/n09468604_8030.JPEG,979,valley
train/n09468604/n09468604_13053.JPEG,979,valley
train/n09468604/n09468604_56968.JPEG,979,valley
train/n09468604/n09468604_75021.JPEG,979,valley
train/n09468604/n09468604_12643.JPEG,979,valley
train/n09468604/n09468604_6836.JPEG,979,valley
train/n09468604/n09468604_75319.JPEG,979,valley
train/n09468604/n09468604_45204.JPEG,979,valley
train/n09472597/n09472597_51953.JPEG,980,volcano
train/n09472597/n09472597_6286.JPEG,980,volcano
train/n09472597/n09472597_15109.JPEG,980,volcano
train/n09472597/n09472597_25818.JPEG,980,volcano
train/n09472597/n09472597_30408.JPEG,980,volcano
train/n09472597/n09472597_34930.JPEG,980,volcano
train/n09472597/n09472597_54843.JPEG,980,volcano
train/n09472597/n09472597_27755.JPEG,980,volcano
train/n09472597/n09472597_29254.JPEG,980,volcano
train/n09472597/n09472597_4157.JPEG,980,volcano
train/n09472597/n09472597_19997.JPEG,980,volcano
train/n09472597/n09472597_2472.JPEG,980,volcano
train/n09472597/n09472597_7057.JPEG,980,volcano
train/n09472597/n09472597_2855.JPEG,980,volcano
train/n09472597/n09472597_28431.JPEG,980,volcano
train/n09472597/n09472597_2523.JPEG,980,volcano
train/n09835506/n09835506_26599.JPEG,981,baseball player
train/n09835506/n09835506_9871.JPEG,981,baseball player
train/n09835506/n09835506_22090.JPEG,981,baseball player
train/n09835506/n09835506_11007.JPEG,981,baseball player
train/n09835506/n09835506_16043.JPEG,981,baseball player
train/n09835506/n09835506_24453.JPEG,981,baseball player
train/n09835506/n09835506_13488.JPEG,981,baseball player
train/n09835506/n09835506_10302.JPEG,981,baseball player
train/n09835506/n09835506_13463.JPEG,981,baseball player
train/n09835506/n09835506_978.JPEG,981,baseball player
train/n09835506/n09835506_10648.JPEG,981,baseball player
train/n09835506/n09835506_14258.JPEG,981,baseball player
train/n09835506/n09835506_13403.JPEG,981,baseball player
train/n09835506/n09835506_3758.JPEG,981,baseball player
train/n09835506/n09835506_26101.JPEG,981,baseball player
train/n09835506/n09835506_12423.JPEG,981,baseball player
train/n10148035/n10148035_29441.JPEG,982,bridegroom
train/n10148035/n10148035_18486.JPEG,982,bridegroom
train/n10148035/n10148035_25075.JPEG,982,bridegroom
train/n10148035/n10148035_17860.JPEG,982,bridegroom
train/n10148035/n10148035_31258.JPEG,982,bridegroom
train/n10148035/n10148035_18214.JPEG,982,bridegroom
train/n10148035/n10148035_13061.JPEG,982,bridegroom
train/n10148035/n10148035_30135.JPEG,982,bridegroom
train/n10148035/n10148035_24428.JPEG,982,bridegroom
train/n10148035/n10148035_19999.JPEG,982,bridegroom
train/n10148035/n10148035_25240.JPEG,982,bridegroom
train/n10148035/n10148035_14906.JPEG,982,bridegroom
train/n10148035/n10148035_28359.JPEG,982,bridegroom
train/n10148035/n10148035_19127.JPEG,982,bridegroom
train/n10148035/n10148035_14117.JPEG,982,bridegroom
train/n10148035/n10148035_3629.JPEG,982,bridegroom
train/n10565667/n10565667_5492.JPEG,983,scuba diver
train/n10565667/n10565667_1275.JPEG,983,scuba diver
train/n10565667/n10565667_9534.JPEG,983,scuba diver
train/n10565667/n10565667_9788.JPEG,983,scuba diver
train/n10565667/n10565667_13109.JPEG,983,scuba diver
train/n10565667/n10565667_11654.JPEG,983,scuba diver
train/n10565667/n10565667_11566.JPEG,983,scuba diver
train/n10565667/n10565667_4853.JPEG,983,scuba diver
train/n10565667/n10565667_1208.JPEG,983,scuba diver
train/n10565667/n10565667_4994.JPEG,983,scuba diver
train/n10565667/n10565667_7352.JPEG,983,scuba diver
train/n10565667/n10565667_18477.JPEG,983,scuba diver
train/n10565667/n10565667_3189.JPEG,983,scuba diver
train/n10565667/n10565667_5820.JPEG,983,scuba diver
train/n10565667/n10565667_16683.JPEG,983,scuba diver
train/n10565667/n10565667_9629.JPEG,983,scuba diver
train/n11879895/n11879895_10970.JPEG,984,rapeseed
train/n11879895/n11879895_3850.JPEG,984,rapeseed
train/n11879895/n11879895_3234.JPEG,984,rapeseed
train/n11879895/n11879895_730.JPEG,984,rapeseed
train/n11879895/n11879895_2660.JPEG,984,rapeseed
train/n11879895/n11879895_6597.JPEG,984,rapeseed
train/n11879895/n11879895_6477.JPEG,984,rapeseed
train/n11879895/n11879895_7178.JPEG,984,rapeseed
train/n11879895/n11879895_5357.JPEG,984,rapeseed
train/n11879895/n11879895_8496.JPEG,984,rapeseed
train/n11879895/n11879895_7982.JPEG,984,rapeseed
train/n11879895/n11879895_5962.JPEG,984,rapeseed
train/n11879895/n11879895_7696.JPEG,984,rapeseed
train/n11879895/n11879895_9090.JPEG,984,rapeseed
train/n11879895/n11879895_4871.JPEG,984,rapeseed
train/n11879895/n11879895_3686.JPEG,984,rapeseed
train/n11939491/n11939491_7749.JPEG,985,daisy
train/n11939491/n11939491_48376.JPEG,985,daisy
train/n11939491/n11939491_57054.JPEG,985,daisy
train/n11939491/n11939491_25281.JPEG,985,daisy
train/n11939491/n11939491_24294.JPEG,985,daisy
train/n11939491/n11939491_6582.JPEG,985,daisy
train/n11939491/n11939491_21912.JPEG,985,daisy
train/n11939491/n11939491_47010.JPEG,985,daisy
train/n11939491/n11939491_22932.JPEG,985,daisy
train/n11939491/n11939491_50651.JPEG,985,daisy
train/n11939491/n11939491_53499.JPEG,985,daisy
train/n11939491/n11939491_26295.JPEG,985,daisy
train/n11939491/n11939491_16455.JPEG,985,daisy
train/n11939491/n11939491_23032.JPEG,985,daisy
train/n11939491/n11939491_16074.JPEG,985,daisy
train/n11939491/n11939491_8713.JPEG,985,daisy
train/n12057211/n12057211_4388.JPEG,986,yellow lady's slipper
train/n12057211/n12057211_7178.JPEG,986,yellow lady's slipper
train/n12057211/n12057211_5034.JPEG,986,yellow lady's slipper
train/n12057211/n12057211_5852.JPEG,986,yellow lady's slipper
train/n12057211/n12057211_8520.JPEG,986,yellow lady's slipper
train/n12057211/n12057211_6139.JPEG,986,yellow lady's slipper
train/n12057211/n12057211_3245.JPEG,986,yellow lady's slipper
train/n12057211/n12057211_5344.JPEG,986,yellow lady's slipper
train/n12057211/n12057211_7281.JPEG,986,yellow lady's slipper
train/n12057211/n12057211_7250.JPEG,986,yellow lady's slipper
train/n12057211/n12057211_2276.JPEG,986,yellow lady's slipper
train/n12057211/n12057211_6608.JPEG,986,yellow lady's slipper
train/n12057211/n12057211_875.JPEG,986,yellow lady's slipper
train/n12057211/n12057211_997.JPEG,986,yellow lady's slipper
train/n12057211/n12057211_3843.JPEG,986,yellow lady's slipper
train/n12057211/n12057211_5815.JPEG,986,yellow lady's slipper
train/n12144580/n12144580_5265.JPEG,987,corn
train/n12144580/n12144580_45773.JPEG,987,corn
train/n12144580/n12144580_453.JPEG,987,corn
train/n12144580/n12144580_3820.JPEG,987,corn
train/n12144580/n12144580_9983.JPEG,987,corn
train/n12144580/n12144580_9168.JPEG,987,corn
train/n12144580/n12144580_637.JPEG,987,corn
train/n12144580/n12144580_4069.JPEG,987,corn
train/n12144580/n12144580_9956.JPEG,987,corn
train/n12144580/n12144580_16960.JPEG,987,corn
train/n12144580/n12144580_9066.JPEG,987,corn
train/n12144580/n12144580_1887.JPEG,987,corn
train/n12144580/n12144580_12561.JPEG,987,corn
train/n12144580/n12144580_9999.JPEG,987,corn
train/n12144580/n12144580_14559.JPEG,987,corn
train/n12144580/n12144580_18356.JPEG,987,corn
train/n12267677/n12267677_21224.JPEG,988,acorn
train/n12267677/n12267677_5194.JPEG,988,acorn
train/n12267677/n12267677_24558.JPEG,988,acorn
train/n12267677/n12267677_140.JPEG,988,acorn
train/n12267677/n12267677_6233.JPEG,988,acorn
train/n12267677/n12267677_4485.JPEG,988,acorn
train/n12267677/n12267677_13098.JPEG,988,acorn
train/n12267677/n12267677_7086.JPEG,988,acorn
train/n12267677/n12267677_36277.JPEG,988,acorn
train/n12267677/n12267677_33577.JPEG,988,acorn
train/n12267677/n12267677_25781.JPEG,988,acorn
train/n12267677/n12267677_12992.JPEG,988,acorn
train/n12267677/n12267677_7197.JPEG,988,acorn
train/n12267677/n12267677_25451.JPEG,988,acorn
train/n12267677/n12267677_6955.JPEG,988,acorn
train/n12267677/n12267677_28789.JPEG,988,acorn
train/n12620546/n12620546_28301.JPEG,989,rose hip
train/n12620546/n12620546_29960.JPEG,989,rose hip
train/n12620546/n12620546_61390.JPEG,989,rose hip
train/n12620546/n12620546_63134.JPEG,989,rose hip
train/n12620546/n12620546_11970.JPEG,989,rose hip
train/n12620546/n12620546_23594.JPEG,989,rose hip
train/n12620546/n12620546_44189.JPEG,989,rose hip
train/n12620546/n12620546_38470.JPEG,989,rose hip
train/n12620546/n12620546_19485.JPEG,989,rose hip
train/n12620546/n12620546_33963.JPEG,989,rose hip
train/n12620546/n12620546_7288.JPEG,989,rose hip
train/n12620546/n12620546_58973.JPEG,989,rose hip
train/n12620546/n12620546_45187.JPEG,989,rose hip
train/n12620546/n12620546_5910.JPEG,989,rose hip
train/n12620546/n12620546_3468.JPEG,989,rose hip
train/n12620546/n12620546_58142.JPEG,989,rose hip
train/n12768682/n12768682_18605.JPEG,990,horse chestnut seed
train/n12768682/n12768682_23027.JPEG,990,horse chestnut seed
train/n12768682/n12768682_20365.JPEG,990,horse chestnut seed
train/n12768682/n12768682_3413.JPEG,990,horse chestnut seed
train/n12768682/n12768682_6744.JPEG,990,horse chestnut seed
train/n12768682/n12768682_14943.JPEG,990,horse chestnut seed
train/n12768682/n12768682_13214.JPEG,990,horse chestnut seed
train/n12768682/n12768682_13235.JPEG,990,horse chestnut seed
train/n12768682/n12768682_15268.JPEG,990,horse chestnut seed
train/n12768682/n12768682_10029.JPEG,990,horse chestnut seed
train/n12768682/n12768682_6926.JPEG,990,horse chestnut seed
train/n12768682/n12768682_22641.JPEG,990,horse chestnut seed
train/n12768682/n12768682_33802.JPEG,990,horse chestnut seed
train/n12768682/n12768682_45535.JPEG,990,horse chestnut seed
train/n12768682/n12768682_16615.JPEG,990,horse chestnut seed
train/n12768682/n12768682_20162.JPEG,990,horse chestnut seed
train/n12985857/n12985857_5561.JPEG,991,coral fungus
train/n12985857/n12985857_3447.JPEG,991,coral fungus
train/n12985857/n12985857_629.JPEG,991,coral fungus
train/n12985857/n12985857_7369.JPEG,991,coral fungus
train/n12985857/n12985857_10346.JPEG,991,coral fungus
train/n12985857/n12985857_776.JPEG,991,coral fungus
train/n12985857/n12985857_4514.JPEG,991,coral fungus
train/n12985857/n12985857_2634.JPEG,991,coral fungus
train/n12985857/n12985857_3175.JPEG,991,coral fungus
train/n12985857/n12985857_4195.JPEG,991,coral fungus
train/n12985857/n12985857_3606.JPEG,991,coral fungus
train/n12985857/n12985857_9207.JPEG,991,coral fungus
train/n12985857/n12985857_4308.JPEG,991,coral fungus
train/n12985857/n12985857_7374.JPEG,991,coral fungus
train/n12985857/n12985857_1864.JPEG,991,coral fungus
train/n12985857/n12985857_1530.JPEG,991,coral fungus
train/n12998815/n12998815_21500.JPEG,992,agaric
train/n12998815/n12998815_9216.JPEG,992,agaric
train/n12998815/n12998815_7871.JPEG,992,agaric
train/n12998815/n12998815_7869.JPEG,992,agaric
train/n12998815/n12998815_3818.JPEG,992,agaric
train/n12998815/n12998815_6964.JPEG,992,agaric
train/n12998815/n12998815_6466.JPEG,992,agaric
train/n12998815/n12998815_9917.JPEG,992,agaric
train/n12998815/n12998815_11877.JPEG,992,agaric
train/n12998815/n12998815_11633.JPEG,992,agaric
train/n12998815/n12998815_3162.JPEG,992,agaric
train/n12998815/n12998815_16970.JPEG,992,agaric
train/n12998815/n12998815_17931.JPEG,992,agaric
train/n12998815/n12998815_6743.JPEG,992,agaric
train/n12998815/n12998815_20392.JPEG,992,agaric
train/n12998815/n12998815_12787.JPEG,992,agaric
train/n13037406/n13037406_3280.JPEG,993,gyromitra
train/n13037406/n13037406_2688.JPEG,993,gyromitra
train/n13037406/n13037406_3277.JPEG,993,gyromitra
train/n13037406/n13037406_2948.JPEG,993,gyromitra
train/n13037406/n13037406_2768.JPEG,993,gyromitra
train/n13037406/n13037406_3828.JPEG,993,gyromitra
train/n13037406/n13037406_5703.JPEG,993,gyromitra
train/n13037406/n13037406_8249.JPEG,993,gyromitra
train/n13037406/n13037406_9136.JPEG,993,gyromitra
train/n13037406/n13037406_5543.JPEG,993,gyromitra
train/n13037406/n13037406_628.JPEG,993,gyromitra
train/n13037406/n13037406_346.JPEG,993,gyromitra
train/n13037406/n13037406_5453.JPEG,993,gyromitra
train/n13037406/n13037406_7946.JPEG,993,gyromitra
train/n13037406/n13037406_5525.JPEG,993,gyromitra
train/n13037406/n13037406_5592.JPEG,993,gyromitra
train/n13040303/n13040303_2674.JPEG,994,stinkhorn mushroom
train/n13040303/n13040303_4575.JPEG,994,stinkhorn mushroom
train/n13040303/n13040303_5584.JPEG,994,stinkhorn mushroom
train/n13040303/n13040303_5092.JPEG,994,stinkhorn mushroom
train/n13040303/n13040303_741.JPEG,994,stinkhorn mushroom
train/n13040303/n13040303_3392.JPEG,994,stinkhorn mushroom
train/n13040303/n13040303_11050.JPEG,994,stinkhorn mushroom
train/n13040303/n13040303_2939.JPEG,994,stinkhorn mushroom
train/n13040303/n13040303_9822.JPEG,994,stinkhorn mushroom
train/n13040303/n13040303_2664.JPEG,994,stinkhorn mushroom
train/n13040303/n13040303_2033.JPEG,994,stinkhorn mushroom
train/n13040303/n13040303_5566.JPEG,994,stinkhorn mushroom
train/n13040303/n13040303_3491.JPEG,994,stinkhorn mushroom
train/n13040303/n13040303_5240.JPEG,994,stinkhorn mushroom
train/n13040303/n13040303_2290.JPEG,994,stinkhorn mushroom
train/n13040303/n13040303_5447.JPEG,994,stinkhorn mushroom
train/n13044778/n13044778_7617.JPEG,995,earth star fungus
train/n13044778/n13044778_8701.JPEG,995,earth star fungus
train/n13044778/n13044778_2323.JPEG,995,earth star fungus
train/n13044778/n13044778_8461.JPEG,995,earth star fungus
train/n13044778/n13044778_10821.JPEG,995,earth star fungus
train/n13044778/n13044778_416.JPEG,995,earth star fungus
train/n13044778/n13044778_7821.JPEG,995,earth star fungus
train/n13044778/n13044778_7779.JPEG,995,earth star fungus
train/n13044778/n13044778_5603.JPEG,995,earth star fungus
train/n13044778/n13044778_1924.JPEG,995,earth star fungus
train/n13044778/n13044778_709.JPEG,995,earth star fungus
train/n13044778/n13044778_4139.JPEG,995,earth star fungus
train/n13044778/n13044778_9432.JPEG,995,earth star fungus
train/n13044778/n13044778_3422.JPEG,995,earth star fungus
train/n13044778/n13044778_12574.JPEG,995,earth star fungus
train/n13044778/n13044778_4269.JPEG,995,earth star fungus
train/n13052670/n13052670_11180.JPEG,996,hen of the woods mushroom
train/n13052670/n13052670_7200.JPEG,996,hen of the woods mushroom
train/n13052670/n13052670_4932.JPEG,996,hen of the woods mushroom
train/n13052670/n13052670_1966.JPEG,996,hen of the woods mushroom
train/n13052670/n13052670_1062.JPEG,996,hen of the woods mushroom
train/n13052670/n13052670_8532.JPEG,996,hen of the woods mushroom
train/n13052670/n13052670_1255.JPEG,996,hen of the woods mushroom
train/n13052670/n13052670_1410.JPEG,996,hen of the woods mushroom
train/n13052670/n13052670_2957.JPEG,996,hen of the woods mushroom
train/n13052670/n13052670_2114.JPEG,996,hen of the woods mushroom
train/n13052670/n13052670_2660.JPEG,996,hen of the woods mushroom
train/n13052670/n13052670_215.JPEG,996,hen of the woods mushroom
train/n13052670/n13052670_691.JPEG,996,hen of the woods mushroom
train/n13052670/n13052670_3477.JPEG,996,hen of the woods mushroom
train/n13052670/n13052670_4039.JPEG,996,hen of the woods mushroom
train/n13052670/n13052670_11729.JPEG,996,hen of the woods mushroom
train/n13054560/n13054560_1682.JPEG,997,bolete
train/n13054560/n13054560_1134.JPEG,997,bolete
train/n13054560/n13054560_13687.JPEG,997,bolete
train/n13054560/n13054560_10611.JPEG,997,bolete
train/n13054560/n13054560_8300.JPEG,997,bolete
train/n13054560/n13054560_1196.JPEG,997,bolete
train/n13054560/n13054560_9134.JPEG,997,bolete
train/n13054560/n13054560_8659.JPEG,997,bolete
train/n13054560/n13054560_13215.JPEG,997,bolete
train/n13054560/n13054560_12324.JPEG,997,bolete
train/n13054560/n13054560_2746.JPEG,997,bolete
train/n13054560/n13054560_2860.JPEG,997,bolete
train/n13054560/n13054560_10157.JPEG,997,bolete
train/n13054560/n13054560_1220.JPEG,997,bolete
train/n13054560/n13054560_2281.JPEG,997,bolete
train/n13054560/n13054560_5162.JPEG,997,bolete
train/n13133613/n13133613_7608.JPEG,998,corn cob
train/n13133613/n13133613_20194.JPEG,998,corn cob
train/n13133613/n13133613_24108.JPEG,998,corn cob
train/n13133613/n13133613_36128.JPEG,998,corn cob
train/n13133613/n13133613_21762.JPEG,998,corn cob
train/n13133613/n13133613_2849.JPEG,998,corn cob
train/n13133613/n13133613_1704.JPEG,998,corn cob
train/n13133613/n13133613_53157.JPEG,998,corn cob
train/n13133613/n13133613_18371.JPEG,998,corn cob
train/n13133613/n13133613_20358.JPEG,998,corn cob
train/n13133613/n13133613_70014.JPEG,998,corn cob
train/n13133613/n13133613_19662.JPEG,998,corn cob
train/n13133613/n13133613_21526.JPEG,998,corn cob
train/n13133613/n13133613_59372.JPEG,998,corn cob
train/n13133613/n13133613_6571.JPEG,998,corn cob
train/n13133613/n13133613_236.JPEG,998,corn cob
train/n15075141/n15075141_2129.JPEG,999,toilet paper
train/n15075141/n15075141_20613.JPEG,999,toilet paper
train/n15075141/n15075141_12875.JPEG,999,toilet paper
train/n15075141/n15075141_37217.JPEG,999,toilet paper
train/n15075141/n15075141_45532.JPEG,999,toilet paper
train/n15075141/n15075141_42622.JPEG,999,toilet paper
train/n15075141/n15075141_13376.JPEG,999,toilet paper
train/n15075141/n15075141_12753.JPEG,999,toilet paper
train/n15075141/n15075141_27981.JPEG,999,toilet paper
train/n15075141/n15075141_51413.JPEG,999,toilet paper
train/n15075141/n15075141_22687.JPEG,999,toilet paper
train/n15075141/n15075141_2853.JPEG,999,toilet paper
train/n15075141/n15075141_2275.JPEG,999,toilet paper
train/n15075141/n15075141_19017.JPEG,999,toilet paper
train/n15075141/n15075141_47594.JPEG,999,toilet paper
train/n15075141/n15075141_11269.JPEG,999,toilet paper
