path,label,classname
train/n01440764/n01440764_10183.JPEG,0,tench
train/n01440764/n01440764_8249.JPEG,0,tench
train/n01440764/n01440764_13183.JPEG,0,tench
train/n01440764/n01440764_2751.JPEG,0,tench
train/n01440764/n01440764_12689.JPEG,0,tench
train/n01440764/n01440764_7428.JPEG,0,tench
train/n01440764/n01440764_2001.JPEG,0,tench
train/n01440764/n01440764_10029.JPEG,0,tench
train/n01440764/n01440764_6843.JPEG,0,tench
train/n01440764/n01440764_12289.JPEG,0,tench
train/n01440764/n01440764_3308.JPEG,0,tench
train/n01440764/n01440764_11734.JPEG,0,tench
train/n01440764/n01440764_5295.JPEG,0,tench
train/n01440764/n01440764_7774.JPEG,0,tench
train/n01440764/n01440764_3281.JPEG,0,tench
train/n01440764/n01440764_5481.JPEG,0,tench
train/n01443537/n01443537_23656.JPEG,1,goldfish
train/n01443537/n01443537_21162.JPEG,1,goldfish
train/n01443537/n01443537_6426.JPEG,1,goldfish
train/n01443537/n01443537_7295.JPEG,1,goldfish
train/n01443537/n01443537_13674.JPEG,1,goldfish
train/n01443537/n01443537_11018.JPEG,1,goldfish
train/n01443537/n01443537_13771.JPEG,1,goldfish
train/n01443537/n01443537_18837.JPEG,1,goldfish
train/n01443537/n01443537_5280.JPEG,1,goldfish
train/n01443537/n01443537_13194.JPEG,1,goldfish
train/n01443537/n01443537_6428.JPEG,1,goldfish
train/n01443537/n01443537_2195.JPEG,1,goldfish
train/n01443537/n01443537_4079.JPEG,1,goldfish
train/n01443537/n01443537_7346.JPEG,1,goldfish
train/n01443537/n01443537_13623.JPEG,1,goldfish
train/n01443537/n01443537_2312.JPEG,1,goldfish
train/n01484850/n01484850_6778.JPEG,2,great white shark
train/n01484850/n01484850_24997.JPEG,2,great white shark
train/n01484850/n01484850_4965.JPEG,2,great white shark
train/n01484850/n01484850_18595.JPEG,2,great white shark
train/n01484850/n01484850_146.JPEG,2,great white shark
train/n01484850/n01484850_3944.JPEG,2,great white shark
train/n01484850/n01484850_6696.JPEG,2,great white shark
train/n01484850/n01484850_7950.JPEG,2,great white shark
train/n01484850/n01484850_419.JPEG,2,great white shark
train/n01484850/n01484850_7526.JPEG,2,great white shark
train/n01484850/n01484850_14771.JPEG,2,great white shark
train/n01484850/n01484850_25461.JPEG,2,great white shark
train/n01484850/n01484850_9071.JPEG,2,great white shark
train/n01484850/n01484850_1619.JPEG,2,great white shark
train/n01484850/n01484850_8744.JPEG,2,great white shark
train/n01484850/n01484850_22035.JPEG,2,great white shark
train/n01491361/n01491361_11087.JPEG,3,tiger shark
train/n01491361/n01491361_11108.JPEG,3,tiger shark
train/n01491361/n01491361_3299.JPEG,3,tiger shark
train/n01491361/n01491361_7701.JPEG,3,tiger shark
train/n01491361/n01491361_8156.JPEG,3,tiger shark
train/n01491361/n01491361_3745.JPEG,3,tiger shark
train/n01491361/n01491361_392.JPEG,3,tiger shark
train/n01491361/n01491361_4586.JPEG,3,tiger shark
train/n01491361/n01491361_9652.JPEG,3,tiger shark
train/n01491361/n01491361_7909.JPEG,3,tiger shark
train/n01491361/n01491361_1000.JPEG,3,tiger shark
train/n01491361/n01491361_4491.JPEG,3,tiger shark
train/n01491361/n01491361_262.JPEG,3,tiger shark
train/n01491361/n01491361_3697.JPEG,3,tiger shark
train/n01491361/n01491361_5245.JPEG,3,tiger shark
train/n01491361/n01491361_3501.JPEG,3,tiger shark
train/n01494475/n01494475_13907.JPEG,4,hammerhead shark
train/n01494475/n01494475_2118.JPEG,4,hammerhead shark
train/n01494475/n01494475_8849.JPEG,4,hammerhead shark
train/n01494475/n01494475_4420.JPEG,4,hammerhead shark
train/n01494475/n01494475_10397.JPEG,4,hammerhead shark
train/n01494475/n01494475_7856.JPEG,4,hammerhead shark
train/n01494475/n01494475_7831.JPEG,4,hammerhead shark
train/n01494475/n01494475_8246.JPEG,4,hammerhead shark
train/n01494475/n01494475_7838.JPEG,4,hammerhead shark
train/n01494475/n01494475_1590.JPEG,4,hammerhead shark
train/n01494475/n01494475_4192.JPEG,4,hammerhead shark
train/n01494475/n01494475_16768.JPEG,4,hammerhead shark
train/n01494475/n01494475_1600.JPEG,4,hammerhead shark
train/n01494475/n01494475_11420.JPEG,4,hammerhead shark
train/n01494475/n01494475_26640.JPEG,4,hammerhead shark
train/n01494475/n01494475_1384.JPEG,4,hammerhead shark
train/n01496331/n01496331_33488.JPEG,5,electric ray
train/n01496331/n01496331_2543.JPEG,5,electric ray
train/n01496331/n01496331_26084.JPEG,5,electric ray
train/n01496331/n01496331_27447.JPEG,5,electric ray
train/n01496331/n01496331_15534.JPEG,5,electric ray
train/n01496331/n01496331_6511.JPEG,5,electric ray
train/n01496331/n01496331_28667.JPEG,5,electric ray
train/n01496331/n01496331_12037.JPEG,5,electric ray
train/n01496331/n01496331_35223.JPEG,5,electric ray
train/n01496331/n01496331_12901.JPEG,5,electric ray
train/n01496331/n01496331_14940.JPEG,5,electric ray
train/n01496331/n01496331_11721.JPEG,5,electric ray
train/n01496331/n01496331_19901.JPEG,5,electric ray
train/n01496331/n01496331_2038.JPEG,5,electric ray
train/n01496331/n01496331_19233.JPEG,5,electric ray
train/n01496331/n01496331_18035.JPEG,5,electric ray
train/n01498041/n01498041_11049.JPEG,6,stingray
train/n01498041/n01498041_12077.JPEG,6,stingray
train/n01498041/n01498041_6780.JPEG,6,stingray
train/n01498041/n01498041_7093.JPEG,6,stingray
train/n01498041/n01498041_12309.JPEG,6,stingray
train/n01498041/n01498041_5654.JPEG,6,stingray
train/n01498041/n01498041_6928.JPEG,6,stingray
train/n01498041/n01498041_9241.JPEG,6,stingray
train/n01498041/n01498041_14427.JPEG,6,stingray
train/n01498041/n01498041_11678.JPEG,6,stingray
train/n01498041/n01498041_205.JPEG,6,stingray
train/n01498041/n01498041_1205.JPEG,6,stingray
train/n01498041/n01498041_21899.JPEG,6,stingray
train/n01498041/n01498041_1958.JPEG,6,stingray
train/n01498041/n01498041_82.JPEG,6,stingray
train/n01498041/n01498041_6557.JPEG,6,stingray
train/n01514668/n01514668_14306.JPEG,7,rooster
train/n01514668/n01514668_2331.JPEG,7,rooster
train/n01514668/n01514668_7638.JPEG,7,rooster
train/n01514668/n01514668_20845.JPEG,7,rooster
train/n01514668/n01514668_893.JPEG,7,rooster
train/n01514668/n01514668_15691.JPEG,7,rooster
train/n01514668/n01514668_3379.JPEG,7,rooster
train/n01514668/n01514668_5607.JPEG,7,rooster
train/n01514668/n01514668_16221.JPEG,7,rooster
train/n01514668/n01514668_21838.JPEG,7,rooster
train/n01514668/n01514668_13084.JPEG,7,rooster
train/n01514668/n01514668_19771.JPEG,7,rooster
train/n01514668/n01514668_33960.JPEG,7,rooster
train/n01514668/n01514668_6491.JPEG,7,rooster
train/n01514668/n01514668_23069.JPEG,7,rooster
train/n01514668/n01514668_20317.JPEG,7,rooster
train/n01514859/n01514859_2515.JPEG,8,hen
train/n01514859/n01514859_5430.JPEG,8,hen
train/n01514859/n01514859_5178.JPEG,8,hen
train/n01514859/n01514859_10596.JPEG,8,hen
train/n01514859/n01514859_6056.JPEG,8,hen
train/n01514859/n01514859_5686.JPEG,8,hen
train/n01514859/n01514859_5186.JPEG,8,hen
train/n01514859/n01514859_10898.JPEG,8,hen
train/n01514859/n01514859_5572.JPEG,8,hen
train/n01514859/n01514859_10348.JPEG,8,hen
train/n01514859/n01514859_10790.JPEG,8,hen
train/n01514859/n01514859_12477.JPEG,8,hen
train/n01514859/n01514859_2337.JPEG,8,hen
train/n01514859/n01514859_10021.JPEG,8,hen
train/n01514859/n01514859_12281.JPEG,8,hen
train/n01514859/n01514859_11013.JPEG,8,hen
train/n01518878/n01518878_8242.JPEG,9,ostrich
train/n01518878/n01518878_1785.JPEG,9,ostrich
train/n01518878/n01518878_12587.JPEG,9,ostrich
train/n01518878/n01518878_3281.JPEG,9,ostrich
train/n01518878/n01518878_36362.JPEG,9,ostrich
train/n01518878/n01518878_6277.JPEG,9,ostrich
train/n01518878/n01518878_1780.JPEG,9,ostrich
train/n01518878/n01518878_3941.JPEG,9,ostrich
train/n01518878/n01518878_4453.JPEG,9,ostrich
train/n01518878/n01518878_10878.JPEG,9,ostrich
train/n01518878/n01518878_2934.JPEG,9,ostrich
train/n01518878/n01518878_22825.JPEG,9,ostrich
train/n01518878/n01518878_10151.JPEG,9,ostrich
train/n01518878/n01518878_681.JPEG,9,ostrich
train/n01518878/n01518878_5638.JPEG,9,ostrich
train/n01518878/n01518878_3617.JPEG,9,ostrich
train/n01530575/n01530575_37651.JPEG,10,brambling
train/n01530575/n01530575_2685.JPEG,10,brambling
train/n01530575/n01530575_9305.JPEG,10,brambling
train/n01530575/n01530575_7401.JPEG,10,brambling
train/n01530575/n01530575_1122.JPEG,10,brambling
train/n01530575/n01530575_4720.JPEG,10,brambling
train/n01530575/n01530575_3111.JPEG,10,brambling
train/n01530575/n01530575_10553.JPEG,10,brambling
train/n01530575/n01530575_36636.JPEG,10,brambling
train/n01530575/n01530575_5845.JPEG,10,brambling
train/n01530575/n01530575_5434.JPEG,10,brambling
train/n01530575/n01530575_8980.JPEG,10,brambling
train/n01530575/n01530575_10217.JPEG,10,brambling
train/n01530575/n01530575_3042.JPEG,10,brambling
train/n01530575/n01530575_5976.JPEG,10,brambling
train/n01530575/n01530575_1290.JPEG,10,brambling
train/n01531178/n01531178_5970.JPEG,11,goldfinch
train/n01531178/n01531178_52649.JPEG,11,goldfinch
train/n01531178/n01531178_25661.JPEG,11,goldfinch
train/n01531178/n01531178_33011.JPEG,11,goldfinch
train/n01531178/n01531178_3406.JPEG,11,goldfinch
train/n01531178/n01531178_5041.JPEG,11,goldfinch
train/n01531178/n01531178_7244.JPEG,11,goldfinch
train/n01531178/n01531178_3199.JPEG,11,goldfinch
train/n01531178/n01531178_57080.JPEG,11,goldfinch
train/n01531178/n01531178_16544.JPEG,11,goldfinch
train/n01531178/n01531178_7349.JPEG,11,goldfinch
train/n01531178/n01531178_15799.JPEG,11,goldfinch
train/n01531178/n01531178_9864.JPEG,11,goldfinch
train/n01531178/n01531178_4324.JPEG,11,goldfinch
train/n01531178/n01531178_13223.JPEG,11,goldfinch
train/n01531178/n01531178_22795.JPEG,11,goldfinch
train/n01532829/n01532829_464.JPEG,12,house finch
train/n01532829/n01532829_666.JPEG,12,house finch
train/n01532829/n01532829_16515.JPEG,12,house finch
train/n01532829/n01532829_21166.JPEG,12,house finch
train/n01532829/n01532829_2837.JPEG,12,house finch
train/n01532829/n01532829_9331.JPEG,12,house finch
train/n01532829/n01532829_2769.JPEG,12,house finch
train/n01532829/n01532829_11111.JPEG,12,house finch
train/n01532829/n01532829_9648.JPEG,12,house finch
train/n01532829/n01532829_4695.JPEG,12,house finch
train/n01532829/n01532829_3597.JPEG,12,house finch
train/n01532829/n01532829_33290.JPEG,12,house finch
train/n01532829/n01532829_1210.JPEG,12,house finch
train/n01532829/n01532829_47.JPEG,12,house finch
train/n01532829/n01532829_34741.JPEG,12,house finch
train/n01532829/n01532829_15293.JPEG,12,house finch
train/n01534433/n01534433_3529.JPEG,13,junco
train/n01534433/n01534433_9446.JPEG,13,junco
train/n01534433/n01534433_16606.JPEG,13,junco
train/n01534433/n01534433_13597.JPEG,13,junco
train/n01534433/n01534433_8376.JPEG,13,junco
train/n01534433/n01534433_8348.JPEG,13,junco
train/n01534433/n01534433_24160.JPEG,13,junco
train/n01534433/n01534433_821.JPEG,13,junco
train/n01534433/n01534433_287.JPEG,13,junco
train/n01534433/n01534433_8006.JPEG,13,junco
train/n01534433/n01534433_9613.JPEG,13,junco
train/n01534433/n01534433_11110.JPEG,13,junco
train/n01534433/n01534433_16026.JPEG,13,junco
train/n01534433/n01534433_13900.JPEG,13,junco
train/n01534433/n01534433_1.JPEG,13,junco
train/n01534433/n01534433_7948.JPEG,13,junco
train/n01537544/n01537544_24791.JPEG,14,indigo bunting
train/n01537544/n01537544_98.JPEG,14,indigo bunting
train/n01537544/n01537544_16215.JPEG,14,indigo bunting
train/n01537544/n01537544_13061.JPEG,14,indigo bunting
train/n01537544/n01537544_9538.JPEG,14,indigo bunting
train/n01537544/n01537544_24004.JPEG,14,indigo bunting
train/n01537544/n01537544_4431.JPEG,14,indigo bunting
train/n01537544/n01537544_9138.JPEG,14,indigo bunting
train/n01537544/n01537544_7027.JPEG,14,indigo bunting
train/n01537544/n01537544_20490.JPEG,14,indigo bunting
train/n01537544/n01537544_9801.JPEG,14,indigo bunting
train/n01537544/n01537544_1412.JPEG,14,indigo bunting
train/n01537544/n01537544_12315.JPEG,14,indigo bunting
train/n01537544/n01537544_17866.JPEG,14,indigo bunting
train/n01537544/n01537544_2345.JPEG,14,indigo bunting
train/n01537544/n01537544_9887.JPEG,14,indigo bunting
train/n01558993/n01558993_38999.JPEG,15,American robin
train/n01558993/n01558993_69.JPEG,15,American robin
train/n01558993/n01558993_3942.JPEG,15,American robin
train/n01558993/n01558993_4649.JPEG,15,American robin
train/n01558993/n01558993_12968.JPEG,15,American robin
train/n01558993/n01558993_13390.JPEG,15,American robin
train/n01558993/n01558993_2562.JPEG,15,American robin
train/n01558993/n01558993_3362.JPEG,15,American robin
train/n01558993/n01558993_14061.JPEG,15,American robin
train/n01558993/n01558993_8600.JPEG,15,American robin
train/n01558993/n01558993_7804.JPEG,15,American robin
train/n01558993/n01558993_14000.JPEG,15,American robin
train/n01558993/n01558993_34828.JPEG,15,American robin
train/n01558993/n01558993_1629.JPEG,15,American robin
train/n01558993/n01558993_2694.JPEG,15,American robin
train/n01558993/n01558993_6410.JPEG,15,American robin
train/n01560419/n01560419_5759.JPEG,16,bulbul
train/n01560419/n01560419_18978.JPEG,16,bulbul
train/n01560419/n01560419_17113.JPEG,16,bulbul
train/n01560419/n01560419_1684.JPEG,16,bulbul
train/n01560419/n01560419_6283.JPEG,16,bulbul
train/n01560419/n01560419_2519.JPEG,16,bulbul
train/n01560419/n01560419_70.JPEG,16,bulbul
train/n01560419/n01560419_8705.JPEG,16,bulbul
train/n01560419/n01560419_318.JPEG,16,bulbul
train/n01560419/n01560419_15315.JPEG,16,bulbul
train/n01560419/n01560419_4360.JPEG,16,bulbul
train/n01560419/n01560419_5877.JPEG,16,bulbul
train/n01560419/n01560419_4961.JPEG,16,bulbul
train/n01560419/n01560419_16484.JPEG,16,bulbul
train/n01560419/n01560419_3251.JPEG,16,bulbul
train/n01560419/n01560419_5.JPEG,16,bulbul
train/n01580077/n01580077_539.JPEG,17,jay
train/n01580077/n01580077_28454.JPEG,17,jay
train/n01580077/n01580077_10569.JPEG,17,jay
train/n01580077/n01580077_4008.JPEG,17,jay
train/n01580077/n01580077_6270.JPEG,17,jay
train/n01580077/n01580077_5110.JPEG,17,jay
train/n01580077/n01580077_7933.JPEG,17,jay
train/n01580077/n01580077_4970.JPEG,17,jay
train/n01580077/n01580077_17849.JPEG,17,jay
train/n01580077/n01580077_3537.JPEG,17,jay
train/n01580077/n01580077_11102.JPEG,17,jay
train/n01580077/n01580077_1305.JPEG,17,jay
train/n01580077/n01580077_15310.JPEG,17,jay
train/n01580077/n01580077_710.JPEG,17,jay
train/n01580077/n01580077_3610.JPEG,17,jay
train/n01580077/n01580077_3347.JPEG,17,jay
train/n01582220/n01582220_6253.JPEG,18,magpie
train/n01582220/n01582220_5409.JPEG,18,magpie
train/n01582220/n01582220_201.JPEG,18,magpie
train/n01582220/n01582220_6523.JPEG,18,magpie
train/n01582220/n01582220_1416.JPEG,18,magpie
train/n01582220/n01582220_7310.JPEG,18,magpie
train/n01582220/n01582220_4186.JPEG,18,magpie
train/n01582220/n01582220_471.JPEG,18,magpie
train/n01582220/n01582220_34111.JPEG,18,magpie
train/n01582220/n01582220_6851.JPEG,18,magpie
train/n01582220/n01582220_2964.JPEG,18,magpie
train/n01582220/n01582220_4950.JPEG,18,magpie
train/n01582220/n01582220_25743.JPEG,18,magpie
train/n01582220/n01582220_220.JPEG,18,magpie
train/n01582220/n01582220_6473.JPEG,18,magpie
train/n01582220/n01582220_6869.JPEG,18,magpie
train/n01592084/n01592084_853.JPEG,19,chickadee
train/n01592084/n01592084_24.JPEG,19,chickadee
train/n01592084/n01592084_8574.JPEG,19,chickadee
train/n01592084/n01592084_272.JPEG,19,chickadee
train/n01592084/n01592084_9596.JPEG,19,chickadee
train/n01592084/n01592084_6242.JPEG,19,chickadee
train/n01592084/n01592084_3991.JPEG,19,chickadee
train/n01592084/n01592084_2297.JPEG,19,chickadee
train/n01592084/n01592084_4310.JPEG,19,chickadee
train/n01592084/n01592084_8916.JPEG,19,chickadee
train/n01592084/n01592084_2856.JPEG,19,chickadee
train/n01592084/n01592084_8870.JPEG,19,chickadee
train/n01592084/n01592084_5119.JPEG,19,chickadee
train/n01592084/n01592084_6453.JPEG,19,chickadee
train/n01592084/n01592084_2928.JPEG,19,chickadee
train/n01592084/n01592084_2125.JPEG,19,chickadee
train/n01601694/n01601694_7659.JPEG,20,American dipper
train/n01601694/n01601694_22240.JPEG,20,American dipper
train/n01601694/n01601694_174.JPEG,20,American dipper
train/n01601694/n01601694_17085.JPEG,20,American dipper
train/n01601694/n01601694_11795.JPEG,20,American dipper
train/n01601694/n01601694_18507.JPEG,20,American dipper
train/n01601694/n01601694_20687.JPEG,20,American dipper
train/n01601694/n01601694_6337.JPEG,20,American dipper
train/n01601694/n01601694_6135.JPEG,20,American dipper
train/n01601694/n01601694_12677.JPEG,20,American dipper
train/n01601694/n01601694_11396.JPEG,20,American dipper
train/n01601694/n01601694_7740.JPEG,20,American dipper
train/n01601694/n01601694_18639.JPEG,20,American dipper
train/n01601694/n01601694_22994.JPEG,20,American dipper
train/n01601694/n01601694_9057.JPEG,20,American dipper
train/n01601694/n01601694_4547.JPEG,20,American dipper
train/n01608432/n01608432_12717.JPEG,21,kite (bird of prey)
train/n01608432/n01608432_5522.JPEG,21,kite (bird of prey)
train/n01608432/n01608432_20390.JPEG,21,kite (bird of prey)
train/n01608432/n01608432_13987.JPEG,21,kite (bird of prey)
train/n01608432/n01608432_13734.JPEG,21,kite (bird of prey)
train/n01608432/n01608432_5617.JPEG,21,kite (bird of prey)
train/n01608432/n01608432_16865.JPEG,21,kite (bird of prey)
train/n01608432/n01608432_12288.JPEG,21,kite (bird of prey)
train/n01608432/n01608432_922.JPEG,21,kite (bird of prey)
train/n01608432/n01608432_16791.JPEG,21,kite (bird of prey)
train/n01608432/n01608432_2845.JPEG,21,kite (bird of prey)
train/n01608432/n01608432_10777.JPEG,21,kite (bird of prey)
train/n01608432/n01608432_9362.JPEG,21,kite (bird of prey)
train/n01608432/n01608432_12965.JPEG,21,kite (bird of prey)
train/n01608432/n01608432_11955.JPEG,21,kite (bird of prey)
train/n01608432/n01608432_4949.JPEG,21,kite (bird of prey)
train/n01614925/n01614925_8073.JPEG,22,bald eagle
train/n01614925/n01614925_3620.JPEG,22,bald eagle
train/n01614925/n01614925_11012.JPEG,22,bald eagle
train/n01614925/n01614925_2418.JPEG,22,bald eagle
train/n01614925/n01614925_38275.JPEG,22,bald eagle
train/n01614925/n01614925_42493.JPEG,22,bald eagle
train/n01614925/n01614925_4757.JPEG,22,bald eagle
train/n01614925/n01614925_18844.JPEG,22,bald eagle
train/n01614925/n01614925_14771.JPEG,22,bald eagle
train/n01614925/n01614925_1385.JPEG,22,bald eagle
train/n01614925/n01614925_13377.JPEG,22,bald eagle
train/n01614925/n01614925_2897.JPEG,22,bald eagle
train/n01614925/n01614925_253.JPEG,22,bald eagle
train/n01614925/n01614925_2446.JPEG,22,bald eagle
train/n01614925/n01614925_2660.JPEG,22,bald eagle
train/n01614925/n01614925_4204.JPEG,22,bald eagle
train/n01616318/n01616318_2709.JPEG,23,vulture
train/n01616318/n01616318_3933.JPEG,23,vulture
train/n01616318/n01616318_41965.JPEG,23,vulture
train/n01616318/n01616318_1211.JPEG,23,vulture
train/n01616318/n01616318_10096.JPEG,23,vulture
train/n01616318/n01616318_1493.JPEG,23,vulture
train/n01616318/n01616318_2796.JPEG,23,vulture
train/n01616318/n01616318_2384.JPEG,23,vulture
train/n01616318/n01616318_1752.JPEG,23,vulture
train/n01616318/n01616318_6656.JPEG,23,vulture
train/n01616318/n01616318_7047.JPEG,23,vulture
train/n01616318/n01616318_3519.JPEG,23,vulture
train/n01616318/n01616318_6927.JPEG,23,vulture
train/n01616318/n01616318_2470.JPEG,23,vulture
train/n01616318/n01616318_11755.JPEG,23,vulture
train/n01616318/n01616318_719.JPEG,23,vulture
train/n01622779/n01622779_5083.JPEG,24,great grey owl
train/n01622779/n01622779_5204.JPEG,24,great grey owl
train/n01622779/n01622779_6015.JPEG,24,great grey owl
train/n01622779/n01622779_9688.JPEG,24,great grey owl
train/n01622779/n01622779_19555.JPEG,24,great grey owl
train/n01622779/n01622779_1689.JPEG,24,great grey owl
train/n01622779/n01622779_432.JPEG,24,great grey owl
train/n01622779/n01622779_5476.JPEG,24,great grey owl
train/n01622779/n01622779_16878.JPEG,24,great grey owl
train/n01622779/n01622779_3064.JPEG,24,great grey owl
train/n01622779/n01622779_6352.JPEG,24,great grey owl
train/n01622779/n01622779_1885.JPEG,24,great grey owl
train/n01622779/n01622779_4527.JPEG,24,great grey owl
train/n01622779/n01622779_6703.JPEG,24,great grey owl
train/n01622779/n01622779_17022.JPEG,24,great grey owl
train/n01622779/n01622779_3447.JPEG,24,great grey owl
train/n01629819/n01629819_13196.JPEG,25,fire salamander
train/n01629819/n01629819_11990.JPEG,25,fire salamander
train/n01629819/n01629819_10354.JPEG,25,fire salamander
train/n01629819/n01629819_3334.JPEG,25,fire salamander
train/n01629819/n01629819_17366.JPEG,25,fire salamander
train/n01629819/n01629819_5884.JPEG,25,fire salamander
train/n01629819/n01629819_16485.JPEG,25,fire salamander
train/n01629819/n01629819_8883.JPEG,25,fire salamander
train/n01629819/n01629819_9256.JPEG,25,fire salamander
train/n01629819/n01629819_6108.JPEG,25,fire salamander
train/n01629819/n01629819_8074.JPEG,25,fire salamander
train/n01629819/n01629819_10766.JPEG,25,fire salamander
train/n01629819/n01629819_17436.JPEG,25,fire salamander
train/n01629819/n01629819_30142.JPEG,25,fire salamander
train/n01629819/n01629819_6579.JPEG,25,fire salamander
train/n01629819/n01629819_5100.JPEG,25,fire salamander
train/n01630670/n01630670_3600.JPEG,26,smooth newt
train/n01630670/n01630670_6943.JPEG,26,smooth newt
train/n01630670/n01630670_6179.JPEG,26,smooth newt
train/n01630670/n01630670_4602.JPEG,26,smooth newt
train/n01630670/n01630670_1170.JPEG,26,smooth newt
train/n01630670/n01630670_4531.JPEG,26,smooth newt
train/n01630670/n01630670_8459.JPEG,26,smooth newt
train/n01630670/n01630670_8510.JPEG,26,smooth newt
train/n01630670/n01630670_9215.JPEG,26,smooth newt
train/n01630670/n01630670_4445.JPEG,26,smooth newt
train/n01630670/n01630670_507.JPEG,26,smooth newt
train/n01630670/n01630670_4552.JPEG,26,smooth newt
train/n01630670/n01630670_168.JPEG,26,smooth newt
train/n01630670/n01630670_2638.JPEG,26,smooth newt
train/n01630670/n01630670_6182.JPEG,26,smooth newt
train/n01630670/n01630670_4793.JPEG,26,smooth newt
train/n01631663/n01631663_11759.JPEG,27,newt
train/n01631663/n01631663_1260.JPEG,27,newt
train/n01631663/n01631663_3069.JPEG,27,newt
train/n01631663/n01631663_2397.JPEG,27,newt
train/n01631663/n01631663_18215.JPEG,27,newt
train/n01631663/n01631663_1105.JPEG,27,newt
train/n01631663/n01631663_4588.JPEG,27,newt
train/n01631663/n01631663_6700.JPEG,27,newt
train/n01631663/n01631663_12757.JPEG,27,newt
train/n01631663/n01631663_6315.JPEG,27,newt
train/n01631663/n01631663_5639.JPEG,27,newt
train/n01631663/n01631663_18211.JPEG,27,newt
train/n01631663/n01631663_20426.JPEG,27,newt
train/n01631663/n01631663_8208.JPEG,27,newt
train/n01631663/n01631663_8298.JPEG,27,newt
train/n01631663/n01631663_7520.JPEG,27,newt
train/n01632458/n01632458_11091.JPEG,28,spotted salamander
train/n01632458/n01632458_3029.JPEG,28,spotted salamander
train/n01632458/n01632458_5587.JPEG,28,spotted salamander
train/n01632458/n01632458_10361.JPEG,28,spotted salamander
train/n01632458/n01632458_3497.JPEG,28,spotted salamander
train/n01632458/n01632458_3920.JPEG,28,spotted salamander
train/n01632458/n01632458_10223.JPEG,28,spotted salamander
train/n01632458/n01632458_1642.JPEG,28,spotted salamander
train/n01632458/n01632458_5658.JPEG,28,spotted salamander
train/n01632458/n01632458_318.JPEG,28,spotted salamander
train/n01632458/n01632458_516.JPEG,28,spotted salamander
train/n01632458/n01632458_4729.JPEG,28,spotted salamander
train/n01632458/n01632458_1560.JPEG,28,spotted salamander
train/n01632458/n01632458_2613.JPEG,28,spotted salamander
train/n01632458/n01632458_10285.JPEG,28,spotted salamander
train/n01632458/n01632458_4645.JPEG,28,spotted salamander
train/n01632777/n01632777_8799.JPEG,29,axolotl
train/n01632777/n01632777_1883.JPEG,29,axolotl
train/n01632777/n01632777_16940.JPEG,29,axolotl
train/n01632777/n01632777_22999.JPEG,29,axolotl
train/n01632777/n01632777_3164.JPEG,29,axolotl
train/n01632777/n01632777_5208.JPEG,29,axolotl
train/n01632777/n01632777_6037.JPEG,29,axolotl
train/n01632777/n01632777_9373.JPEG,29,axolotl
train/n01632777/n01632777_18723.JPEG,29,axolotl
train/n01632777/n01632777_17784.JPEG,29,axolotl
train/n01632777/n01632777_14782.JPEG,29,axolotl
train/n01632777/n01632777_1798.JPEG,29,axolotl
train/n01632777/n01632777_14777.JPEG,29,axolotl
train/n01632777/n01632777_13820.JPEG,29,axolotl
train/n01632777/n01632777_9107.JPEG,29,axolotl
train/n01632777/n01632777_25980.JPEG,29,axolotl
train/n01641577/n01641577_813.JPEG,30,American bullfrog
train/n01641577/n01641577_14389.JPEG,30,American bullfrog
train/n01641577/n01641577_4310.JPEG,30,American bullfrog
train/n01641577/n01641577_5569.JPEG,30,American bullfrog
train/n01641577/n01641577_1280.JPEG,30,American bullfrog
train/n01641577/n01641577_14873.JPEG,30,American bullfrog
train/n01641577/n01641577_3625.JPEG,30,American bullfrog
train/n01641577/n01641577_22057.JPEG,30,American bullfrog
train/n01641577/n01641577_13944.JPEG,30,American bullfrog
train/n01641577/n01641577_247.JPEG,30,American bullfrog
train/n01641577/n01641577_10395.JPEG,30,American bullfrog
train/n01641577/n01641577_3793.JPEG,30,American bullfrog
train/n01641577/n01641577_15543.JPEG,30,American bullfrog
train/n01641577/n01641577_8217.JPEG,30,American bullfrog
train/n01641577/n01641577_10486.JPEG,30,American bullfrog
train/n01641577/n01641577_22203.JPEG,30,American bullfrog
train/n01644373/n01644373_998.JPEG,31,tree frog
train/n01644373/n01644373_851.JPEG,31,tree frog
train/n01644373/n01644373_13736.JPEG,31,tree frog
train/n01644373/n01644373_16696.JPEG,31,tree frog
train/n01644373/n01644373_6786.JPEG,31,tree frog
train/n01644373/n01644373_10282.JPEG,31,tree frog
train/n01644373/n01644373_2836.JPEG,31,tree frog
train/n01644373/n01644373_3381.JPEG,31,tree frog
train/n01644373/n01644373_5035.JPEG,31,tree frog
train/n01644373/n01644373_14641.JPEG,31,tree frog
train/n01644373/n01644373_7864.JPEG,31,tree frog
train/n01644373/n01644373_3343.JPEG,31,tree frog
train/n01644373/n01644373_5560.JPEG,31,tree frog
train/n01644373/n01644373_11325.JPEG,31,tree frog
train/n01644373/n01644373_11863.JPEG,31,tree frog
train/n01644373/n01644373_5186.JPEG,31,tree frog
train/n01644900/n01644900_12461.JPEG,32,tailed frog
train/n01644900/n01644900_18902.JPEG,32,tailed frog
train/n01644900/n01644900_11896.JPEG,32,tailed frog
train/n01644900/n01644900_8229.JPEG,32,tailed frog
train/n01644900/n01644900_13008.JPEG,32,tailed frog
train/n01644900/n01644900_12286.JPEG,32,tailed frog
train/n01644900/n01644900_8167.JPEG,32,tailed frog
train/n01644900/n01644900_16139.JPEG,32,tailed frog
train/n01644900/n01644900_5036.JPEG,32,tailed frog
train/n01644900/n01644900_16129.JPEG,32,tailed frog
train/n01644900/n01644900_17022.JPEG,32,tailed frog
train/n01644900/n01644900_15945.JPEG,32,tailed frog
train/n01644900/n01644900_1563.JPEG,32,tailed frog
train/n01644900/n01644900_841.JPEG,32,tailed frog
train/n01644900/n01644900_15473.JPEG,32,tailed frog
train/n01644900/n01644900_3205.JPEG,32,tailed frog
train/n01664065/n01664065_2475.JPEG,33,loggerhead sea turtle
train/n01664065/n01664065_23111.JPEG,33,loggerhead sea turtle
train/n01664065/n01664065_29585.JPEG,33,loggerhead sea turtle
train/n01664065/n01664065_4811.JPEG,33,loggerhead sea turtle
train/n01664065/n01664065_3614.JPEG,33,loggerhead sea turtle
train/n01664065/n01664065_8558.JPEG,33,loggerhead sea turtle
train/n01664065/n01664065_10199.JPEG,33,loggerhead sea turtle
train/n01664065/n01664065_3267.JPEG,33,loggerhead sea turtle
train/n01664065/n01664065_7790.JPEG,33,loggerhead sea turtle
train/n01664065/n01664065_22818.JPEG,33,loggerhead sea turtle
train/n01664065/n01664065_4924.JPEG,33,loggerhead sea turtle
train/n01664065/n01664065_22152.JPEG,33,loggerhead sea turtle
train/n01664065/n01664065_9142.JPEG,33,loggerhead sea turtle
train/n01664065/n01664065_15785.JPEG,33,loggerhead sea turtle
train/n01664065/n01664065_37429.JPEG,33,loggerhead sea turtle
train/n01664065/n01664065_2223.JPEG,33,loggerhead sea turtle
train/n01665541/n01665541_23783.JPEG,34,leatherback sea turtle
train/n01665541/n01665541_32447.JPEG,34,leatherback sea turtle
train/n01665541/n01665541_9325.JPEG,34,leatherback sea turtle
train/n01665541/n01665541_6389.JPEG,34,leatherback sea turtle
train/n01665541/n01665541_6358.JPEG,34,leatherback sea turtle
train/n01665541/n01665541_37532.JPEG,34,leatherback sea turtle
train/n01665541/n01665541_41148.JPEG,34,leatherback sea turtle
train/n01665541/n01665541_13806.JPEG,34,leatherback sea turtle
train/n01665541/n01665541_112.JPEG,34,leatherback sea turtle
train/n01665541/n01665541_15794.JPEG,34,leatherback sea turtle
train/n01665541/n01665541_35418.JPEG,34,leatherback sea turtle
train/n01665541/n01665541_42758.JPEG,34,leatherback sea turtle
train/n01665541/n01665541_5611.JPEG,34,leatherback sea turtle
train/n01665541/n01665541_18569.JPEG,34,leatherback sea turtle
train/n01665541/n01665541_13924.JPEG,34,leatherback sea turtle
train/n01665541/n01665541_9645.JPEG,34,leatherback sea turtle
train/n01667114/n01667114_2601.JPEG,35,mud turtle
train/n01667114/n01667114_3738.JPEG,35,mud turtle
train/n01667114/n01667114_13593.JPEG,35,mud turtle
train/n01667114/n01667114_1986.JPEG,35,mud turtle
train/n01667114/n01667114_9610.JPEG,35,mud turtle
train/n01667114/n01667114_10607.JPEG,35,mud turtle
train/n01667114/n01667114_11716.JPEG,35,mud turtle
train/n01667114/n01667114_1584.JPEG,35,mud turtle
train/n01667114/n01667114_3627.JPEG,35,mud turtle
train/n01667114/n01667114_12965.JPEG,35,mud turtle
train/n01667114/n01667114_3014.JPEG,35,mud turtle
train/n01667114/n01667114_1678.JPEG,35,mud turtle
train/n01667114/n01667114_5698.JPEG,35,mud turtle
train/n01667114/n01667114_16346.JPEG,35,mud turtle
train/n01667114/n01667114_3158.JPEG,35,mud turtle
train/n01667114/n01667114_7713.JPEG,35,mud turtle
train/n01667778/n01667778_8489.JPEG,36,terrapin
train/n01667778/n01667778_7608.JPEG,36,terrapin
train/n01667778/n01667778_2510.JPEG,36,terrapin
train/n01667778/n01667778_1164.JPEG,36,terrapin
train/n01667778/n01667778_6137.JPEG,36,terrapin
train/n01667778/n01667778_8433.JPEG,36,terrapin
train/n01667778/n01667778_8214.JPEG,36,terrapin
train/n01667778/n01667778_12001.JPEG,36,terrapin
train/n01667778/n01667778_8923.JPEG,36,terrapin
train/n01667778/n01667778_2170.JPEG,36,terrapin
train/n01667778/n01667778_1566.JPEG,36,terrapin
train/n01667778/n01667778_10673.JPEG,36,terrapin
train/n01667778/n01667778_12321.JPEG,36,terrapin
train/n01667778/n01667778_6533.JPEG,36,terrapin
train/n01667778/n01667778_583.JPEG,36,terrapin
train/n01667778/n01667778_2262.JPEG,36,terrapin
train/n01669191/n01669191_9882.JPEG,37,box turtle
train/n01669191/n01669191_3986.JPEG,37,box turtle
train/n01669191/n01669191_10142.JPEG,37,box turtle
train/n01669191/n01669191_8464.JPEG,37,box turtle
train/n01669191/n01669191_9859.JPEG,37,box turtle
train/n01669191/n01669191_5948.JPEG,37,box turtle
train/n01669191/n01669191_17738.JPEG,37,box turtle
train/n01669191/n01669191_8875.JPEG,37,box turtle
train/n01669191/n01669191_9353.JPEG,37,box turtle
train/n01669191/n01669191_2883.JPEG,37,box turtle
train/n01669191/n01669191_1290.JPEG,37,box turtle
train/n01669191/n01669191_13171.JPEG,37,box turtle
train/n01669191/n01669191_4207.JPEG,37,box turtle
train/n01669191/n01669191_7684.JPEG,37,box turtle
train/n01669191/n01669191_3612.JPEG,37,box turtle
train/n01669191/n01669191_1478.JPEG,37,box turtle
train/n01675722/n01675722_2738.JPEG,38,banded gecko
train/n01675722/n01675722_4141.JPEG,38,banded gecko
train/n01675722/n01675722_1837.JPEG,38,banded gecko
train/n01675722/n01675722_3632.JPEG,38,banded gecko
train/n01675722/n01675722_7235.JPEG,38,banded gecko
train/n01675722/n01675722_10700.JPEG,38,banded gecko
train/n01675722/n01675722_6969.JPEG,38,banded gecko
train/n01675722/n01675722_5525.JPEG,38,banded gecko
train/n01675722/n01675722_1312.JPEG,38,banded gecko
train/n01675722/n01675722_5401.JPEG,38,banded gecko
train/n01675722/n01675722_7749.JPEG,38,banded gecko
train/n01675722/n01675722_2276.JPEG,38,banded gecko
train/n01675722/n01675722_3794.JPEG,38,banded gecko
train/n01675722/n01675722_10778.JPEG,38,banded gecko
train/n01675722/n01675722_10226.JPEG,38,banded gecko
train/n01675722/n01675722_3549.JPEG,38,banded gecko
train/n01677366/n01677366_7022.JPEG,39,green iguana
train/n01677366/n01677366_7802.JPEG,39,green iguana
train/n01677366/n01677366_7144.JPEG,39,green iguana
train/n01677366/n01677366_17400.JPEG,39,green iguana
train/n01677366/n01677366_4421.JPEG,39,green iguana
train/n01677366/n01677366_1758.JPEG,39,green iguana
train/n01677366/n01677366_10344.JPEG,39,green iguana
train/n01677366/n01677366_9864.JPEG,39,green iguana
train/n01677366/n01677366_13454.JPEG,39,green iguana
train/n01677366/n01677366_3936.JPEG,39,green iguana
train/n01677366/n01677366_6079.JPEG,39,green iguana
train/n01677366/n01677366_7246.JPEG,39,green iguana
train/n01677366/n01677366_42187.JPEG,39,green iguana
train/n01677366/n01677366_46080.JPEG,39,green iguana
train/n01677366/n01677366_18884.JPEG,39,green iguana
train/n01677366/n01677366_4833.JPEG,39,green iguana
train/n01682714/n01682714_14673.JPEG,40,Carolina anole
train/n01682714/n01682714_1393.JPEG,40,Carolina anole
train/n01682714/n01682714_9705.JPEG,40,Carolina anole
train/n01682714/n01682714_8932.JPEG,40,Carolina anole
train/n01682714/n01682714_3615.JPEG,40,Carolina anole
train/n01682714/n01682714_11518.JPEG,40,Carolina anole
train/n01682714/n01682714_25984.JPEG,40,Carolina anole
train/n01682714/n01682714_3066.JPEG,40,Carolina anole
train/n01682714/n01682714_12424.JPEG,40,Carolina anole
train/n01682714/n01682714_2020.JPEG,40,Carolina anole
train/n01682714/n01682714_9806.JPEG,40,Carolina anole
train/n01682714/n01682714_10484.JPEG,40,Carolina anole
train/n01682714/n01682714_11608.JPEG,40,Carolina anole
train/n01682714/n01682714_17795.JPEG,40,Carolina anole
train/n01682714/n01682714_6973.JPEG,40,Carolina anole
train/n01682714/n01682714_16570.JPEG,40,Carolina anole
train/n01685808/n01685808_224.JPEG,41,desert grassland whiptail lizard
train/n01685808/n01685808_1712.JPEG,41,desert grassland whiptail lizard
train/n01685808/n01685808_5692.JPEG,41,desert grassland whiptail lizard
train/n01685808/n01685808_5513.JPEG,41,desert grassland whiptail lizard
train/n01685808/n01685808_5872.JPEG,41,desert grassland whiptail lizard
train/n01685808/n01685808_5370.JPEG,41,desert grassland whiptail lizard
train/n01685808/n01685808_5729.JPEG,41,desert grassland whiptail lizard
train/n01685808/n01685808_8463.JPEG,41,desert grassland whiptail lizard
train/n01685808/n01685808_7265.JPEG,41,desert grassland whiptail lizard
train/n01685808/n01685808_8761.JPEG,41,desert grassland whiptail lizard
train/n01685808/n01685808_4202.JPEG,41,desert grassland whiptail lizard
train/n01685808/n01685808_10433.JPEG,41,desert grassland whiptail lizard
train/n01685808/n01685808_4135.JPEG,41,desert grassland whiptail lizard
train/n01685808/n01685808_6258.JPEG,41,desert grassland whiptail lizard
train/n01685808/n01685808_6031.JPEG,41,desert grassland whiptail lizard
train/n01685808/n01685808_7859.JPEG,41,desert grassland whiptail lizard
train/n01687978/n01687978_2642.JPEG,42,agama
train/n01687978/n01687978_14098.JPEG,42,agama
train/n01687978/n01687978_14250.JPEG,42,agama
train/n01687978/n01687978_1747.JPEG,42,agama
train/n01687978/n01687978_6309.JPEG,42,agama
train/n01687978/n01687978_5658.JPEG,42,agama
train/n01687978/n01687978_486.JPEG,42,agama
train/n01687978/n01687978_6463.JPEG,42,agama
train/n01687978/n01687978_12587.JPEG,42,agama
train/n01687978/n01687978_11886.JPEG,42,agama
train/n01687978/n01687978_5132.JPEG,42,agama
train/n01687978/n01687978_5195.JPEG,42,agama
train/n01687978/n01687978_9476.JPEG,42,agama
train/n01687978/n01687978_4925.JPEG,42,agama
train/n01687978/n01687978_450.JPEG,42,agama
train/n01687978/n01687978_5815.JPEG,42,agama
train/n01688243/n01688243_3270.JPEG,43,frilled-necked lizard
train/n01688243/n01688243_10663.JPEG,43,frilled-necked lizard
train/n01688243/n01688243_3010.JPEG,43,frilled-necked lizard
train/n01688243/n01688243_4134.JPEG,43,frilled-necked lizard
train/n01688243/n01688243_4767.JPEG,43,frilled-necked lizard
train/n01688243/n01688243_5880.JPEG,43,frilled-necked lizard
train/n01688243/n01688243_8469.JPEG,43,frilled-necked lizard
train/n01688243/n01688243_9920.JPEG,43,frilled-necked lizard
train/n01688243/n01688243_4072.JPEG,43,frilled-necked lizard
train/n01688243/n01688243_1366.JPEG,43,frilled-necked lizard
train/n01688243/n01688243_4397.JPEG,43,frilled-necked lizard
train/n01688243/n01688243_489.JPEG,43,frilled-necked lizard
train/n01688243/n01688243_838.JPEG,43,frilled-necked lizard
train/n01688243/n01688243_4626.JPEG,43,frilled-necked lizard
train/n01688243/n01688243_4480.JPEG,43,frilled-necked lizard
train/n01688243/n01688243_9016.JPEG,43,frilled-necked lizard
train/n01689811/n01689811_585.JPEG,44,alligator lizard
train/n01689811/n01689811_9316.JPEG,44,alligator lizard
train/n01689811/n01689811_3673.JPEG,44,alligator lizard
train/n01689811/n01689811_6944.JPEG,44,alligator lizard
train/n01689811/n01689811_665.JPEG,44,alligator lizard
train/n01689811/n01689811_9252.JPEG,44,alligator lizard
train/n01689811/n01689811_11641.JPEG,44,alligator lizard
train/n01689811/n01689811_450.JPEG,44,alligator lizard
train/n01689811/n01689811_7204.JPEG,44,alligator lizard
train/n01689811/n01689811_7544.JPEG,44,alligator lizard
train/n01689811/n01689811_7070.JPEG,44,alligator lizard
train/n01689811/n01689811_4062.JPEG,44,alligator lizard
train/n01689811/n01689811_3346.JPEG,44,alligator lizard
train/n01689811/n01689811_13366.JPEG,44,alligator lizard
train/n01689811/n01689811_7252.JPEG,44,alligator lizard
train/n01689811/n01689811_3674.JPEG,44,alligator lizard
train/n01692333/n01692333_6427.JPEG,45,Gila monster
train/n01692333/n01692333_8895.JPEG,45,Gila monster
train/n01692333/n01692333_2691.JPEG,45,Gila monster
train/n01692333/n01692333_1675.JPEG,45,Gila monster
train/n01692333/n01692333_9952.JPEG,45,Gila monster
train/n01692333/n01692333_13166.JPEG,45,Gila monster
train/n01692333/n01692333_1172.JPEG,45,Gila monster
train/n01692333/n01692333_715.JPEG,45,Gila monster
train/n01692333/n01692333_11713.JPEG,45,Gila monster
train/n01692333/n01692333_7421.JPEG,45,Gila monster
train/n01692333/n01692333_8610.JPEG,45,Gila monster
train/n01692333/n01692333_7295.JPEG,45,Gila monster
train/n01692333/n01692333_11199.JPEG,45,Gila monster
train/n01692333/n01692333_10146.JPEG,45,Gila monster
train/n01692333/n01692333_13340.JPEG,45,Gila monster
train/n01692333/n01692333_1020.JPEG,45,Gila monster
train/n01693334/n01693334_9881.JPEG,46,European green lizard
train/n01693334/n01693334_13124.JPEG,46,European green lizard
train/n01693334/n01693334_13127.JPEG,46,European green lizard
train/n01693334/n01693334_5461.JPEG,46,European green lizard
train/n01693334/n01693334_3358.JPEG,46,European green lizard
train/n01693334/n01693334_13554.JPEG,46,European green lizard
train/n01693334/n01693334_3874.JPEG,46,European green lizard
train/n01693334/n01693334_10870.JPEG,46,European green lizard
train/n01693334/n01693334_9622.JPEG,46,European green lizard
train/n01693334/n01693334_5516.JPEG,46,European green lizard
train/n01693334/n01693334_8173.JPEG,46,European green lizard
train/n01693334/n01693334_12407.JPEG,46,European green lizard
train/n01693334/n01693334_10909.JPEG,46,European green lizard
train/n01693334/n01693334_9406.JPEG,46,European green lizard
train/n01693334/n01693334_10403.JPEG,46,European green lizard
train/n01693334/n01693334_6727.JPEG,46,European green lizard
train/n01694178/n01694178_3622.JPEG,47,chameleon
train/n01694178/n01694178_3102.JPEG,47,chameleon
train/n01694178/n01694178_8013.JPEG,47,chameleon
train/n01694178/n01694178_6589.JPEG,47,chameleon
train/n01694178/n01694178_7224.JPEG,47,chameleon
train/n01694178/n01694178_4950.JPEG,47,chameleon
train/n01694178/n01694178_5595.JPEG,47,chameleon
train/n01694178/n01694178_4563.JPEG,47,chameleon
train/n01694178/n01694178_1827.JPEG,47,chameleon
train/n01694178/n01694178_7662.JPEG,47,chameleon
train/n01694178/n01694178_6657.JPEG,47,chameleon
train/n01694178/n01694178_3377.JPEG,47,chameleon
train/n01694178/n01694178_3261.JPEG,47,chameleon
train/n01694178/n01694178_1377.JPEG,47,chameleon
train/n01694178/n01694178_2798.JPEG,47,chameleon
train/n01694178/n01694178_4918.JPEG,47,chameleon
train/n01695060/n01695060_9587.JPEG,48,Komodo dragon
train/n01695060/n01695060_24130.JPEG,48,Komodo dragon
train/n01695060/n01695060_7183.JPEG,48,Komodo dragon
train/n01695060/n01695060_5601.JPEG,48,Komodo dragon
train/n01695060/n01695060_5771.JPEG,48,Komodo dragon
train/n01695060/n01695060_9896.JPEG,48,Komodo dragon
train/n01695060/n01695060_20743.JPEG,48,Komodo dragon
train/n01695060/n01695060_33400.JPEG,48,Komodo dragon
train/n01695060/n01695060_14752.JPEG,48,Komodo dragon
train/n01695060/n01695060_14592.JPEG,48,Komodo dragon
train/n01695060/n01695060_23668.JPEG,48,Komodo dragon
train/n01695060/n01695060_23788.JPEG,48,Komodo dragon
train/n01695060/n01695060_14167.JPEG,48,Komodo dragon
train/n01695060/n01695060_7327.JPEG,48,Komodo dragon
train/n01695060/n01695060_30653.JPEG,48,Komodo dragon
train/n01695060/n01695060_16560.JPEG,48,Komodo dragon
train/n01697457/n01697457_189.JPEG,49,Nile crocodile
train/n01697457/n01697457_8913.JPEG,49,Nile crocodile
train/n01697457/n01697457_2918.JPEG,49,Nile crocodile
train/n01697457/n01697457_4947.JPEG,49,Nile crocodile
train/n01697457/n01697457_16874.JPEG,49,Nile crocodile
train/n01697457/n01697457_4334.JPEG,49,Nile crocodile
train/n01697457/n01697457_18918.JPEG,49,Nile crocodile
train/n01697457/n01697457_13188.JPEG,49,Nile crocodile
train/n01697457/n01697457_11141.JPEG,49,Nile crocodile
train/n01697457/n01697457_13301.JPEG,49,Nile crocodile
train/n01697457/n01697457_21014.JPEG,49,Nile crocodile
train/n01697457/n01697457_13904.JPEG,49,Nile crocodile
train/n01697457/n01697457_17774.JPEG,49,Nile crocodile
train/n01697457/n01697457_4118.JPEG,49,Nile crocodile
train/n01697457/n01697457_9729.JPEG,49,Nile crocodile
train/n01697457/n01697457_5267.JPEG,49,Nile crocodile
train/n01698640/n01698640_4171.JPEG,50,American alligator
train/n01698640/n01698640_10672.JPEG,50,American alligator
train/n01698640/n01698640_9794.JPEG,50,American alligator
train/n01698640/n01698640_7728.JPEG,50,American alligator
train/n01698640/n01698640_9398.JPEG,50,American alligator
train/n01698640/n01698640_3031.JPEG,50,American alligator
train/n01698640/n01698640_4714.JPEG,50,American alligator
train/n01698640/n01698640_7353.JPEG,50,American alligator
train/n01698640/n01698640_909.JPEG,50,American alligator
train/n01698640/n01698640_6195.JPEG,50,American alligator
train/n01698640/n01698640_24773.JPEG,50,American alligator
train/n01698640/n01698640_13410.JPEG,50,American alligator
train/n01698640/n01698640_8551.JPEG,50,American alligator
train/n01698640/n01698640_7951.JPEG,50,American alligator
train/n01698640/n01698640_8728.JPEG,50,American alligator
train/n01698640/n01698640_14541.JPEG,50,American alligator
train/n01704323/n01704323_4640.JPEG,51,triceratops
train/n01704323/n01704323_5414.JPEG,51,triceratops
train/n01704323/n01704323_19438.JPEG,51,triceratops
train/n01704323/n01704323_265.JPEG,51,triceratops
train/n01704323/n01704323_2427.JPEG,51,triceratops
train/n01704323/n01704323_1223.JPEG,51,triceratops
train/n01704323/n01704323_5786.JPEG,51,triceratops
train/n01704323/n01704323_9619.JPEG,51,triceratops
train/n01704323/n01704323_3252.JPEG,51,triceratops
train/n01704323/n01704323_3563.JPEG,51,triceratops
train/n01704323/n01704323_3107.JPEG,51,triceratops
train/n01704323/n01704323_75.JPEG,51,triceratops
train/n01704323/n01704323_3968.JPEG,51,triceratops
train/n01704323/n01704323_1209.JPEG,51,triceratops
train/n01704323/n01704323_8096.JPEG,51,triceratops
train/n01704323/n01704323_6775.JPEG,51,triceratops
train/n01728572/n01728572_13653.JPEG,52,worm snake
train/n01728572/n01728572_16377.JPEG,52,worm snake
train/n01728572/n01728572_11563.JPEG,52,worm snake
train/n01728572/n01728572_6684.JPEG,52,worm snake
train/n01728572/n01728572_15650.JPEG,52,worm snake
train/n01728572/n01728572_716.JPEG,52,worm snake
train/n01728572/n01728572_6546.JPEG,52,worm snake
train/n01728572/n01728572_19673.JPEG,52,worm snake
train/n01728572/n01728572_2587.JPEG,52,worm snake
train/n01728572/n01728572_29098.JPEG,52,worm snake
train/n01728572/n01728572_6338.JPEG,52,worm snake
train/n01728572/n01728572_18014.JPEG,52,worm snake
train/n01728572/n01728572_3133.JPEG,52,worm snake
train/n01728572/n01728572_640.JPEG,52,worm snake
train/n01728572/n01728572_15884.JPEG,52,worm snake
train/n01728572/n01728572_3659.JPEG,52,worm snake
train/n01728920/n01728920_19170.JPEG,53,ring-necked snake
train/n01728920/n01728920_7972.JPEG,53,ring-necked snake
train/n01728920/n01728920_1065.JPEG,53,ring-necked snake
train/n01728920/n01728920_18791.JPEG,53,ring-necked snake
train/n01728920/n01728920_2059.JPEG,53,ring-necked snake
train/n01728920/n01728920_13675.JPEG,53,ring-necked snake
train/n01728920/n01728920_2813.JPEG,53,ring-necked snake
train/n01728920/n01728920_9154.JPEG,53,ring-necked snake
train/n01728920/n01728920_15968.JPEG,53,ring-necked snake
train/n01728920/n01728920_1426.JPEG,53,ring-necked snake
train/n01728920/n01728920_21446.JPEG,53,ring-necked snake
train/n01728920/n01728920_9136.JPEG,53,ring-necked snake
train/n01728920/n01728920_14577.JPEG,53,ring-necked snake
train/n01728920/n01728920_3154.JPEG,53,ring-necked snake
train/n01728920/n01728920_20262.JPEG,53,ring-necked snake
train/n01728920/n01728920_9536.JPEG,53,ring-necked snake
train/n01729322/n01729322_17715.JPEG,54,eastern hog-nosed snake
train/n01729322/n01729322_5106.JPEG,54,eastern hog-nosed snake
train/n01729322/n01729322_7154.JPEG,54,eastern hog-nosed snake
train/n01729322/n01729322_1676.JPEG,54,eastern hog-nosed snake
train/n01729322/n01729322_7127.JPEG,54,eastern hog-nosed snake
train/n01729322/n01729322_2615.JPEG,54,eastern hog-nosed snake
train/n01729322/n01729322_3175.JPEG,54,eastern hog-nosed snake
train/n01729322/n01729322_2382.JPEG,54,eastern hog-nosed snake
train/n01729322/n01729322_381.JPEG,54,eastern hog-nosed snake
train/n01729322/n01729322_4225.JPEG,54,eastern hog-nosed snake
train/n01729322/n01729322_8393.JPEG,54,eastern hog-nosed snake
train/n01729322/n01729322_13584.JPEG,54,eastern hog-nosed snake
train/n01729322/n01729322_4536.JPEG,54,eastern hog-nosed snake
train/n01729322/n01729322_11711.JPEG,54,eastern hog-nosed snake
train/n01729322/n01729322_7811.JPEG,54,eastern hog-nosed snake
train/n01729322/n01729322_2661.JPEG,54,eastern hog-nosed snake
train/n01729977/n01729977_5124.JPEG,55,smooth green snake
train/n01729977/n01729977_2728.JPEG,55,smooth green snake
train/n01729977/n01729977_2722.JPEG,55,smooth green snake
train/n01729977/n01729977_8791.JPEG,55,smooth green snake
train/n01729977/n01729977_16672.JPEG,55,smooth green snake
train/n01729977/n01729977_4104.JPEG,55,smooth green snake
train/n01729977/n01729977_13491.JPEG,55,smooth green snake
train/n01729977/n01729977_11921.JPEG,55,smooth green snake
train/n01729977/n01729977_4500.JPEG,55,smooth green snake
train/n01729977/n01729977_3401.JPEG,55,smooth green snake
train/n01729977/n01729977_6220.JPEG,55,smooth green snake
train/n01729977/n01729977_25.JPEG,55,smooth green snake
train/n01729977/n01729977_14366.JPEG,55,smooth green snake
train/n01729977/n01729977_19477.JPEG,55,smooth green snake
train/n01729977/n01729977_7051.JPEG,55,smooth green snake
train/n01729977/n01729977_4708.JPEG,55,smooth green snake
train/n01734418/n01734418_538.JPEG,56,kingsnake
train/n01734418/n01734418_1499.JPEG,56,kingsnake
train/n01734418/n01734418_109.JPEG,56,kingsnake
train/n01734418/n01734418_6607.JPEG,56,kingsnake
train/n01734418/n01734418_10957.JPEG,56,kingsnake
train/n01734418/n01734418_8395.JPEG,56,kingsnake
train/n01734418/n01734418_13512.JPEG,56,kingsnake
train/n01734418/n01734418_15197.JPEG,56,kingsnake
train/n01734418/n01734418_10206.JPEG,56,kingsnake
train/n01734418/n01734418_800.JPEG,56,kingsnake
train/n01734418/n01734418_16115.JPEG,56,kingsnake
train/n01734418/n01734418_3405.JPEG,56,kingsnake
train/n01734418/n01734418_6253.JPEG,56,kingsnake
train/n01734418/n01734418_8466.JPEG,56,kingsnake
train/n01734418/n01734418_7943.JPEG,56,kingsnake
train/n01734418/n01734418_13413.JPEG,56,kingsnake
train/n01735189/n01735189_13113.JPEG,57,garter snake
train/n01735189/n01735189_704.JPEG,57,garter snake
train/n01735189/n01735189_11753.JPEG,57,garter snake
train/n01735189/n01735189_19966.JPEG,57,garter snake
train/n01735189/n01735189_20932.JPEG,57,garter snake
train/n01735189/n01735189_14898.JPEG,57,garter snake
train/n01735189/n01735189_2107.JPEG,57,garter snake
train/n01735189/n01735189_8934.JPEG,57,garter snake
train/n01735189/n01735189_12779.JPEG,57,garter snake
train/n01735189/n01735189_13570.JPEG,57,garter snake
train/n01735189/n01735189_13218.JPEG,57,garter snake
train/n01735189/n01735189_703.JPEG,57,garter snake
train/n01735189/n01735189_20029.JPEG,57,garter snake
train/n01735189/n01735189_10751.JPEG,57,garter snake
train/n01735189/n01735189_4406.JPEG,57,garter snake
train/n01735189/n01735189_6059.JPEG,57,garter snake
train/n01737021/n01737021_17884.JPEG,58,water snake
train/n01737021/n01737021_7554.JPEG,58,water snake
train/n01737021/n01737021_7923.JPEG,58,water snake
train/n01737021/n01737021_10963.JPEG,58,water snake
train/n01737021/n01737021_13948.JPEG,58,water snake
train/n01737021/n01737021_11353.JPEG,58,water snake
train/n01737021/n01737021_2578.JPEG,58,water snake
train/n01737021/n01737021_8293.JPEG,58,water snake
train/n01737021/n01737021_7127.JPEG,58,water snake
train/n01737021/n01737021_2286.JPEG,58,water snake
train/n01737021/n01737021_12886.JPEG,58,water snake
train/n01737021/n01737021_12404.JPEG,58,water snake
train/n01737021/n01737021_1793.JPEG,58,water snake
train/n01737021/n01737021_7579.JPEG,58,water snake
train/n01737021/n01737021_26667.JPEG,58,water snake
train/n01737021/n01737021_3052.JPEG,58,water snake
train/n01739381/n01739381_6967.JPEG,59,vine snake
train/n01739381/n01739381_716.JPEG,59,vine snake
train/n01739381/n01739381_10638.JPEG,59,vine snake
train/n01739381/n01739381_7923.JPEG,59,vine snake
train/n01739381/n01739381_2401.JPEG,59,vine snake
train/n01739381/n01739381_4776.JPEG,59,vine snake
train/n01739381/n01739381_8350.JPEG,59,vine snake
train/n01739381/n01739381_10618.JPEG,59,vine snake
train/n01739381/n01739381_1343.JPEG,59,vine snake
train/n01739381/n01739381_7032.JPEG,59,vine snake
train/n01739381/n01739381_1447.JPEG,59,vine snake
train/n01739381/n01739381_827.JPEG,59,vine snake
train/n01739381/n01739381_546.JPEG,59,vine snake
train/n01739381/n01739381_2381.JPEG,59,vine snake
train/n01739381/n01739381_1152.JPEG,59,vine snake
train/n01739381/n01739381_1922.JPEG,59,vine snake
train/n01740131/n01740131_19791.JPEG,60,night snake
train/n01740131/n01740131_1575.JPEG,60,night snake
train/n01740131/n01740131_4464.JPEG,60,night snake
train/n01740131/n01740131_16615.JPEG,60,night snake
train/n01740131/n01740131_16053.JPEG,60,night snake
train/n01740131/n01740131_7447.JPEG,60,night snake
train/n01740131/n01740131_11758.JPEG,60,night snake
train/n01740131/n01740131_7634.JPEG,60,night snake
train/n01740131/n01740131_21107.JPEG,60,night snake
train/n01740131/n01740131_16149.JPEG,60,night snake
train/n01740131/n01740131_11022.JPEG,60,night snake
train/n01740131/n01740131_13496.JPEG,60,night snake
train/n01740131/n01740131_877.JPEG,60,night snake
train/n01740131/n01740131_11482.JPEG,60,night snake
train/n01740131/n01740131_21724.JPEG,60,night snake
train/n01740131/n01740131_10551.JPEG,60,night snake
train/n01742172/n01742172_1716.JPEG,61,boa constrictor
train/n01742172/n01742172_3330.JPEG,61,boa constrictor
train/n01742172/n01742172_5517.JPEG,61,boa constrictor
train/n01742172/n01742172_1915.JPEG,61,boa constrictor
train/n01742172/n01742172_3689.JPEG,61,boa constrictor
train/n01742172/n01742172_7036.JPEG,61,boa constrictor
train/n01742172/n01742172_16567.JPEG,61,boa constrictor
train/n01742172/n01742172_9163.JPEG,61,boa constrictor
train/n01742172/n01742172_3666.JPEG,61,boa constrictor
train/n01742172/n01742172_321.JPEG,61,boa constrictor
train/n01742172/n01742172_7607.JPEG,61,boa constrictor
train/n01742172/n01742172_11239.JPEG,61,boa constrictor
train/n01742172/n01742172_11092.JPEG,61,boa constrictor
train/n01742172/n01742172_4679.JPEG,61,boa constrictor
train/n01742172/n01742172_26379.JPEG,61,boa constrictor
train/n01742172/n01742172_1856.JPEG,61,boa constrictor
train/n01744401/n01744401_2531.JPEG,62,African rock python
train/n01744401/n01744401_13863.JPEG,62,African rock python
train/n01744401/n01744401_1405.JPEG,62,African rock python
train/n01744401/n01744401_10617.JPEG,62,African rock python
train/n01744401/n01744401_1981.JPEG,62,African rock python
train/n01744401/n01744401_12488.JPEG,62,African rock python
train/n01744401/n01744401_724.JPEG,62,African rock python
train/n01744401/n01744401_1526.JPEG,62,African rock python
train/n01744401/n01744401_5955.JPEG,62,African rock python
train/n01744401/n01744401_7858.JPEG,62,African rock python
train/n01744401/n01744401_643.JPEG,62,African rock python
train/n01744401/n01744401_28745.JPEG,62,African rock python
train/n01744401/n01744401_735.JPEG,62,African rock python
train/n01744401/n01744401_3430.JPEG,62,African rock python
train/n01744401/n01744401_348.JPEG,62,African rock python
train/n01744401/n01744401_645.JPEG,62,African rock python
train/n01748264/n01748264_21817.JPEG,63,Indian cobra
train/n01748264/n01748264_21038.JPEG,63,Indian cobra
train/n01748264/n01748264_7651.JPEG,63,Indian cobra
train/n01748264/n01748264_8886.JPEG,63,Indian cobra
train/n01748264/n01748264_10359.JPEG,63,Indian cobra
train/n01748264/n01748264_19231.JPEG,63,Indian cobra
train/n01748264/n01748264_11757.JPEG,63,Indian cobra
train/n01748264/n01748264_20551.JPEG,63,Indian cobra
train/n01748264/n01748264_10988.JPEG,63,Indian cobra
train/n01748264/n01748264_8301.JPEG,63,Indian cobra
train/n01748264/n01748264_3208.JPEG,63,Indian cobra
train/n01748264/n01748264_11023.JPEG,63,Indian cobra
train/n01748264/n01748264_14806.JPEG,63,Indian cobra
train/n01748264/n01748264_12012.JPEG,63,Indian cobra
train/n01748264/n01748264_2650.JPEG,63,Indian cobra
train/n01748264/n01748264_20571.JPEG,63,Indian cobra
train/n01749939/n01749939_39.JPEG,64,green mamba
train/n01749939/n01749939_3728.JPEG,64,green mamba
train/n01749939/n01749939_1574.JPEG,64,green mamba
train/n01749939/n01749939_8172.JPEG,64,green mamba
train/n01749939/n01749939_4100.JPEG,64,green mamba
train/n01749939/n01749939_12206.JPEG,64,green mamba
train/n01749939/n01749939_5858.JPEG,64,green mamba
train/n01749939/n01749939_10337.JPEG,64,green mamba
train/n01749939/n01749939_370.JPEG,64,green mamba
train/n01749939/n01749939_5583.JPEG,64,green mamba
train/n01749939/n01749939_7054.JPEG,64,green mamba
train/n01749939/n01749939_4462.JPEG,64,green mamba
train/n01749939/n01749939_7738.JPEG,64,green mamba
train/n01749939/n01749939_13303.JPEG,64,green mamba
train/n01749939/n01749939_1301.JPEG,64,green mamba
train/n01749939/n01749939_5665.JPEG,64,green mamba
train/n01751748/n01751748_5262.JPEG,65,sea snake
train/n01751748/n01751748_8826.JPEG,65,sea snake
train/n01751748/n01751748_3627.JPEG,65,sea snake
train/n01751748/n01751748_3615.JPEG,65,sea snake
train/n01751748/n01751748_7375.JPEG,65,sea snake
train/n01751748/n01751748_4375.JPEG,65,sea snake
train/n01751748/n01751748_5236.JPEG,65,sea snake
train/n01751748/n01751748_15862.JPEG,65,sea snake
train/n01751748/n01751748_4672.JPEG,65,sea snake
train/n01751748/n01751748_7284.JPEG,65,sea snake
train/n01751748/n01751748_3227.JPEG,65,sea snake
train/n01751748/n01751748_7870.JPEG,65,sea snake
train/n01751748/n01751748_5993.JPEG,65,sea snake
train/n01751748/n01751748_7866.JPEG,65,sea snake
train/n01751748/n01751748_540.JPEG,65,sea snake
train/n01751748/n01751748_5816.JPEG,65,sea snake
train/n01753488/n01753488_16464.JPEG,66,Saharan horned viper
train/n01753488/n01753488_3712.JPEG,66,Saharan horned viper
train/n01753488/n01753488_4002.JPEG,66,Saharan horned viper
train/n01753488/n01753488_2839.JPEG,66,Saharan horned viper
train/n01753488/n01753488_24623.JPEG,66,Saharan horned viper
train/n01753488/n01753488_6879.JPEG,66,Saharan horned viper
train/n01753488/n01753488_8445.JPEG,66,Saharan horned viper
train/n01753488/n01753488_8712.JPEG,66,Saharan horned viper
train/n01753488/n01753488_2994.JPEG,66,Saharan horned viper
train/n01753488/n01753488_15328.JPEG,66,Saharan horned viper
train/n01753488/n01753488_9447.JPEG,66,Saharan horned viper
train/n01753488/n01753488_20058.JPEG,66,Saharan horned viper
train/n01753488/n01753488_13824.JPEG,66,Saharan horned viper
train/n01753488/n01753488_10824.JPEG,66,Saharan horned viper
train/n01753488/n01753488_8340.JPEG,66,Saharan horned viper
train/n01753488/n01753488_3797.JPEG,66,Saharan horned viper
train/n01755581/n01755581_18701.JPEG,67,eastern diamondback rattlesnake
train/n01755581/n01755581_6271.JPEG,67,eastern diamondback rattlesnake
train/n01755581/n01755581_7862.JPEG,67,eastern diamondback rattlesnake
train/n01755581/n01755581_27901.JPEG,67,eastern diamondback rattlesnake
train/n01755581/n01755581_9649.JPEG,67,eastern diamondback rattlesnake
train/n01755581/n01755581_22929.JPEG,67,eastern diamondback rattlesnake
train/n01755581/n01755581_4722.JPEG,67,eastern diamondback rattlesnake
train/n01755581/n01755581_7989.JPEG,67,eastern diamondback rattlesnake
train/n01755581/n01755581_12473.JPEG,67,eastern diamondback rattlesnake
train/n01755581/n01755581_324.JPEG,67,eastern diamondback rattlesnake
train/n01755581/n01755581_16977.JPEG,67,eastern diamondback rattlesnake
train/n01755581/n01755581_21886.JPEG,67,eastern diamondback rattlesnake
train/n01755581/n01755581_1398.JPEG,67,eastern diamondback rattlesnake
train/n01755581/n01755581_19247.JPEG,67,eastern diamondback rattlesnake
train/n01755581/n01755581_24916.JPEG,67,eastern diamondback rattlesnake
train/n01755581/n01755581_457.JPEG,67,eastern diamondback rattlesnake
train/n01756291/n01756291_18693.JPEG,68,sidewinder rattlesnake
train/n01756291/n01756291_10726.JPEG,68,sidewinder rattlesnake
train/n01756291/n01756291_3270.JPEG,68,sidewinder rattlesnake
train/n01756291/n01756291_33310.JPEG,68,sidewinder rattlesnake
train/n01756291/n01756291_17023.JPEG,68,sidewinder rattlesnake
train/n01756291/n01756291_13906.JPEG,68,sidewinder rattlesnake
train/n01756291/n01756291_13680.JPEG,68,sidewinder rattlesnake
train/n01756291/n01756291_9433.JPEG,68,sidewinder rattlesnake
train/n01756291/n01756291_5419.JPEG,68,sidewinder rattlesnake
train/n01756291/n01756291_13034.JPEG,68,sidewinder rattlesnake
train/n01756291/n01756291_6787.JPEG,68,sidewinder rattlesnake
train/n01756291/n01756291_31275.JPEG,68,sidewinder rattlesnake
train/n01756291/n01756291_18620.JPEG,68,sidewinder rattlesnake
train/n01756291/n01756291_6856.JPEG,68,sidewinder rattlesnake
train/n01756291/n01756291_6985.JPEG,68,sidewinder rattlesnake
train/n01756291/n01756291_5197.JPEG,68,sidewinder rattlesnake
train/n01768244/n01768244_9659.JPEG,69,trilobite
train/n01768244/n01768244_7703.JPEG,69,trilobite
train/n01768244/n01768244_3745.JPEG,69,trilobite
train/n01768244/n01768244_4369.JPEG,69,trilobite
train/n01768244/n01768244_101.JPEG,69,trilobite
train/n01768244/n01768244_517.JPEG,69,trilobite
train/n01768244/n01768244_6161.JPEG,69,trilobite
train/n01768244/n01768244_9528.JPEG,69,trilobite
train/n01768244/n01768244_8236.JPEG,69,trilobite
train/n01768244/n01768244_9385.JPEG,69,trilobite
train/n01768244/n01768244_266.JPEG,69,trilobite
train/n01768244/n01768244_3616.JPEG,69,trilobite
train/n01768244/n01768244_4303.JPEG,69,trilobite
train/n01768244/n01768244_5451.JPEG,69,trilobite
train/n01768244/n01768244_9298.JPEG,69,trilobite
train/n01768244/n01768244_8882.JPEG,69,trilobite
train/n01770081/n01770081_12233.JPEG,70,harvestman
train/n01770081/n01770081_6760.JPEG,70,harvestman
train/n01770081/n01770081_15707.JPEG,70,harvestman
train/n01770081/n01770081_4022.JPEG,70,harvestman
train/n01770081/n01770081_15913.JPEG,70,harvestman
train/n01770081/n01770081_6546.JPEG,70,harvestman
train/n01770081/n01770081_1465.JPEG,70,harvestman
train/n01770081/n01770081_12628.JPEG,70,harvestman
train/n01770081/n01770081_1106.JPEG,70,harvestman
train/n01770081/n01770081_1013.JPEG,70,harvestman
train/n01770081/n01770081_5183.JPEG,70,harvestman
train/n01770081/n01770081_3073.JPEG,70,harvestman
train/n01770081/n01770081_12577.JPEG,70,harvestman
train/n01770081/n01770081_4320.JPEG,70,harvestman
train/n01770081/n01770081_2364.JPEG,70,harvestman
train/n01770081/n01770081_25942.JPEG,70,harvestman
train/n01770393/n01770393_12297.JPEG,71,scorpion
train/n01770393/n01770393_1332.JPEG,71,scorpion
train/n01770393/n01770393_4338.JPEG,71,scorpion
train/n01770393/n01770393_17928.JPEG,71,scorpion
train/n01770393/n01770393_19179.JPEG,71,scorpion
train/n01770393/n01770393_8815.JPEG,71,scorpion
train/n01770393/n01770393_1054.JPEG,71,scorpion
train/n01770393/n01770393_13332.JPEG,71,scorpion
train/n01770393/n01770393_7341.JPEG,71,scorpion
train/n01770393/n01770393_24611.JPEG,71,scorpion
train/n01770393/n01770393_23432.JPEG,71,scorpion
train/n01770393/n01770393_4431.JPEG,71,scorpion
train/n01770393/n01770393_19581.JPEG,71,scorpion
train/n01770393/n01770393_14089.JPEG,71,scorpion
train/n01770393/n01770393_9336.JPEG,71,scorpion
train/n01770393/n01770393_4827.JPEG,71,scorpion
train/n01773157/n01773157_7617.JPEG,72,yellow garden spider
train/n01773157/n01773157_3827.JPEG,72,yellow garden spider
train/n01773157/n01773157_7209.JPEG,72,yellow garden spider
train/n01773157/n01773157_9199.JPEG,72,yellow garden spider
train/n01773157/n01773157_9906.JPEG,72,yellow garden spider
train/n01773157/n01773157_7317.JPEG,72,yellow garden spider
train/n01773157/n01773157_7468.JPEG,72,yellow garden spider
train/n01773157/n01773157_7049.JPEG,72,yellow garden spider
train/n01773157/n01773157_239.JPEG,72,yellow garden spider
train/n01773157/n01773157_2374.JPEG,72,yellow garden spider
train/n01773157/n01773157_9321.JPEG,72,yellow garden spider
train/n01773157/n01773157_10401.JPEG,72,yellow garden spider
train/n01773157/n01773157_9270.JPEG,72,yellow garden spider
train/n01773157/n01773157_241.JPEG,72,yellow garden spider
train/n01773157/n01773157_1333.JPEG,72,yellow garden spider
train/n01773157/n01773157_2251.JPEG,72,yellow garden spider
train/n01773549/n01773549_540.JPEG,73,barn spider
train/n01773549/n01773549_3244.JPEG,73,barn spider
train/n01773549/n01773549_822.JPEG,73,barn spider
train/n01773549/n01773549_4633.JPEG,73,barn spider
train/n01773549/n01773549_2760.JPEG,73,barn spider
train/n01773549/n01773549_4219.JPEG,73,barn spider
train/n01773549/n01773549_339.JPEG,73,barn spider
train/n01773549/n01773549_8799.JPEG,73,barn spider
train/n01773549/n01773549_3113.JPEG,73,barn spider
train/n01773549/n01773549_5535.JPEG,73,barn spider
train/n01773549/n01773549_4571.JPEG,73,barn spider
train/n01773549/n01773549_10729.JPEG,73,barn spider
train/n01773549/n01773549_5728.JPEG,73,barn spider
train/n01773549/n01773549_6521.JPEG,73,barn spider
train/n01773549/n01773549_5605.JPEG,73,barn spider
train/n01773549/n01773549_7467.JPEG,73,barn spider
train/n01773797/n01773797_4910.JPEG,74,European garden spider
train/n01773797/n01773797_2174.JPEG,74,European garden spider
train/n01773797/n01773797_1891.JPEG,74,European garden spider
train/n01773797/n01773797_9.JPEG,74,European garden spider
train/n01773797/n01773797_7719.JPEG,74,European garden spider
train/n01773797/n01773797_1966.JPEG,74,European garden spider
train/n01773797/n01773797_1629.JPEG,74,European garden spider
train/n01773797/n01773797_2725.JPEG,74,European garden spider
train/n01773797/n01773797_2112.JPEG,74,European garden spider
train/n01773797/n01773797_649.JPEG,74,European garden spider
train/n01773797/n01773797_4510.JPEG,74,European garden spider
train/n01773797/n01773797_5074.JPEG,74,European garden spider
train/n01773797/n01773797_5581.JPEG,74,European garden spider
train/n01773797/n01773797_5300.JPEG,74,European garden spider
train/n01773797/n01773797_3698.JPEG,74,European garden spider
train/n01773797/n01773797_5024.JPEG,74,European garden spider
train/n01774384/n01774384_3578.JPEG,75,southern black widow
train/n01774384/n01774384_15236.JPEG,75,southern black widow
train/n01774384/n01774384_3129.JPEG,75,southern black widow
train/n01774384/n01774384_12138.JPEG,75,southern black widow
train/n01774384/n01774384_3636.JPEG,75,southern black widow
train/n01774384/n01774384_1982.JPEG,75,southern black widow
train/n01774384/n01774384_6236.JPEG,75,southern black widow
train/n01774384/n01774384_6948.JPEG,75,southern black widow
train/n01774384/n01774384_16852.JPEG,75,southern black widow
train/n01774384/n01774384_21258.JPEG,75,southern black widow
train/n01774384/n01774384_7362.JPEG,75,southern black widow
train/n01774384/n01774384_13880.JPEG,75,southern black widow
train/n01774384/n01774384_495.JPEG,75,southern black widow
train/n01774384/n01774384_18210.JPEG,75,southern black widow
train/n01774384/n01774384_9860.JPEG,75,southern black widow
train/n01774384/n01774384_6367.JPEG,75,southern black widow
train/n01774750/n01774750_6880.JPEG,76,tarantula
train/n01774750/n01774750_2877.JPEG,76,tarantula
train/n01774750/n01774750_11354.JPEG,76,tarantula
train/n01774750/n01774750_18526.JPEG,76,tarantula
train/n01774750/n01774750_17417.JPEG,76,tarantula
train/n01774750/n01774750_2442.JPEG,76,tarantula
train/n01774750/n01774750_7066.JPEG,76,tarantula
train/n01774750/n01774750_8640.JPEG,76,tarantula
train/n01774750/n01774750_2421.JPEG,76,tarantula
train/n01774750/n01774750_4646.JPEG,76,tarantula
train/n01774750/n01774750_4071.JPEG,76,tarantula
train/n01774750/n01774750_2580.JPEG,76,tarantula
train/n01774750/n01774750_9308.JPEG,76,tarantula
train/n01774750/n01774750_13533.JPEG,76,tarantula
train/n01774750/n01774750_3085.JPEG,76,tarantula
train/n01774750/n01774750_8.JPEG,76,tarantula
train/n01775062/n01775062_4353.JPEG,77,wolf spider
train/n01775062/n01775062_3137.JPEG,77,wolf spider
train/n01775062/n01775062_4929.JPEG,77,wolf spider
train/n01775062/n01775062_4846.JPEG,77,wolf spider
train/n01775062/n01775062_8517.JPEG,77,wolf spider
train/n01775062/n01775062_3449.JPEG,77,wolf spider
train/n01775062/n01775062_7766.JPEG,77,wolf spider
train/n01775062/n01775062_778.JPEG,77,wolf spider
train/n01775062/n01775062_9927.JPEG,77,wolf spider
train/n01775062/n01775062_6501.JPEG,77,wolf spider
train/n01775062/n01775062_4209.JPEG,77,wolf spider
train/n01775062/n01775062_8024.JPEG,77,wolf spider
train/n01775062/n01775062_4659.JPEG,77,wolf spider
train/n01775062/n01775062_3906.JPEG,77,wolf spider
train/n01775062/n01775062_8436.JPEG,77,wolf spider
train/n01775062/n01775062_8894.JPEG,77,wolf spider
train/n01776313/n01776313_12698.JPEG,78,tick
train/n01776313/n01776313_39258.JPEG,78,tick
train/n01776313/n01776313_12977.JPEG,78,tick
train/n01776313/n01776313_2366.JPEG,78,tick
train/n01776313/n01776313_6242.JPEG,78,tick
train/n01776313/n01776313_5629.JPEG,78,tick
train/n01776313/n01776313_10571.JPEG,78,tick
train/n01776313/n01776313_63426.JPEG,78,tick
train/n01776313/n01776313_952.JPEG,78,tick
train/n01776313/n01776313_28363.JPEG,78,tick
train/n01776313/n01776313_14846.JPEG,78,tick
train/n01776313/n01776313_20226.JPEG,78,tick
train/n01776313/n01776313_14561.JPEG,78,tick
train/n01776313/n01776313_13852.JPEG,78,tick
train/n01776313/n01776313_22111.JPEG,78,tick
train/n01776313/n01776313_7248.JPEG,78,tick
train/n01784675/n01784675_2224.JPEG,79,centipede
train/n01784675/n01784675_7248.JPEG,79,centipede
train/n01784675/n01784675_3852.JPEG,79,centipede
train/n01784675/n01784675_25779.JPEG,79,centipede
train/n01784675/n01784675_2207.JPEG,79,centipede
train/n01784675/n01784675_13221.JPEG,79,centipede
train/n01784675/n01784675_7482.JPEG,79,centipede
train/n01784675/n01784675_5701.JPEG,79,centipede
train/n01784675/n01784675_22851.JPEG,79,centipede
train/n01784675/n01784675_20383.JPEG,79,centipede
train/n01784675/n01784675_15662.JPEG,79,centipede
train/n01784675/n01784675_7520.JPEG,79,centipede
train/n01784675/n01784675_2637.JPEG,79,centipede
train/n01784675/n01784675_14125.JPEG,79,centipede
train/n01784675/n01784675_18607.JPEG,79,centipede
train/n01784675/n01784675_186.JPEG,79,centipede
train/n01795545/n01795545_6290.JPEG,80,black grouse
train/n01795545/n01795545_9845.JPEG,80,black grouse
train/n01795545/n01795545_17836.JPEG,80,black grouse
train/n01795545/n01795545_5354.JPEG,80,black grouse
train/n01795545/n01795545_17320.JPEG,80,black grouse
train/n01795545/n01795545_15758.JPEG,80,black grouse
train/n01795545/n01795545_6854.JPEG,80,black grouse
train/n01795545/n01795545_4563.JPEG,80,black grouse
train/n01795545/n01795545_10265.JPEG,80,black grouse
train/n01795545/n01795545_8518.JPEG,80,black grouse
train/n01795545/n01795545_6481.JPEG,80,black grouse
train/n01795545/n01795545_13459.JPEG,80,black grouse
train/n01795545/n01795545_9338.JPEG,80,black grouse
train/n01795545/n01795545_8803.JPEG,80,black grouse
train/n01795545/n01795545_14177.JPEG,80,black grouse
train/n01795545/n01795545_6526.JPEG,80,black grouse
train/n01796340/n01796340_14616.JPEG,81,ptarmigan
train/n01796340/n01796340_4189.JPEG,81,ptarmigan
train/n01796340/n01796340_20771.JPEG,81,ptarmigan
train/n01796340/n01796340_10187.JPEG,81,ptarmigan
train/n01796340/n01796340_8285.JPEG,81,ptarmigan
train/n01796340/n01796340_10659.JPEG,81,ptarmigan
train/n01796340/n01796340_9571.JPEG,81,ptarmigan
train/n01796340/n01796340_8210.JPEG,81,ptarmigan
train/n01796340/n01796340_11217.JPEG,81,ptarmigan
train/n01796340/n01796340_128.JPEG,81,ptarmigan
train/n01796340/n01796340_26049.JPEG,81,ptarmigan
train/n01796340/n01796340_6848.JPEG,81,ptarmigan
train/n01796340/n01796340_7335.JPEG,81,ptarmigan
train/n01796340/n01796340_13648.JPEG,81,ptarmigan
train/n01796340/n01796340_16539.JPEG,81,ptarmigan
train/n01796340/n01796340_1335.JPEG,81,ptarmigan
train/n01797886/n01797886_4250.JPEG,82,ruffed grouse
train/n01797886/n01797886_12627.JPEG,82,ruffed grouse
train/n01797886/n01797886_16504.JPEG,82,ruffed grouse
train/n01797886/n01797886_315.JPEG,82,ruffed grouse
train/n01797886/n01797886_21117.JPEG,82,ruffed grouse
train/n01797886/n01797886_9794.JPEG,82,ruffed grouse
train/n01797886/n01797886_26548.JPEG,82,ruffed grouse
train/n01797886/n01797886_4990.JPEG,82,ruffed grouse
train/n01797886/n01797886_14226.JPEG,82,ruffed grouse
train/n01797886/n01797886_3235.JPEG,82,ruffed grouse
train/n01797886/n01797886_18469.JPEG,82,ruffed grouse
train/n01797886/n01797886_5568.JPEG,82,ruffed grouse
train/n01797886/n01797886_27245.JPEG,82,ruffed grouse
train/n01797886/n01797886_10718.JPEG,82,ruffed grouse
train/n01797886/n01797886_14678.JPEG,82,ruffed grouse
train/n01797886/n01797886_4240.JPEG,82,ruffed grouse
train/n01798484/n01798484_15356.JPEG,83,prairie grouse
train/n01798484/n01798484_10170.JPEG,83,prairie grouse
train/n01798484/n01798484_16060.JPEG,83,prairie grouse
train/n01798484/n01798484_2098.JPEG,83,prairie grouse
train/n01798484/n01798484_2447.JPEG,83,prairie grouse
train/n01798484/n01798484_6244.JPEG,83,prairie grouse
train/n01798484/n01798484_15165.JPEG,83,prairie grouse
train/n01798484/n01798484_4254.JPEG,83,prairie grouse
train/n01798484/n01798484_9730.JPEG,83,prairie grouse
train/n01798484/n01798484_481.JPEG,83,prairie grouse
train/n01798484/n01798484_8292.JPEG,83,prairie grouse
train/n01798484/n01798484_4717.JPEG,83,prairie grouse
train/n01798484/n01798484_7792.JPEG,83,prairie grouse
train/n01798484/n01798484_9891.JPEG,83,prairie grouse
train/n01798484/n01798484_20678.JPEG,83,prairie grouse
train/n01798484/n01798484_6356.JPEG,83,prairie grouse
train/n01806143/n01806143_6083.JPEG,84,peafowl
train/n01806143/n01806143_59134.JPEG,84,peafowl
train/n01806143/n01806143_3531.JPEG,84,peafowl
train/n01806143/n01806143_10373.JPEG,84,peafowl
train/n01806143/n01806143_12075.JPEG,84,peafowl
train/n01806143/n01806143_53003.JPEG,84,peafowl
train/n01806143/n01806143_193.JPEG,84,peafowl
train/n01806143/n01806143_10841.JPEG,84,peafowl
train/n01806143/n01806143_11949.JPEG,84,peafowl
train/n01806143/n01806143_4004.JPEG,84,peafowl
train/n01806143/n01806143_10005.JPEG,84,peafowl
train/n01806143/n01806143_35598.JPEG,84,peafowl
train/n01806143/n01806143_1685.JPEG,84,peafowl
train/n01806143/n01806143_4921.JPEG,84,peafowl
train/n01806143/n01806143_3428.JPEG,84,peafowl
train/n01806143/n01806143_4303.JPEG,84,peafowl
train/n01806567/n01806567_12162.JPEG,85,quail
train/n01806567/n01806567_446.JPEG,85,quail
train/n01806567/n01806567_4202.JPEG,85,quail
train/n01806567/n01806567_10273.JPEG,85,quail
train/n01806567/n01806567_4026.JPEG,85,quail
train/n01806567/n01806567_2519.JPEG,85,quail
train/n01806567/n01806567_6956.JPEG,85,quail
train/n01806567/n01806567_10076.JPEG,85,quail
train/n01806567/n01806567_3501.JPEG,85,quail
train/n01806567/n01806567_14403.JPEG,85,quail
train/n01806567/n01806567_6006.JPEG,85,quail
train/n01806567/n01806567_15017.JPEG,85,quail
train/n01806567/n01806567_19514.JPEG,85,quail
train/n01806567/n01806567_3208.JPEG,85,quail
train/n01806567/n01806567_2850.JPEG,85,quail
train/n01806567/n01806567_14557.JPEG,85,quail
train/n01807496/n01807496_5122.JPEG,86,partridge
train/n01807496/n01807496_28185.JPEG,86,partridge
train/n01807496/n01807496_5301.JPEG,86,partridge
train/n01807496/n01807496_14866.JPEG,86,partridge
train/n01807496/n01807496_23986.JPEG,86,partridge
train/n01807496/n01807496_5396.JPEG,86,partridge
train/n01807496/n01807496_15582.JPEG,86,partridge
train/n01807496/n01807496_19914.JPEG,86,partridge
train/n01807496/n01807496_388.JPEG,86,partridge
train/n01807496/n01807496_2209.JPEG,86,partridge
train/n01807496/n01807496_19445.JPEG,86,partridge
train/n01807496/n01807496_21910.JPEG,86,partridge
train/n01807496/n01807496_25683.JPEG,86,partridge
train/n01807496/n01807496_362.JPEG,86,partridge
train/n01807496/n01807496_21054.JPEG,86,partridge
train/n01807496/n01807496_7048.JPEG,86,partridge
train/n01817953/n01817953_2685.JPEG,87,african grey parrot
train/n01817953/n01817953_7556.JPEG,87,african grey parrot
train/n01817953/n01817953_11449.JPEG,87,african grey parrot
train/n01817953/n01817953_1600.JPEG,87,african grey parrot
train/n01817953/n01817953_2043.JPEG,87,african grey parrot
train/n01817953/n01817953_7011.JPEG,87,african grey parrot
train/n01817953/n01817953_9020.JPEG,87,african grey parrot
train/n01817953/n01817953_2172.JPEG,87,african grey parrot
train/n01817953/n01817953_4898.JPEG,87,african grey parrot
train/n01817953/n01817953_39243.JPEG,87,african grey parrot
train/n01817953/n01817953_12356.JPEG,87,african grey parrot
train/n01817953/n01817953_11914.JPEG,87,african grey parrot
train/n01817953/n01817953_549.JPEG,87,african grey parrot
train/n01817953/n01817953_12030.JPEG,87,african grey parrot
train/n01817953/n01817953_6711.JPEG,87,african grey parrot
train/n01817953/n01817953_129.JPEG,87,african grey parrot
train/n01818515/n01818515_5705.JPEG,88,macaw
train/n01818515/n01818515_7458.JPEG,88,macaw
train/n01818515/n01818515_22927.JPEG,88,macaw
train/n01818515/n01818515_5950.JPEG,88,macaw
train/n01818515/n01818515_34923.JPEG,88,macaw
train/n01818515/n01818515_43412.JPEG,88,macaw
train/n01818515/n01818515_240.JPEG,88,macaw
train/n01818515/n01818515_8319.JPEG,88,macaw
train/n01818515/n01818515_6736.JPEG,88,macaw
train/n01818515/n01818515_289.JPEG,88,macaw
train/n01818515/n01818515_1619.JPEG,88,macaw
train/n01818515/n01818515_2961.JPEG,88,macaw
train/n01818515/n01818515_3528.JPEG,88,macaw
train/n01818515/n01818515_5733.JPEG,88,macaw
train/n01818515/n01818515_24755.JPEG,88,macaw
train/n01818515/n01818515_5289.JPEG,88,macaw
train/n01819313/n01819313_2814.JPEG,89,sulphur-crested cockatoo
train/n01819313/n01819313_783.JPEG,89,sulphur-crested cockatoo
train/n01819313/n01819313_3486.JPEG,89,sulphur-crested cockatoo
train/n01819313/n01819313_2580.JPEG,89,sulphur-crested cockatoo
train/n01819313/n01819313_6509.JPEG,89,sulphur-crested cockatoo
train/n01819313/n01819313_4854.JPEG,89,sulphur-crested cockatoo
train/n01819313/n01819313_10849.JPEG,89,sulphur-crested cockatoo
train/n01819313/n01819313_4760.JPEG,89,sulphur-crested cockatoo
train/n01819313/n01819313_4386.JPEG,89,sulphur-crested cockatoo
train/n01819313/n01819313_4123.JPEG,89,sulphur-crested cockatoo
train/n01819313/n01819313_443.JPEG,89,sulphur-crested cockatoo
train/n01819313/n01819313_6687.JPEG,89,sulphur-crested cockatoo
train/n01819313/n01819313_6921.JPEG,89,sulphur-crested cockatoo
train/n01819313/n01819313_1272.JPEG,89,sulphur-crested cockatoo
train/n01819313/n01819313_6180.JPEG,89,sulphur-crested cockatoo
train/n01819313/n01819313_1158.JPEG,89,sulphur-crested cockatoo
train/n01820546/n01820546_6431.JPEG,90,lorikeet
train/n01820546/n01820546_12774.JPEG,90,lorikeet
train/n01820546/n01820546_1157.JPEG,90,lorikeet
train/n01820546/n01820546_3004.JPEG,90,lorikeet
train/n01820546/n01820546_317.JPEG,90,lorikeet
train/n01820546/n01820546_829.JPEG,90,lorikeet
train/n01820546/n01820546_5650.JPEG,90,lorikeet
train/n01820546/n01820546_4640.JPEG,90,lorikeet
train/n01820546/n01820546_578.JPEG,90,lorikeet
train/n01820546/n01820546_3346.JPEG,90,lorikeet
train/n01820546/n01820546_3738.JPEG,90,lorikeet
train/n01820546/n01820546_6637.JPEG,90,lorikeet
train/n01820546/n01820546_3818.JPEG,90,lorikeet
train/n01820546/n01820546_5986.JPEG,90,lorikeet
train/n01820546/n01820546_756.JPEG,90,lorikeet
train/n01820546/n01820546_1131.JPEG,90,lorikeet
train/n01824575/n01824575_2307.JPEG,91,coucal
train/n01824575/n01824575_3394.JPEG,91,coucal
train/n01824575/n01824575_5516.JPEG,91,coucal
train/n01824575/n01824575_8036.JPEG,91,coucal
train/n01824575/n01824575_3957.JPEG,91,coucal
train/n01824575/n01824575_9287.JPEG,91,coucal
train/n01824575/n01824575_9654.JPEG,91,coucal
train/n01824575/n01824575_8490.JPEG,91,coucal
train/n01824575/n01824575_3045.JPEG,91,coucal
train/n01824575/n01824575_2852.JPEG,91,coucal
train/n01824575/n01824575_8598.JPEG,91,coucal
train/n01824575/n01824575_4930.JPEG,91,coucal
train/n01824575/n01824575_1348.JPEG,91,coucal
train/n01824575/n01824575_5745.JPEG,91,coucal
train/n01824575/n01824575_3249.JPEG,91,coucal
train/n01824575/n01824575_2061.JPEG,91,coucal
train/n01828970/n01828970_652.JPEG,92,bee eater
train/n01828970/n01828970_24604.JPEG,92,bee eater
train/n01828970/n01828970_6866.JPEG,92,bee eater
train/n01828970/n01828970_4889.JPEG,92,bee eater
train/n01828970/n01828970_9604.JPEG,92,bee eater
train/n01828970/n01828970_5737.JPEG,92,bee eater
train/n01828970/n01828970_8031.JPEG,92,bee eater
train/n01828970/n01828970_6847.JPEG,92,bee eater
train/n01828970/n01828970_3680.JPEG,92,bee eater
train/n01828970/n01828970_6189.JPEG,92,bee eater
train/n01828970/n01828970_500.JPEG,92,bee eater
train/n01828970/n01828970_8905.JPEG,92,bee eater
train/n01828970/n01828970_10679.JPEG,92,bee eater
train/n01828970/n01828970_4857.JPEG,92,bee eater
train/n01828970/n01828970_7329.JPEG,92,bee eater
train/n01828970/n01828970_433.JPEG,92,bee eater
train/n01829413/n01829413_5279.JPEG,93,hornbill
train/n01829413/n01829413_1159.JPEG,93,hornbill
train/n01829413/n01829413_1568.JPEG,93,hornbill
train/n01829413/n01829413_9121.JPEG,93,hornbill
train/n01829413/n01829413_10629.JPEG,93,hornbill
train/n01829413/n01829413_4611.JPEG,93,hornbill
train/n01829413/n01829413_14176.JPEG,93,hornbill
train/n01829413/n01829413_14583.JPEG,93,hornbill
train/n01829413/n01829413_2696.JPEG,93,hornbill
train/n01829413/n01829413_8463.JPEG,93,hornbill
train/n01829413/n01829413_2375.JPEG,93,hornbill
train/n01829413/n01829413_9032.JPEG,93,hornbill
train/n01829413/n01829413_839.JPEG,93,hornbill
train/n01829413/n01829413_8791.JPEG,93,hornbill
train/n01829413/n01829413_3039.JPEG,93,hornbill
train/n01829413/n01829413_842.JPEG,93,hornbill
train/n01833805/n01833805_13823.JPEG,94,hummingbird
train/n01833805/n01833805_6713.JPEG,94,hummingbird
train/n01833805/n01833805_9401.JPEG,94,hummingbird
train/n01833805/n01833805_21573.JPEG,94,hummingbird
train/n01833805/n01833805_7856.JPEG,94,hummingbird
train/n01833805/n01833805_2192.JPEG,94,hummingbird
train/n01833805/n01833805_9027.JPEG,94,hummingbird
train/n01833805/n01833805_9013.JPEG,94,hummingbird
train/n01833805/n01833805_33063.JPEG,94,hummingbird
train/n01833805/n01833805_2061.JPEG,94,hummingbird
train/n01833805/n01833805_7190.JPEG,94,hummingbird
train/n01833805/n01833805_4243.JPEG,94,hummingbird
train/n01833805/n01833805_9777.JPEG,94,hummingbird
train/n01833805/n01833805_9052.JPEG,94,hummingbird
train/n01833805/n01833805_6312.JPEG,94,hummingbird
train/n01833805/n01833805_169.JPEG,94,hummingbird
train/n01843065/n01843065_2202.JPEG,95,jacamar
train/n01843065/n01843065_8687.JPEG,95,jacamar
train/n01843065/n01843065_5119.JPEG,95,jacamar
train/n01843065/n01843065_9934.JPEG,95,jacamar
train/n01843065/n01843065_1433.JPEG,95,jacamar
train/n01843065/n01843065_991.JPEG,95,jacamar
train/n01843065/n01843065_5239.JPEG,95,jacamar
train/n01843065/n01843065_3062.JPEG,95,jacamar
train/n01843065/n01843065_6996.JPEG,95,jacamar
train/n01843065/n01843065_261.JPEG,95,jacamar
train/n01843065/n01843065_915.JPEG,95,jacamar
train/n01843065/n01843065_10311.JPEG,95,jacamar
train/n01843065/n01843065_1369.JPEG,95,jacamar
train/n01843065/n01843065_6413.JPEG,95,jacamar
train/n01843065/n01843065_4484.JPEG,95,jacamar
train/n01843065/n01843065_3029.JPEG,95,jacamar
train/n01843383/n01843383_8474.JPEG,96,toucan
train/n01843383/n01843383_5974.JPEG,96,toucan
train/n01843383/n01843383_11303.JPEG,96,toucan
train/n01843383/n01843383_2792.JPEG,96,toucan
train/n01843383/n01843383_2335.JPEG,96,toucan
train/n01843383/n01843383_4481.JPEG,96,toucan
train/n01843383/n01843383_6220.JPEG,96,toucan
train/n01843383/n01843383_1803.JPEG,96,toucan
train/n01843383/n01843383_7618.JPEG,96,toucan
train/n01843383/n01843383_5786.JPEG,96,toucan
train/n01843383/n01843383_1689.JPEG,96,toucan
train/n01843383/n01843383_8630.JPEG,96,toucan
train/n01843383/n01843383_2852.JPEG,96,toucan
train/n01843383/n01843383_10931.JPEG,96,toucan
train/n01843383/n01843383_9596.JPEG,96,toucan
train/n01843383/n01843383_7675.JPEG,96,toucan
train/n01847000/n01847000_9705.JPEG,97,duck
train/n01847000/n01847000_38331.JPEG,97,duck
train/n01847000/n01847000_4265.JPEG,97,duck
train/n01847000/n01847000_9080.JPEG,97,duck
train/n01847000/n01847000_5636.JPEG,97,duck
train/n01847000/n01847000_13896.JPEG,97,duck
train/n01847000/n01847000_12720.JPEG,97,duck
train/n01847000/n01847000_13030.JPEG,97,duck
train/n01847000/n01847000_2670.JPEG,97,duck
train/n01847000/n01847000_1053.JPEG,97,duck
train/n01847000/n01847000_15145.JPEG,97,duck
train/n01847000/n01847000_6261.JPEG,97,duck
train/n01847000/n01847000_7571.JPEG,97,duck
train/n01847000/n01847000_2797.JPEG,97,duck
train/n01847000/n01847000_5665.JPEG,97,duck
train/n01847000/n01847000_13554.JPEG,97,duck
train/n01855032/n01855032_8772.JPEG,98,red-breasted merganser
train/n01855032/n01855032_3466.JPEG,98,red-breasted merganser
train/n01855032/n01855032_1146.JPEG,98,red-breasted merganser
train/n01855032/n01855032_5500.JPEG,98,red-breasted merganser
train/n01855032/n01855032_2340.JPEG,98,red-breasted merganser
train/n01855032/n01855032_7480.JPEG,98,red-breasted merganser
train/n01855032/n01855032_3381.JPEG,98,red-breasted merganser
train/n01855032/n01855032_2806.JPEG,98,red-breasted merganser
train/n01855032/n01855032_982.JPEG,98,red-breasted merganser
train/n01855032/n01855032_7343.JPEG,98,red-breasted merganser
train/n01855032/n01855032_6454.JPEG,98,red-breasted merganser
train/n01855032/n01855032_2745.JPEG,98,red-breasted merganser
train/n01855032/n01855032_8125.JPEG,98,red-breasted merganser
train/n01855032/n01855032_434.JPEG,98,red-breasted merganser
train/n01855032/n01855032_1288.JPEG,98,red-breasted merganser
train/n01855032/n01855032_3790.JPEG,98,red-breasted merganser
train/n01855672/n01855672_6012.JPEG,99,goose
train/n01855672/n01855672_2728.JPEG,99,goose
train/n01855672/n01855672_7788.JPEG,99,goose
train/n01855672/n01855672_7420.JPEG,99,goose
train/n01855672/n01855672_11790.JPEG,99,goose
train/n01855672/n01855672_1977.JPEG,99,goose
train/n01855672/n01855672_9358.JPEG,99,goose
train/n01855672/n01855672_5450.JPEG,99,goose
train/n01855672/n01855672_13511.JPEG,99,goose
train/n01855672/n01855672_11447.JPEG,99,goose
train/n01855672/n01855672_1951.JPEG,99,goose
train/n01855672/n01855672_1760.JPEG,99,goose
train/n01855672/n01855672_15344.JPEG,99,goose
train/n01855672/n01855672_12695.JPEG,99,goose
train/n01855672/n01855672_15124.JPEG,99,goose
train/n01855672/n01855672_7542.JPEG,99,goose
train/n01860187/n01860187_313.JPEG,100,black swan
train/n01860187/n01860187_24570.JPEG,100,black swan
train/n01860187/n01860187_16099.JPEG,100,black swan
train/n01860187/n01860187_1738.JPEG,100,black swan
train/n01860187/n01860187_1923.JPEG,100,black swan
train/n01860187/n01860187_399.JPEG,100,black swan
train/n01860187/n01860187_402.JPEG,100,black swan
train/n01860187/n01860187_9272.JPEG,100,black swan
train/n01860187/n01860187_38598.JPEG,100,black swan
train/n01860187/n01860187_31649.JPEG,100,black swan
train/n01860187/n01860187_2343.JPEG,100,black swan
train/n01860187/n01860187_15118.JPEG,100,black swan
train/n01860187/n01860187_435.JPEG,100,black swan
train/n01860187/n01860187_1747.JPEG,100,black swan
train/n01860187/n01860187_21288.JPEG,100,black swan
train/n01860187/n01860187_557.JPEG,100,black swan
train/n01871265/n01871265_6548.JPEG,101,tusker
train/n01871265/n01871265_7962.JPEG,101,tusker
train/n01871265/n01871265_3409.JPEG,101,tusker
train/n01871265/n01871265_6158.JPEG,101,tusker
train/n01871265/n01871265_6130.JPEG,101,tusker
train/n01871265/n01871265_13073.JPEG,101,tusker
train/n01871265/n01871265_84.JPEG,101,tusker
train/n01871265/n01871265_3661.JPEG,101,tusker
train/n01871265/n01871265_6607.JPEG,101,tusker
train/n01871265/n01871265_1286.JPEG,101,tusker
train/n01871265/n01871265_1192.JPEG,101,tusker
train/n01871265/n01871265_6135.JPEG,101,tusker
train/n01871265/n01871265_7352.JPEG,101,tusker
train/n01871265/n01871265_1585.JPEG,101,tusker
train/n01871265/n01871265_2141.JPEG,101,tusker
train/n01871265/n01871265_6710.JPEG,101,tusker
train/n01872401/n01872401_1724.JPEG,102,echidna
train/n01872401/n01872401_4407.JPEG,102,echidna
train/n01872401/n01872401_3513.JPEG,102,echidna
train/n01872401/n01872401_14607.JPEG,102,echidna
train/n01872401/n01872401_3138.JPEG,102,echidna
train/n01872401/n01872401_4277.JPEG,102,echidna
train/n01872401/n01872401_2692.JPEG,102,echidna
train/n01872401/n01872401_11114.JPEG,102,echidna
train/n01872401/n01872401_1220.JPEG,102,echidna
train/n01872401/n01872401_7026.JPEG,102,echidna
train/n01872401/n01872401_7787.JPEG,102,echidna
train/n01872401/n01872401_38954.JPEG,102,echidna
train/n01872401/n01872401_8585.JPEG,102,echidna
train/n01872401/n01872401_7127.JPEG,102,echidna
train/n01872401/n01872401_1740.JPEG,102,echidna
train/n01872401/n01872401_2897.JPEG,102,echidna
train/n01873310/n01873310_8836.JPEG,103,platypus
train/n01873310/n01873310_8477.JPEG,103,platypus
train/n01873310/n01873310_6905.JPEG,103,platypus
train/n01873310/n01873310_1696.JPEG,103,platypus
train/n01873310/n01873310_3800.JPEG,103,platypus
train/n01873310/n01873310_3929.JPEG,103,platypus
train/n01873310/n01873310_13403.JPEG,103,platypus
train/n01873310/n01873310_4702.JPEG,103,platypus
train/n01873310/n01873310_30549.JPEG,103,platypus
train/n01873310/n01873310_56309.JPEG,103,platypus
train/n01873310/n01873310_528.JPEG,103,platypus
train/n01873310/n01873310_10536.JPEG,103,platypus
train/n01873310/n01873310_2232.JPEG,103,platypus
train/n01873310/n01873310_6001.JPEG,103,platypus
train/n01873310/n01873310_7678.JPEG,103,platypus
train/n01873310/n01873310_26519.JPEG,103,platypus
train/n01877812/n01877812_4289.JPEG,104,wallaby
train/n01877812/n01877812_7757.JPEG,104,wallaby
train/n01877812/n01877812_922.JPEG,104,wallaby
train/n01877812/n01877812_9706.JPEG,104,wallaby
train/n01877812/n01877812_31.JPEG,104,wallaby
train/n01877812/n01877812_7837.JPEG,104,wallaby
train/n01877812/n01877812_3649.JPEG,104,wallaby
train/n01877812/n01877812_7593.JPEG,104,wallaby
train/n01877812/n01877812_4959.JPEG,104,wallaby
train/n01877812/n01877812_2735.JPEG,104,wallaby
train/n01877812/n01877812_3639.JPEG,104,wallaby
train/n01877812/n01877812_6716.JPEG,104,wallaby
train/n01877812/n01877812_10731.JPEG,104,wallaby
train/n01877812/n01877812_9563.JPEG,104,wallaby
train/n01877812/n01877812_239.JPEG,104,wallaby
train/n01877812/n01877812_9122.JPEG,104,wallaby
train/n01882714/n01882714_5488.JPEG,105,koala
train/n01882714/n01882714_21987.JPEG,105,koala
train/n01882714/n01882714_19034.JPEG,105,koala
train/n01882714/n01882714_15056.JPEG,105,koala
train/n01882714/n01882714_17883.JPEG,105,koala
train/n01882714/n01882714_33739.JPEG,105,koala
train/n01882714/n01882714_50593.JPEG,105,koala
train/n01882714/n01882714_2157.JPEG,105,koala
train/n01882714/n01882714_11312.JPEG,105,koala
train/n01882714/n01882714_25505.JPEG,105,koala
train/n01882714/n01882714_18206.JPEG,105,koala
train/n01882714/n01882714_1988.JPEG,105,koala
train/n01882714/n01882714_25155.JPEG,105,koala
train/n01882714/n01882714_8835.JPEG,105,koala
train/n01882714/n01882714_1641.JPEG,105,koala
train/n01882714/n01882714_38066.JPEG,105,koala
train/n01883070/n01883070_3127.JPEG,106,wombat
train/n01883070/n01883070_8632.JPEG,106,wombat
train/n01883070/n01883070_1903.JPEG,106,wombat
train/n01883070/n01883070_6376.JPEG,106,wombat
train/n01883070/n01883070_15758.JPEG,106,wombat
train/n01883070/n01883070_22280.JPEG,106,wombat
train/n01883070/n01883070_6179.JPEG,106,wombat
train/n01883070/n01883070_543.JPEG,106,wombat
train/n01883070/n01883070_7866.JPEG,106,wombat
train/n01883070/n01883070_8264.JPEG,106,wombat
train/n01883070/n01883070_3403.JPEG,106,wombat
train/n01883070/n01883070_667.JPEG,106,wombat
train/n01883070/n01883070_1647.JPEG,106,wombat
train/n01883070/n01883070_3044.JPEG,106,wombat
train/n01883070/n01883070_2883.JPEG,106,wombat
train/n01883070/n01883070_7328.JPEG,106,wombat
train/n01910747/n01910747_13826.JPEG,107,jellyfish
train/n01910747/n01910747_10235.JPEG,107,jellyfish
train/n01910747/n01910747_5369.JPEG,107,jellyfish
train/n01910747/n01910747_1702.JPEG,107,jellyfish
train/n01910747/n01910747_9627.JPEG,107,jellyfish
train/n01910747/n01910747_8430.JPEG,107,jellyfish
train/n01910747/n01910747_10044.JPEG,107,jellyfish
train/n01910747/n01910747_4078.JPEG,107,jellyfish
train/n01910747/n01910747_9341.JPEG,107,jellyfish
train/n01910747/n01910747_8455.JPEG,107,jellyfish
train/n01910747/n01910747_9815.JPEG,107,jellyfish
train/n01910747/n01910747_751.JPEG,107,jellyfish
train/n01910747/n01910747_27.JPEG,107,jellyfish
train/n01910747/n01910747_21008.JPEG,107,jellyfish
train/n01910747/n01910747_1585.JPEG,107,jellyfish
train/n01910747/n01910747_16545.JPEG,107,jellyfish
train/n01914609/n01914609_5161.JPEG,108,sea anemone
train/n01914609/n01914609_5738.JPEG,108,sea anemone
train/n01914609/n01914609_3602.JPEG,108,sea anemone
train/n01914609/n01914609_3948.JPEG,108,sea anemone
train/n01914609/n01914609_4197.JPEG,108,sea anemone
train/n01914609/n01914609_261.JPEG,108,sea anemone
train/n01914609/n01914609_834.JPEG,108,sea anemone
train/n01914609/n01914609_10217.JPEG,108,sea anemone
train/n01914609/n01914609_5041.JPEG,108,sea anemone
train/n01914609/n01914609_7427.JPEG,108,sea anemone
train/n01914609/n01914609_6513.JPEG,108,sea anemone
train/n01914609/n01914609_3620.JPEG,108,sea anemone
train/n01914609/n01914609_7630.JPEG,108,sea anemone
train/n01914609/n01914609_4345.JPEG,108,sea anemone
train/n01914609/n01914609_17655.JPEG,108,sea anemone
train/n01914609/n01914609_2650.JPEG,108,sea anemone
train/n01917289/n01917289_4922.JPEG,109,brain coral
train/n01917289/n01917289_4431.JPEG,109,brain coral
train/n01917289/n01917289_3432.JPEG,109,brain coral
train/n01917289/n01917289_105.JPEG,109,brain coral
train/n01917289/n01917289_3978.JPEG,109,brain coral
train/n01917289/n01917289_661.JPEG,109,brain coral
train/n01917289/n01917289_1581.JPEG,109,brain coral
train/n01917289/n01917289_2561.JPEG,109,brain coral
train/n01917289/n01917289_2971.JPEG,109,brain coral
train/n01917289/n01917289_2124.JPEG,109,brain coral
train/n01917289/n01917289_4923.JPEG,109,brain coral
train/n01917289/n01917289_2430.JPEG,109,brain coral
train/n01917289/n01917289_1994.JPEG,109,brain coral
train/n01917289/n01917289_4842.JPEG,109,brain coral
train/n01917289/n01917289_584.JPEG,109,brain coral
train/n01917289/n01917289_5021.JPEG,109,brain coral
train/n01924916/n01924916_7771.JPEG,110,flatworm
train/n01924916/n01924916_6897.JPEG,110,flatworm
train/n01924916/n01924916_7336.JPEG,110,flatworm
train/n01924916/n01924916_8819.JPEG,110,flatworm
train/n01924916/n01924916_6988.JPEG,110,flatworm
train/n01924916/n01924916_3056.JPEG,110,flatworm
train/n01924916/n01924916_9522.JPEG,110,flatworm
train/n01924916/n01924916_4856.JPEG,110,flatworm
train/n01924916/n01924916_6661.JPEG,110,flatworm
train/n01924916/n01924916_13838.JPEG,110,flatworm
train/n01924916/n01924916_6141.JPEG,110,flatworm
train/n01924916/n01924916_4424.JPEG,110,flatworm
train/n01924916/n01924916_6963.JPEG,110,flatworm
train/n01924916/n01924916_9651.JPEG,110,flatworm
train/n01924916/n01924916_10177.JPEG,110,flatworm
train/n01924916/n01924916_16365.JPEG,110,flatworm
train/n01930112/n01930112_3606.JPEG,111,nematode
train/n01930112/n01930112_6703.JPEG,111,nematode
train/n01930112/n01930112_9657.JPEG,111,nematode
train/n01930112/n01930112_7580.JPEG,111,nematode
train/n01930112/n01930112_14659.JPEG,111,nematode
train/n01930112/n01930112_12940.JPEG,111,nematode
train/n01930112/n01930112_24206.JPEG,111,nematode
train/n01930112/n01930112_12645.JPEG,111,nematode
train/n01930112/n01930112_8754.JPEG,111,nematode
train/n01930112/n01930112_11241.JPEG,111,nematode
train/n01930112/n01930112_2611.JPEG,111,nematode
train/n01930112/n01930112_12192.JPEG,111,nematode
train/n01930112/n01930112_16146.JPEG,111,nematode
train/n01930112/n01930112_17078.JPEG,111,nematode
train/n01930112/n01930112_18616.JPEG,111,nematode
train/n01930112/n01930112_8425.JPEG,111,nematode
train/n01943899/n01943899_2347.JPEG,112,conch
train/n01943899/n01943899_17562.JPEG,112,conch
train/n01943899/n01943899_550.JPEG,112,conch
train/n01943899/n01943899_25276.JPEG,112,conch
train/n01943899/n01943899_14054.JPEG,112,conch
train/n01943899/n01943899_29691.JPEG,112,conch
train/n01943899/n01943899_35890.JPEG,112,conch
train/n01943899/n01943899_15249.JPEG,112,conch
train/n01943899/n01943899_34309.JPEG,112,conch
train/n01943899/n01943899_408.JPEG,112,conch
train/n01943899/n01943899_989.JPEG,112,conch
train/n01943899/n01943899_12013.JPEG,112,conch
train/n01943899/n01943899_2570.JPEG,112,conch
train/n01943899/n01943899_13001.JPEG,112,conch
train/n01943899/n01943899_20708.JPEG,112,conch
train/n01943899/n01943899_691.JPEG,112,conch
train/n01944390/n01944390_6511.JPEG,113,snail
train/n01944390/n01944390_1704.JPEG,113,snail
train/n01944390/n01944390_90.JPEG,113,snail
train/n01944390/n01944390_3238.JPEG,113,snail
train/n01944390/n01944390_17664.JPEG,113,snail
train/n01944390/n01944390_2042.JPEG,113,snail
train/n01944390/n01944390_13280.JPEG,113,snail
train/n01944390/n01944390_18511.JPEG,113,snail
train/n01944390/n01944390_13415.JPEG,113,snail
train/n01944390/n01944390_1174.JPEG,113,snail
train/n01944390/n01944390_14890.JPEG,113,snail
train/n01944390/n01944390_312.JPEG,113,snail
train/n01944390/n01944390_16938.JPEG,113,snail
train/n01944390/n01944390_924.JPEG,113,snail
train/n01944390/n01944390_19721.JPEG,113,snail
train/n01944390/n01944390_10908.JPEG,113,snail
train/n01945685/n01945685_10236.JPEG,114,slug
train/n01945685/n01945685_12616.JPEG,114,slug
train/n01945685/n01945685_9266.JPEG,114,slug
train/n01945685/n01945685_22736.JPEG,114,slug
train/n01945685/n01945685_4458.JPEG,114,slug
train/n01945685/n01945685_3002.JPEG,114,slug
train/n01945685/n01945685_10560.JPEG,114,slug
train/n01945685/n01945685_6355.JPEG,114,slug
train/n01945685/n01945685_12882.JPEG,114,slug
train/n01945685/n01945685_9306.JPEG,114,slug
train/n01945685/n01945685_715.JPEG,114,slug
train/n01945685/n01945685_3598.JPEG,114,slug
train/n01945685/n01945685_12352.JPEG,114,slug
train/n01945685/n01945685_2322.JPEG,114,slug
train/n01945685/n01945685_8511.JPEG,114,slug
train/n01945685/n01945685_4970.JPEG,114,slug
train/n01950731/n01950731_1445.JPEG,115,sea slug
train/n01950731/n01950731_15986.JPEG,115,sea slug
train/n01950731/n01950731_13428.JPEG,115,sea slug
train/n01950731/n01950731_5821.JPEG,115,sea slug
train/n01950731/n01950731_13457.JPEG,115,sea slug
train/n01950731/n01950731_8812.JPEG,115,sea slug
train/n01950731/n01950731_13350.JPEG,115,sea slug
train/n01950731/n01950731_12033.JPEG,115,sea slug
train/n01950731/n01950731_23920.JPEG,115,sea slug
train/n01950731/n01950731_21425.JPEG,115,sea slug
train/n01950731/n01950731_18326.JPEG,115,sea slug
train/n01950731/n01950731_21229.JPEG,115,sea slug
train/n01950731/n01950731_14224.JPEG,115,sea slug
train/n01950731/n01950731_17987.JPEG,115,sea slug
train/n01950731/n01950731_23830.JPEG,115,sea slug
train/n01950731/n01950731_2097.JPEG,115,sea slug
train/n01955084/n01955084_10162.JPEG,116,chiton
train/n01955084/n01955084_9523.JPEG,116,chiton
train/n01955084/n01955084_4183.JPEG,116,chiton
train/n01955084/n01955084_8665.JPEG,116,chiton
train/n01955084/n01955084_5166.JPEG,116,chiton
train/n01955084/n01955084_8178.JPEG,116,chiton
train/n01955084/n01955084_2202.JPEG,116,chiton
train/n01955084/n01955084_9864.JPEG,116,chiton
train/n01955084/n01955084_22282.JPEG,116,chiton
train/n01955084/n01955084_7525.JPEG,116,chiton
train/n01955084/n01955084_6589.JPEG,116,chiton
train/n01955084/n01955084_8133.JPEG,116,chiton
train/n01955084/n01955084_3231.JPEG,116,chiton
train/n01955084/n01955084_8102.JPEG,116,chiton
train/n01955084/n01955084_8447.JPEG,116,chiton
train/n01955084/n01955084_9169.JPEG,116,chiton
train/n01968897/n01968897_4233.JPEG,117,chambered nautilus
train/n01968897/n01968897_945.JPEG,117,chambered nautilus
train/n01968897/n01968897_18505.JPEG,117,chambered nautilus
train/n01968897/n01968897_7209.JPEG,117,chambered nautilus
train/n01968897/n01968897_15310.JPEG,117,chambered nautilus
train/n01968897/n01968897_13322.JPEG,117,chambered nautilus
train/n01968897/n01968897_2961.JPEG,117,chambered nautilus
train/n01968897/n01968897_23411.JPEG,117,chambered nautilus
train/n01968897/n01968897_23752.JPEG,117,chambered nautilus
train/n01968897/n01968897_7631.JPEG,117,chambered nautilus
train/n01968897/n01968897_16914.JPEG,117,chambered nautilus
train/n01968897/n01968897_2178.JPEG,117,chambered nautilus
train/n01968897/n01968897_26521.JPEG,117,chambered nautilus
train/n01968897/n01968897_6682.JPEG,117,chambered nautilus
train/n01968897/n01968897_16274.JPEG,117,chambered nautilus
train/n01968897/n01968897_26279.JPEG,117,chambered nautilus
train/n01978287/n01978287_11182.JPEG,118,Dungeness crab
train/n01978287/n01978287_8689.JPEG,118,Dungeness crab
train/n01978287/n01978287_2338.JPEG,118,Dungeness crab
train/n01978287/n01978287_9808.JPEG,118,Dungeness crab
train/n01978287/n01978287_9937.JPEG,118,Dungeness crab
train/n01978287/n01978287_10356.JPEG,118,Dungeness crab
train/n01978287/n01978287_5499.JPEG,118,Dungeness crab
train/n01978287/n01978287_8269.JPEG,118,Dungeness crab
train/n01978287/n01978287_4654.JPEG,118,Dungeness crab
train/n01978287/n01978287_8217.JPEG,118,Dungeness crab
train/n01978287/n01978287_11014.JPEG,118,Dungeness crab
train/n01978287/n01978287_713.JPEG,118,Dungeness crab
train/n01978287/n01978287_10308.JPEG,118,Dungeness crab
train/n01978287/n01978287_2996.JPEG,118,Dungeness crab
train/n01978287/n01978287_3847.JPEG,118,Dungeness crab
train/n01978287/n01978287_4942.JPEG,118,Dungeness crab
train/n01978455/n01978455_1588.JPEG,119,rock crab
train/n01978455/n01978455_1656.JPEG,119,rock crab
train/n01978455/n01978455_88.JPEG,119,rock crab
train/n01978455/n01978455_7499.JPEG,119,rock crab
train/n01978455/n01978455_3397.JPEG,119,rock crab
train/n01978455/n01978455_5641.JPEG,119,rock crab
train/n01978455/n01978455_8604.JPEG,119,rock crab
train/n01978455/n01978455_792.JPEG,119,rock crab
train/n01978455/n01978455_4343.JPEG,119,rock crab
train/n01978455/n01978455_1340.JPEG,119,rock crab
train/n01978455/n01978455_12405.JPEG,119,rock crab
train/n01978455/n01978455_2065.JPEG,119,rock crab
train/n01978455/n01978455_5703.JPEG,119,rock crab
train/n01978455/n01978455_5131.JPEG,119,rock crab
train/n01978455/n01978455_366.JPEG,119,rock crab
train/n01978455/n01978455_4588.JPEG,119,rock crab
train/n01980166/n01980166_6683.JPEG,120,fiddler crab
train/n01980166/n01980166_1419.JPEG,120,fiddler crab
train/n01980166/n01980166_5771.JPEG,120,fiddler crab
train/n01980166/n01980166_2035.JPEG,120,fiddler crab
train/n01980166/n01980166_6521.JPEG,120,fiddler crab
train/n01980166/n01980166_1130.JPEG,120,fiddler crab
train/n01980166/n01980166_6088.JPEG,120,fiddler crab
train/n01980166/n01980166_352.JPEG,120,fiddler crab
train/n01980166/n01980166_26.JPEG,120,fiddler crab
train/n01980166/n01980166_10242.JPEG,120,fiddler crab
train/n01980166/n01980166_8992.JPEG,120,fiddler crab
train/n01980166/n01980166_2308.JPEG,120,fiddler crab
train/n01980166/n01980166_5408.JPEG,120,fiddler crab
train/n01980166/n01980166_9362.JPEG,120,fiddler crab
train/n01980166/n01980166_9853.JPEG,120,fiddler crab
train/n01980166/n01980166_2114.JPEG,120,fiddler crab
train/n01981276/n01981276_8877.JPEG,121,red king crab
train/n01981276/n01981276_7916.JPEG,121,red king crab
train/n01981276/n01981276_16149.JPEG,121,red king crab
train/n01981276/n01981276_4142.JPEG,121,red king crab
train/n01981276/n01981276_1504.JPEG,121,red king crab
train/n01981276/n01981276_10306.JPEG,121,red king crab
train/n01981276/n01981276_307.JPEG,121,red king crab
train/n01981276/n01981276_11257.JPEG,121,red king crab
train/n01981276/n01981276_2288.JPEG,121,red king crab
train/n01981276/n01981276_10014.JPEG,121,red king crab
train/n01981276/n01981276_12649.JPEG,121,red king crab
train/n01981276/n01981276_2821.JPEG,121,red king crab
train/n01981276/n01981276_8715.JPEG,121,red king crab
train/n01981276/n01981276_20251.JPEG,121,red king crab
train/n01981276/n01981276_8363.JPEG,121,red king crab
train/n01981276/n01981276_13642.JPEG,121,red king crab
train/n01983481/n01983481_29541.JPEG,122,American lobster
train/n01983481/n01983481_15074.JPEG,122,American lobster
train/n01983481/n01983481_3161.JPEG,122,American lobster
train/n01983481/n01983481_4928.JPEG,122,American lobster
train/n01983481/n01983481_26757.JPEG,122,American lobster
train/n01983481/n01983481_20364.JPEG,122,American lobster
train/n01983481/n01983481_30006.JPEG,122,American lobster
train/n01983481/n01983481_23260.JPEG,122,American lobster
train/n01983481/n01983481_13378.JPEG,122,American lobster
train/n01983481/n01983481_3213.JPEG,122,American lobster
train/n01983481/n01983481_21759.JPEG,122,American lobster
train/n01983481/n01983481_8519.JPEG,122,American lobster
train/n01983481/n01983481_13223.JPEG,122,American lobster
train/n01983481/n01983481_17859.JPEG,122,American lobster
train/n01983481/n01983481_3665.JPEG,122,American lobster
train/n01983481/n01983481_2144.JPEG,122,American lobster
train/n01984695/n01984695_49015.JPEG,123,spiny lobster
train/n01984695/n01984695_16757.JPEG,123,spiny lobster
train/n01984695/n01984695_66956.JPEG,123,spiny lobster
train/n01984695/n01984695_12438.JPEG,123,spiny lobster
train/n01984695/n01984695_40127.JPEG,123,spiny lobster
train/n01984695/n01984695_44223.JPEG,123,spiny lobster
train/n01984695/n01984695_45513.JPEG,123,spiny lobster
train/n01984695/n01984695_44167.JPEG,123,spiny lobster
train/n01984695/n01984695_49715.JPEG,123,spiny lobster
train/n01984695/n01984695_40581.JPEG,123,spiny lobster
train/n01984695/n01984695_38867.JPEG,123,spiny lobster
train/n01984695/n01984695_49744.JPEG,123,spiny lobster
train/n01984695/n01984695_42928.JPEG,123,spiny lobster
train/n01984695/n01984695_15939.JPEG,123,spiny lobster
train/n01984695/n01984695_17979.JPEG,123,spiny lobster
train/n01984695/n01984695_11258.JPEG,123,spiny lobster
train/n01985128/n01985128_8309.JPEG,124,crayfish
train/n01985128/n01985128_26249.JPEG,124,crayfish
train/n01985128/n01985128_49730.JPEG,124,crayfish
train/n01985128/n01985128_2683.JPEG,124,crayfish
train/n01985128/n01985128_544.JPEG,124,crayfish
train/n01985128/n01985128_1677.JPEG,124,crayfish
train/n01985128/n01985128_8390.JPEG,124,crayfish
train/n01985128/n01985128_18673.JPEG,124,crayfish
train/n01985128/n01985128_1722.JPEG,124,crayfish
train/n01985128/n01985128_29320.JPEG,124,crayfish
train/n01985128/n01985128_12019.JPEG,124,crayfish
train/n01985128/n01985128_18972.JPEG,124,crayfish
train/n01985128/n01985128_28646.JPEG,124,crayfish
train/n01985128/n01985128_21464.JPEG,124,crayfish
train/n01985128/n01985128_1951.JPEG,124,crayfish
train/n01985128/n01985128_16184.JPEG,124,crayfish
train/n01986214/n01986214_5798.JPEG,125,hermit crab
train/n01986214/n01986214_11091.JPEG,125,hermit crab
train/n01986214/n01986214_15935.JPEG,125,hermit crab
train/n01986214/n01986214_4421.JPEG,125,hermit crab
train/n01986214/n01986214_11908.JPEG,125,hermit crab
train/n01986214/n01986214_17640.JPEG,125,hermit crab
train/n01986214/n01986214_15329.JPEG,125,hermit crab
train/n01986214/n01986214_5809.JPEG,125,hermit crab
train/n01986214/n01986214_8041.JPEG,125,hermit crab
train/n01986214/n01986214_469.JPEG,125,hermit crab
train/n01986214/n01986214_17399.JPEG,125,hermit crab
train/n01986214/n01986214_8428.JPEG,125,hermit crab
train/n01986214/n01986214_9420.JPEG,125,hermit crab
train/n01986214/n01986214_1293.JPEG,125,hermit crab
train/n01986214/n01986214_22323.JPEG,125,hermit crab
train/n01986214/n01986214_3574.JPEG,125,hermit crab
train/n01990800/n01990800_5877.JPEG,126,isopod
train/n01990800/n01990800_14891.JPEG,126,isopod
train/n01990800/n01990800_8096.JPEG,126,isopod
train/n01990800/n01990800_5260.JPEG,126,isopod
train/n01990800/n01990800_8619.JPEG,126,isopod
train/n01990800/n01990800_3710.JPEG,126,isopod
train/n01990800/n01990800_2525.JPEG,126,isopod
train/n01990800/n01990800_397.JPEG,126,isopod
train/n01990800/n01990800_18837.JPEG,126,isopod
train/n01990800/n01990800_467.JPEG,126,isopod
train/n01990800/n01990800_6493.JPEG,126,isopod
train/n01990800/n01990800_11165.JPEG,126,isopod
train/n01990800/n01990800_9919.JPEG,126,isopod
train/n01990800/n01990800_14061.JPEG,126,isopod
train/n01990800/n01990800_1477.JPEG,126,isopod
train/n01990800/n01990800_10682.JPEG,126,isopod
train/n02002556/n02002556_2914.JPEG,127,white stork
train/n02002556/n02002556_2328.JPEG,127,white stork
train/n02002556/n02002556_4248.JPEG,127,white stork
train/n02002556/n02002556_1336.JPEG,127,white stork
train/n02002556/n02002556_9712.JPEG,127,white stork
train/n02002556/n02002556_7748.JPEG,127,white stork
train/n02002556/n02002556_13248.JPEG,127,white stork
train/n02002556/n02002556_21464.JPEG,127,white stork
train/n02002556/n02002556_2544.JPEG,127,white stork
train/n02002556/n02002556_8807.JPEG,127,white stork
train/n02002556/n02002556_1069.JPEG,127,white stork
train/n02002556/n02002556_2760.JPEG,127,white stork
train/n02002556/n02002556_1774.JPEG,127,white stork
train/n02002556/n02002556_139.JPEG,127,white stork
train/n02002556/n02002556_1493.JPEG,127,white stork
train/n02002556/n02002556_887.JPEG,127,white stork
train/n02002724/n02002724_2321.JPEG,128,black stork
train/n02002724/n02002724_6036.JPEG,128,black stork
train/n02002724/n02002724_2667.JPEG,128,black stork
train/n02002724/n02002724_1829.JPEG,128,black stork
train/n02002724/n02002724_1185.JPEG,128,black stork
train/n02002724/n02002724_3105.JPEG,128,black stork
train/n02002724/n02002724_3124.JPEG,128,black stork
train/n02002724/n02002724_5189.JPEG,128,black stork
train/n02002724/n02002724_2350.JPEG,128,black stork
train/n02002724/n02002724_9586.JPEG,128,black stork
train/n02002724/n02002724_7496.JPEG,128,black stork
train/n02002724/n02002724_6873.JPEG,128,black stork
train/n02002724/n02002724_7944.JPEG,128,black stork
train/n02002724/n02002724_19703.JPEG,128,black stork
train/n02002724/n02002724_2803.JPEG,128,black stork
train/n02002724/n02002724_2267.JPEG,128,black stork
train/n02006656/n02006656_9574.JPEG,129,spoonbill
train/n02006656/n02006656_5395.JPEG,129,spoonbill
train/n02006656/n02006656_3601.JPEG,129,spoonbill
train/n02006656/n02006656_7985.JPEG,129,spoonbill
train/n02006656/n02006656_9897.JPEG,129,spoonbill
train/n02006656/n02006656_7661.JPEG,129,spoonbill
train/n02006656/n02006656_8193.JPEG,129,spoonbill
train/n02006656/n02006656_7160.JPEG,129,spoonbill
train/n02006656/n02006656_1142.JPEG,129,spoonbill
train/n02006656/n02006656_7311.JPEG,129,spoonbill
train/n02006656/n02006656_7299.JPEG,129,spoonbill
train/n02006656/n02006656_3656.JPEG,129,spoonbill
train/n02006656/n02006656_9653.JPEG,129,spoonbill
train/n02006656/n02006656_6677.JPEG,129,spoonbill
train/n02006656/n02006656_1205.JPEG,129,spoonbill
train/n02006656/n02006656_3575.JPEG,129,spoonbill
train/n02007558/n02007558_11086.JPEG,130,flamingo
train/n02007558/n02007558_4633.JPEG,130,flamingo
train/n02007558/n02007558_10011.JPEG,130,flamingo
train/n02007558/n02007558_7990.JPEG,130,flamingo
train/n02007558/n02007558_798.JPEG,130,flamingo
train/n02007558/n02007558_7673.JPEG,130,flamingo
train/n02007558/n02007558_6555.JPEG,130,flamingo
train/n02007558/n02007558_447.JPEG,130,flamingo
train/n02007558/n02007558_4088.JPEG,130,flamingo
train/n02007558/n02007558_21569.JPEG,130,flamingo
train/n02007558/n02007558_29485.JPEG,130,flamingo
train/n02007558/n02007558_6402.JPEG,130,flamingo
train/n02007558/n02007558_7020.JPEG,130,flamingo
train/n02007558/n02007558_8897.JPEG,130,flamingo
train/n02007558/n02007558_1478.JPEG,130,flamingo
train/n02007558/n02007558_11725.JPEG,130,flamingo
train/n02009229/n02009229_4549.JPEG,131,little blue heron
train/n02009229/n02009229_73.JPEG,131,little blue heron
train/n02009229/n02009229_4725.JPEG,131,little blue heron
train/n02009229/n02009229_7114.JPEG,131,little blue heron
train/n02009229/n02009229_4456.JPEG,131,little blue heron
train/n02009229/n02009229_10822.JPEG,131,little blue heron
train/n02009229/n02009229_4590.JPEG,131,little blue heron
train/n02009229/n02009229_4318.JPEG,131,little blue heron
train/n02009229/n02009229_647.JPEG,131,little blue heron
train/n02009229/n02009229_1158.JPEG,131,little blue heron
train/n02009229/n02009229_5398.JPEG,131,little blue heron
train/n02009229/n02009229_6029.JPEG,131,little blue heron
train/n02009229/n02009229_4438.JPEG,131,little blue heron
train/n02009229/n02009229_2419.JPEG,131,little blue heron
train/n02009229/n02009229_1952.JPEG,131,little blue heron
train/n02009229/n02009229_2484.JPEG,131,little blue heron
train/n02009912/n02009912_7731.JPEG,132,great egret
train/n02009912/n02009912_13418.JPEG,132,great egret
train/n02009912/n02009912_405.JPEG,132,great egret
train/n02009912/n02009912_362.JPEG,132,great egret
train/n02009912/n02009912_36395.JPEG,132,great egret
train/n02009912/n02009912_16805.JPEG,132,great egret
train/n02009912/n02009912_5837.JPEG,132,great egret
train/n02009912/n02009912_7231.JPEG,132,great egret
train/n02009912/n02009912_1926.JPEG,132,great egret
train/n02009912/n02009912_2727.JPEG,132,great egret
train/n02009912/n02009912_8618.JPEG,132,great egret
train/n02009912/n02009912_8187.JPEG,132,great egret
train/n02009912/n02009912_11583.JPEG,132,great egret
train/n02009912/n02009912_7429.JPEG,132,great egret
train/n02009912/n02009912_12219.JPEG,132,great egret
train/n02009912/n02009912_35637.JPEG,132,great egret
train/n02011460/n02011460_1554.JPEG,133,bittern bird
train/n02011460/n02011460_20620.JPEG,133,bittern bird
train/n02011460/n02011460_2775.JPEG,133,bittern bird
train/n02011460/n02011460_384.JPEG,133,bittern bird
train/n02011460/n02011460_16344.JPEG,133,bittern bird
train/n02011460/n02011460_8146.JPEG,133,bittern bird
train/n02011460/n02011460_2647.JPEG,133,bittern bird
train/n02011460/n02011460_8049.JPEG,133,bittern bird
train/n02011460/n02011460_8749.JPEG,133,bittern bird
train/n02011460/n02011460_5413.JPEG,133,bittern bird
train/n02011460/n02011460_4250.JPEG,133,bittern bird
train/n02011460/n02011460_5762.JPEG,133,bittern bird
train/n02011460/n02011460_140.JPEG,133,bittern bird
train/n02011460/n02011460_2356.JPEG,133,bittern bird
train/n02011460/n02011460_7886.JPEG,133,bittern bird
train/n02011460/n02011460_5711.JPEG,133,bittern bird
train/n02012849/n02012849_8138.JPEG,134,crane bird
train/n02012849/n02012849_60.JPEG,134,crane bird
train/n02012849/n02012849_11976.JPEG,134,crane bird
train/n02012849/n02012849_2842.JPEG,134,crane bird
train/n02012849/n02012849_13192.JPEG,134,crane bird
train/n02012849/n02012849_5907.JPEG,134,crane bird
train/n02012849/n02012849_6531.JPEG,134,crane bird
train/n02012849/n02012849_9916.JPEG,134,crane bird
train/n02012849/n02012849_7857.JPEG,134,crane bird
train/n02012849/n02012849_6259.JPEG,134,crane bird
train/n02012849/n02012849_8116.JPEG,134,crane bird
train/n02012849/n02012849_128.JPEG,134,crane bird
train/n02012849/n02012849_5192.JPEG,134,crane bird
train/n02012849/n02012849_4367.JPEG,134,crane bird
train/n02012849/n02012849_141.JPEG,134,crane bird
train/n02012849/n02012849_8629.JPEG,134,crane bird
train/n02013706/n02013706_5379.JPEG,135,limpkin
train/n02013706/n02013706_16471.JPEG,135,limpkin
train/n02013706/n02013706_4786.JPEG,135,limpkin
train/n02013706/n02013706_2474.JPEG,135,limpkin
train/n02013706/n02013706_3774.JPEG,135,limpkin
train/n02013706/n02013706_1024.JPEG,135,limpkin
train/n02013706/n02013706_631.JPEG,135,limpkin
train/n02013706/n02013706_16145.JPEG,135,limpkin
train/n02013706/n02013706_15267.JPEG,135,limpkin
train/n02013706/n02013706_3562.JPEG,135,limpkin
train/n02013706/n02013706_1780.JPEG,135,limpkin
train/n02013706/n02013706_3315.JPEG,135,limpkin
train/n02013706/n02013706_726.JPEG,135,limpkin
train/n02013706/n02013706_2626.JPEG,135,limpkin
train/n02013706/n02013706_4576.JPEG,135,limpkin
train/n02013706/n02013706_1215.JPEG,135,limpkin
train/n02017213/n02017213_2103.JPEG,136,common gallinule
train/n02017213/n02017213_11149.JPEG,136,common gallinule
train/n02017213/n02017213_5136.JPEG,136,common gallinule
train/n02017213/n02017213_7505.JPEG,136,common gallinule
train/n02017213/n02017213_6032.JPEG,136,common gallinule
train/n02017213/n02017213_9426.JPEG,136,common gallinule
train/n02017213/n02017213_7874.JPEG,136,common gallinule
train/n02017213/n02017213_7877.JPEG,136,common gallinule
train/n02017213/n02017213_4349.JPEG,136,common gallinule
train/n02017213/n02017213_6652.JPEG,136,common gallinule
train/n02017213/n02017213_4355.JPEG,136,common gallinule
train/n02017213/n02017213_7256.JPEG,136,common gallinule
train/n02017213/n02017213_4282.JPEG,136,common gallinule
train/n02017213/n02017213_1218.JPEG,136,common gallinule
train/n02017213/n02017213_6951.JPEG,136,common gallinule
train/n02017213/n02017213_5429.JPEG,136,common gallinule
train/n02018207/n02018207_3164.JPEG,137,American coot
train/n02018207/n02018207_9721.JPEG,137,American coot
train/n02018207/n02018207_3603.JPEG,137,American coot
train/n02018207/n02018207_6518.JPEG,137,American coot
train/n02018207/n02018207_19024.JPEG,137,American coot
train/n02018207/n02018207_1873.JPEG,137,American coot
train/n02018207/n02018207_15623.JPEG,137,American coot
train/n02018207/n02018207_8301.JPEG,137,American coot
train/n02018207/n02018207_2103.JPEG,137,American coot
train/n02018207/n02018207_6311.JPEG,137,American coot
train/n02018207/n02018207_7735.JPEG,137,American coot
train/n02018207/n02018207_2827.JPEG,137,American coot
train/n02018207/n02018207_12152.JPEG,137,American coot
train/n02018207/n02018207_4315.JPEG,137,American coot
train/n02018207/n02018207_15290.JPEG,137,American coot
train/n02018207/n02018207_6442.JPEG,137,American coot
train/n02018795/n02018795_5805.JPEG,138,bustard
train/n02018795/n02018795_139.JPEG,138,bustard
train/n02018795/n02018795_4926.JPEG,138,bustard
train/n02018795/n02018795_3.JPEG,138,bustard
train/n02018795/n02018795_1748.JPEG,138,bustard
train/n02018795/n02018795_6574.JPEG,138,bustard
train/n02018795/n02018795_143.JPEG,138,bustard
train/n02018795/n02018795_2251.JPEG,138,bustard
train/n02018795/n02018795_12139.JPEG,138,bustard
train/n02018795/n02018795_8921.JPEG,138,bustard
train/n02018795/n02018795_5127.JPEG,138,bustard
train/n02018795/n02018795_15670.JPEG,138,bustard
train/n02018795/n02018795_6828.JPEG,138,bustard
train/n02018795/n02018795_1892.JPEG,138,bustard
train/n02018795/n02018795_2270.JPEG,138,bustard
train/n02018795/n02018795_5754.JPEG,138,bustard
train/n02025239/n02025239_3280.JPEG,139,ruddy turnstone
train/n02025239/n02025239_390.JPEG,139,ruddy turnstone
train/n02025239/n02025239_1624.JPEG,139,ruddy turnstone
train/n02025239/n02025239_363.JPEG,139,ruddy turnstone
train/n02025239/n02025239_2049.JPEG,139,ruddy turnstone
train/n02025239/n02025239_1031.JPEG,139,ruddy turnstone
train/n02025239/n02025239_7248.JPEG,139,ruddy turnstone
train/n02025239/n02025239_1683.JPEG,139,ruddy turnstone
train/n02025239/n02025239_7180.JPEG,139,ruddy turnstone
train/n02025239/n02025239_13949.JPEG,139,ruddy turnstone
train/n02025239/n02025239_22440.JPEG,139,ruddy turnstone
train/n02025239/n02025239_13268.JPEG,139,ruddy turnstone
train/n02025239/n02025239_2817.JPEG,139,ruddy turnstone
train/n02025239/n02025239_530.JPEG,139,ruddy turnstone
train/n02025239/n02025239_2261.JPEG,139,ruddy turnstone
train/n02025239/n02025239_22418.JPEG,139,ruddy turnstone
train/n02027492/n02027492_9085.JPEG,140,dunlin
train/n02027492/n02027492_68.JPEG,140,dunlin
train/n02027492/n02027492_10678.JPEG,140,dunlin
train/n02027492/n02027492_2818.JPEG,140,dunlin
train/n02027492/n02027492_13991.JPEG,140,dunlin
train/n02027492/n02027492_2435.JPEG,140,dunlin
train/n02027492/n02027492_10113.JPEG,140,dunlin
train/n02027492/n02027492_526.JPEG,140,dunlin
train/n02027492/n02027492_373.JPEG,140,dunlin
train/n02027492/n02027492_5872.JPEG,140,dunlin
train/n02027492/n02027492_629.JPEG,140,dunlin
train/n02027492/n02027492_22666.JPEG,140,dunlin
train/n02027492/n02027492_2478.JPEG,140,dunlin
train/n02027492/n02027492_852.JPEG,140,dunlin
train/n02027492/n02027492_3162.JPEG,140,dunlin
train/n02027492/n02027492_3258.JPEG,140,dunlin
train/n02028035/n02028035_3302.JPEG,141,common redshank
train/n02028035/n02028035_13750.JPEG,141,common redshank
train/n02028035/n02028035_3354.JPEG,141,common redshank
train/n02028035/n02028035_5154.JPEG,141,common redshank
train/n02028035/n02028035_10287.JPEG,141,common redshank
train/n02028035/n02028035_2534.JPEG,141,common redshank
train/n02028035/n02028035_14166.JPEG,141,common redshank
train/n02028035/n02028035_17759.JPEG,141,common redshank
train/n02028035/n02028035_1759.JPEG,141,common redshank
train/n02028035/n02028035_3208.JPEG,141,common redshank
train/n02028035/n02028035_4824.JPEG,141,common redshank
train/n02028035/n02028035_158.JPEG,141,common redshank
train/n02028035/n02028035_25849.JPEG,141,common redshank
train/n02028035/n02028035_2660.JPEG,141,common redshank
train/n02028035/n02028035_499.JPEG,141,common redshank
train/n02028035/n02028035_5584.JPEG,141,common redshank
train/n02033041/n02033041_5411.JPEG,142,dowitcher
train/n02033041/n02033041_6256.JPEG,142,dowitcher
train/n02033041/n02033041_6425.JPEG,142,dowitcher
train/n02033041/n02033041_3323.JPEG,142,dowitcher
train/n02033041/n02033041_2521.JPEG,142,dowitcher
train/n02033041/n02033041_6990.JPEG,142,dowitcher
train/n02033041/n02033041_11213.JPEG,142,dowitcher
train/n02033041/n02033041_224.JPEG,142,dowitcher
train/n02033041/n02033041_487.JPEG,142,dowitcher
train/n02033041/n02033041_4890.JPEG,142,dowitcher
train/n02033041/n02033041_1901.JPEG,142,dowitcher
train/n02033041/n02033041_2034.JPEG,142,dowitcher
train/n02033041/n02033041_790.JPEG,142,dowitcher
train/n02033041/n02033041_297.JPEG,142,dowitcher
train/n02033041/n02033041_5742.JPEG,142,dowitcher
train/n02033041/n02033041_634.JPEG,142,dowitcher
train/n02037110/n02037110_2556.JPEG,143,oystercatcher
train/n02037110/n02037110_6223.JPEG,143,oystercatcher
train/n02037110/n02037110_5304.JPEG,143,oystercatcher
train/n02037110/n02037110_4807.JPEG,143,oystercatcher
train/n02037110/n02037110_10904.JPEG,143,oystercatcher
train/n02037110/n02037110_5873.JPEG,143,oystercatcher
train/n02037110/n02037110_1265.JPEG,143,oystercatcher
train/n02037110/n02037110_807.JPEG,143,oystercatcher
train/n02037110/n02037110_4866.JPEG,143,oystercatcher
train/n02037110/n02037110_9620.JPEG,143,oystercatcher
train/n02037110/n02037110_11023.JPEG,143,oystercatcher
train/n02037110/n02037110_1038.JPEG,143,oystercatcher
train/n02037110/n02037110_20861.JPEG,143,oystercatcher
train/n02037110/n02037110_2106.JPEG,143,oystercatcher
train/n02037110/n02037110_1201.JPEG,143,oystercatcher
train/n02037110/n02037110_25597.JPEG,143,oystercatcher
train/n02051845/n02051845_7582.JPEG,144,pelican
train/n02051845/n02051845_1976.JPEG,144,pelican
train/n02051845/n02051845_35407.JPEG,144,pelican
train/n02051845/n02051845_11939.JPEG,144,pelican
train/n02051845/n02051845_802.JPEG,144,pelican
train/n02051845/n02051845_10870.JPEG,144,pelican
train/n02051845/n02051845_37305.JPEG,144,pelican
train/n02051845/n02051845_7251.JPEG,144,pelican
train/n02051845/n02051845_12818.JPEG,144,pelican
train/n02051845/n02051845_6791.JPEG,144,pelican
train/n02051845/n02051845_14891.JPEG,144,pelican
train/n02051845/n02051845_1495.JPEG,144,pelican
train/n02051845/n02051845_21230.JPEG,144,pelican
train/n02051845/n02051845_16142.JPEG,144,pelican
train/n02051845/n02051845_283.JPEG,144,pelican
train/n02051845/n02051845_11183.JPEG,144,pelican
train/n02056570/n02056570_11324.JPEG,145,king penguin
train/n02056570/n02056570_6362.JPEG,145,king penguin
train/n02056570/n02056570_436.JPEG,145,king penguin
train/n02056570/n02056570_9811.JPEG,145,king penguin
train/n02056570/n02056570_7609.JPEG,145,king penguin
train/n02056570/n02056570_13479.JPEG,145,king penguin
train/n02056570/n02056570_11955.JPEG,145,king penguin
train/n02056570/n02056570_8413.JPEG,145,king penguin
train/n02056570/n02056570_5207.JPEG,145,king penguin
train/n02056570/n02056570_760.JPEG,145,king penguin
train/n02056570/n02056570_8653.JPEG,145,king penguin
train/n02056570/n02056570_7261.JPEG,145,king penguin
train/n02056570/n02056570_10146.JPEG,145,king penguin
train/n02056570/n02056570_2872.JPEG,145,king penguin
train/n02056570/n02056570_2236.JPEG,145,king penguin
train/n02056570/n02056570_13692.JPEG,145,king penguin
train/n02058221/n02058221_8878.JPEG,146,albatross
train/n02058221/n02058221_19757.JPEG,146,albatross
train/n02058221/n02058221_2181.JPEG,146,albatross
train/n02058221/n02058221_6020.JPEG,146,albatross
train/n02058221/n02058221_788.JPEG,146,albatross
train/n02058221/n02058221_6915.JPEG,146,albatross
train/n02058221/n02058221_11307.JPEG,146,albatross
train/n02058221/n02058221_5679.JPEG,146,albatross
train/n02058221/n02058221_4463.JPEG,146,albatross
train/n02058221/n02058221_3362.JPEG,146,albatross
train/n02058221/n02058221_9220.JPEG,146,albatross
train/n02058221/n02058221_13602.JPEG,146,albatross
train/n02058221/n02058221_9284.JPEG,146,albatross
train/n02058221/n02058221_34280.JPEG,146,albatross
train/n02058221/n02058221_5687.JPEG,146,albatross
train/n02058221/n02058221_13015.JPEG,146,albatross
train/n02066245/n02066245_8478.JPEG,147,grey whale
train/n02066245/n02066245_37931.JPEG,147,grey whale
train/n02066245/n02066245_20819.JPEG,147,grey whale
train/n02066245/n02066245_1519.JPEG,147,grey whale
train/n02066245/n02066245_9057.JPEG,147,grey whale
train/n02066245/n02066245_12051.JPEG,147,grey whale
train/n02066245/n02066245_4693.JPEG,147,grey whale
train/n02066245/n02066245_7348.JPEG,147,grey whale
train/n02066245/n02066245_45455.JPEG,147,grey whale
train/n02066245/n02066245_6431.JPEG,147,grey whale
train/n02066245/n02066245_6366.JPEG,147,grey whale
train/n02066245/n02066245_13955.JPEG,147,grey whale
train/n02066245/n02066245_25013.JPEG,147,grey whale
train/n02066245/n02066245_7988.JPEG,147,grey whale
train/n02066245/n02066245_13961.JPEG,147,grey whale
train/n02066245/n02066245_18639.JPEG,147,grey whale
train/n02071294/n02071294_34179.JPEG,148,killer whale
train/n02071294/n02071294_4231.JPEG,148,killer whale
train/n02071294/n02071294_23472.JPEG,148,killer whale
train/n02071294/n02071294_2330.JPEG,148,killer whale
train/n02071294/n02071294_19313.JPEG,148,killer whale
train/n02071294/n02071294_30338.JPEG,148,killer whale
train/n02071294/n02071294_2809.JPEG,148,killer whale
train/n02071294/n02071294_13338.JPEG,148,killer whale
train/n02071294/n02071294_17569.JPEG,148,killer whale
train/n02071294/n02071294_14134.JPEG,148,killer whale
train/n02071294/n02071294_11669.JPEG,148,killer whale
train/n02071294/n02071294_3433.JPEG,148,killer whale
train/n02071294/n02071294_3627.JPEG,148,killer whale
train/n02071294/n02071294_42378.JPEG,148,killer whale
train/n02071294/n02071294_1690.JPEG,148,killer whale
train/n02071294/n02071294_6804.JPEG,148,killer whale
train/n02074367/n02074367_8519.JPEG,149,dugong
train/n02074367/n02074367_203.JPEG,149,dugong
train/n02074367/n02074367_1878.JPEG,149,dugong
train/n02074367/n02074367_2841.JPEG,149,dugong
train/n02074367/n02074367_1283.JPEG,149,dugong
train/n02074367/n02074367_2452.JPEG,149,dugong
train/n02074367/n02074367_3541.JPEG,149,dugong
train/n02074367/n02074367_7487.JPEG,149,dugong
train/n02074367/n02074367_10927.JPEG,149,dugong
train/n02074367/n02074367_7406.JPEG,149,dugong
train/n02074367/n02074367_17326.JPEG,149,dugong
train/n02074367/n02074367_663.JPEG,149,dugong
train/n02074367/n02074367_8023.JPEG,149,dugong
train/n02074367/n02074367_7137.JPEG,149,dugong
train/n02074367/n02074367_2118.JPEG,149,dugong
train/n02074367/n02074367_748.JPEG,149,dugong
train/n02077923/n02077923_142.JPEG,150,sea lion
train/n02077923/n02077923_835.JPEG,150,sea lion
train/n02077923/n02077923_5317.JPEG,150,sea lion
train/n02077923/n02077923_4271.JPEG,150,sea lion
train/n02077923/n02077923_14783.JPEG,150,sea lion
train/n02077923/n02077923_9728.JPEG,150,sea lion
train/n02077923/n02077923_690.JPEG,150,sea lion
train/n02077923/n02077923_2075.JPEG,150,sea lion
train/n02077923/n02077923_1002.JPEG,150,sea lion
train/n02077923/n02077923_13730.JPEG,150,sea lion
train/n02077923/n02077923_14952.JPEG,150,sea lion
train/n02077923/n02077923_639.JPEG,150,sea lion
train/n02077923/n02077923_11165.JPEG,150,sea lion
train/n02077923/n02077923_5765.JPEG,150,sea lion
train/n02077923/n02077923_14764.JPEG,150,sea lion
train/n02077923/n02077923_10702.JPEG,150,sea lion
train/n02085620/n02085620_28140.JPEG,151,Chihuahua
train/n02085620/n02085620_1502.JPEG,151,Chihuahua
train/n02085620/n02085620_4159.JPEG,151,Chihuahua
train/n02085620/n02085620_22030.JPEG,151,Chihuahua
train/n02085620/n02085620_21807.JPEG,151,Chihuahua
train/n02085620/n02085620_3017.JPEG,151,Chihuahua
train/n02085620/n02085620_15268.JPEG,151,Chihuahua
train/n02085620/n02085620_2479.JPEG,151,Chihuahua
train/n02085620/n02085620_37055.JPEG,151,Chihuahua
train/n02085620/n02085620_45759.JPEG,151,Chihuahua
train/n02085620/n02085620_3851.JPEG,151,Chihuahua
train/n02085620/n02085620_6229.JPEG,151,Chihuahua
train/n02085620/n02085620_44966.JPEG,151,Chihuahua
train/n02085620/n02085620_3806.JPEG,151,Chihuahua
train/n02085620/n02085620_12156.JPEG,151,Chihuahua
train/n02085620/n02085620_4361.JPEG,151,Chihuahua
train/n02085782/n02085782_8014.JPEG,152,Japanese Chin
train/n02085782/n02085782_5902.JPEG,152,Japanese Chin
train/n02085782/n02085782_2428.JPEG,152,Japanese Chin
train/n02085782/n02085782_6918.JPEG,152,Japanese Chin
train/n02085782/n02085782_2906.JPEG,152,Japanese Chin
train/n02085782/n02085782_2595.JPEG,152,Japanese Chin
train/n02085782/n02085782_3030.JPEG,152,Japanese Chin
train/n02085782/n02085782_4208.JPEG,152,Japanese Chin
train/n02085782/n02085782_7567.JPEG,152,Japanese Chin
train/n02085782/n02085782_4303.JPEG,152,Japanese Chin
train/n02085782/n02085782_1485.JPEG,152,Japanese Chin
train/n02085782/n02085782_3896.JPEG,152,Japanese Chin
train/n02085782/n02085782_5807.JPEG,152,Japanese Chin
train/n02085782/n02085782_3667.JPEG,152,Japanese Chin
train/n02085782/n02085782_13995.JPEG,152,Japanese Chin
train/n02085782/n02085782_2293.JPEG,152,Japanese Chin
train/n02085936/n02085936_3108.JPEG,153,Maltese
train/n02085936/n02085936_13013.JPEG,153,Maltese
train/n02085936/n02085936_13358.JPEG,153,Maltese
train/n02085936/n02085936_1854.JPEG,153,Maltese
train/n02085936/n02085936_2605.JPEG,153,Maltese
train/n02085936/n02085936_15354.JPEG,153,Maltese
train/n02085936/n02085936_3863.JPEG,153,Maltese
train/n02085936/n02085936_8639.JPEG,153,Maltese
train/n02085936/n02085936_9214.JPEG,153,Maltese
train/n02085936/n02085936_5493.JPEG,153,Maltese
train/n02085936/n02085936_9033.JPEG,153,Maltese
train/n02085936/n02085936_25190.JPEG,153,Maltese
train/n02085936/n02085936_2989.JPEG,153,Maltese
train/n02085936/n02085936_8878.JPEG,153,Maltese
train/n02085936/n02085936_5230.JPEG,153,Maltese
train/n02085936/n02085936_8454.JPEG,153,Maltese
train/n02086079/n02086079_15220.JPEG,154,Pekingese
train/n02086079/n02086079_8641.JPEG,154,Pekingese
train/n02086079/n02086079_13514.JPEG,154,Pekingese
train/n02086079/n02086079_12437.JPEG,154,Pekingese
train/n02086079/n02086079_13703.JPEG,154,Pekingese
train/n02086079/n02086079_10689.JPEG,154,Pekingese
train/n02086079/n02086079_13864.JPEG,154,Pekingese
train/n02086079/n02086079_14883.JPEG,154,Pekingese
train/n02086079/n02086079_7482.JPEG,154,Pekingese
train/n02086079/n02086079_9847.JPEG,154,Pekingese
train/n02086079/n02086079_23370.JPEG,154,Pekingese
train/n02086079/n02086079_6781.JPEG,154,Pekingese
train/n02086079/n02086079_4931.JPEG,154,Pekingese
train/n02086079/n02086079_11684.JPEG,154,Pekingese
train/n02086079/n02086079_31402.JPEG,154,Pekingese
train/n02086079/n02086079_2860.JPEG,154,Pekingese
train/n02086240/n02086240_415.JPEG,155,Shih Tzu
train/n02086240/n02086240_7229.JPEG,155,Shih Tzu
train/n02086240/n02086240_219.JPEG,155,Shih Tzu
train/n02086240/n02086240_927.JPEG,155,Shih Tzu
train/n02086240/n02086240_2845.JPEG,155,Shih Tzu
train/n02086240/n02086240_8431.JPEG,155,Shih Tzu
train/n02086240/n02086240_3833.JPEG,155,Shih Tzu
train/n02086240/n02086240_254.JPEG,155,Shih Tzu
train/n02086240/n02086240_2884.JPEG,155,Shih Tzu
train/n02086240/n02086240_6947.JPEG,155,Shih Tzu
train/n02086240/n02086240_12466.JPEG,155,Shih Tzu
train/n02086240/n02086240_2705.JPEG,155,Shih Tzu
train/n02086240/n02086240_4326.JPEG,155,Shih Tzu
train/n02086240/n02086240_12251.JPEG,155,Shih Tzu
train/n02086240/n02086240_1567.JPEG,155,Shih Tzu
train/n02086240/n02086240_4580.JPEG,155,Shih Tzu
train/n02086646/n02086646_6847.JPEG,156,King Charles Spaniel
train/n02086646/n02086646_3005.JPEG,156,King Charles Spaniel
train/n02086646/n02086646_8740.JPEG,156,King Charles Spaniel
train/n02086646/n02086646_5181.JPEG,156,King Charles Spaniel
train/n02086646/n02086646_9097.JPEG,156,King Charles Spaniel
train/n02086646/n02086646_7247.JPEG,156,King Charles Spaniel
train/n02086646/n02086646_352.JPEG,156,King Charles Spaniel
train/n02086646/n02086646_6206.JPEG,156,King Charles Spaniel
train/n02086646/n02086646_6130.JPEG,156,King Charles Spaniel
train/n02086646/n02086646_5599.JPEG,156,King Charles Spaniel
train/n02086646/n02086646_7619.JPEG,156,King Charles Spaniel
train/n02086646/n02086646_7162.JPEG,156,King Charles Spaniel
train/n02086646/n02086646_8675.JPEG,156,King Charles Spaniel
train/n02086646/n02086646_8207.JPEG,156,King Charles Spaniel
train/n02086646/n02086646_2562.JPEG,156,King Charles Spaniel
train/n02086646/n02086646_2141.JPEG,156,King Charles Spaniel
train/n02086910/n02086910_730.JPEG,157,Papillon
train/n02086910/n02086910_10308.JPEG,157,Papillon
train/n02086910/n02086910_695.JPEG,157,Papillon
train/n02086910/n02086910_1912.JPEG,157,Papillon
train/n02086910/n02086910_15988.JPEG,157,Papillon
train/n02086910/n02086910_1121.JPEG,157,Papillon
train/n02086910/n02086910_4691.JPEG,157,Papillon
train/n02086910/n02086910_5550.JPEG,157,Papillon
train/n02086910/n02086910_11422.JPEG,157,Papillon
train/n02086910/n02086910_2041.JPEG,157,Papillon
train/n02086910/n02086910_1971.JPEG,157,Papillon
train/n02086910/n02086910_2749.JPEG,157,Papillon
train/n02086910/n02086910_6774.JPEG,157,Papillon
train/n02086910/n02086910_14405.JPEG,157,Papillon
train/n02086910/n02086910_2963.JPEG,157,Papillon
train/n02086910/n02086910_5358.JPEG,157,Papillon
train/n02087046/n02087046_269.JPEG,158,toy terrier
train/n02087046/n02087046_12730.JPEG,158,toy terrier
train/n02087046/n02087046_5453.JPEG,158,toy terrier
train/n02087046/n02087046_12955.JPEG,158,toy terrier
train/n02087046/n02087046_3364.JPEG,158,toy terrier
train/n02087046/n02087046_2620.JPEG,158,toy terrier
train/n02087046/n02087046_5499.JPEG,158,toy terrier
train/n02087046/n02087046_4140.JPEG,158,toy terrier
train/n02087046/n02087046_1301.JPEG,158,toy terrier
train/n02087046/n02087046_2485.JPEG,158,toy terrier
train/n02087046/n02087046_6877.JPEG,158,toy terrier
train/n02087046/n02087046_15420.JPEG,158,toy terrier
train/n02087046/n02087046_42.JPEG,158,toy terrier
train/n02087046/n02087046_991.JPEG,158,toy terrier
train/n02087046/n02087046_6651.JPEG,158,toy terrier
train/n02087046/n02087046_554.JPEG,158,toy terrier
train/n02087394/n02087394_5474.JPEG,159,Rhodesian Ridgeback
train/n02087394/n02087394_9841.JPEG,159,Rhodesian Ridgeback
train/n02087394/n02087394_2746.JPEG,159,Rhodesian Ridgeback
train/n02087394/n02087394_8237.JPEG,159,Rhodesian Ridgeback
train/n02087394/n02087394_9343.JPEG,159,Rhodesian Ridgeback
train/n02087394/n02087394_5089.JPEG,159,Rhodesian Ridgeback
train/n02087394/n02087394_2257.JPEG,159,Rhodesian Ridgeback
train/n02087394/n02087394_35519.JPEG,159,Rhodesian Ridgeback
train/n02087394/n02087394_20062.JPEG,159,Rhodesian Ridgeback
train/n02087394/n02087394_23547.JPEG,159,Rhodesian Ridgeback
train/n02087394/n02087394_6146.JPEG,159,Rhodesian Ridgeback
train/n02087394/n02087394_6163.JPEG,159,Rhodesian Ridgeback
train/n02087394/n02087394_1891.JPEG,159,Rhodesian Ridgeback
train/n02087394/n02087394_1137.JPEG,159,Rhodesian Ridgeback
train/n02087394/n02087394_14518.JPEG,159,Rhodesian Ridgeback
train/n02087394/n02087394_1706.JPEG,159,Rhodesian Ridgeback
train/n02088094/n02088094_4683.JPEG,160,Afghan Hound
train/n02088094/n02088094_3159.JPEG,160,Afghan Hound
train/n02088094/n02088094_6922.JPEG,160,Afghan Hound
train/n02088094/n02088094_7206.JPEG,160,Afghan Hound
train/n02088094/n02088094_13909.JPEG,160,Afghan Hound
train/n02088094/n02088094_7425.JPEG,160,Afghan Hound
train/n02088094/n02088094_3147.JPEG,160,Afghan Hound
train/n02088094/n02088094_4138.JPEG,160,Afghan Hound
train/n02088094/n02088094_15.JPEG,160,Afghan Hound
train/n02088094/n02088094_7741.JPEG,160,Afghan Hound
train/n02088094/n02088094_3956.JPEG,160,Afghan Hound
train/n02088094/n02088094_4142.JPEG,160,Afghan Hound
train/n02088094/n02088094_10832.JPEG,160,Afghan Hound
train/n02088094/n02088094_2403.JPEG,160,Afghan Hound
train/n02088094/n02088094_6272.JPEG,160,Afghan Hound
train/n02088094/n02088094_1781.JPEG,160,Afghan Hound
train/n02088238/n02088238_1593.JPEG,161,Basset Hound
train/n02088238/n02088238_10753.JPEG,161,Basset Hound
train/n02088238/n02088238_9501.JPEG,161,Basset Hound
train/n02088238/n02088238_12110.JPEG,161,Basset Hound
train/n02088238/n02088238_3981.JPEG,161,Basset Hound
train/n02088238/n02088238_9025.JPEG,161,Basset Hound
train/n02088238/n02088238_7368.JPEG,161,Basset Hound
train/n02088238/n02088238_13324.JPEG,161,Basset Hound
train/n02088238/n02088238_8642.JPEG,161,Basset Hound
train/n02088238/n02088238_5281.JPEG,161,Basset Hound
train/n02088238/n02088238_3577.JPEG,161,Basset Hound
train/n02088238/n02088238_4160.JPEG,161,Basset Hound
train/n02088238/n02088238_4693.JPEG,161,Basset Hound
train/n02088238/n02088238_1665.JPEG,161,Basset Hound
train/n02088238/n02088238_13867.JPEG,161,Basset Hound
train/n02088238/n02088238_8515.JPEG,161,Basset Hound
train/n02088364/n02088364_12477.JPEG,162,Beagle
train/n02088364/n02088364_12481.JPEG,162,Beagle
train/n02088364/n02088364_6724.JPEG,162,Beagle
train/n02088364/n02088364_4355.JPEG,162,Beagle
train/n02088364/n02088364_11418.JPEG,162,Beagle
train/n02088364/n02088364_1864.JPEG,162,Beagle
train/n02088364/n02088364_11015.JPEG,162,Beagle
train/n02088364/n02088364_5311.JPEG,162,Beagle
train/n02088364/n02088364_11835.JPEG,162,Beagle
train/n02088364/n02088364_3480.JPEG,162,Beagle
train/n02088364/n02088364_5976.JPEG,162,Beagle
train/n02088364/n02088364_11387.JPEG,162,Beagle
train/n02088364/n02088364_8750.JPEG,162,Beagle
train/n02088364/n02088364_4139.JPEG,162,Beagle
train/n02088364/n02088364_1160.JPEG,162,Beagle
train/n02088364/n02088364_6564.JPEG,162,Beagle
train/n02088466/n02088466_11183.JPEG,163,Bloodhound
train/n02088466/n02088466_5559.JPEG,163,Bloodhound
train/n02088466/n02088466_11824.JPEG,163,Bloodhound
train/n02088466/n02088466_2497.JPEG,163,Bloodhound
train/n02088466/n02088466_7141.JPEG,163,Bloodhound
train/n02088466/n02088466_3106.JPEG,163,Bloodhound
train/n02088466/n02088466_1274.JPEG,163,Bloodhound
train/n02088466/n02088466_7234.JPEG,163,Bloodhound
train/n02088466/n02088466_2761.JPEG,163,Bloodhound
train/n02088466/n02088466_7016.JPEG,163,Bloodhound
train/n02088466/n02088466_8328.JPEG,163,Bloodhound
train/n02088466/n02088466_1085.JPEG,163,Bloodhound
train/n02088466/n02088466_1928.JPEG,163,Bloodhound
train/n02088466/n02088466_6734.JPEG,163,Bloodhound
train/n02088466/n02088466_10666.JPEG,163,Bloodhound
train/n02088466/n02088466_5006.JPEG,163,Bloodhound
train/n02088632/n02088632_4887.JPEG,164,Bluetick Coonhound
train/n02088632/n02088632_5204.JPEG,164,Bluetick Coonhound
train/n02088632/n02088632_1578.JPEG,164,Bluetick Coonhound
train/n02088632/n02088632_8869.JPEG,164,Bluetick Coonhound
train/n02088632/n02088632_8117.JPEG,164,Bluetick Coonhound
train/n02088632/n02088632_4976.JPEG,164,Bluetick Coonhound
train/n02088632/n02088632_794.JPEG,164,Bluetick Coonhound
train/n02088632/n02088632_106.JPEG,164,Bluetick Coonhound
train/n02088632/n02088632_8120.JPEG,164,Bluetick Coonhound
train/n02088632/n02088632_2517.JPEG,164,Bluetick Coonhound
train/n02088632/n02088632_7569.JPEG,164,Bluetick Coonhound
train/n02088632/n02088632_9945.JPEG,164,Bluetick Coonhound
train/n02088632/n02088632_8876.JPEG,164,Bluetick Coonhound
train/n02088632/n02088632_6680.JPEG,164,Bluetick Coonhound
train/n02088632/n02088632_4179.JPEG,164,Bluetick Coonhound
train/n02088632/n02088632_1112.JPEG,164,Bluetick Coonhound
train/n02089078/n02089078_4760.JPEG,165,Black and Tan Coonhound
train/n02089078/n02089078_2229.JPEG,165,Black and Tan Coonhound
train/n02089078/n02089078_9488.JPEG,165,Black and Tan Coonhound
train/n02089078/n02089078_1920.JPEG,165,Black and Tan Coonhound
train/n02089078/n02089078_404.JPEG,165,Black and Tan Coonhound
train/n02089078/n02089078_4426.JPEG,165,Black and Tan Coonhound
train/n02089078/n02089078_2223.JPEG,165,Black and Tan Coonhound
train/n02089078/n02089078_1835.JPEG,165,Black and Tan Coonhound
train/n02089078/n02089078_1744.JPEG,165,Black and Tan Coonhound
train/n02089078/n02089078_6474.JPEG,165,Black and Tan Coonhound
train/n02089078/n02089078_10491.JPEG,165,Black and Tan Coonhound
train/n02089078/n02089078_4210.JPEG,165,Black and Tan Coonhound
train/n02089078/n02089078_10242.JPEG,165,Black and Tan Coonhound
train/n02089078/n02089078_818.JPEG,165,Black and Tan Coonhound
train/n02089078/n02089078_711.JPEG,165,Black and Tan Coonhound
train/n02089078/n02089078_4621.JPEG,165,Black and Tan Coonhound
train/n02089867/n02089867_6341.JPEG,166,Treeing Walker Coonhound
train/n02089867/n02089867_8500.JPEG,166,Treeing Walker Coonhound
train/n02089867/n02089867_8478.JPEG,166,Treeing Walker Coonhound
train/n02089867/n02089867_5752.JPEG,166,Treeing Walker Coonhound
train/n02089867/n02089867_4593.JPEG,166,Treeing Walker Coonhound
train/n02089867/n02089867_802.JPEG,166,Treeing Walker Coonhound
train/n02089867/n02089867_2388.JPEG,166,Treeing Walker Coonhound
train/n02089867/n02089867_4576.JPEG,166,Treeing Walker Coonhound
train/n02089867/n02089867_4794.JPEG,166,Treeing Walker Coonhound
train/n02089867/n02089867_5245.JPEG,166,Treeing Walker Coonhound
train/n02089867/n02089867_8431.JPEG,166,Treeing Walker Coonhound
train/n02089867/n02089867_7204.JPEG,166,Treeing Walker Coonhound
train/n02089867/n02089867_8244.JPEG,166,Treeing Walker Coonhound
train/n02089867/n02089867_6024.JPEG,166,Treeing Walker Coonhound
train/n02089867/n02089867_7080.JPEG,166,Treeing Walker Coonhound
train/n02089867/n02089867_1918.JPEG,166,Treeing Walker Coonhound
train/n02089973/n02089973_1153.JPEG,167,English foxhound
train/n02089973/n02089973_12190.JPEG,167,English foxhound
train/n02089973/n02089973_3312.JPEG,167,English foxhound
train/n02089973/n02089973_5154.JPEG,167,English foxhound
train/n02089973/n02089973_1937.JPEG,167,English foxhound
train/n02089973/n02089973_4702.JPEG,167,English foxhound
train/n02089973/n02089973_1392.JPEG,167,English foxhound
train/n02089973/n02089973_5698.JPEG,167,English foxhound
train/n02089973/n02089973_2506.JPEG,167,English foxhound
train/n02089973/n02089973_2109.JPEG,167,English foxhound
train/n02089973/n02089973_9227.JPEG,167,English foxhound
train/n02089973/n02089973_3244.JPEG,167,English foxhound
train/n02089973/n02089973_4513.JPEG,167,English foxhound
train/n02089973/n02089973_3176.JPEG,167,English foxhound
train/n02089973/n02089973_2133.JPEG,167,English foxhound
train/n02089973/n02089973_5277.JPEG,167,English foxhound
train/n02090379/n02090379_261.JPEG,168,Redbone Coonhound
train/n02090379/n02090379_6345.JPEG,168,Redbone Coonhound
train/n02090379/n02090379_4703.JPEG,168,Redbone Coonhound
train/n02090379/n02090379_9965.JPEG,168,Redbone Coonhound
train/n02090379/n02090379_7288.JPEG,168,Redbone Coonhound
train/n02090379/n02090379_3996.JPEG,168,Redbone Coonhound
train/n02090379/n02090379_1188.JPEG,168,Redbone Coonhound
train/n02090379/n02090379_3943.JPEG,168,Redbone Coonhound
train/n02090379/n02090379_6285.JPEG,168,Redbone Coonhound
train/n02090379/n02090379_4950.JPEG,168,Redbone Coonhound
train/n02090379/n02090379_5049.JPEG,168,Redbone Coonhound
train/n02090379/n02090379_113.JPEG,168,Redbone Coonhound
train/n02090379/n02090379_4530.JPEG,168,Redbone Coonhound
train/n02090379/n02090379_7174.JPEG,168,Redbone Coonhound
train/n02090379/n02090379_6190.JPEG,168,Redbone Coonhound
train/n02090379/n02090379_4776.JPEG,168,Redbone Coonhound
train/n02090622/n02090622_4710.JPEG,169,borzoi
train/n02090622/n02090622_4394.JPEG,169,borzoi
train/n02090622/n02090622_2375.JPEG,169,borzoi
train/n02090622/n02090622_7759.JPEG,169,borzoi
train/n02090622/n02090622_8599.JPEG,169,borzoi
train/n02090622/n02090622_1920.JPEG,169,borzoi
train/n02090622/n02090622_9507.JPEG,169,borzoi
train/n02090622/n02090622_10292.JPEG,169,borzoi
train/n02090622/n02090622_5607.JPEG,169,borzoi
train/n02090622/n02090622_3682.JPEG,169,borzoi
train/n02090622/n02090622_5890.JPEG,169,borzoi
train/n02090622/n02090622_5935.JPEG,169,borzoi
train/n02090622/n02090622_501.JPEG,169,borzoi
train/n02090622/n02090622_2356.JPEG,169,borzoi
train/n02090622/n02090622_614.JPEG,169,borzoi
train/n02090622/n02090622_7144.JPEG,169,borzoi
train/n02090721/n02090721_2435.JPEG,170,Irish Wolfhound
train/n02090721/n02090721_6992.JPEG,170,Irish Wolfhound
train/n02090721/n02090721_1573.JPEG,170,Irish Wolfhound
train/n02090721/n02090721_781.JPEG,170,Irish Wolfhound
train/n02090721/n02090721_4377.JPEG,170,Irish Wolfhound
train/n02090721/n02090721_6732.JPEG,170,Irish Wolfhound
train/n02090721/n02090721_4435.JPEG,170,Irish Wolfhound
train/n02090721/n02090721_3668.JPEG,170,Irish Wolfhound
train/n02090721/n02090721_3902.JPEG,170,Irish Wolfhound
train/n02090721/n02090721_2508.JPEG,170,Irish Wolfhound
train/n02090721/n02090721_1720.JPEG,170,Irish Wolfhound
train/n02090721/n02090721_848.JPEG,170,Irish Wolfhound
train/n02090721/n02090721_4061.JPEG,170,Irish Wolfhound
train/n02090721/n02090721_1760.JPEG,170,Irish Wolfhound
train/n02090721/n02090721_7940.JPEG,170,Irish Wolfhound
train/n02090721/n02090721_6770.JPEG,170,Irish Wolfhound
train/n02091032/n02091032_9093.JPEG,171,Italian Greyhound
train/n02091032/n02091032_5725.JPEG,171,Italian Greyhound
train/n02091032/n02091032_11419.JPEG,171,Italian Greyhound
train/n02091032/n02091032_8342.JPEG,171,Italian Greyhound
train/n02091032/n02091032_4326.JPEG,171,Italian Greyhound
train/n02091032/n02091032_10426.JPEG,171,Italian Greyhound
train/n02091032/n02091032_4734.JPEG,171,Italian Greyhound
train/n02091032/n02091032_1170.JPEG,171,Italian Greyhound
train/n02091032/n02091032_280.JPEG,171,Italian Greyhound
train/n02091032/n02091032_4299.JPEG,171,Italian Greyhound
train/n02091032/n02091032_5762.JPEG,171,Italian Greyhound
train/n02091032/n02091032_291.JPEG,171,Italian Greyhound
train/n02091032/n02091032_9212.JPEG,171,Italian Greyhound
train/n02091032/n02091032_9005.JPEG,171,Italian Greyhound
train/n02091032/n02091032_570.JPEG,171,Italian Greyhound
train/n02091032/n02091032_9910.JPEG,171,Italian Greyhound
train/n02091134/n02091134_8920.JPEG,172,Whippet
train/n02091134/n02091134_7886.JPEG,172,Whippet
train/n02091134/n02091134_2255.JPEG,172,Whippet
train/n02091134/n02091134_14335.JPEG,172,Whippet
train/n02091134/n02091134_3905.JPEG,172,Whippet
train/n02091134/n02091134_9671.JPEG,172,Whippet
train/n02091134/n02091134_3750.JPEG,172,Whippet
train/n02091134/n02091134_5538.JPEG,172,Whippet
train/n02091134/n02091134_8617.JPEG,172,Whippet
train/n02091134/n02091134_16109.JPEG,172,Whippet
train/n02091134/n02091134_14931.JPEG,172,Whippet
train/n02091134/n02091134_352.JPEG,172,Whippet
train/n02091134/n02091134_1083.JPEG,172,Whippet
train/n02091134/n02091134_9984.JPEG,172,Whippet
train/n02091134/n02091134_8202.JPEG,172,Whippet
train/n02091134/n02091134_10256.JPEG,172,Whippet
train/n02091244/n02091244_452.JPEG,173,Ibizan Hound
train/n02091244/n02091244_9294.JPEG,173,Ibizan Hound
train/n02091244/n02091244_13225.JPEG,173,Ibizan Hound
train/n02091244/n02091244_11914.JPEG,173,Ibizan Hound
train/n02091244/n02091244_5456.JPEG,173,Ibizan Hound
train/n02091244/n02091244_9029.JPEG,173,Ibizan Hound
train/n02091244/n02091244_4992.JPEG,173,Ibizan Hound
train/n02091244/n02091244_427.JPEG,173,Ibizan Hound
train/n02091244/n02091244_11852.JPEG,173,Ibizan Hound
train/n02091244/n02091244_1324.JPEG,173,Ibizan Hound
train/n02091244/n02091244_9575.JPEG,173,Ibizan Hound
train/n02091244/n02091244_966.JPEG,173,Ibizan Hound
train/n02091244/n02091244_4197.JPEG,173,Ibizan Hound
train/n02091244/n02091244_2524.JPEG,173,Ibizan Hound
train/n02091244/n02091244_13.JPEG,173,Ibizan Hound
train/n02091244/n02091244_7234.JPEG,173,Ibizan Hound
train/n02091467/n02091467_1722.JPEG,174,Norwegian Elkhound
train/n02091467/n02091467_5150.JPEG,174,Norwegian Elkhound
train/n02091467/n02091467_1045.JPEG,174,Norwegian Elkhound
train/n02091467/n02091467_6722.JPEG,174,Norwegian Elkhound
train/n02091467/n02091467_3746.JPEG,174,Norwegian Elkhound
train/n02091467/n02091467_4952.JPEG,174,Norwegian Elkhound
train/n02091467/n02091467_7432.JPEG,174,Norwegian Elkhound
train/n02091467/n02091467_3109.JPEG,174,Norwegian Elkhound
train/n02091467/n02091467_9746.JPEG,174,Norwegian Elkhound
train/n02091467/n02091467_2205.JPEG,174,Norwegian Elkhound
train/n02091467/n02091467_7372.JPEG,174,Norwegian Elkhound
train/n02091467/n02091467_11965.JPEG,174,Norwegian Elkhound
train/n02091467/n02091467_11676.JPEG,174,Norwegian Elkhound
train/n02091467/n02091467_11473.JPEG,174,Norwegian Elkhound
train/n02091467/n02091467_10841.JPEG,174,Norwegian Elkhound
train/n02091467/n02091467_4969.JPEG,174,Norwegian Elkhound
train/n02091635/n02091635_5384.JPEG,175,Otterhound
train/n02091635/n02091635_5245.JPEG,175,Otterhound
train/n02091635/n02091635_7773.JPEG,175,Otterhound
train/n02091635/n02091635_8618.JPEG,175,Otterhound
train/n02091635/n02091635_5294.JPEG,175,Otterhound
train/n02091635/n02091635_8760.JPEG,175,Otterhound
train/n02091635/n02091635_7356.JPEG,175,Otterhound
train/n02091635/n02091635_6096.JPEG,175,Otterhound
train/n02091635/n02091635_3252.JPEG,175,Otterhound
train/n02091635/n02091635_452.JPEG,175,Otterhound
train/n02091635/n02091635_1432.JPEG,175,Otterhound
train/n02091635/n02091635_8984.JPEG,175,Otterhound
train/n02091635/n02091635_3553.JPEG,175,Otterhound
train/n02091635/n02091635_4003.JPEG,175,Otterhound
train/n02091635/n02091635_4697.JPEG,175,Otterhound
train/n02091635/n02091635_7646.JPEG,175,Otterhound
train/n02091831/n02091831_4432.JPEG,176,Saluki
train/n02091831/n02091831_9715.JPEG,176,Saluki
train/n02091831/n02091831_4332.JPEG,176,Saluki
train/n02091831/n02091831_1065.JPEG,176,Saluki
train/n02091831/n02091831_1559.JPEG,176,Saluki
train/n02091831/n02091831_192.JPEG,176,Saluki
train/n02091831/n02091831_388.JPEG,176,Saluki
train/n02091831/n02091831_7640.JPEG,176,Saluki
train/n02091831/n02091831_1696.JPEG,176,Saluki
train/n02091831/n02091831_542.JPEG,176,Saluki
train/n02091831/n02091831_687.JPEG,176,Saluki
train/n02091831/n02091831_10317.JPEG,176,Saluki
train/n02091831/n02091831_2932.JPEG,176,Saluki
train/n02091831/n02091831_1281.JPEG,176,Saluki
train/n02091831/n02091831_13107.JPEG,176,Saluki
train/n02091831/n02091831_12291.JPEG,176,Saluki
train/n02092002/n02092002_12858.JPEG,177,Scottish Deerhound
train/n02092002/n02092002_6007.JPEG,177,Scottish Deerhound
train/n02092002/n02092002_6585.JPEG,177,Scottish Deerhound
train/n02092002/n02092002_1959.JPEG,177,Scottish Deerhound
train/n02092002/n02092002_1749.JPEG,177,Scottish Deerhound
train/n02092002/n02092002_13689.JPEG,177,Scottish Deerhound
train/n02092002/n02092002_15488.JPEG,177,Scottish Deerhound
train/n02092002/n02092002_7160.JPEG,177,Scottish Deerhound
train/n02092002/n02092002_293.JPEG,177,Scottish Deerhound
train/n02092002/n02092002_7871.JPEG,177,Scottish Deerhound
train/n02092002/n02092002_5616.JPEG,177,Scottish Deerhound
train/n02092002/n02092002_5628.JPEG,177,Scottish Deerhound
train/n02092002/n02092002_2626.JPEG,177,Scottish Deerhound
train/n02092002/n02092002_2335.JPEG,177,Scottish Deerhound
train/n02092002/n02092002_2785.JPEG,177,Scottish Deerhound
train/n02092002/n02092002_817.JPEG,177,Scottish Deerhound
train/n02092339/n02092339_1753.JPEG,178,Weimaraner
train/n02092339/n02092339_6519.JPEG,178,Weimaraner
train/n02092339/n02092339_294.JPEG,178,Weimaraner
train/n02092339/n02092339_6445.JPEG,178,Weimaraner
train/n02092339/n02092339_171.JPEG,178,Weimaraner
train/n02092339/n02092339_3009.JPEG,178,Weimaraner
train/n02092339/n02092339_6725.JPEG,178,Weimaraner
train/n02092339/n02092339_942.JPEG,178,Weimaraner
train/n02092339/n02092339_5455.JPEG,178,Weimaraner
train/n02092339/n02092339_2890.JPEG,178,Weimaraner
train/n02092339/n02092339_3184.JPEG,178,Weimaraner
train/n02092339/n02092339_7915.JPEG,178,Weimaraner
train/n02092339/n02092339_6548.JPEG,178,Weimaraner
train/n02092339/n02092339_6707.JPEG,178,Weimaraner
train/n02092339/n02092339_6042.JPEG,178,Weimaraner
train/n02092339/n02092339_5297.JPEG,178,Weimaraner
train/n02093256/n02093256_5981.JPEG,179,Staffordshire Bull Terrier
train/n02093256/n02093256_2222.JPEG,179,Staffordshire Bull Terrier
train/n02093256/n02093256_3830.JPEG,179,Staffordshire Bull Terrier
train/n02093256/n02093256_8295.JPEG,179,Staffordshire Bull Terrier
train/n02093256/n02093256_25792.JPEG,179,Staffordshire Bull Terrier
train/n02093256/n02093256_2718.JPEG,179,Staffordshire Bull Terrier
train/n02093256/n02093256_2425.JPEG,179,Staffordshire Bull Terrier
train/n02093256/n02093256_6207.JPEG,179,Staffordshire Bull Terrier
train/n02093256/n02093256_7894.JPEG,179,Staffordshire Bull Terrier
train/n02093256/n02093256_3814.JPEG,179,Staffordshire Bull Terrier
train/n02093256/n02093256_14215.JPEG,179,Staffordshire Bull Terrier
train/n02093256/n02093256_2769.JPEG,179,Staffordshire Bull Terrier
train/n02093256/n02093256_3239.JPEG,179,Staffordshire Bull Terrier
train/n02093256/n02093256_1713.JPEG,179,Staffordshire Bull Terrier
train/n02093256/n02093256_1363.JPEG,179,Staffordshire Bull Terrier
train/n02093256/n02093256_905.JPEG,179,Staffordshire Bull Terrier
train/n02093428/n02093428_2453.JPEG,180,American Staffordshire Terrier
train/n02093428/n02093428_10382.JPEG,180,American Staffordshire Terrier
train/n02093428/n02093428_4840.JPEG,180,American Staffordshire Terrier
train/n02093428/n02093428_5252.JPEG,180,American Staffordshire Terrier
train/n02093428/n02093428_17722.JPEG,180,American Staffordshire Terrier
train/n02093428/n02093428_16189.JPEG,180,American Staffordshire Terrier
train/n02093428/n02093428_10365.JPEG,180,American Staffordshire Terrier
train/n02093428/n02093428_3278.JPEG,180,American Staffordshire Terrier
train/n02093428/n02093428_976.JPEG,180,American Staffordshire Terrier
train/n02093428/n02093428_14393.JPEG,180,American Staffordshire Terrier
train/n02093428/n02093428_17879.JPEG,180,American Staffordshire Terrier
train/n02093428/n02093428_18758.JPEG,180,American Staffordshire Terrier
train/n02093428/n02093428_3998.JPEG,180,American Staffordshire Terrier
train/n02093428/n02093428_18215.JPEG,180,American Staffordshire Terrier
train/n02093428/n02093428_6794.JPEG,180,American Staffordshire Terrier
train/n02093428/n02093428_4712.JPEG,180,American Staffordshire Terrier
train/n02093647/n02093647_8201.JPEG,181,Bedlington Terrier
train/n02093647/n02093647_126.JPEG,181,Bedlington Terrier
train/n02093647/n02093647_6541.JPEG,181,Bedlington Terrier
train/n02093647/n02093647_3049.JPEG,181,Bedlington Terrier
train/n02093647/n02093647_3586.JPEG,181,Bedlington Terrier
train/n02093647/n02093647_2301.JPEG,181,Bedlington Terrier
train/n02093647/n02093647_4495.JPEG,181,Bedlington Terrier
train/n02093647/n02093647_3795.JPEG,181,Bedlington Terrier
train/n02093647/n02093647_236.JPEG,181,Bedlington Terrier
train/n02093647/n02093647_2937.JPEG,181,Bedlington Terrier
train/n02093647/n02093647_2344.JPEG,181,Bedlington Terrier
train/n02093647/n02093647_769.JPEG,181,Bedlington Terrier
train/n02093647/n02093647_7524.JPEG,181,Bedlington Terrier
train/n02093647/n02093647_5726.JPEG,181,Bedlington Terrier
train/n02093647/n02093647_4061.JPEG,181,Bedlington Terrier
train/n02093647/n02093647_6606.JPEG,181,Bedlington Terrier
train/n02093754/n02093754_574.JPEG,182,Border Terrier
train/n02093754/n02093754_6531.JPEG,182,Border Terrier
train/n02093754/n02093754_3393.JPEG,182,Border Terrier
train/n02093754/n02093754_4081.JPEG,182,Border Terrier
train/n02093754/n02093754_6519.JPEG,182,Border Terrier
train/n02093754/n02093754_521.JPEG,182,Border Terrier
train/n02093754/n02093754_3.JPEG,182,Border Terrier
train/n02093754/n02093754_687.JPEG,182,Border Terrier
train/n02093754/n02093754_2189.JPEG,182,Border Terrier
train/n02093754/n02093754_5470.JPEG,182,Border Terrier
train/n02093754/n02093754_1377.JPEG,182,Border Terrier
train/n02093754/n02093754_3400.JPEG,182,Border Terrier
train/n02093754/n02093754_2918.JPEG,182,Border Terrier
train/n02093754/n02093754_147.JPEG,182,Border Terrier
train/n02093754/n02093754_4906.JPEG,182,Border Terrier
train/n02093754/n02093754_4721.JPEG,182,Border Terrier
train/n02093859/n02093859_4056.JPEG,183,Kerry Blue Terrier
train/n02093859/n02093859_1925.JPEG,183,Kerry Blue Terrier
train/n02093859/n02093859_219.JPEG,183,Kerry Blue Terrier
train/n02093859/n02093859_323.JPEG,183,Kerry Blue Terrier
train/n02093859/n02093859_5162.JPEG,183,Kerry Blue Terrier
train/n02093859/n02093859_1885.JPEG,183,Kerry Blue Terrier
train/n02093859/n02093859_3539.JPEG,183,Kerry Blue Terrier
train/n02093859/n02093859_65.JPEG,183,Kerry Blue Terrier
train/n02093859/n02093859_2223.JPEG,183,Kerry Blue Terrier
train/n02093859/n02093859_3233.JPEG,183,Kerry Blue Terrier
train/n02093859/n02093859_1463.JPEG,183,Kerry Blue Terrier
train/n02093859/n02093859_3897.JPEG,183,Kerry Blue Terrier
train/n02093859/n02093859_1220.JPEG,183,Kerry Blue Terrier
train/n02093859/n02093859_2698.JPEG,183,Kerry Blue Terrier
train/n02093859/n02093859_1208.JPEG,183,Kerry Blue Terrier
train/n02093859/n02093859_224.JPEG,183,Kerry Blue Terrier
train/n02093991/n02093991_6083.JPEG,184,Irish Terrier
train/n02093991/n02093991_2123.JPEG,184,Irish Terrier
train/n02093991/n02093991_3564.JPEG,184,Irish Terrier
train/n02093991/n02093991_141.JPEG,184,Irish Terrier
train/n02093991/n02093991_1218.JPEG,184,Irish Terrier
train/n02093991/n02093991_8046.JPEG,184,Irish Terrier
train/n02093991/n02093991_8405.JPEG,184,Irish Terrier
train/n02093991/n02093991_5187.JPEG,184,Irish Terrier
train/n02093991/n02093991_7224.JPEG,184,Irish Terrier
train/n02093991/n02093991_1672.JPEG,184,Irish Terrier
train/n02093991/n02093991_399.JPEG,184,Irish Terrier
train/n02093991/n02093991_9017.JPEG,184,Irish Terrier
train/n02093991/n02093991_4807.JPEG,184,Irish Terrier
train/n02093991/n02093991_1328.JPEG,184,Irish Terrier
train/n02093991/n02093991_2850.JPEG,184,Irish Terrier
train/n02093991/n02093991_1470.JPEG,184,Irish Terrier
train/n02094114/n02094114_4961.JPEG,185,Norfolk Terrier
train/n02094114/n02094114_7174.JPEG,185,Norfolk Terrier
train/n02094114/n02094114_6909.JPEG,185,Norfolk Terrier
train/n02094114/n02094114_542.JPEG,185,Norfolk Terrier
train/n02094114/n02094114_6870.JPEG,185,Norfolk Terrier
train/n02094114/n02094114_4007.JPEG,185,Norfolk Terrier
train/n02094114/n02094114_7342.JPEG,185,Norfolk Terrier
train/n02094114/n02094114_5061.JPEG,185,Norfolk Terrier
train/n02094114/n02094114_6604.JPEG,185,Norfolk Terrier
train/n02094114/n02094114_5519.JPEG,185,Norfolk Terrier
train/n02094114/n02094114_1274.JPEG,185,Norfolk Terrier
train/n02094114/n02094114_2444.JPEG,185,Norfolk Terrier
train/n02094114/n02094114_7019.JPEG,185,Norfolk Terrier
train/n02094114/n02094114_4991.JPEG,185,Norfolk Terrier
train/n02094114/n02094114_8047.JPEG,185,Norfolk Terrier
train/n02094114/n02094114_7494.JPEG,185,Norfolk Terrier
train/n02094258/n02094258_716.JPEG,186,Norwich Terrier
train/n02094258/n02094258_848.JPEG,186,Norwich Terrier
train/n02094258/n02094258_3586.JPEG,186,Norwich Terrier
train/n02094258/n02094258_7031.JPEG,186,Norwich Terrier
train/n02094258/n02094258_1897.JPEG,186,Norwich Terrier
train/n02094258/n02094258_4319.JPEG,186,Norwich Terrier
train/n02094258/n02094258_6527.JPEG,186,Norwich Terrier
train/n02094258/n02094258_2730.JPEG,186,Norwich Terrier
train/n02094258/n02094258_1224.JPEG,186,Norwich Terrier
train/n02094258/n02094258_5657.JPEG,186,Norwich Terrier
train/n02094258/n02094258_6123.JPEG,186,Norwich Terrier
train/n02094258/n02094258_6120.JPEG,186,Norwich Terrier
train/n02094258/n02094258_4006.JPEG,186,Norwich Terrier
train/n02094258/n02094258_4197.JPEG,186,Norwich Terrier
train/n02094258/n02094258_4972.JPEG,186,Norwich Terrier
train/n02094258/n02094258_5504.JPEG,186,Norwich Terrier
train/n02094433/n02094433_12577.JPEG,187,Yorkshire Terrier
train/n02094433/n02094433_19079.JPEG,187,Yorkshire Terrier
train/n02094433/n02094433_14884.JPEG,187,Yorkshire Terrier
train/n02094433/n02094433_24573.JPEG,187,Yorkshire Terrier
train/n02094433/n02094433_417.JPEG,187,Yorkshire Terrier
train/n02094433/n02094433_10096.JPEG,187,Yorkshire Terrier
train/n02094433/n02094433_5986.JPEG,187,Yorkshire Terrier
train/n02094433/n02094433_701.JPEG,187,Yorkshire Terrier
train/n02094433/n02094433_7445.JPEG,187,Yorkshire Terrier
train/n02094433/n02094433_3135.JPEG,187,Yorkshire Terrier
train/n02094433/n02094433_153.JPEG,187,Yorkshire Terrier
train/n02094433/n02094433_10696.JPEG,187,Yorkshire Terrier
train/n02094433/n02094433_3936.JPEG,187,Yorkshire Terrier
train/n02094433/n02094433_1485.JPEG,187,Yorkshire Terrier
train/n02094433/n02094433_7819.JPEG,187,Yorkshire Terrier
train/n02094433/n02094433_4754.JPEG,187,Yorkshire Terrier
train/n02095314/n02095314_3428.JPEG,188,Wire Fox Terrier
train/n02095314/n02095314_3494.JPEG,188,Wire Fox Terrier
train/n02095314/n02095314_4080.JPEG,188,Wire Fox Terrier
train/n02095314/n02095314_2782.JPEG,188,Wire Fox Terrier
train/n02095314/n02095314_5115.JPEG,188,Wire Fox Terrier
train/n02095314/n02095314_1054.JPEG,188,Wire Fox Terrier
train/n02095314/n02095314_4334.JPEG,188,Wire Fox Terrier
train/n02095314/n02095314_4780.JPEG,188,Wire Fox Terrier
train/n02095314/n02095314_500.JPEG,188,Wire Fox Terrier
train/n02095314/n02095314_3242.JPEG,188,Wire Fox Terrier
train/n02095314/n02095314_5878.JPEG,188,Wire Fox Terrier
train/n02095314/n02095314_4180.JPEG,188,Wire Fox Terrier
train/n02095314/n02095314_3639.JPEG,188,Wire Fox Terrier
train/n02095314/n02095314_2823.JPEG,188,Wire Fox Terrier
train/n02095314/n02095314_3509.JPEG,188,Wire Fox Terrier
train/n02095314/n02095314_3923.JPEG,188,Wire Fox Terrier
train/n02095570/n02095570_337.JPEG,189,Lakeland Terrier
train/n02095570/n02095570_3077.JPEG,189,Lakeland Terrier
train/n02095570/n02095570_5238.JPEG,189,Lakeland Terrier
train/n02095570/n02095570_9138.JPEG,189,Lakeland Terrier
train/n02095570/n02095570_4024.JPEG,189,Lakeland Terrier
train/n02095570/n02095570_862.JPEG,189,Lakeland Terrier
train/n02095570/n02095570_2839.JPEG,189,Lakeland Terrier
train/n02095570/n02095570_9319.JPEG,189,Lakeland Terrier
train/n02095570/n02095570_3603.JPEG,189,Lakeland Terrier
train/n02095570/n02095570_8144.JPEG,189,Lakeland Terrier
train/n02095570/n02095570_9793.JPEG,189,Lakeland Terrier
train/n02095570/n02095570_10568.JPEG,189,Lakeland Terrier
train/n02095570/n02095570_3135.JPEG,189,Lakeland Terrier
train/n02095570/n02095570_1080.JPEG,189,Lakeland Terrier
train/n02095570/n02095570_4532.JPEG,189,Lakeland Terrier
train/n02095570/n02095570_8714.JPEG,189,Lakeland Terrier
train/n02095889/n02095889_12408.JPEG,190,Sealyham Terrier
train/n02095889/n02095889_4056.JPEG,190,Sealyham Terrier
train/n02095889/n02095889_7780.JPEG,190,Sealyham Terrier
train/n02095889/n02095889_7778.JPEG,190,Sealyham Terrier
train/n02095889/n02095889_5040.JPEG,190,Sealyham Terrier
train/n02095889/n02095889_39.JPEG,190,Sealyham Terrier
train/n02095889/n02095889_7625.JPEG,190,Sealyham Terrier
train/n02095889/n02095889_3354.JPEG,190,Sealyham Terrier
train/n02095889/n02095889_5892.JPEG,190,Sealyham Terrier
train/n02095889/n02095889_9359.JPEG,190,Sealyham Terrier
train/n02095889/n02095889_7983.JPEG,190,Sealyham Terrier
train/n02095889/n02095889_3171.JPEG,190,Sealyham Terrier
train/n02095889/n02095889_3457.JPEG,190,Sealyham Terrier
train/n02095889/n02095889_6765.JPEG,190,Sealyham Terrier
train/n02095889/n02095889_3801.JPEG,190,Sealyham Terrier
train/n02095889/n02095889_3968.JPEG,190,Sealyham Terrier
train/n02096051/n02096051_3836.JPEG,191,Airedale Terrier
train/n02096051/n02096051_2925.JPEG,191,Airedale Terrier
train/n02096051/n02096051_8182.JPEG,191,Airedale Terrier
train/n02096051/n02096051_7268.JPEG,191,Airedale Terrier
train/n02096051/n02096051_195.JPEG,191,Airedale Terrier
train/n02096051/n02096051_6865.JPEG,191,Airedale Terrier
train/n02096051/n02096051_5377.JPEG,191,Airedale Terrier
train/n02096051/n02096051_1155.JPEG,191,Airedale Terrier
train/n02096051/n02096051_1047.JPEG,191,Airedale Terrier
train/n02096051/n02096051_5150.JPEG,191,Airedale Terrier
train/n02096051/n02096051_5442.JPEG,191,Airedale Terrier
train/n02096051/n02096051_4223.JPEG,191,Airedale Terrier
train/n02096051/n02096051_5994.JPEG,191,Airedale Terrier
train/n02096051/n02096051_7805.JPEG,191,Airedale Terrier
train/n02096051/n02096051_4536.JPEG,191,Airedale Terrier
train/n02096051/n02096051_2091.JPEG,191,Airedale Terrier
train/n02096177/n02096177_7136.JPEG,192,Cairn Terrier
train/n02096177/n02096177_543.JPEG,192,Cairn Terrier
train/n02096177/n02096177_9300.JPEG,192,Cairn Terrier
train/n02096177/n02096177_1728.JPEG,192,Cairn Terrier
train/n02096177/n02096177_11805.JPEG,192,Cairn Terrier
train/n02096177/n02096177_4583.JPEG,192,Cairn Terrier
train/n02096177/n02096177_2390.JPEG,192,Cairn Terrier
train/n02096177/n02096177_13080.JPEG,192,Cairn Terrier
train/n02096177/n02096177_11547.JPEG,192,Cairn Terrier
train/n02096177/n02096177_1599.JPEG,192,Cairn Terrier
train/n02096177/n02096177_7430.JPEG,192,Cairn Terrier
train/n02096177/n02096177_5498.JPEG,192,Cairn Terrier
train/n02096177/n02096177_12639.JPEG,192,Cairn Terrier
train/n02096177/n02096177_1920.JPEG,192,Cairn Terrier
train/n02096177/n02096177_11053.JPEG,192,Cairn Terrier
train/n02096177/n02096177_11984.JPEG,192,Cairn Terrier
train/n02096294/n02096294_2232.JPEG,193,Australian Terrier
train/n02096294/n02096294_814.JPEG,193,Australian Terrier
train/n02096294/n02096294_1193.JPEG,193,Australian Terrier
train/n02096294/n02096294_2725.JPEG,193,Australian Terrier
train/n02096294/n02096294_4733.JPEG,193,Australian Terrier
train/n02096294/n02096294_1789.JPEG,193,Australian Terrier
train/n02096294/n02096294_5490.JPEG,193,Australian Terrier
train/n02096294/n02096294_2289.JPEG,193,Australian Terrier
train/n02096294/n02096294_8103.JPEG,193,Australian Terrier
train/n02096294/n02096294_2415.JPEG,193,Australian Terrier
train/n02096294/n02096294_436.JPEG,193,Australian Terrier
train/n02096294/n02096294_5781.JPEG,193,Australian Terrier
train/n02096294/n02096294_6389.JPEG,193,Australian Terrier
train/n02096294/n02096294_3108.JPEG,193,Australian Terrier
train/n02096294/n02096294_3978.JPEG,193,Australian Terrier
train/n02096294/n02096294_217.JPEG,193,Australian Terrier
train/n02096437/n02096437_1729.JPEG,194,Dandie Dinmont Terrier
train/n02096437/n02096437_3888.JPEG,194,Dandie Dinmont Terrier
train/n02096437/n02096437_2410.JPEG,194,Dandie Dinmont Terrier
train/n02096437/n02096437_805.JPEG,194,Dandie Dinmont Terrier
train/n02096437/n02096437_2470.JPEG,194,Dandie Dinmont Terrier
train/n02096437/n02096437_1605.JPEG,194,Dandie Dinmont Terrier
train/n02096437/n02096437_3710.JPEG,194,Dandie Dinmont Terrier
train/n02096437/n02096437_866.JPEG,194,Dandie Dinmont Terrier
train/n02096437/n02096437_3048.JPEG,194,Dandie Dinmont Terrier
train/n02096437/n02096437_764.JPEG,194,Dandie Dinmont Terrier
train/n02096437/n02096437_1250.JPEG,194,Dandie Dinmont Terrier
train/n02096437/n02096437_659.JPEG,194,Dandie Dinmont Terrier
train/n02096437/n02096437_2587.JPEG,194,Dandie Dinmont Terrier
train/n02096437/n02096437_2812.JPEG,194,Dandie Dinmont Terrier
train/n02096437/n02096437_6370.JPEG,194,Dandie Dinmont Terrier
train/n02096437/n02096437_7910.JPEG,194,Dandie Dinmont Terrier
train/n02096585/n02096585_1968.JPEG,195,Boston Terrier
train/n02096585/n02096585_2694.JPEG,195,Boston Terrier
train/n02096585/n02096585_1871.JPEG,195,Boston Terrier
train/n02096585/n02096585_2809.JPEG,195,Boston Terrier
train/n02096585/n02096585_5007.JPEG,195,Boston Terrier
train/n02096585/n02096585_12027.JPEG,195,Boston Terrier
train/n02096585/n02096585_7049.JPEG,195,Boston Terrier
train/n02096585/n02096585_3703.JPEG,195,Boston Terrier
train/n02096585/n02096585_10733.JPEG,195,Boston Terrier
train/n02096585/n02096585_5628.JPEG,195,Boston Terrier
train/n02096585/n02096585_1970.JPEG,195,Boston Terrier
train/n02096585/n02096585_8014.JPEG,195,Boston Terrier
train/n02096585/n02096585_10771.JPEG,195,Boston Terrier
train/n02096585/n02096585_9246.JPEG,195,Boston Terrier
train/n02096585/n02096585_5737.JPEG,195,Boston Terrier
train/n02096585/n02096585_10195.JPEG,195,Boston Terrier
train/n02097047/n02097047_2043.JPEG,196,Miniature Schnauzer
train/n02097047/n02097047_2511.JPEG,196,Miniature Schnauzer
train/n02097047/n02097047_3544.JPEG,196,Miniature Schnauzer
train/n02097047/n02097047_5575.JPEG,196,Miniature Schnauzer
train/n02097047/n02097047_387.JPEG,196,Miniature Schnauzer
train/n02097047/n02097047_2852.JPEG,196,Miniature Schnauzer
train/n02097047/n02097047_1617.JPEG,196,Miniature Schnauzer
train/n02097047/n02097047_6813.JPEG,196,Miniature Schnauzer
train/n02097047/n02097047_1077.JPEG,196,Miniature Schnauzer
train/n02097047/n02097047_364.JPEG,196,Miniature Schnauzer
train/n02097047/n02097047_3327.JPEG,196,Miniature Schnauzer
train/n02097047/n02097047_1259.JPEG,196,Miniature Schnauzer
train/n02097047/n02097047_4836.JPEG,196,Miniature Schnauzer
train/n02097047/n02097047_2449.JPEG,196,Miniature Schnauzer
train/n02097047/n02097047_232.JPEG,196,Miniature Schnauzer
train/n02097047/n02097047_3852.JPEG,196,Miniature Schnauzer
train/n02097130/n02097130_6839.JPEG,197,Giant Schnauzer
train/n02097130/n02097130_3404.JPEG,197,Giant Schnauzer
train/n02097130/n02097130_225.JPEG,197,Giant Schnauzer
train/n02097130/n02097130_4468.JPEG,197,Giant Schnauzer
train/n02097130/n02097130_9297.JPEG,197,Giant Schnauzer
train/n02097130/n02097130_6191.JPEG,197,Giant Schnauzer
train/n02097130/n02097130_3614.JPEG,197,Giant Schnauzer
train/n02097130/n02097130_3116.JPEG,197,Giant Schnauzer
train/n02097130/n02097130_1141.JPEG,197,Giant Schnauzer
train/n02097130/n02097130_7670.JPEG,197,Giant Schnauzer
train/n02097130/n02097130_11199.JPEG,197,Giant Schnauzer
train/n02097130/n02097130_348.JPEG,197,Giant Schnauzer
train/n02097130/n02097130_234.JPEG,197,Giant Schnauzer
train/n02097130/n02097130_5708.JPEG,197,Giant Schnauzer
train/n02097130/n02097130_5804.JPEG,197,Giant Schnauzer
train/n02097130/n02097130_767.JPEG,197,Giant Schnauzer
train/n02097209/n02097209_8111.JPEG,198,Standard Schnauzer
train/n02097209/n02097209_2579.JPEG,198,Standard Schnauzer
train/n02097209/n02097209_2307.JPEG,198,Standard Schnauzer
train/n02097209/n02097209_1947.JPEG,198,Standard Schnauzer
train/n02097209/n02097209_5874.JPEG,198,Standard Schnauzer
train/n02097209/n02097209_8276.JPEG,198,Standard Schnauzer
train/n02097209/n02097209_2836.JPEG,198,Standard Schnauzer
train/n02097209/n02097209_2735.JPEG,198,Standard Schnauzer
train/n02097209/n02097209_7899.JPEG,198,Standard Schnauzer
train/n02097209/n02097209_388.JPEG,198,Standard Schnauzer
train/n02097209/n02097209_7149.JPEG,198,Standard Schnauzer
train/n02097209/n02097209_6008.JPEG,198,Standard Schnauzer
train/n02097209/n02097209_3362.JPEG,198,Standard Schnauzer
train/n02097209/n02097209_1435.JPEG,198,Standard Schnauzer
train/n02097209/n02097209_3852.JPEG,198,Standard Schnauzer
train/n02097209/n02097209_2365.JPEG,198,Standard Schnauzer
train/n02097298/n02097298_3146.JPEG,199,Scottish Terrier
train/n02097298/n02097298_16944.JPEG,199,Scottish Terrier
train/n02097298/n02097298_9895.JPEG,199,Scottish Terrier
train/n02097298/n02097298_8103.JPEG,199,Scottish Terrier
train/n02097298/n02097298_8698.JPEG,199,Scottish Terrier
train/n02097298/n02097298_10305.JPEG,199,Scottish Terrier
train/n02097298/n02097298_3567.JPEG,199,Scottish Terrier
train/n02097298/n02097298_11030.JPEG,199,Scottish Terrier
train/n02097298/n02097298_6934.JPEG,199,Scottish Terrier
train/n02097298/n02097298_5588.JPEG,199,Scottish Terrier
train/n02097298/n02097298_15432.JPEG,199,Scottish Terrier
train/n02097298/n02097298_4706.JPEG,199,Scottish Terrier
train/n02097298/n02097298_881.JPEG,199,Scottish Terrier
train/n02097298/n02097298_8861.JPEG,199,Scottish Terrier
train/n02097298/n02097298_8739.JPEG,199,Scottish Terrier
train/n02097298/n02097298_8937.JPEG,199,Scottish Terrier
train/n02097474/n02097474_10875.JPEG,200,Tibetan Terrier
train/n02097474/n02097474_3844.JPEG,200,Tibetan Terrier
train/n02097474/n02097474_484.JPEG,200,Tibetan Terrier
train/n02097474/n02097474_1479.JPEG,200,Tibetan Terrier
train/n02097474/n02097474_5479.JPEG,200,Tibetan Terrier
train/n02097474/n02097474_4512.JPEG,200,Tibetan Terrier
train/n02097474/n02097474_2076.JPEG,200,Tibetan Terrier
train/n02097474/n02097474_3266.JPEG,200,Tibetan Terrier
train/n02097474/n02097474_17862.JPEG,200,Tibetan Terrier
train/n02097474/n02097474_7413.JPEG,200,Tibetan Terrier
train/n02097474/n02097474_17673.JPEG,200,Tibetan Terrier
train/n02097474/n02097474_1525.JPEG,200,Tibetan Terrier
train/n02097474/n02097474_8688.JPEG,200,Tibetan Terrier
train/n02097474/n02097474_12008.JPEG,200,Tibetan Terrier
train/n02097474/n02097474_716.JPEG,200,Tibetan Terrier
train/n02097474/n02097474_8589.JPEG,200,Tibetan Terrier
train/n02097658/n02097658_8053.JPEG,201,Australian Silky Terrier
train/n02097658/n02097658_2880.JPEG,201,Australian Silky Terrier
train/n02097658/n02097658_4690.JPEG,201,Australian Silky Terrier
train/n02097658/n02097658_6170.JPEG,201,Australian Silky Terrier
train/n02097658/n02097658_2035.JPEG,201,Australian Silky Terrier
train/n02097658/n02097658_146.JPEG,201,Australian Silky Terrier
train/n02097658/n02097658_176.JPEG,201,Australian Silky Terrier
train/n02097658/n02097658_2542.JPEG,201,Australian Silky Terrier
train/n02097658/n02097658_4363.JPEG,201,Australian Silky Terrier
train/n02097658/n02097658_422.JPEG,201,Australian Silky Terrier
train/n02097658/n02097658_2201.JPEG,201,Australian Silky Terrier
train/n02097658/n02097658_7305.JPEG,201,Australian Silky Terrier
train/n02097658/n02097658_9300.JPEG,201,Australian Silky Terrier
train/n02097658/n02097658_4989.JPEG,201,Australian Silky Terrier
train/n02097658/n02097658_2764.JPEG,201,Australian Silky Terrier
train/n02097658/n02097658_1791.JPEG,201,Australian Silky Terrier
train/n02098105/n02098105_4051.JPEG,202,Soft-coated Wheaten Terrier
train/n02098105/n02098105_1818.JPEG,202,Soft-coated Wheaten Terrier
train/n02098105/n02098105_71.JPEG,202,Soft-coated Wheaten Terrier
train/n02098105/n02098105_601.JPEG,202,Soft-coated Wheaten Terrier
train/n02098105/n02098105_5345.JPEG,202,Soft-coated Wheaten Terrier
train/n02098105/n02098105_69.JPEG,202,Soft-coated Wheaten Terrier
train/n02098105/n02098105_8950.JPEG,202,Soft-coated Wheaten Terrier
train/n02098105/n02098105_2740.JPEG,202,Soft-coated Wheaten Terrier
train/n02098105/n02098105_8517.JPEG,202,Soft-coated Wheaten Terrier
train/n02098105/n02098105_10835.JPEG,202,Soft-coated Wheaten Terrier
train/n02098105/n02098105_56.JPEG,202,Soft-coated Wheaten Terrier
train/n02098105/n02098105_4184.JPEG,202,Soft-coated Wheaten Terrier
train/n02098105/n02098105_1514.JPEG,202,Soft-coated Wheaten Terrier
train/n02098105/n02098105_4024.JPEG,202,Soft-coated Wheaten Terrier
train/n02098105/n02098105_1994.JPEG,202,Soft-coated Wheaten Terrier
train/n02098105/n02098105_10707.JPEG,202,Soft-coated Wheaten Terrier
train/n02098286/n02098286_3137.JPEG,203,West Highland White Terrier
train/n02098286/n02098286_5139.JPEG,203,West Highland White Terrier
train/n02098286/n02098286_1221.JPEG,203,West Highland White Terrier
train/n02098286/n02098286_1310.JPEG,203,West Highland White Terrier
train/n02098286/n02098286_38.JPEG,203,West Highland White Terrier
train/n02098286/n02098286_2726.JPEG,203,West Highland White Terrier
train/n02098286/n02098286_1649.JPEG,203,West Highland White Terrier
train/n02098286/n02098286_835.JPEG,203,West Highland White Terrier
train/n02098286/n02098286_961.JPEG,203,West Highland White Terrier
train/n02098286/n02098286_3476.JPEG,203,West Highland White Terrier
train/n02098286/n02098286_4090.JPEG,203,West Highland White Terrier
train/n02098286/n02098286_1681.JPEG,203,West Highland White Terrier
train/n02098286/n02098286_5346.JPEG,203,West Highland White Terrier
train/n02098286/n02098286_6575.JPEG,203,West Highland White Terrier
train/n02098286/n02098286_95.JPEG,203,West Highland White Terrier
train/n02098286/n02098286_4829.JPEG,203,West Highland White Terrier
train/n02098413/n02098413_2199.JPEG,204,Lhasa Apso
train/n02098413/n02098413_7286.JPEG,204,Lhasa Apso
train/n02098413/n02098413_7890.JPEG,204,Lhasa Apso
train/n02098413/n02098413_415.JPEG,204,Lhasa Apso
train/n02098413/n02098413_8675.JPEG,204,Lhasa Apso
train/n02098413/n02098413_1973.JPEG,204,Lhasa Apso
train/n02098413/n02098413_14597.JPEG,204,Lhasa Apso
train/n02098413/n02098413_49.JPEG,204,Lhasa Apso
train/n02098413/n02098413_19049.JPEG,204,Lhasa Apso
train/n02098413/n02098413_1412.JPEG,204,Lhasa Apso
train/n02098413/n02098413_16344.JPEG,204,Lhasa Apso
train/n02098413/n02098413_9925.JPEG,204,Lhasa Apso
train/n02098413/n02098413_11.JPEG,204,Lhasa Apso
train/n02098413/n02098413_14885.JPEG,204,Lhasa Apso
train/n02098413/n02098413_14808.JPEG,204,Lhasa Apso
train/n02098413/n02098413_11258.JPEG,204,Lhasa Apso
train/n02099267/n02099267_19445.JPEG,205,Flat-Coated Retriever
train/n02099267/n02099267_1989.JPEG,205,Flat-Coated Retriever
train/n02099267/n02099267_69.JPEG,205,Flat-Coated Retriever
train/n02099267/n02099267_9755.JPEG,205,Flat-Coated Retriever
train/n02099267/n02099267_12322.JPEG,205,Flat-Coated Retriever
train/n02099267/n02099267_1202.JPEG,205,Flat-Coated Retriever
train/n02099267/n02099267_1176.JPEG,205,Flat-Coated Retriever
train/n02099267/n02099267_6694.JPEG,205,Flat-Coated Retriever
train/n02099267/n02099267_8.JPEG,205,Flat-Coated Retriever
train/n02099267/n02099267_4115.JPEG,205,Flat-Coated Retriever
train/n02099267/n02099267_10413.JPEG,205,Flat-Coated Retriever
train/n02099267/n02099267_8142.JPEG,205,Flat-Coated Retriever
train/n02099267/n02099267_20070.JPEG,205,Flat-Coated Retriever
train/n02099267/n02099267_2308.JPEG,205,Flat-Coated Retriever
train/n02099267/n02099267_7132.JPEG,205,Flat-Coated Retriever
train/n02099267/n02099267_657.JPEG,205,Flat-Coated Retriever
train/n02099429/n02099429_5917.JPEG,206,Curly-coated Retriever
train/n02099429/n02099429_4100.JPEG,206,Curly-coated Retriever
train/n02099429/n02099429_3383.JPEG,206,Curly-coated Retriever
train/n02099429/n02099429_339.JPEG,206,Curly-coated Retriever
train/n02099429/n02099429_1915.JPEG,206,Curly-coated Retriever
train/n02099429/n02099429_653.JPEG,206,Curly-coated Retriever
train/n02099429/n02099429_4599.JPEG,206,Curly-coated Retriever
train/n02099429/n02099429_1694.JPEG,206,Curly-coated Retriever
train/n02099429/n02099429_44.JPEG,206,Curly-coated Retriever
train/n02099429/n02099429_348.JPEG,206,Curly-coated Retriever
train/n02099429/n02099429_3576.JPEG,206,Curly-coated Retriever
train/n02099429/n02099429_1272.JPEG,206,Curly-coated Retriever
train/n02099429/n02099429_5580.JPEG,206,Curly-coated Retriever
train/n02099429/n02099429_4679.JPEG,206,Curly-coated Retriever
train/n02099429/n02099429_1025.JPEG,206,Curly-coated Retriever
train/n02099429/n02099429_3692.JPEG,206,Curly-coated Retriever
train/n02099601/n02099601_6176.JPEG,207,Golden Retriever
train/n02099601/n02099601_2694.JPEG,207,Golden Retriever
train/n02099601/n02099601_1258.JPEG,207,Golden Retriever
train/n02099601/n02099601_2075.JPEG,207,Golden Retriever
train/n02099601/n02099601_3507.JPEG,207,Golden Retriever
train/n02099601/n02099601_8138.JPEG,207,Golden Retriever
train/n02099601/n02099601_2327.JPEG,207,Golden Retriever
train/n02099601/n02099601_14592.JPEG,207,Golden Retriever
train/n02099601/n02099601_6435.JPEG,207,Golden Retriever
train/n02099601/n02099601_27132.JPEG,207,Golden Retriever
train/n02099601/n02099601_3057.JPEG,207,Golden Retriever
train/n02099601/n02099601_8005.JPEG,207,Golden Retriever
train/n02099601/n02099601_2582.JPEG,207,Golden Retriever
train/n02099601/n02099601_694.JPEG,207,Golden Retriever
train/n02099601/n02099601_1256.JPEG,207,Golden Retriever
train/n02099601/n02099601_2612.JPEG,207,Golden Retriever
train/n02099712/n02099712_1761.JPEG,208,Labrador Retriever
train/n02099712/n02099712_1169.JPEG,208,Labrador Retriever
train/n02099712/n02099712_1251.JPEG,208,Labrador Retriever
train/n02099712/n02099712_3077.JPEG,208,Labrador Retriever
train/n02099712/n02099712_6234.JPEG,208,Labrador Retriever
train/n02099712/n02099712_7818.JPEG,208,Labrador Retriever
train/n02099712/n02099712_7831.JPEG,208,Labrador Retriever
train/n02099712/n02099712_2544.JPEG,208,Labrador Retriever
train/n02099712/n02099712_3395.JPEG,208,Labrador Retriever
train/n02099712/n02099712_1205.JPEG,208,Labrador Retriever
train/n02099712/n02099712_3176.JPEG,208,Labrador Retriever
train/n02099712/n02099712_50.JPEG,208,Labrador Retriever
train/n02099712/n02099712_1418.JPEG,208,Labrador Retriever
train/n02099712/n02099712_844.JPEG,208,Labrador Retriever
train/n02099712/n02099712_6297.JPEG,208,Labrador Retriever
train/n02099712/n02099712_3607.JPEG,208,Labrador Retriever
train/n02099849/n02099849_473.JPEG,209,Chesapeake Bay Retriever
train/n02099849/n02099849_7847.JPEG,209,Chesapeake Bay Retriever
train/n02099849/n02099849_6787.JPEG,209,Chesapeake Bay Retriever
train/n02099849/n02099849_3346.JPEG,209,Chesapeake Bay Retriever
train/n02099849/n02099849_4235.JPEG,209,Chesapeake Bay Retriever
train/n02099849/n02099849_3258.JPEG,209,Chesapeake Bay Retriever
train/n02099849/n02099849_2579.JPEG,209,Chesapeake Bay Retriever
train/n02099849/n02099849_5320.JPEG,209,Chesapeake Bay Retriever
train/n02099849/n02099849_4290.JPEG,209,Chesapeake Bay Retriever
train/n02099849/n02099849_590.JPEG,209,Chesapeake Bay Retriever
train/n02099849/n02099849_1104.JPEG,209,Chesapeake Bay Retriever
train/n02099849/n02099849_3355.JPEG,209,Chesapeake Bay Retriever
train/n02099849/n02099849_920.JPEG,209,Chesapeake Bay Retriever
train/n02099849/n02099849_3556.JPEG,209,Chesapeake Bay Retriever
train/n02099849/n02099849_1133.JPEG,209,Chesapeake Bay Retriever
train/n02099849/n02099849_1456.JPEG,209,Chesapeake Bay Retriever
train/n02100236/n02100236_6153.JPEG,210,German Shorthaired Pointer
train/n02100236/n02100236_5678.JPEG,210,German Shorthaired Pointer
train/n02100236/n02100236_997.JPEG,210,German Shorthaired Pointer
train/n02100236/n02100236_7728.JPEG,210,German Shorthaired Pointer
train/n02100236/n02100236_8147.JPEG,210,German Shorthaired Pointer
train/n02100236/n02100236_9748.JPEG,210,German Shorthaired Pointer
train/n02100236/n02100236_11366.JPEG,210,German Shorthaired Pointer
train/n02100236/n02100236_6320.JPEG,210,German Shorthaired Pointer
train/n02100236/n02100236_314.JPEG,210,German Shorthaired Pointer
train/n02100236/n02100236_1025.JPEG,210,German Shorthaired Pointer
train/n02100236/n02100236_7602.JPEG,210,German Shorthaired Pointer
train/n02100236/n02100236_396.JPEG,210,German Shorthaired Pointer
train/n02100236/n02100236_10595.JPEG,210,German Shorthaired Pointer
train/n02100236/n02100236_11059.JPEG,210,German Shorthaired Pointer
train/n02100236/n02100236_170.JPEG,210,German Shorthaired Pointer
train/n02100236/n02100236_9778.JPEG,210,German Shorthaired Pointer
train/n02100583/n02100583_5021.JPEG,211,Vizsla
train/n02100583/n02100583_10285.JPEG,211,Vizsla
train/n02100583/n02100583_23429.JPEG,211,Vizsla
train/n02100583/n02100583_21992.JPEG,211,Vizsla
train/n02100583/n02100583_2550.JPEG,211,Vizsla
train/n02100583/n02100583_11927.JPEG,211,Vizsla
train/n02100583/n02100583_7609.JPEG,211,Vizsla
train/n02100583/n02100583_11553.JPEG,211,Vizsla
train/n02100583/n02100583_5604.JPEG,211,Vizsla
train/n02100583/n02100583_22823.JPEG,211,Vizsla
train/n02100583/n02100583_6242.JPEG,211,Vizsla
train/n02100583/n02100583_5227.JPEG,211,Vizsla
train/n02100583/n02100583_10312.JPEG,211,Vizsla
train/n02100583/n02100583_20153.JPEG,211,Vizsla
train/n02100583/n02100583_9770.JPEG,211,Vizsla
train/n02100583/n02100583_16500.JPEG,211,Vizsla
train/n02100735/n02100735_10022.JPEG,212,English Setter
train/n02100735/n02100735_2423.JPEG,212,English Setter
train/n02100735/n02100735_12736.JPEG,212,English Setter
train/n02100735/n02100735_4928.JPEG,212,English Setter
train/n02100735/n02100735_4870.JPEG,212,English Setter
train/n02100735/n02100735_9325.JPEG,212,English Setter
train/n02100735/n02100735_6320.JPEG,212,English Setter
train/n02100735/n02100735_10201.JPEG,212,English Setter
train/n02100735/n02100735_889.JPEG,212,English Setter
train/n02100735/n02100735_971.JPEG,212,English Setter
train/n02100735/n02100735_2011.JPEG,212,English Setter
train/n02100735/n02100735_3240.JPEG,212,English Setter
train/n02100735/n02100735_5693.JPEG,212,English Setter
train/n02100735/n02100735_7947.JPEG,212,English Setter
train/n02100735/n02100735_4949.JPEG,212,English Setter
train/n02100735/n02100735_6888.JPEG,212,English Setter
train/n02100877/n02100877_8321.JPEG,213,Irish Setter
train/n02100877/n02100877_3158.JPEG,213,Irish Setter
train/n02100877/n02100877_29799.JPEG,213,Irish Setter
train/n02100877/n02100877_21344.JPEG,213,Irish Setter
train/n02100877/n02100877_2830.JPEG,213,Irish Setter
train/n02100877/n02100877_2970.JPEG,213,Irish Setter
train/n02100877/n02100877_10671.JPEG,213,Irish Setter
train/n02100877/n02100877_5954.JPEG,213,Irish Setter
train/n02100877/n02100877_9173.JPEG,213,Irish Setter
train/n02100877/n02100877_15136.JPEG,213,Irish Setter
train/n02100877/n02100877_13951.JPEG,213,Irish Setter
train/n02100877/n02100877_8800.JPEG,213,Irish Setter
train/n02100877/n02100877_6574.JPEG,213,Irish Setter
train/n02100877/n02100877_10916.JPEG,213,Irish Setter
train/n02100877/n02100877_7519.JPEG,213,Irish Setter
train/n02100877/n02100877_3993.JPEG,213,Irish Setter
train/n02101006/n02101006_7827.JPEG,214,Gordon Setter
train/n02101006/n02101006_9498.JPEG,214,Gordon Setter
train/n02101006/n02101006_4243.JPEG,214,Gordon Setter
train/n02101006/n02101006_7888.JPEG,214,Gordon Setter
train/n02101006/n02101006_11866.JPEG,214,Gordon Setter
train/n02101006/n02101006_6984.JPEG,214,Gordon Setter
train/n02101006/n02101006_2316.JPEG,214,Gordon Setter
train/n02101006/n02101006_2422.JPEG,214,Gordon Setter
train/n02101006/n02101006_8380.JPEG,214,Gordon Setter
train/n02101006/n02101006_6325.JPEG,214,Gordon Setter
train/n02101006/n02101006_4582.JPEG,214,Gordon Setter
train/n02101006/n02101006_5772.JPEG,214,Gordon Setter
train/n02101006/n02101006_12010.JPEG,214,Gordon Setter
train/n02101006/n02101006_4295.JPEG,214,Gordon Setter
train/n02101006/n02101006_4488.JPEG,214,Gordon Setter
train/n02101006/n02101006_16129.JPEG,214,Gordon Setter
train/n02101388/n02101388_2114.JPEG,215,Brittany dog
train/n02101388/n02101388_4564.JPEG,215,Brittany dog
train/n02101388/n02101388_2882.JPEG,215,Brittany dog
train/n02101388/n02101388_758.JPEG,215,Brittany dog
train/n02101388/n02101388_7113.JPEG,215,Brittany dog
train/n02101388/n02101388_12902.JPEG,215,Brittany dog
train/n02101388/n02101388_4539.JPEG,215,Brittany dog
train/n02101388/n02101388_12643.JPEG,215,Brittany dog
train/n02101388/n02101388_8242.JPEG,215,Brittany dog
train/n02101388/n02101388_18339.JPEG,215,Brittany dog
train/n02101388/n02101388_10036.JPEG,215,Brittany dog
train/n02101388/n02101388_26616.JPEG,215,Brittany dog
train/n02101388/n02101388_25582.JPEG,215,Brittany dog
train/n02101388/n02101388_20940.JPEG,215,Brittany dog
train/n02101388/n02101388_8930.JPEG,215,Brittany dog
train/n02101388/n02101388_10586.JPEG,215,Brittany dog
train/n02101556/n02101556_1426.JPEG,216,Clumber Spaniel
train/n02101556/n02101556_15138.JPEG,216,Clumber Spaniel
train/n02101556/n02101556_1444.JPEG,216,Clumber Spaniel
train/n02101556/n02101556_1320.JPEG,216,Clumber Spaniel
train/n02101556/n02101556_6199.JPEG,216,Clumber Spaniel
train/n02101556/n02101556_697.JPEG,216,Clumber Spaniel
train/n02101556/n02101556_2894.JPEG,216,Clumber Spaniel
train/n02101556/n02101556_3500.JPEG,216,Clumber Spaniel
train/n02101556/n02101556_11704.JPEG,216,Clumber Spaniel
train/n02101556/n02101556_14302.JPEG,216,Clumber Spaniel
train/n02101556/n02101556_743.JPEG,216,Clumber Spaniel
train/n02101556/n02101556_5636.JPEG,216,Clumber Spaniel
train/n02101556/n02101556_9185.JPEG,216,Clumber Spaniel
train/n02101556/n02101556_15637.JPEG,216,Clumber Spaniel
train/n02101556/n02101556_334.JPEG,216,Clumber Spaniel
train/n02101556/n02101556_14413.JPEG,216,Clumber Spaniel
train/n02102040/n02102040_6848.JPEG,217,English Springer Spaniel
train/n02102040/n02102040_715.JPEG,217,English Springer Spaniel
train/n02102040/n02102040_7646.JPEG,217,English Springer Spaniel
train/n02102040/n02102040_630.JPEG,217,English Springer Spaniel
train/n02102040/n02102040_5900.JPEG,217,English Springer Spaniel
train/n02102040/n02102040_2948.JPEG,217,English Springer Spaniel
train/n02102040/n02102040_113.JPEG,217,English Springer Spaniel
train/n02102040/n02102040_981.JPEG,217,English Springer Spaniel
train/n02102040/n02102040_6625.JPEG,217,English Springer Spaniel
train/n02102040/n02102040_3514.JPEG,217,English Springer Spaniel
train/n02102040/n02102040_1479.JPEG,217,English Springer Spaniel
train/n02102040/n02102040_1675.JPEG,217,English Springer Spaniel
train/n02102040/n02102040_7998.JPEG,217,English Springer Spaniel
train/n02102040/n02102040_2951.JPEG,217,English Springer Spaniel
train/n02102040/n02102040_4979.JPEG,217,English Springer Spaniel
train/n02102040/n02102040_2698.JPEG,217,English Springer Spaniel
train/n02102177/n02102177_2007.JPEG,218,Welsh Springer Spaniel
train/n02102177/n02102177_8682.JPEG,218,Welsh Springer Spaniel
train/n02102177/n02102177_388.JPEG,218,Welsh Springer Spaniel
train/n02102177/n02102177_7771.JPEG,218,Welsh Springer Spaniel
train/n02102177/n02102177_798.JPEG,218,Welsh Springer Spaniel
train/n02102177/n02102177_1451.JPEG,218,Welsh Springer Spaniel
train/n02102177/n02102177_4034.JPEG,218,Welsh Springer Spaniel
train/n02102177/n02102177_5641.JPEG,218,Welsh Springer Spaniel
train/n02102177/n02102177_1269.JPEG,218,Welsh Springer Spaniel
train/n02102177/n02102177_52.JPEG,218,Welsh Springer Spaniel
train/n02102177/n02102177_3036.JPEG,218,Welsh Springer Spaniel
train/n02102177/n02102177_7403.JPEG,218,Welsh Springer Spaniel
train/n02102177/n02102177_4408.JPEG,218,Welsh Springer Spaniel
train/n02102177/n02102177_2437.JPEG,218,Welsh Springer Spaniel
train/n02102177/n02102177_8361.JPEG,218,Welsh Springer Spaniel
train/n02102177/n02102177_1546.JPEG,218,Welsh Springer Spaniel
train/n02102318/n02102318_8504.JPEG,219,Cocker Spaniel
train/n02102318/n02102318_6741.JPEG,219,Cocker Spaniel
train/n02102318/n02102318_10093.JPEG,219,Cocker Spaniel
train/n02102318/n02102318_1123.JPEG,219,Cocker Spaniel
train/n02102318/n02102318_3.JPEG,219,Cocker Spaniel
train/n02102318/n02102318_10804.JPEG,219,Cocker Spaniel
train/n02102318/n02102318_398.JPEG,219,Cocker Spaniel
train/n02102318/n02102318_14605.JPEG,219,Cocker Spaniel
train/n02102318/n02102318_6105.JPEG,219,Cocker Spaniel
train/n02102318/n02102318_10866.JPEG,219,Cocker Spaniel
train/n02102318/n02102318_4716.JPEG,219,Cocker Spaniel
train/n02102318/n02102318_9397.JPEG,219,Cocker Spaniel
train/n02102318/n02102318_15577.JPEG,219,Cocker Spaniel
train/n02102318/n02102318_9032.JPEG,219,Cocker Spaniel
train/n02102318/n02102318_7187.JPEG,219,Cocker Spaniel
train/n02102318/n02102318_17626.JPEG,219,Cocker Spaniel
train/n02102480/n02102480_13306.JPEG,220,Sussex Spaniel
train/n02102480/n02102480_935.JPEG,220,Sussex Spaniel
train/n02102480/n02102480_4444.JPEG,220,Sussex Spaniel
train/n02102480/n02102480_10101.JPEG,220,Sussex Spaniel
train/n02102480/n02102480_13616.JPEG,220,Sussex Spaniel
train/n02102480/n02102480_7170.JPEG,220,Sussex Spaniel
train/n02102480/n02102480_8279.JPEG,220,Sussex Spaniel
train/n02102480/n02102480_6547.JPEG,220,Sussex Spaniel
train/n02102480/n02102480_2078.JPEG,220,Sussex Spaniel
train/n02102480/n02102480_8035.JPEG,220,Sussex Spaniel
train/n02102480/n02102480_4639.JPEG,220,Sussex Spaniel
train/n02102480/n02102480_1881.JPEG,220,Sussex Spaniel
train/n02102480/n02102480_1225.JPEG,220,Sussex Spaniel
train/n02102480/n02102480_6259.JPEG,220,Sussex Spaniel
train/n02102480/n02102480_2881.JPEG,220,Sussex Spaniel
train/n02102480/n02102480_9573.JPEG,220,Sussex Spaniel
train/n02102973/n02102973_7896.JPEG,221,Irish Water Spaniel
train/n02102973/n02102973_7006.JPEG,221,Irish Water Spaniel
train/n02102973/n02102973_6440.JPEG,221,Irish Water Spaniel
train/n02102973/n02102973_5652.JPEG,221,Irish Water Spaniel
train/n02102973/n02102973_6657.JPEG,221,Irish Water Spaniel
train/n02102973/n02102973_2093.JPEG,221,Irish Water Spaniel
train/n02102973/n02102973_4548.JPEG,221,Irish Water Spaniel
train/n02102973/n02102973_942.JPEG,221,Irish Water Spaniel
train/n02102973/n02102973_5500.JPEG,221,Irish Water Spaniel
train/n02102973/n02102973_7206.JPEG,221,Irish Water Spaniel
train/n02102973/n02102973_953.JPEG,221,Irish Water Spaniel
train/n02102973/n02102973_2461.JPEG,221,Irish Water Spaniel
train/n02102973/n02102973_6164.JPEG,221,Irish Water Spaniel
train/n02102973/n02102973_6283.JPEG,221,Irish Water Spaniel
train/n02102973/n02102973_2784.JPEG,221,Irish Water Spaniel
train/n02102973/n02102973_2786.JPEG,221,Irish Water Spaniel
train/n02104029/n02104029_7268.JPEG,222,Kuvasz
train/n02104029/n02104029_6562.JPEG,222,Kuvasz
train/n02104029/n02104029_2735.JPEG,222,Kuvasz
train/n02104029/n02104029_3825.JPEG,222,Kuvasz
train/n02104029/n02104029_4889.JPEG,222,Kuvasz
train/n02104029/n02104029_8318.JPEG,222,Kuvasz
train/n02104029/n02104029_7659.JPEG,222,Kuvasz
train/n02104029/n02104029_6741.JPEG,222,Kuvasz
train/n02104029/n02104029_6722.JPEG,222,Kuvasz
train/n02104029/n02104029_2745.JPEG,222,Kuvasz
train/n02104029/n02104029_4028.JPEG,222,Kuvasz
train/n02104029/n02104029_7806.JPEG,222,Kuvasz
train/n02104029/n02104029_5123.JPEG,222,Kuvasz
train/n02104029/n02104029_6575.JPEG,222,Kuvasz
train/n02104029/n02104029_1496.JPEG,222,Kuvasz
train/n02104029/n02104029_6050.JPEG,222,Kuvasz
train/n02104365/n02104365_9348.JPEG,223,Schipperke
train/n02104365/n02104365_8752.JPEG,223,Schipperke
train/n02104365/n02104365_5856.JPEG,223,Schipperke
train/n02104365/n02104365_657.JPEG,223,Schipperke
train/n02104365/n02104365_3950.JPEG,223,Schipperke
train/n02104365/n02104365_4263.JPEG,223,Schipperke
train/n02104365/n02104365_1000.JPEG,223,Schipperke
train/n02104365/n02104365_10448.JPEG,223,Schipperke
train/n02104365/n02104365_8416.JPEG,223,Schipperke
train/n02104365/n02104365_6732.JPEG,223,Schipperke
train/n02104365/n02104365_240.JPEG,223,Schipperke
train/n02104365/n02104365_1185.JPEG,223,Schipperke
train/n02104365/n02104365_10107.JPEG,223,Schipperke
train/n02104365/n02104365_3515.JPEG,223,Schipperke
train/n02104365/n02104365_424.JPEG,223,Schipperke
train/n02104365/n02104365_7526.JPEG,223,Schipperke
train/n02105056/n02105056_2085.JPEG,224,Groenendael dog
train/n02105056/n02105056_8167.JPEG,224,Groenendael dog
train/n02105056/n02105056_7386.JPEG,224,Groenendael dog
train/n02105056/n02105056_15665.JPEG,224,Groenendael dog
train/n02105056/n02105056_12599.JPEG,224,Groenendael dog
train/n02105056/n02105056_13978.JPEG,224,Groenendael dog
train/n02105056/n02105056_662.JPEG,224,Groenendael dog
train/n02105056/n02105056_3048.JPEG,224,Groenendael dog
train/n02105056/n02105056_144.JPEG,224,Groenendael dog
train/n02105056/n02105056_14750.JPEG,224,Groenendael dog
train/n02105056/n02105056_14262.JPEG,224,Groenendael dog
train/n02105056/n02105056_13288.JPEG,224,Groenendael dog
train/n02105056/n02105056_14182.JPEG,224,Groenendael dog
train/n02105056/n02105056_7434.JPEG,224,Groenendael dog
train/n02105056/n02105056_10590.JPEG,224,Groenendael dog
train/n02105056/n02105056_2663.JPEG,224,Groenendael dog
train/n02105162/n02105162_4235.JPEG,225,Malinois
train/n02105162/n02105162_5230.JPEG,225,Malinois
train/n02105162/n02105162_1222.JPEG,225,Malinois
train/n02105162/n02105162_1071.JPEG,225,Malinois
train/n02105162/n02105162_2946.JPEG,225,Malinois
train/n02105162/n02105162_5957.JPEG,225,Malinois
train/n02105162/n02105162_7649.JPEG,225,Malinois
train/n02105162/n02105162_2745.JPEG,225,Malinois
train/n02105162/n02105162_3501.JPEG,225,Malinois
train/n02105162/n02105162_9298.JPEG,225,Malinois
train/n02105162/n02105162_5727.JPEG,225,Malinois
train/n02105162/n02105162_7621.JPEG,225,Malinois
train/n02105162/n02105162_208.JPEG,225,Malinois
train/n02105162/n02105162_8476.JPEG,225,Malinois
train/n02105162/n02105162_4970.JPEG,225,Malinois
train/n02105162/n02105162_8004.JPEG,225,Malinois
train/n02105251/n02105251_4957.JPEG,226,Briard
train/n02105251/n02105251_2354.JPEG,226,Briard
train/n02105251/n02105251_4752.JPEG,226,Briard
train/n02105251/n02105251_729.JPEG,226,Briard
train/n02105251/n02105251_2372.JPEG,226,Briard
train/n02105251/n02105251_6386.JPEG,226,Briard
train/n02105251/n02105251_8177.JPEG,226,Briard
train/n02105251/n02105251_6394.JPEG,226,Briard
train/n02105251/n02105251_3818.JPEG,226,Briard
train/n02105251/n02105251_8362.JPEG,226,Briard
train/n02105251/n02105251_520.JPEG,226,Briard
train/n02105251/n02105251_4347.JPEG,226,Briard
train/n02105251/n02105251_6805.JPEG,226,Briard
train/n02105251/n02105251_6883.JPEG,226,Briard
train/n02105251/n02105251_7075.JPEG,226,Briard
train/n02105251/n02105251_1647.JPEG,226,Briard
train/n02105412/n02105412_4191.JPEG,227,Australian Kelpie
train/n02105412/n02105412_4241.JPEG,227,Australian Kelpie
train/n02105412/n02105412_1127.JPEG,227,Australian Kelpie
train/n02105412/n02105412_5642.JPEG,227,Australian Kelpie
train/n02105412/n02105412_5929.JPEG,227,Australian Kelpie
train/n02105412/n02105412_3088.JPEG,227,Australian Kelpie
train/n02105412/n02105412_157.JPEG,227,Australian Kelpie
train/n02105412/n02105412_2769.JPEG,227,Australian Kelpie
train/n02105412/n02105412_4871.JPEG,227,Australian Kelpie
train/n02105412/n02105412_6791.JPEG,227,Australian Kelpie
train/n02105412/n02105412_3004.JPEG,227,Australian Kelpie
train/n02105412/n02105412_4376.JPEG,227,Australian Kelpie
train/n02105412/n02105412_6333.JPEG,227,Australian Kelpie
train/n02105412/n02105412_7478.JPEG,227,Australian Kelpie
train/n02105412/n02105412_1973.JPEG,227,Australian Kelpie
train/n02105412/n02105412_1190.JPEG,227,Australian Kelpie
train/n02105505/n02105505_1426.JPEG,228,Komondor
train/n02105505/n02105505_4054.JPEG,228,Komondor
train/n02105505/n02105505_225.JPEG,228,Komondor
train/n02105505/n02105505_5106.JPEG,228,Komondor
train/n02105505/n02105505_5929.JPEG,228,Komondor
train/n02105505/n02105505_6548.JPEG,228,Komondor
train/n02105505/n02105505_5156.JPEG,228,Komondor
train/n02105505/n02105505_5773.JPEG,228,Komondor
train/n02105505/n02105505_5904.JPEG,228,Komondor
train/n02105505/n02105505_7426.JPEG,228,Komondor
train/n02105505/n02105505_3602.JPEG,228,Komondor
train/n02105505/n02105505_5271.JPEG,228,Komondor
train/n02105505/n02105505_3353.JPEG,228,Komondor
train/n02105505/n02105505_6376.JPEG,228,Komondor
train/n02105505/n02105505_4239.JPEG,228,Komondor
train/n02105505/n02105505_3077.JPEG,228,Komondor
train/n02105641/n02105641_14211.JPEG,229,Old English Sheepdog
train/n02105641/n02105641_12380.JPEG,229,Old English Sheepdog
train/n02105641/n02105641_5071.JPEG,229,Old English Sheepdog
train/n02105641/n02105641_9159.JPEG,229,Old English Sheepdog
train/n02105641/n02105641_6182.JPEG,229,Old English Sheepdog
train/n02105641/n02105641_5847.JPEG,229,Old English Sheepdog
train/n02105641/n02105641_11214.JPEG,229,Old English Sheepdog
train/n02105641/n02105641_14439.JPEG,229,Old English Sheepdog
train/n02105641/n02105641_10256.JPEG,229,Old English Sheepdog
train/n02105641/n02105641_9424.JPEG,229,Old English Sheepdog
train/n02105641/n02105641_8421.JPEG,229,Old English Sheepdog
train/n02105641/n02105641_5980.JPEG,229,Old English Sheepdog
train/n02105641/n02105641_2281.JPEG,229,Old English Sheepdog
train/n02105641/n02105641_7815.JPEG,229,Old English Sheepdog
train/n02105641/n02105641_5553.JPEG,229,Old English Sheepdog
train/n02105641/n02105641_11651.JPEG,229,Old English Sheepdog
train/n02105855/n02105855_480.JPEG,230,Shetland Sheepdog
train/n02105855/n02105855_4783.JPEG,230,Shetland Sheepdog
train/n02105855/n02105855_7468.JPEG,230,Shetland Sheepdog
train/n02105855/n02105855_15519.JPEG,230,Shetland Sheepdog
train/n02105855/n02105855_15820.JPEG,230,Shetland Sheepdog
train/n02105855/n02105855_7878.JPEG,230,Shetland Sheepdog
train/n02105855/n02105855_1644.JPEG,230,Shetland Sheepdog
train/n02105855/n02105855_12612.JPEG,230,Shetland Sheepdog
train/n02105855/n02105855_17585.JPEG,230,Shetland Sheepdog
train/n02105855/n02105855_9417.JPEG,230,Shetland Sheepdog
train/n02105855/n02105855_7560.JPEG,230,Shetland Sheepdog
train/n02105855/n02105855_9345.JPEG,230,Shetland Sheepdog
train/n02105855/n02105855_5627.JPEG,230,Shetland Sheepdog
train/n02105855/n02105855_1505.JPEG,230,Shetland Sheepdog
train/n02105855/n02105855_2229.JPEG,230,Shetland Sheepdog
train/n02105855/n02105855_12589.JPEG,230,Shetland Sheepdog
train/n02106030/n02106030_5867.JPEG,231,collie
train/n02106030/n02106030_3673.JPEG,231,collie
train/n02106030/n02106030_3436.JPEG,231,collie
train/n02106030/n02106030_3535.JPEG,231,collie
train/n02106030/n02106030_25457.JPEG,231,collie
train/n02106030/n02106030_9208.JPEG,231,collie
train/n02106030/n02106030_7782.JPEG,231,collie
train/n02106030/n02106030_3893.JPEG,231,collie
train/n02106030/n02106030_19436.JPEG,231,collie
train/n02106030/n02106030_17443.JPEG,231,collie
train/n02106030/n02106030_6459.JPEG,231,collie
train/n02106030/n02106030_14521.JPEG,231,collie
train/n02106030/n02106030_2369.JPEG,231,collie
train/n02106030/n02106030_2635.JPEG,231,collie
train/n02106030/n02106030_15284.JPEG,231,collie
train/n02106030/n02106030_15873.JPEG,231,collie
train/n02106166/n02106166_7286.JPEG,232,Border Collie
train/n02106166/n02106166_1858.JPEG,232,Border Collie
train/n02106166/n02106166_2112.JPEG,232,Border Collie
train/n02106166/n02106166_785.JPEG,232,Border Collie
train/n02106166/n02106166_38.JPEG,232,Border Collie
train/n02106166/n02106166_20828.JPEG,232,Border Collie
train/n02106166/n02106166_6435.JPEG,232,Border Collie
train/n02106166/n02106166_957.JPEG,232,Border Collie
train/n02106166/n02106166_10112.JPEG,232,Border Collie
train/n02106166/n02106166_13057.JPEG,232,Border Collie
train/n02106166/n02106166_7282.JPEG,232,Border Collie
train/n02106166/n02106166_2869.JPEG,232,Border Collie
train/n02106166/n02106166_3447.JPEG,232,Border Collie
train/n02106166/n02106166_731.JPEG,232,Border Collie
train/n02106166/n02106166_6414.JPEG,232,Border Collie
train/n02106166/n02106166_5691.JPEG,232,Border Collie
train/n02106382/n02106382_6212.JPEG,233,Bouvier des Flandres dog
train/n02106382/n02106382_7412.JPEG,233,Bouvier des Flandres dog
train/n02106382/n02106382_4931.JPEG,233,Bouvier des Flandres dog
train/n02106382/n02106382_797.JPEG,233,Bouvier des Flandres dog
train/n02106382/n02106382_6119.JPEG,233,Bouvier des Flandres dog
train/n02106382/n02106382_5402.JPEG,233,Bouvier des Flandres dog
train/n02106382/n02106382_5920.JPEG,233,Bouvier des Flandres dog
train/n02106382/n02106382_6413.JPEG,233,Bouvier des Flandres dog
train/n02106382/n02106382_199.JPEG,233,Bouvier des Flandres dog
train/n02106382/n02106382_6477.JPEG,233,Bouvier des Flandres dog
train/n02106382/n02106382_4760.JPEG,233,Bouvier des Flandres dog
train/n02106382/n02106382_9369.JPEG,233,Bouvier des Flandres dog
train/n02106382/n02106382_7381.JPEG,233,Bouvier des Flandres dog
train/n02106382/n02106382_26.JPEG,233,Bouvier des Flandres dog
train/n02106382/n02106382_2300.JPEG,233,Bouvier des Flandres dog
train/n02106382/n02106382_5568.JPEG,233,Bouvier des Flandres dog
train/n02106550/n02106550_555.JPEG,234,Rottweiler
train/n02106550/n02106550_853.JPEG,234,Rottweiler
train/n02106550/n02106550_13286.JPEG,234,Rottweiler
train/n02106550/n02106550_7178.JPEG,234,Rottweiler
train/n02106550/n02106550_4796.JPEG,234,Rottweiler
train/n02106550/n02106550_4079.JPEG,234,Rottweiler
train/n02106550/n02106550_10007.JPEG,234,Rottweiler
train/n02106550/n02106550_465.JPEG,234,Rottweiler
train/n02106550/n02106550_11232.JPEG,234,Rottweiler
train/n02106550/n02106550_1177.JPEG,234,Rottweiler
train/n02106550/n02106550_4962.JPEG,234,Rottweiler
train/n02106550/n02106550_47.JPEG,234,Rottweiler
train/n02106550/n02106550_1500.JPEG,234,Rottweiler
train/n02106550/n02106550_12160.JPEG,234,Rottweiler
train/n02106550/n02106550_5189.JPEG,234,Rottweiler
train/n02106550/n02106550_5125.JPEG,234,Rottweiler
train/n02106662/n02106662_8079.JPEG,235,German Shepherd Dog
train/n02106662/n02106662_55662.JPEG,235,German Shepherd Dog
train/n02106662/n02106662_2949.JPEG,235,German Shepherd Dog
train/n02106662/n02106662_11645.JPEG,235,German Shepherd Dog
train/n02106662/n02106662_12103.JPEG,235,German Shepherd Dog
train/n02106662/n02106662_48181.JPEG,235,German Shepherd Dog
train/n02106662/n02106662_49005.JPEG,235,German Shepherd Dog
train/n02106662/n02106662_21267.JPEG,235,German Shepherd Dog
train/n02106662/n02106662_76541.JPEG,235,German Shepherd Dog
train/n02106662/n02106662_6767.JPEG,235,German Shepherd Dog
train/n02106662/n02106662_36911.JPEG,235,German Shepherd Dog
train/n02106662/n02106662_1924.JPEG,235,German Shepherd Dog
train/n02106662/n02106662_2884.JPEG,235,German Shepherd Dog
train/n02106662/n02106662_64001.JPEG,235,German Shepherd Dog
train/n02106662/n02106662_4201.JPEG,235,German Shepherd Dog
train/n02106662/n02106662_48514.JPEG,235,German Shepherd Dog
train/n02107142/n02107142_17468.JPEG,236,Dobermann
train/n02107142/n02107142_30810.JPEG,236,Dobermann
train/n02107142/n02107142_7622.JPEG,236,Dobermann
train/n02107142/n02107142_4974.JPEG,236,Dobermann
train/n02107142/n02107142_6054.JPEG,236,Dobermann
train/n02107142/n02107142_10077.JPEG,236,Dobermann
train/n02107142/n02107142_4462.JPEG,236,Dobermann
train/n02107142/n02107142_1596.JPEG,236,Dobermann
train/n02107142/n02107142_20863.JPEG,236,Dobermann
train/n02107142/n02107142_1686.JPEG,236,Dobermann
train/n02107142/n02107142_49321.JPEG,236,Dobermann
train/n02107142/n02107142_2106.JPEG,236,Dobermann
train/n02107142/n02107142_52852.JPEG,236,Dobermann
train/n02107142/n02107142_40494.JPEG,236,Dobermann
train/n02107142/n02107142_1227.JPEG,236,Dobermann
train/n02107142/n02107142_14044.JPEG,236,Dobermann
train/n02107312/n02107312_2820.JPEG,237,Miniature Pinscher
train/n02107312/n02107312_3315.JPEG,237,Miniature Pinscher
train/n02107312/n02107312_1625.JPEG,237,Miniature Pinscher
train/n02107312/n02107312_6541.JPEG,237,Miniature Pinscher
train/n02107312/n02107312_2646.JPEG,237,Miniature Pinscher
train/n02107312/n02107312_6695.JPEG,237,Miniature Pinscher
train/n02107312/n02107312_6439.JPEG,237,Miniature Pinscher
train/n02107312/n02107312_7182.JPEG,237,Miniature Pinscher
train/n02107312/n02107312_1608.JPEG,237,Miniature Pinscher
train/n02107312/n02107312_7623.JPEG,237,Miniature Pinscher
train/n02107312/n02107312_5736.JPEG,237,Miniature Pinscher
train/n02107312/n02107312_6529.JPEG,237,Miniature Pinscher
train/n02107312/n02107312_2268.JPEG,237,Miniature Pinscher
train/n02107312/n02107312_6021.JPEG,237,Miniature Pinscher
train/n02107312/n02107312_917.JPEG,237,Miniature Pinscher
train/n02107312/n02107312_4472.JPEG,237,Miniature Pinscher
train/n02107574/n02107574_4169.JPEG,238,Greater Swiss Mountain Dog
train/n02107574/n02107574_2670.JPEG,238,Greater Swiss Mountain Dog
train/n02107574/n02107574_40.JPEG,238,Greater Swiss Mountain Dog
train/n02107574/n02107574_2474.JPEG,238,Greater Swiss Mountain Dog
train/n02107574/n02107574_1387.JPEG,238,Greater Swiss Mountain Dog
train/n02107574/n02107574_3510.JPEG,238,Greater Swiss Mountain Dog
train/n02107574/n02107574_4274.JPEG,238,Greater Swiss Mountain Dog
train/n02107574/n02107574_3439.JPEG,238,Greater Swiss Mountain Dog
train/n02107574/n02107574_3955.JPEG,238,Greater Swiss Mountain Dog
train/n02107574/n02107574_3942.JPEG,238,Greater Swiss Mountain Dog
train/n02107574/n02107574_2954.JPEG,238,Greater Swiss Mountain Dog
train/n02107574/n02107574_2339.JPEG,238,Greater Swiss Mountain Dog
train/n02107574/n02107574_4427.JPEG,238,Greater Swiss Mountain Dog
train/n02107574/n02107574_3605.JPEG,238,Greater Swiss Mountain Dog
train/n02107574/n02107574_1159.JPEG,238,Greater Swiss Mountain Dog
train/n02107574/n02107574_3894.JPEG,238,Greater Swiss Mountain Dog
train/n02107683/n02107683_4628.JPEG,239,Bernese Mountain Dog
train/n02107683/n02107683_2298.JPEG,239,Bernese Mountain Dog
train/n02107683/n02107683_4885.JPEG,239,Bernese Mountain Dog
train/n02107683/n02107683_1524.JPEG,239,Bernese Mountain Dog
train/n02107683/n02107683_2549.JPEG,239,Bernese Mountain Dog
train/n02107683/n02107683_3488.JPEG,239,Bernese Mountain Dog
train/n02107683/n02107683_3562.JPEG,239,Bernese Mountain Dog
train/n02107683/n02107683_3352.JPEG,239,Bernese Mountain Dog
train/n02107683/n02107683_365.JPEG,239,Bernese Mountain Dog
train/n02107683/n02107683_3931.JPEG,239,Bernese Mountain Dog
train/n02107683/n02107683_5620.JPEG,239,Bernese Mountain Dog
train/n02107683/n02107683_2800.JPEG,239,Bernese Mountain Dog
train/n02107683/n02107683_2720.JPEG,239,Bernese Mountain Dog
train/n02107683/n02107683_4521.JPEG,239,Bernese Mountain Dog
train/n02107683/n02107683_6670.JPEG,239,Bernese Mountain Dog
train/n02107683/n02107683_893.JPEG,239,Bernese Mountain Dog
train/n02107908/n02107908_8031.JPEG,240,Appenzeller Sennenhund
train/n02107908/n02107908_8967.JPEG,240,Appenzeller Sennenhund
train/n02107908/n02107908_9047.JPEG,240,Appenzeller Sennenhund
train/n02107908/n02107908_2534.JPEG,240,Appenzeller Sennenhund
train/n02107908/n02107908_4836.JPEG,240,Appenzeller Sennenhund
train/n02107908/n02107908_10362.JPEG,240,Appenzeller Sennenhund
train/n02107908/n02107908_10893.JPEG,240,Appenzeller Sennenhund
train/n02107908/n02107908_11110.JPEG,240,Appenzeller Sennenhund
train/n02107908/n02107908_10356.JPEG,240,Appenzeller Sennenhund
train/n02107908/n02107908_10994.JPEG,240,Appenzeller Sennenhund
train/n02107908/n02107908_6133.JPEG,240,Appenzeller Sennenhund
train/n02107908/n02107908_6327.JPEG,240,Appenzeller Sennenhund
train/n02107908/n02107908_10.JPEG,240,Appenzeller Sennenhund
train/n02107908/n02107908_8149.JPEG,240,Appenzeller Sennenhund
train/n02107908/n02107908_3728.JPEG,240,Appenzeller Sennenhund
train/n02107908/n02107908_6206.JPEG,240,Appenzeller Sennenhund
train/n02108000/n02108000_6530.JPEG,241,Entlebucher Sennenhund
train/n02108000/n02108000_1393.JPEG,241,Entlebucher Sennenhund
train/n02108000/n02108000_2644.JPEG,241,Entlebucher Sennenhund
train/n02108000/n02108000_142.JPEG,241,Entlebucher Sennenhund
train/n02108000/n02108000_2328.JPEG,241,Entlebucher Sennenhund
train/n02108000/n02108000_4554.JPEG,241,Entlebucher Sennenhund
train/n02108000/n02108000_1256.JPEG,241,Entlebucher Sennenhund
train/n02108000/n02108000_3402.JPEG,241,Entlebucher Sennenhund
train/n02108000/n02108000_3720.JPEG,241,Entlebucher Sennenhund
train/n02108000/n02108000_1044.JPEG,241,Entlebucher Sennenhund
train/n02108000/n02108000_5486.JPEG,241,Entlebucher Sennenhund
train/n02108000/n02108000_2449.JPEG,241,Entlebucher Sennenhund
train/n02108000/n02108000_2287.JPEG,241,Entlebucher Sennenhund
train/n02108000/n02108000_1461.JPEG,241,Entlebucher Sennenhund
train/n02108000/n02108000_4570.JPEG,241,Entlebucher Sennenhund
train/n02108000/n02108000_1073.JPEG,241,Entlebucher Sennenhund
train/n02108089/n02108089_1818.JPEG,242,Boxer
train/n02108089/n02108089_2088.JPEG,242,Boxer
train/n02108089/n02108089_2019.JPEG,242,Boxer
train/n02108089/n02108089_952.JPEG,242,Boxer
train/n02108089/n02108089_14772.JPEG,242,Boxer
train/n02108089/n02108089_16809.JPEG,242,Boxer
train/n02108089/n02108089_3335.JPEG,242,Boxer
train/n02108089/n02108089_324.JPEG,242,Boxer
train/n02108089/n02108089_23.JPEG,242,Boxer
train/n02108089/n02108089_7751.JPEG,242,Boxer
train/n02108089/n02108089_17550.JPEG,242,Boxer
train/n02108089/n02108089_2141.JPEG,242,Boxer
train/n02108089/n02108089_11655.JPEG,242,Boxer
train/n02108089/n02108089_4255.JPEG,242,Boxer
train/n02108089/n02108089_10939.JPEG,242,Boxer
train/n02108089/n02108089_43615.JPEG,242,Boxer
train/n02108422/n02108422_4123.JPEG,243,Bullmastiff
train/n02108422/n02108422_2867.JPEG,243,Bullmastiff
train/n02108422/n02108422_6639.JPEG,243,Bullmastiff
train/n02108422/n02108422_1548.JPEG,243,Bullmastiff
train/n02108422/n02108422_4896.JPEG,243,Bullmastiff
train/n02108422/n02108422_2797.JPEG,243,Bullmastiff
train/n02108422/n02108422_10829.JPEG,243,Bullmastiff
train/n02108422/n02108422_1099.JPEG,243,Bullmastiff
train/n02108422/n02108422_928.JPEG,243,Bullmastiff
train/n02108422/n02108422_543.JPEG,243,Bullmastiff
train/n02108422/n02108422_2290.JPEG,243,Bullmastiff
train/n02108422/n02108422_6210.JPEG,243,Bullmastiff
train/n02108422/n02108422_10820.JPEG,243,Bullmastiff
train/n02108422/n02108422_10156.JPEG,243,Bullmastiff
train/n02108422/n02108422_7138.JPEG,243,Bullmastiff
train/n02108422/n02108422_2148.JPEG,243,Bullmastiff
train/n02108551/n02108551_13197.JPEG,244,Tibetan Mastiff
train/n02108551/n02108551_10127.JPEG,244,Tibetan Mastiff
train/n02108551/n02108551_13201.JPEG,244,Tibetan Mastiff
train/n02108551/n02108551_2913.JPEG,244,Tibetan Mastiff
train/n02108551/n02108551_6295.JPEG,244,Tibetan Mastiff
train/n02108551/n02108551_1654.JPEG,244,Tibetan Mastiff
train/n02108551/n02108551_3174.JPEG,244,Tibetan Mastiff
train/n02108551/n02108551_20527.JPEG,244,Tibetan Mastiff
train/n02108551/n02108551_2611.JPEG,244,Tibetan Mastiff
train/n02108551/n02108551_11949.JPEG,244,Tibetan Mastiff
train/n02108551/n02108551_8199.JPEG,244,Tibetan Mastiff
train/n02108551/n02108551_26994.JPEG,244,Tibetan Mastiff
train/n02108551/n02108551_2739.JPEG,244,Tibetan Mastiff
train/n02108551/n02108551_4394.JPEG,244,Tibetan Mastiff
train/n02108551/n02108551_240.JPEG,244,Tibetan Mastiff
train/n02108551/n02108551_3578.JPEG,244,Tibetan Mastiff
train/n02108915/n02108915_11811.JPEG,245,French Bulldog
train/n02108915/n02108915_3426.JPEG,245,French Bulldog
train/n02108915/n02108915_545.JPEG,245,French Bulldog
train/n02108915/n02108915_10500.JPEG,245,French Bulldog
train/n02108915/n02108915_9249.JPEG,245,French Bulldog
train/n02108915/n02108915_4303.JPEG,245,French Bulldog
train/n02108915/n02108915_6008.JPEG,245,French Bulldog
train/n02108915/n02108915_4145.JPEG,245,French Bulldog
train/n02108915/n02108915_7987.JPEG,245,French Bulldog
train/n02108915/n02108915_2695.JPEG,245,French Bulldog
train/n02108915/n02108915_328.JPEG,245,French Bulldog
train/n02108915/n02108915_1069.JPEG,245,French Bulldog
train/n02108915/n02108915_2926.JPEG,245,French Bulldog
train/n02108915/n02108915_13135.JPEG,245,French Bulldog
train/n02108915/n02108915_8643.JPEG,245,French Bulldog
train/n02108915/n02108915_12294.JPEG,245,French Bulldog
train/n02109047/n02109047_20023.JPEG,246,Great Dane
train/n02109047/n02109047_9852.JPEG,246,Great Dane
train/n02109047/n02109047_22006.JPEG,246,Great Dane
train/n02109047/n02109047_13665.JPEG,246,Great Dane
train/n02109047/n02109047_5792.JPEG,246,Great Dane
train/n02109047/n02109047_7991.JPEG,246,Great Dane
train/n02109047/n02109047_8757.JPEG,246,Great Dane
train/n02109047/n02109047_1606.JPEG,246,Great Dane
train/n02109047/n02109047_7166.JPEG,246,Great Dane
train/n02109047/n02109047_1946.JPEG,246,Great Dane
train/n02109047/n02109047_21589.JPEG,246,Great Dane
train/n02109047/n02109047_7575.JPEG,246,Great Dane
train/n02109047/n02109047_14287.JPEG,246,Great Dane
train/n02109047/n02109047_3155.JPEG,246,Great Dane
train/n02109047/n02109047_9638.JPEG,246,Great Dane
train/n02109047/n02109047_9662.JPEG,246,Great Dane
train/n02109525/n02109525_4825.JPEG,247,St. Bernard
train/n02109525/n02109525_23173.JPEG,247,St. Bernard
train/n02109525/n02109525_21410.JPEG,247,St. Bernard
train/n02109525/n02109525_73196.JPEG,247,St. Bernard
train/n02109525/n02109525_80.JPEG,247,St. Bernard
train/n02109525/n02109525_7246.JPEG,247,St. Bernard
train/n02109525/n02109525_71560.JPEG,247,St. Bernard
train/n02109525/n02109525_8929.JPEG,247,St. Bernard
train/n02109525/n02109525_8545.JPEG,247,St. Bernard
train/n02109525/n02109525_2648.JPEG,247,St. Bernard
train/n02109525/n02109525_20001.JPEG,247,St. Bernard
train/n02109525/n02109525_720.JPEG,247,St. Bernard
train/n02109525/n02109525_18656.JPEG,247,St. Bernard
train/n02109525/n02109525_18318.JPEG,247,St. Bernard
train/n02109525/n02109525_57282.JPEG,247,St. Bernard
train/n02109525/n02109525_16191.JPEG,247,St. Bernard
train/n02109961/n02109961_7861.JPEG,248,husky
train/n02109961/n02109961_121.JPEG,248,husky
train/n02109961/n02109961_6669.JPEG,248,husky
train/n02109961/n02109961_23697.JPEG,248,husky
train/n02109961/n02109961_59544.JPEG,248,husky
train/n02109961/n02109961_1415.JPEG,248,husky
train/n02109961/n02109961_4065.JPEG,248,husky
train/n02109961/n02109961_11726.JPEG,248,husky
train/n02109961/n02109961_10931.JPEG,248,husky
train/n02109961/n02109961_6932.JPEG,248,husky
train/n02109961/n02109961_4054.JPEG,248,husky
train/n02109961/n02109961_34113.JPEG,248,husky
train/n02109961/n02109961_4697.JPEG,248,husky
train/n02109961/n02109961_3790.JPEG,248,husky
train/n02109961/n02109961_1505.JPEG,248,husky
train/n02109961/n02109961_45399.JPEG,248,husky
train/n02110063/n02110063_3177.JPEG,249,Alaskan Malamute
train/n02110063/n02110063_9664.JPEG,249,Alaskan Malamute
train/n02110063/n02110063_3465.JPEG,249,Alaskan Malamute
train/n02110063/n02110063_2490.JPEG,249,Alaskan Malamute
train/n02110063/n02110063_944.JPEG,249,Alaskan Malamute
train/n02110063/n02110063_49.JPEG,249,Alaskan Malamute
train/n02110063/n02110063_2387.JPEG,249,Alaskan Malamute
train/n02110063/n02110063_11431.JPEG,249,Alaskan Malamute
train/n02110063/n02110063_8407.JPEG,249,Alaskan Malamute
train/n02110063/n02110063_6974.JPEG,249,Alaskan Malamute
train/n02110063/n02110063_10372.JPEG,249,Alaskan Malamute
train/n02110063/n02110063_10549.JPEG,249,Alaskan Malamute
train/n02110063/n02110063_8798.JPEG,249,Alaskan Malamute
train/n02110063/n02110063_8745.JPEG,249,Alaskan Malamute
train/n02110063/n02110063_18394.JPEG,249,Alaskan Malamute
train/n02110063/n02110063_5097.JPEG,249,Alaskan Malamute
train/n02110185/n02110185_727.JPEG,250,Siberian Husky
train/n02110185/n02110185_12501.JPEG,250,Siberian Husky
train/n02110185/n02110185_7210.JPEG,250,Siberian Husky
train/n02110185/n02110185_1077.JPEG,250,Siberian Husky
train/n02110185/n02110185_12402.JPEG,250,Siberian Husky
train/n02110185/n02110185_13062.JPEG,250,Siberian Husky
train/n02110185/n02110185_11428.JPEG,250,Siberian Husky
train/n02110185/n02110185_3467.JPEG,250,Siberian Husky
train/n02110185/n02110185_8015.JPEG,250,Siberian Husky
train/n02110185/n02110185_2314.JPEG,250,Siberian Husky
train/n02110185/n02110185_3709.JPEG,250,Siberian Husky
train/n02110185/n02110185_4553.JPEG,250,Siberian Husky
train/n02110185/n02110185_4762.JPEG,250,Siberian Husky
train/n02110185/n02110185_12462.JPEG,250,Siberian Husky
train/n02110185/n02110185_14666.JPEG,250,Siberian Husky
train/n02110185/n02110185_9167.JPEG,250,Siberian Husky
train/n02110341/n02110341_1113.JPEG,251,Dalmatian
train/n02110341/n02110341_2832.JPEG,251,Dalmatian
train/n02110341/n02110341_5351.JPEG,251,Dalmatian
train/n02110341/n02110341_10342.JPEG,251,Dalmatian
train/n02110341/n02110341_14760.JPEG,251,Dalmatian
train/n02110341/n02110341_359.JPEG,251,Dalmatian
train/n02110341/n02110341_1193.JPEG,251,Dalmatian
train/n02110341/n02110341_6631.JPEG,251,Dalmatian
train/n02110341/n02110341_2467.JPEG,251,Dalmatian
train/n02110341/n02110341_5056.JPEG,251,Dalmatian
train/n02110341/n02110341_13042.JPEG,251,Dalmatian
train/n02110341/n02110341_237.JPEG,251,Dalmatian
train/n02110341/n02110341_4706.JPEG,251,Dalmatian
train/n02110341/n02110341_1598.JPEG,251,Dalmatian
train/n02110341/n02110341_8813.JPEG,251,Dalmatian
train/n02110341/n02110341_1671.JPEG,251,Dalmatian
train/n02110627/n02110627_21019.JPEG,252,Affenpinscher
train/n02110627/n02110627_20424.JPEG,252,Affenpinscher
train/n02110627/n02110627_13020.JPEG,252,Affenpinscher
train/n02110627/n02110627_15949.JPEG,252,Affenpinscher
train/n02110627/n02110627_13032.JPEG,252,Affenpinscher
train/n02110627/n02110627_17629.JPEG,252,Affenpinscher
train/n02110627/n02110627_1848.JPEG,252,Affenpinscher
train/n02110627/n02110627_21742.JPEG,252,Affenpinscher
train/n02110627/n02110627_2250.JPEG,252,Affenpinscher
train/n02110627/n02110627_28012.JPEG,252,Affenpinscher
train/n02110627/n02110627_6151.JPEG,252,Affenpinscher
train/n02110627/n02110627_15175.JPEG,252,Affenpinscher
train/n02110627/n02110627_9732.JPEG,252,Affenpinscher
train/n02110627/n02110627_19920.JPEG,252,Affenpinscher
train/n02110627/n02110627_9233.JPEG,252,Affenpinscher
train/n02110627/n02110627_7862.JPEG,252,Affenpinscher
train/n02110806/n02110806_1062.JPEG,253,Basenji
train/n02110806/n02110806_257.JPEG,253,Basenji
train/n02110806/n02110806_510.JPEG,253,Basenji
train/n02110806/n02110806_11254.JPEG,253,Basenji
train/n02110806/n02110806_2006.JPEG,253,Basenji
train/n02110806/n02110806_15451.JPEG,253,Basenji
train/n02110806/n02110806_6282.JPEG,253,Basenji
train/n02110806/n02110806_21663.JPEG,253,Basenji
train/n02110806/n02110806_10003.JPEG,253,Basenji
train/n02110806/n02110806_4291.JPEG,253,Basenji
train/n02110806/n02110806_12796.JPEG,253,Basenji
train/n02110806/n02110806_5537.JPEG,253,Basenji
train/n02110806/n02110806_363.JPEG,253,Basenji
train/n02110806/n02110806_3664.JPEG,253,Basenji
train/n02110806/n02110806_2920.JPEG,253,Basenji
train/n02110806/n02110806_5068.JPEG,253,Basenji
train/n02110958/n02110958_309.JPEG,254,pug
train/n02110958/n02110958_4936.JPEG,254,pug
train/n02110958/n02110958_9528.JPEG,254,pug
train/n02110958/n02110958_1617.JPEG,254,pug
train/n02110958/n02110958_4642.JPEG,254,pug
train/n02110958/n02110958_9330.JPEG,254,pug
train/n02110958/n02110958_4883.JPEG,254,pug
train/n02110958/n02110958_12226.JPEG,254,pug
train/n02110958/n02110958_3206.JPEG,254,pug
train/n02110958/n02110958_1335.JPEG,254,pug
train/n02110958/n02110958_3573.JPEG,254,pug
train/n02110958/n02110958_14310.JPEG,254,pug
train/n02110958/n02110958_7719.JPEG,254,pug
train/n02110958/n02110958_2187.JPEG,254,pug
train/n02110958/n02110958_12589.JPEG,254,pug
train/n02110958/n02110958_7066.JPEG,254,pug
train/n02111129/n02111129_932.JPEG,255,Leonberger
train/n02111129/n02111129_6775.JPEG,255,Leonberger
train/n02111129/n02111129_5700.JPEG,255,Leonberger
train/n02111129/n02111129_7797.JPEG,255,Leonberger
train/n02111129/n02111129_3498.JPEG,255,Leonberger
train/n02111129/n02111129_6423.JPEG,255,Leonberger
train/n02111129/n02111129_6443.JPEG,255,Leonberger
train/n02111129/n02111129_6842.JPEG,255,Leonberger
train/n02111129/n02111129_2402.JPEG,255,Leonberger
train/n02111129/n02111129_4627.JPEG,255,Leonberger
train/n02111129/n02111129_5401.JPEG,255,Leonberger
train/n02111129/n02111129_5902.JPEG,255,Leonberger
train/n02111129/n02111129_1391.JPEG,255,Leonberger
train/n02111129/n02111129_8133.JPEG,255,Leonberger
train/n02111129/n02111129_5394.JPEG,255,Leonberger
train/n02111129/n02111129_266.JPEG,255,Leonberger
train/n02111277/n02111277_21026.JPEG,256,Newfoundland dog
train/n02111277/n02111277_22075.JPEG,256,Newfoundland dog
train/n02111277/n02111277_38670.JPEG,256,Newfoundland dog
train/n02111277/n02111277_662.JPEG,256,Newfoundland dog
train/n02111277/n02111277_27179.JPEG,256,Newfoundland dog
train/n02111277/n02111277_8505.JPEG,256,Newfoundland dog
train/n02111277/n02111277_4767.JPEG,256,Newfoundland dog
train/n02111277/n02111277_26921.JPEG,256,Newfoundland dog
train/n02111277/n02111277_13898.JPEG,256,Newfoundland dog
train/n02111277/n02111277_3297.JPEG,256,Newfoundland dog
train/n02111277/n02111277_16081.JPEG,256,Newfoundland dog
train/n02111277/n02111277_10019.JPEG,256,Newfoundland dog
train/n02111277/n02111277_3024.JPEG,256,Newfoundland dog
train/n02111277/n02111277_2522.JPEG,256,Newfoundland dog
train/n02111277/n02111277_14066.JPEG,256,Newfoundland dog
train/n02111277/n02111277_8429.JPEG,256,Newfoundland dog
train/n02111500/n02111500_3514.JPEG,257,Great Pyrenees dog
train/n02111500/n02111500_5110.JPEG,257,Great Pyrenees dog
train/n02111500/n02111500_8065.JPEG,257,Great Pyrenees dog
train/n02111500/n02111500_4296.JPEG,257,Great Pyrenees dog
train/n02111500/n02111500_3789.JPEG,257,Great Pyrenees dog
train/n02111500/n02111500_969.JPEG,257,Great Pyrenees dog
train/n02111500/n02111500_3213.JPEG,257,Great Pyrenees dog
train/n02111500/n02111500_7038.JPEG,257,Great Pyrenees dog
train/n02111500/n02111500_3221.JPEG,257,Great Pyrenees dog
train/n02111500/n02111500_7444.JPEG,257,Great Pyrenees dog
train/n02111500/n02111500_5276.JPEG,257,Great Pyrenees dog
train/n02111500/n02111500_300.JPEG,257,Great Pyrenees dog
train/n02111500/n02111500_8668.JPEG,257,Great Pyrenees dog
train/n02111500/n02111500_6669.JPEG,257,Great Pyrenees dog
train/n02111500/n02111500_5179.JPEG,257,Great Pyrenees dog
train/n02111500/n02111500_3056.JPEG,257,Great Pyrenees dog
train/n02111889/n02111889_11772.JPEG,258,Samoyed
train/n02111889/n02111889_15719.JPEG,258,Samoyed
train/n02111889/n02111889_16732.JPEG,258,Samoyed
train/n02111889/n02111889_10166.JPEG,258,Samoyed
train/n02111889/n02111889_3961.JPEG,258,Samoyed
train/n02111889/n02111889_1381.JPEG,258,Samoyed
train/n02111889/n02111889_10130.JPEG,258,Samoyed
train/n02111889/n02111889_2028.JPEG,258,Samoyed
train/n02111889/n02111889_12037.JPEG,258,Samoyed
train/n02111889/n02111889_15201.JPEG,258,Samoyed
train/n02111889/n02111889_6000.JPEG,258,Samoyed
train/n02111889/n02111889_10846.JPEG,258,Samoyed
train/n02111889/n02111889_6840.JPEG,258,Samoyed
train/n02111889/n02111889_5668.JPEG,258,Samoyed
train/n02111889/n02111889_3097.JPEG,258,Samoyed
train/n02111889/n02111889_14450.JPEG,258,Samoyed
train/n02112018/n02112018_11887.JPEG,259,Pomeranian
train/n02112018/n02112018_354.JPEG,259,Pomeranian
train/n02112018/n02112018_4092.JPEG,259,Pomeranian
train/n02112018/n02112018_6139.JPEG,259,Pomeranian
train/n02112018/n02112018_1611.JPEG,259,Pomeranian
train/n02112018/n02112018_9021.JPEG,259,Pomeranian
train/n02112018/n02112018_2851.JPEG,259,Pomeranian
train/n02112018/n02112018_7526.JPEG,259,Pomeranian
train/n02112018/n02112018_2590.JPEG,259,Pomeranian
train/n02112018/n02112018_8928.JPEG,259,Pomeranian
train/n02112018/n02112018_8896.JPEG,259,Pomeranian
train/n02112018/n02112018_14257.JPEG,259,Pomeranian
train/n02112018/n02112018_1696.JPEG,259,Pomeranian
train/n02112018/n02112018_10543.JPEG,259,Pomeranian
train/n02112018/n02112018_6348.JPEG,259,Pomeranian
train/n02112018/n02112018_6218.JPEG,259,Pomeranian
train/n02112137/n02112137_10317.JPEG,260,Chow Chow
train/n02112137/n02112137_10639.JPEG,260,Chow Chow
train/n02112137/n02112137_16904.JPEG,260,Chow Chow
train/n02112137/n02112137_5480.JPEG,260,Chow Chow
train/n02112137/n02112137_16817.JPEG,260,Chow Chow
train/n02112137/n02112137_13830.JPEG,260,Chow Chow
train/n02112137/n02112137_16353.JPEG,260,Chow Chow
train/n02112137/n02112137_15596.JPEG,260,Chow Chow
train/n02112137/n02112137_2857.JPEG,260,Chow Chow
train/n02112137/n02112137_2605.JPEG,260,Chow Chow
train/n02112137/n02112137_7228.JPEG,260,Chow Chow
train/n02112137/n02112137_4220.JPEG,260,Chow Chow
train/n02112137/n02112137_12641.JPEG,260,Chow Chow
train/n02112137/n02112137_14801.JPEG,260,Chow Chow
train/n02112137/n02112137_15355.JPEG,260,Chow Chow
train/n02112137/n02112137_17952.JPEG,260,Chow Chow
train/n02112350/n02112350_852.JPEG,261,Keeshond
train/n02112350/n02112350_3248.JPEG,261,Keeshond
train/n02112350/n02112350_9431.JPEG,261,Keeshond
train/n02112350/n02112350_2527.JPEG,261,Keeshond
train/n02112350/n02112350_7368.JPEG,261,Keeshond
train/n02112350/n02112350_8469.JPEG,261,Keeshond
train/n02112350/n02112350_2888.JPEG,261,Keeshond
train/n02112350/n02112350_3266.JPEG,261,Keeshond
train/n02112350/n02112350_4129.JPEG,261,Keeshond
train/n02112350/n02112350_2376.JPEG,261,Keeshond
train/n02112350/n02112350_616.JPEG,261,Keeshond
train/n02112350/n02112350_7721.JPEG,261,Keeshond
train/n02112350/n02112350_9798.JPEG,261,Keeshond
train/n02112350/n02112350_502.JPEG,261,Keeshond
train/n02112350/n02112350_4375.JPEG,261,Keeshond
train/n02112350/n02112350_693.JPEG,261,Keeshond
train/n02112706/n02112706_16.JPEG,262,brussels griffon
train/n02112706/n02112706_4065.JPEG,262,brussels griffon
train/n02112706/n02112706_4937.JPEG,262,brussels griffon
train/n02112706/n02112706_4265.JPEG,262,brussels griffon
train/n02112706/n02112706_3267.JPEG,262,brussels griffon
train/n02112706/n02112706_4330.JPEG,262,brussels griffon
train/n02112706/n02112706_3018.JPEG,262,brussels griffon
train/n02112706/n02112706_5546.JPEG,262,brussels griffon
train/n02112706/n02112706_3923.JPEG,262,brussels griffon
train/n02112706/n02112706_4201.JPEG,262,brussels griffon
train/n02112706/n02112706_2913.JPEG,262,brussels griffon
train/n02112706/n02112706_1755.JPEG,262,brussels griffon
train/n02112706/n02112706_2116.JPEG,262,brussels griffon
train/n02112706/n02112706_3671.JPEG,262,brussels griffon
train/n02112706/n02112706_3878.JPEG,262,brussels griffon
train/n02112706/n02112706_682.JPEG,262,brussels griffon
train/n02113023/n02113023_6228.JPEG,263,Pembroke Welsh Corgi
train/n02113023/n02113023_12496.JPEG,263,Pembroke Welsh Corgi
train/n02113023/n02113023_10429.JPEG,263,Pembroke Welsh Corgi
train/n02113023/n02113023_597.JPEG,263,Pembroke Welsh Corgi
train/n02113023/n02113023_4465.JPEG,263,Pembroke Welsh Corgi
train/n02113023/n02113023_10382.JPEG,263,Pembroke Welsh Corgi
train/n02113023/n02113023_1290.JPEG,263,Pembroke Welsh Corgi
train/n02113023/n02113023_5280.JPEG,263,Pembroke Welsh Corgi
train/n02113023/n02113023_3200.JPEG,263,Pembroke Welsh Corgi
train/n02113023/n02113023_4974.JPEG,263,Pembroke Welsh Corgi
train/n02113023/n02113023_1234.JPEG,263,Pembroke Welsh Corgi
train/n02113023/n02113023_11368.JPEG,263,Pembroke Welsh Corgi
train/n02113023/n02113023_6235.JPEG,263,Pembroke Welsh Corgi
train/n02113023/n02113023_9745.JPEG,263,Pembroke Welsh Corgi
train/n02113023/n02113023_4809.JPEG,263,Pembroke Welsh Corgi
train/n02113023/n02113023_2298.JPEG,263,Pembroke Welsh Corgi
train/n02113186/n02113186_4924.JPEG,264,Cardigan Welsh Corgi
train/n02113186/n02113186_12935.JPEG,264,Cardigan Welsh Corgi
train/n02113186/n02113186_2301.JPEG,264,Cardigan Welsh Corgi
train/n02113186/n02113186_16217.JPEG,264,Cardigan Welsh Corgi
train/n02113186/n02113186_2431.JPEG,264,Cardigan Welsh Corgi
train/n02113186/n02113186_10110.JPEG,264,Cardigan Welsh Corgi
train/n02113186/n02113186_11704.JPEG,264,Cardigan Welsh Corgi
train/n02113186/n02113186_9510.JPEG,264,Cardigan Welsh Corgi
train/n02113186/n02113186_5411.JPEG,264,Cardigan Welsh Corgi
train/n02113186/n02113186_239.JPEG,264,Cardigan Welsh Corgi
train/n02113186/n02113186_5226.JPEG,264,Cardigan Welsh Corgi
train/n02113186/n02113186_9757.JPEG,264,Cardigan Welsh Corgi
train/n02113186/n02113186_2905.JPEG,264,Cardigan Welsh Corgi
train/n02113186/n02113186_12075.JPEG,264,Cardigan Welsh Corgi
train/n02113186/n02113186_10535.JPEG,264,Cardigan Welsh Corgi
train/n02113186/n02113186_12053.JPEG,264,Cardigan Welsh Corgi
train/n02113624/n02113624_1882.JPEG,265,Toy Poodle
train/n02113624/n02113624_1158.JPEG,265,Toy Poodle
train/n02113624/n02113624_191.JPEG,265,Toy Poodle
train/n02113624/n02113624_3973.JPEG,265,Toy Poodle
train/n02113624/n02113624_257.JPEG,265,Toy Poodle
train/n02113624/n02113624_5667.JPEG,265,Toy Poodle
train/n02113624/n02113624_505.JPEG,265,Toy Poodle
train/n02113624/n02113624_2767.JPEG,265,Toy Poodle
train/n02113624/n02113624_3103.JPEG,265,Toy Poodle
train/n02113624/n02113624_157.JPEG,265,Toy Poodle
train/n02113624/n02113624_2242.JPEG,265,Toy Poodle
train/n02113624/n02113624_265.JPEG,265,Toy Poodle
train/n02113624/n02113624_3829.JPEG,265,Toy Poodle
train/n02113624/n02113624_2360.JPEG,265,Toy Poodle
train/n02113624/n02113624_4093.JPEG,265,Toy Poodle
train/n02113624/n02113624_526.JPEG,265,Toy Poodle
train/n02113712/n02113712_1661.JPEG,266,Miniature Poodle
train/n02113712/n02113712_5399.JPEG,266,Miniature Poodle
train/n02113712/n02113712_6684.JPEG,266,Miniature Poodle
train/n02113712/n02113712_4110.JPEG,266,Miniature Poodle
train/n02113712/n02113712_3567.JPEG,266,Miniature Poodle
train/n02113712/n02113712_3085.JPEG,266,Miniature Poodle
train/n02113712/n02113712_1975.JPEG,266,Miniature Poodle
train/n02113712/n02113712_3789.JPEG,266,Miniature Poodle
train/n02113712/n02113712_5174.JPEG,266,Miniature Poodle
train/n02113712/n02113712_19704.JPEG,266,Miniature Poodle
train/n02113712/n02113712_14825.JPEG,266,Miniature Poodle
train/n02113712/n02113712_3608.JPEG,266,Miniature Poodle
train/n02113712/n02113712_3356.JPEG,266,Miniature Poodle
train/n02113712/n02113712_1431.JPEG,266,Miniature Poodle
train/n02113712/n02113712_3790.JPEG,266,Miniature Poodle
train/n02113712/n02113712_12899.JPEG,266,Miniature Poodle
train/n02113799/n02113799_10074.JPEG,267,Standard Poodle
train/n02113799/n02113799_5351.JPEG,267,Standard Poodle
train/n02113799/n02113799_4856.JPEG,267,Standard Poodle
train/n02113799/n02113799_159.JPEG,267,Standard Poodle
train/n02113799/n02113799_211.JPEG,267,Standard Poodle
train/n02113799/n02113799_1439.JPEG,267,Standard Poodle
train/n02113799/n02113799_6740.JPEG,267,Standard Poodle
train/n02113799/n02113799_9879.JPEG,267,Standard Poodle
train/n02113799/n02113799_2993.JPEG,267,Standard Poodle
train/n02113799/n02113799_1868.JPEG,267,Standard Poodle
train/n02113799/n02113799_257.JPEG,267,Standard Poodle
train/n02113799/n02113799_20262.JPEG,267,Standard Poodle
train/n02113799/n02113799_12766.JPEG,267,Standard Poodle
train/n02113799/n02113799_1130.JPEG,267,Standard Poodle
train/n02113799/n02113799_298.JPEG,267,Standard Poodle
train/n02113799/n02113799_23227.JPEG,267,Standard Poodle
train/n02113978/n02113978_10888.JPEG,268,Mexican hairless dog (xoloitzcuintli)
train/n02113978/n02113978_9737.JPEG,268,Mexican hairless dog (xoloitzcuintli)
train/n02113978/n02113978_700.JPEG,268,Mexican hairless dog (xoloitzcuintli)
train/n02113978/n02113978_4903.JPEG,268,Mexican hairless dog (xoloitzcuintli)
train/n02113978/n02113978_4473.JPEG,268,Mexican hairless dog (xoloitzcuintli)
train/n02113978/n02113978_4174.JPEG,268,Mexican hairless dog (xoloitzcuintli)
train/n02113978/n02113978_3098.JPEG,268,Mexican hairless dog (xoloitzcuintli)
train/n02113978/n02113978_5815.JPEG,268,Mexican hairless dog (xoloitzcuintli)
train/n02113978/n02113978_2787.JPEG,268,Mexican hairless dog (xoloitzcuintli)
train/n02113978/n02113978_1595.JPEG,268,Mexican hairless dog (xoloitzcuintli)
train/n02113978/n02113978_11093.JPEG,268,Mexican hairless dog (xoloitzcuintli)
train/n02113978/n02113978_8447.JPEG,268,Mexican hairless dog (xoloitzcuintli)
train/n02113978/n02113978_10037.JPEG,268,Mexican hairless dog (xoloitzcuintli)
train/n02113978/n02113978_10458.JPEG,268,Mexican hairless dog (xoloitzcuintli)
train/n02113978/n02113978_2323.JPEG,268,Mexican hairless dog (xoloitzcuintli)
train/n02113978/n02113978_5865.JPEG,268,Mexican hairless dog (xoloitzcuintli)
train/n02114367/n02114367_8160.JPEG,269,grey wolf
train/n02114367/n02114367_7393.JPEG,269,grey wolf
train/n02114367/n02114367_303.JPEG,269,grey wolf
train/n02114367/n02114367_393.JPEG,269,grey wolf
train/n02114367/n02114367_3900.JPEG,269,grey wolf
train/n02114367/n02114367_16193.JPEG,269,grey wolf
train/n02114367/n02114367_9659.JPEG,269,grey wolf
train/n02114367/n02114367_2529.JPEG,269,grey wolf
train/n02114367/n02114367_34834.JPEG,269,grey wolf
train/n02114367/n02114367_5000.JPEG,269,grey wolf
train/n02114367/n02114367_13110.JPEG,269,grey wolf
train/n02114367/n02114367_335.JPEG,269,grey wolf
train/n02114367/n02114367_17056.JPEG,269,grey wolf
train/n02114367/n02114367_7875.JPEG,269,grey wolf
train/n02114367/n02114367_12413.JPEG,269,grey wolf
train/n02114367/n02114367_4491.JPEG,269,grey wolf
train/n02114548/n02114548_8418.JPEG,270,Alaskan tundra wolf
train/n02114548/n02114548_47.JPEG,270,Alaskan tundra wolf
train/n02114548/n02114548_15870.JPEG,270,Alaskan tundra wolf
train/n02114548/n02114548_7664.JPEG,270,Alaskan tundra wolf
train/n02114548/n02114548_2956.JPEG,270,Alaskan tundra wolf
train/n02114548/n02114548_25144.JPEG,270,Alaskan tundra wolf
train/n02114548/n02114548_2409.JPEG,270,Alaskan tundra wolf
train/n02114548/n02114548_12508.JPEG,270,Alaskan tundra wolf
train/n02114548/n02114548_19508.JPEG,270,Alaskan tundra wolf
train/n02114548/n02114548_56.JPEG,270,Alaskan tundra wolf
train/n02114548/n02114548_15045.JPEG,270,Alaskan tundra wolf
train/n02114548/n02114548_9412.JPEG,270,Alaskan tundra wolf
train/n02114548/n02114548_3236.JPEG,270,Alaskan tundra wolf
train/n02114548/n02114548_11452.JPEG,270,Alaskan tundra wolf
train/n02114548/n02114548_13360.JPEG,270,Alaskan tundra wolf
train/n02114548/n02114548_6205.JPEG,270,Alaskan tundra wolf
train/n02114712/n02114712_7030.JPEG,271,red wolf or maned wolf
train/n02114712/n02114712_4349.JPEG,271,red wolf or maned wolf
train/n02114712/n02114712_7314.JPEG,271,red wolf or maned wolf
train/n02114712/n02114712_19883.JPEG,271,red wolf or maned wolf
train/n02114712/n02114712_3589.JPEG,271,red wolf or maned wolf
train/n02114712/n02114712_14298.JPEG,271,red wolf or maned wolf
train/n02114712/n02114712_7549.JPEG,271,red wolf or maned wolf
train/n02114712/n02114712_13816.JPEG,271,red wolf or maned wolf
train/n02114712/n02114712_16083.JPEG,271,red wolf or maned wolf
train/n02114712/n02114712_1557.JPEG,271,red wolf or maned wolf
train/n02114712/n02114712_17500.JPEG,271,red wolf or maned wolf
train/n02114712/n02114712_20423.JPEG,271,red wolf or maned wolf
train/n02114712/n02114712_8406.JPEG,271,red wolf or maned wolf
train/n02114712/n02114712_15936.JPEG,271,red wolf or maned wolf
train/n02114712/n02114712_3128.JPEG,271,red wolf or maned wolf
train/n02114712/n02114712_2438.JPEG,271,red wolf or maned wolf
train/n02114855/n02114855_12034.JPEG,272,coyote
train/n02114855/n02114855_11159.JPEG,272,coyote
train/n02114855/n02114855_584.JPEG,272,coyote
train/n02114855/n02114855_13279.JPEG,272,coyote
train/n02114855/n02114855_20442.JPEG,272,coyote
train/n02114855/n02114855_7209.JPEG,272,coyote
train/n02114855/n02114855_16142.JPEG,272,coyote
train/n02114855/n02114855_849.JPEG,272,coyote
train/n02114855/n02114855_5.JPEG,272,coyote
train/n02114855/n02114855_7159.JPEG,272,coyote
train/n02114855/n02114855_5133.JPEG,272,coyote
train/n02114855/n02114855_13163.JPEG,272,coyote
train/n02114855/n02114855_17908.JPEG,272,coyote
train/n02114855/n02114855_5049.JPEG,272,coyote
train/n02114855/n02114855_38145.JPEG,272,coyote
train/n02114855/n02114855_13072.JPEG,272,coyote
train/n02115641/n02115641_4724.JPEG,273,dingo
train/n02115641/n02115641_11553.JPEG,273,dingo
train/n02115641/n02115641_22712.JPEG,273,dingo
train/n02115641/n02115641_6579.JPEG,273,dingo
train/n02115641/n02115641_44040.JPEG,273,dingo
train/n02115641/n02115641_3092.JPEG,273,dingo
train/n02115641/n02115641_28502.JPEG,273,dingo
train/n02115641/n02115641_2096.JPEG,273,dingo
train/n02115641/n02115641_14028.JPEG,273,dingo
train/n02115641/n02115641_15788.JPEG,273,dingo
train/n02115641/n02115641_4980.JPEG,273,dingo
train/n02115641/n02115641_50065.JPEG,273,dingo
train/n02115641/n02115641_1940.JPEG,273,dingo
train/n02115641/n02115641_11814.JPEG,273,dingo
train/n02115641/n02115641_3862.JPEG,273,dingo
train/n02115641/n02115641_4131.JPEG,273,dingo
train/n02115913/n02115913_3266.JPEG,274,dhole
train/n02115913/n02115913_9734.JPEG,274,dhole
train/n02115913/n02115913_2598.JPEG,274,dhole
train/n02115913/n02115913_13379.JPEG,274,dhole
train/n02115913/n02115913_10610.JPEG,274,dhole
train/n02115913/n02115913_7930.JPEG,274,dhole
train/n02115913/n02115913_739.JPEG,274,dhole
train/n02115913/n02115913_1540.JPEG,274,dhole
train/n02115913/n02115913_5968.JPEG,274,dhole
train/n02115913/n02115913_4021.JPEG,274,dhole
train/n02115913/n02115913_9252.JPEG,274,dhole
train/n02115913/n02115913_4093.JPEG,274,dhole
train/n02115913/n02115913_513.JPEG,274,dhole
train/n02115913/n02115913_13163.JPEG,274,dhole
train/n02115913/n02115913_5870.JPEG,274,dhole
train/n02115913/n02115913_1167.JPEG,274,dhole
train/n02116738/n02116738_5932.JPEG,275,African wild dog
train/n02116738/n02116738_22254.JPEG,275,African wild dog
train/n02116738/n02116738_121.JPEG,275,African wild dog
train/n02116738/n02116738_6313.JPEG,275,African wild dog
train/n02116738/n02116738_18878.JPEG,275,African wild dog
train/n02116738/n02116738_5613.JPEG,275,African wild dog
train/n02116738/n02116738_725.JPEG,275,African wild dog
train/n02116738/n02116738_5241.JPEG,275,African wild dog
train/n02116738/n02116738_38864.JPEG,275,African wild dog
train/n02116738/n02116738_48041.JPEG,275,African wild dog
train/n02116738/n02116738_6746.JPEG,275,African wild dog
train/n02116738/n02116738_44183.JPEG,275,African wild dog
train/n02116738/n02116738_8579.JPEG,275,African wild dog
train/n02116738/n02116738_18080.JPEG,275,African wild dog
train/n02116738/n02116738_33670.JPEG,275,African wild dog
train/n02116738/n02116738_19361.JPEG,275,African wild dog
train/n02117135/n02117135_6789.JPEG,276,hyena
train/n02117135/n02117135_9025.JPEG,276,hyena
train/n02117135/n02117135_11358.JPEG,276,hyena
train/n02117135/n02117135_1060.JPEG,276,hyena
train/n02117135/n02117135_4393.JPEG,276,hyena
train/n02117135/n02117135_5662.JPEG,276,hyena
train/n02117135/n02117135_8740.JPEG,276,hyena
train/n02117135/n02117135_12859.JPEG,276,hyena
train/n02117135/n02117135_943.JPEG,276,hyena
train/n02117135/n02117135_4465.JPEG,276,hyena
train/n02117135/n02117135_3442.JPEG,276,hyena
train/n02117135/n02117135_3506.JPEG,276,hyena
train/n02117135/n02117135_2440.JPEG,276,hyena
train/n02117135/n02117135_4559.JPEG,276,hyena
train/n02117135/n02117135_6414.JPEG,276,hyena
train/n02117135/n02117135_6701.JPEG,276,hyena
train/n02119022/n02119022_21918.JPEG,277,red fox
train/n02119022/n02119022_3522.JPEG,277,red fox
train/n02119022/n02119022_11600.JPEG,277,red fox
train/n02119022/n02119022_25128.JPEG,277,red fox
train/n02119022/n02119022_9456.JPEG,277,red fox
train/n02119022/n02119022_8148.JPEG,277,red fox
train/n02119022/n02119022_28467.JPEG,277,red fox
train/n02119022/n02119022_6025.JPEG,277,red fox
train/n02119022/n02119022_5036.JPEG,277,red fox
train/n02119022/n02119022_6371.JPEG,277,red fox
train/n02119022/n02119022_3337.JPEG,277,red fox
train/n02119022/n02119022_6166.JPEG,277,red fox
train/n02119022/n02119022_12327.JPEG,277,red fox
train/n02119022/n02119022_11976.JPEG,277,red fox
train/n02119022/n02119022_29224.JPEG,277,red fox
train/n02119022/n02119022_5856.JPEG,277,red fox
train/n02119789/n02119789_9548.JPEG,278,kit fox
train/n02119789/n02119789_13504.JPEG,278,kit fox
train/n02119789/n02119789_17498.JPEG,278,kit fox
train/n02119789/n02119789_14221.JPEG,278,kit fox
train/n02119789/n02119789_6749.JPEG,278,kit fox
train/n02119789/n02119789_3432.JPEG,278,kit fox
train/n02119789/n02119789_11568.JPEG,278,kit fox
train/n02119789/n02119789_10114.JPEG,278,kit fox
train/n02119789/n02119789_10641.JPEG,278,kit fox
train/n02119789/n02119789_2308.JPEG,278,kit fox
train/n02119789/n02119789_13321.JPEG,278,kit fox
train/n02119789/n02119789_9368.JPEG,278,kit fox
train/n02119789/n02119789_12520.JPEG,278,kit fox
train/n02119789/n02119789_8750.JPEG,278,kit fox
train/n02119789/n02119789_9433.JPEG,278,kit fox
train/n02119789/n02119789_10144.JPEG,278,kit fox
train/n02120079/n02120079_26190.JPEG,279,Arctic fox
train/n02120079/n02120079_34516.JPEG,279,Arctic fox
train/n02120079/n02120079_15072.JPEG,279,Arctic fox
train/n02120079/n02120079_7401.JPEG,279,Arctic fox
train/n02120079/n02120079_31963.JPEG,279,Arctic fox
train/n02120079/n02120079_5925.JPEG,279,Arctic fox
train/n02120079/n02120079_712.JPEG,279,Arctic fox
train/n02120079/n02120079_34292.JPEG,279,Arctic fox
train/n02120079/n02120079_3254.JPEG,279,Arctic fox
train/n02120079/n02120079_4164.JPEG,279,Arctic fox
train/n02120079/n02120079_2873.JPEG,279,Arctic fox
train/n02120079/n02120079_30010.JPEG,279,Arctic fox
train/n02120079/n02120079_12567.JPEG,279,Arctic fox
train/n02120079/n02120079_16108.JPEG,279,Arctic fox
train/n02120079/n02120079_5761.JPEG,279,Arctic fox
train/n02120079/n02120079_465.JPEG,279,Arctic fox
train/n02120505/n02120505_16425.JPEG,280,grey fox
train/n02120505/n02120505_3274.JPEG,280,grey fox
train/n02120505/n02120505_22705.JPEG,280,grey fox
train/n02120505/n02120505_19957.JPEG,280,grey fox
train/n02120505/n02120505_15991.JPEG,280,grey fox
train/n02120505/n02120505_10795.JPEG,280,grey fox
train/n02120505/n02120505_4838.JPEG,280,grey fox
train/n02120505/n02120505_20105.JPEG,280,grey fox
train/n02120505/n02120505_17029.JPEG,280,grey fox
train/n02120505/n02120505_995.JPEG,280,grey fox
train/n02120505/n02120505_8387.JPEG,280,grey fox
train/n02120505/n02120505_25239.JPEG,280,grey fox
train/n02120505/n02120505_1378.JPEG,280,grey fox
train/n02120505/n02120505_11972.JPEG,280,grey fox
train/n02120505/n02120505_22923.JPEG,280,grey fox
train/n02120505/n02120505_19078.JPEG,280,grey fox
train/n02123045/n02123045_5236.JPEG,281,tabby cat
train/n02123045/n02123045_10765.JPEG,281,tabby cat
train/n02123045/n02123045_6643.JPEG,281,tabby cat
train/n02123045/n02123045_1113.JPEG,281,tabby cat
train/n02123045/n02123045_9137.JPEG,281,tabby cat
train/n02123045/n02123045_8934.JPEG,281,tabby cat
train/n02123045/n02123045_6909.JPEG,281,tabby cat
train/n02123045/n02123045_2825.JPEG,281,tabby cat
train/n02123045/n02123045_12955.JPEG,281,tabby cat
train/n02123045/n02123045_10210.JPEG,281,tabby cat
train/n02123045/n02123045_9218.JPEG,281,tabby cat
train/n02123045/n02123045_10290.JPEG,281,tabby cat
train/n02123045/n02123045_13172.JPEG,281,tabby cat
train/n02123045/n02123045_2555.JPEG,281,tabby cat
train/n02123045/n02123045_5894.JPEG,281,tabby cat
train/n02123045/n02123045_2143.JPEG,281,tabby cat
train/n02123159/n02123159_1598.JPEG,282,tiger cat
train/n02123159/n02123159_3201.JPEG,282,tiger cat
train/n02123159/n02123159_2317.JPEG,282,tiger cat
train/n02123159/n02123159_8267.JPEG,282,tiger cat
train/n02123159/n02123159_3309.JPEG,282,tiger cat
train/n02123159/n02123159_73.JPEG,282,tiger cat
train/n02123159/n02123159_6.JPEG,282,tiger cat
train/n02123159/n02123159_2343.JPEG,282,tiger cat
train/n02123159/n02123159_1695.JPEG,282,tiger cat
train/n02123159/n02123159_67.JPEG,282,tiger cat
train/n02123159/n02123159_1389.JPEG,282,tiger cat
train/n02123159/n02123159_7352.JPEG,282,tiger cat
train/n02123159/n02123159_827.JPEG,282,tiger cat
train/n02123159/n02123159_3721.JPEG,282,tiger cat
train/n02123159/n02123159_3198.JPEG,282,tiger cat
train/n02123159/n02123159_4051.JPEG,282,tiger cat
train/n02123394/n02123394_2503.JPEG,283,Persian cat
train/n02123394/n02123394_3598.JPEG,283,Persian cat
train/n02123394/n02123394_10164.JPEG,283,Persian cat
train/n02123394/n02123394_5377.JPEG,283,Persian cat
train/n02123394/n02123394_2988.JPEG,283,Persian cat
train/n02123394/n02123394_1336.JPEG,283,Persian cat
train/n02123394/n02123394_724.JPEG,283,Persian cat
train/n02123394/n02123394_183.JPEG,283,Persian cat
train/n02123394/n02123394_1114.JPEG,283,Persian cat
train/n02123394/n02123394_976.JPEG,283,Persian cat
train/n02123394/n02123394_2330.JPEG,283,Persian cat
train/n02123394/n02123394_4569.JPEG,283,Persian cat
train/n02123394/n02123394_3328.JPEG,283,Persian cat
train/n02123394/n02123394_5368.JPEG,283,Persian cat
train/n02123394/n02123394_6968.JPEG,283,Persian cat
train/n02123394/n02123394_1196.JPEG,283,Persian cat
train/n02123597/n02123597_14774.JPEG,284,Siamese cat
train/n02123597/n02123597_14825.JPEG,284,Siamese cat
train/n02123597/n02123597_15616.JPEG,284,Siamese cat
train/n02123597/n02123597_3215.JPEG,284,Siamese cat
train/n02123597/n02123597_6410.JPEG,284,Siamese cat
train/n02123597/n02123597_4910.JPEG,284,Siamese cat
train/n02123597/n02123597_33367.JPEG,284,Siamese cat
train/n02123597/n02123597_5836.JPEG,284,Siamese cat
train/n02123597/n02123597_7539.JPEG,284,Siamese cat
train/n02123597/n02123597_11283.JPEG,284,Siamese cat
train/n02123597/n02123597_5768.JPEG,284,Siamese cat
train/n02123597/n02123597_4636.JPEG,284,Siamese cat
train/n02123597/n02123597_76.JPEG,284,Siamese cat
train/n02123597/n02123597_11532.JPEG,284,Siamese cat
train/n02123597/n02123597_10484.JPEG,284,Siamese cat
train/n02123597/n02123597_5805.JPEG,284,Siamese cat
train/n02124075/n02124075_10908.JPEG,285,Egyptian Mau
train/n02124075/n02124075_11030.JPEG,285,Egyptian Mau
train/n02124075/n02124075_11236.JPEG,285,Egyptian Mau
train/n02124075/n02124075_8133.JPEG,285,Egyptian Mau
train/n02124075/n02124075_5575.JPEG,285,Egyptian Mau
train/n02124075/n02124075_11183.JPEG,285,Egyptian Mau
train/n02124075/n02124075_869.JPEG,285,Egyptian Mau
train/n02124075/n02124075_387.JPEG,285,Egyptian Mau
train/n02124075/n02124075_17464.JPEG,285,Egyptian Mau
train/n02124075/n02124075_12352.JPEG,285,Egyptian Mau
train/n02124075/n02124075_7652.JPEG,285,Egyptian Mau
train/n02124075/n02124075_2080.JPEG,285,Egyptian Mau
train/n02124075/n02124075_7392.JPEG,285,Egyptian Mau
train/n02124075/n02124075_14101.JPEG,285,Egyptian Mau
train/n02124075/n02124075_4933.JPEG,285,Egyptian Mau
train/n02124075/n02124075_14693.JPEG,285,Egyptian Mau
train/n02125311/n02125311_18415.JPEG,286,cougar
train/n02125311/n02125311_34243.JPEG,286,cougar
train/n02125311/n02125311_17110.JPEG,286,cougar
train/n02125311/n02125311_4602.JPEG,286,cougar
train/n02125311/n02125311_6818.JPEG,286,cougar
train/n02125311/n02125311_22037.JPEG,286,cougar
train/n02125311/n02125311_21618.JPEG,286,cougar
train/n02125311/n02125311_15254.JPEG,286,cougar
train/n02125311/n02125311_58605.JPEG,286,cougar
train/n02125311/n02125311_11814.JPEG,286,cougar
train/n02125311/n02125311_17234.JPEG,286,cougar
train/n02125311/n02125311_5013.JPEG,286,cougar
train/n02125311/n02125311_5387.JPEG,286,cougar
train/n02125311/n02125311_984.JPEG,286,cougar
train/n02125311/n02125311_38677.JPEG,286,cougar
train/n02125311/n02125311_6399.JPEG,286,cougar
train/n02127052/n02127052_34041.JPEG,287,lynx
train/n02127052/n02127052_20395.JPEG,287,lynx
train/n02127052/n02127052_8511.JPEG,287,lynx
train/n02127052/n02127052_20081.JPEG,287,lynx
train/n02127052/n02127052_4278.JPEG,287,lynx
train/n02127052/n02127052_10713.JPEG,287,lynx
train/n02127052/n02127052_12840.JPEG,287,lynx
train/n02127052/n02127052_22973.JPEG,287,lynx
train/n02127052/n02127052_30343.JPEG,287,lynx
train/n02127052/n02127052_6994.JPEG,287,lynx
train/n02127052/n02127052_11314.JPEG,287,lynx
train/n02127052/n02127052_3164.JPEG,287,lynx
train/n02127052/n02127052_21202.JPEG,287,lynx
train/n02127052/n02127052_23655.JPEG,287,lynx
train/n02127052/n02127052_10451.JPEG,287,lynx
train/n02127052/n02127052_19019.JPEG,287,lynx
train/n02128385/n02128385_7656.JPEG,288,leopard
train/n02128385/n02128385_437.JPEG,288,leopard
train/n02128385/n02128385_3775.JPEG,288,leopard
train/n02128385/n02128385_1395.JPEG,288,leopard
train/n02128385/n02128385_6287.JPEG,288,leopard
train/n02128385/n02128385_18563.JPEG,288,leopard
train/n02128385/n02128385_1103.JPEG,288,leopard
train/n02128385/n02128385_19752.JPEG,288,leopard
train/n02128385/n02128385_14104.JPEG,288,leopard
train/n02128385/n02128385_4379.JPEG,288,leopard
train/n02128385/n02128385_20153.JPEG,288,leopard
train/n02128385/n02128385_6291.JPEG,288,leopard
train/n02128385/n02128385_11669.JPEG,288,leopard
train/n02128385/n02128385_17635.JPEG,288,leopard
train/n02128385/n02128385_2375.JPEG,288,leopard
train/n02128385/n02128385_5041.JPEG,288,leopard
train/n02128757/n02128757_5480.JPEG,289,snow leopard
train/n02128757/n02128757_20447.JPEG,289,snow leopard
train/n02128757/n02128757_2189.JPEG,289,snow leopard
train/n02128757/n02128757_7074.JPEG,289,snow leopard
train/n02128757/n02128757_17833.JPEG,289,snow leopard
train/n02128757/n02128757_11615.JPEG,289,snow leopard
train/n02128757/n02128757_3221.JPEG,289,snow leopard
train/n02128757/n02128757_3154.JPEG,289,snow leopard
train/n02128757/n02128757_12611.JPEG,289,snow leopard
train/n02128757/n02128757_13015.JPEG,289,snow leopard
train/n02128757/n02128757_7209.JPEG,289,snow leopard
train/n02128757/n02128757_12026.JPEG,289,snow leopard
train/n02128757/n02128757_13163.JPEG,289,snow leopard
train/n02128757/n02128757_2766.JPEG,289,snow leopard
train/n02128757/n02128757_1472.JPEG,289,snow leopard
train/n02128757/n02128757_6957.JPEG,289,snow leopard
train/n02128925/n02128925_14579.JPEG,290,jaguar
train/n02128925/n02128925_31456.JPEG,290,jaguar
train/n02128925/n02128925_64384.JPEG,290,jaguar
train/n02128925/n02128925_5690.JPEG,290,jaguar
train/n02128925/n02128925_30502.JPEG,290,jaguar
train/n02128925/n02128925_67731.JPEG,290,jaguar
train/n02128925/n02128925_33764.JPEG,290,jaguar
train/n02128925/n02128925_24331.JPEG,290,jaguar
train/n02128925/n02128925_3392.JPEG,290,jaguar
train/n02128925/n02128925_7519.JPEG,290,jaguar
train/n02128925/n02128925_33794.JPEG,290,jaguar
train/n02128925/n02128925_271.JPEG,290,jaguar
train/n02128925/n02128925_5565.JPEG,290,jaguar
train/n02128925/n02128925_17089.JPEG,290,jaguar
train/n02128925/n02128925_12630.JPEG,290,jaguar
train/n02128925/n02128925_3360.JPEG,290,jaguar
train/n02129165/n02129165_9530.JPEG,291,lion
train/n02129165/n02129165_17482.JPEG,291,lion
train/n02129165/n02129165_6064.JPEG,291,lion
train/n02129165/n02129165_14921.JPEG,291,lion
train/n02129165/n02129165_977.JPEG,291,lion
train/n02129165/n02129165_15221.JPEG,291,lion
train/n02129165/n02129165_1654.JPEG,291,lion
train/n02129165/n02129165_1533.JPEG,291,lion
train/n02129165/n02129165_4159.JPEG,291,lion
train/n02129165/n02129165_2372.JPEG,291,lion
train/n02129165/n02129165_2853.JPEG,291,lion
train/n02129165/n02129165_9606.JPEG,291,lion
train/n02129165/n02129165_906.JPEG,291,lion
train/n02129165/n02129165_17829.JPEG,291,lion
train/n02129165/n02129165_148.JPEG,291,lion
train/n02129165/n02129165_19931.JPEG,291,lion
train/n02129604/n02129604_3789.JPEG,292,tiger
train/n02129604/n02129604_687.JPEG,292,tiger
train/n02129604/n02129604_7939.JPEG,292,tiger
train/n02129604/n02129604_20465.JPEG,292,tiger
train/n02129604/n02129604_21496.JPEG,292,tiger
train/n02129604/n02129604_3287.JPEG,292,tiger
train/n02129604/n02129604_4545.JPEG,292,tiger
train/n02129604/n02129604_17265.JPEG,292,tiger
train/n02129604/n02129604_7580.JPEG,292,tiger
train/n02129604/n02129604_8618.JPEG,292,tiger
train/n02129604/n02129604_12967.JPEG,292,tiger
train/n02129604/n02129604_12465.JPEG,292,tiger
train/n02129604/n02129604_5070.JPEG,292,tiger
train/n02129604/n02129604_11531.JPEG,292,tiger
train/n02129604/n02129604_10985.JPEG,292,tiger
train/n02129604/n02129604_10308.JPEG,292,tiger
train/n02130308/n02130308_3624.JPEG,293,cheetah
train/n02130308/n02130308_883.JPEG,293,cheetah
train/n02130308/n02130308_3376.JPEG,293,cheetah
train/n02130308/n02130308_615.JPEG,293,cheetah
train/n02130308/n02130308_14377.JPEG,293,cheetah
train/n02130308/n02130308_23998.JPEG,293,cheetah
train/n02130308/n02130308_12215.JPEG,293,cheetah
train/n02130308/n02130308_2504.JPEG,293,cheetah
train/n02130308/n02130308_9253.JPEG,293,cheetah
train/n02130308/n02130308_20046.JPEG,293,cheetah
train/n02130308/n02130308_1826.JPEG,293,cheetah
train/n02130308/n02130308_15975.JPEG,293,cheetah
train/n02130308/n02130308_11819.JPEG,293,cheetah
train/n02130308/n02130308_15153.JPEG,293,cheetah
train/n02130308/n02130308_22858.JPEG,293,cheetah
train/n02130308/n02130308_2321.JPEG,293,cheetah
train/n02132136/n02132136_15015.JPEG,294,brown bear
train/n02132136/n02132136_5139.JPEG,294,brown bear
train/n02132136/n02132136_3414.JPEG,294,brown bear
train/n02132136/n02132136_1889.JPEG,294,brown bear
train/n02132136/n02132136_7865.JPEG,294,brown bear
train/n02132136/n02132136_31873.JPEG,294,brown bear
train/n02132136/n02132136_4671.JPEG,294,brown bear
train/n02132136/n02132136_24204.JPEG,294,brown bear
train/n02132136/n02132136_10875.JPEG,294,brown bear
train/n02132136/n02132136_576.JPEG,294,brown bear
train/n02132136/n02132136_3915.JPEG,294,brown bear
train/n02132136/n02132136_10200.JPEG,294,brown bear
train/n02132136/n02132136_2364.JPEG,294,brown bear
train/n02132136/n02132136_907.JPEG,294,brown bear
train/n02132136/n02132136_10081.JPEG,294,brown bear
train/n02132136/n02132136_18367.JPEG,294,brown bear
train/n02133161/n02133161_10846.JPEG,295,American black bear
train/n02133161/n02133161_2134.JPEG,295,American black bear
train/n02133161/n02133161_6209.JPEG,295,American black bear
train/n02133161/n02133161_5260.JPEG,295,American black bear
train/n02133161/n02133161_12370.JPEG,295,American black bear
train/n02133161/n02133161_12360.JPEG,295,American black bear
train/n02133161/n02133161_1362.JPEG,295,American black bear
train/n02133161/n02133161_840.JPEG,295,American black bear
train/n02133161/n02133161_716.JPEG,295,American black bear
train/n02133161/n02133161_830.JPEG,295,American black bear
train/n02133161/n02133161_5016.JPEG,295,American black bear
train/n02133161/n02133161_1105.JPEG,295,American black bear
train/n02133161/n02133161_5787.JPEG,295,American black bear
train/n02133161/n02133161_16130.JPEG,295,American black bear
train/n02133161/n02133161_14875.JPEG,295,American black bear
train/n02133161/n02133161_4146.JPEG,295,American black bear
train/n02134084/n02134084_3729.JPEG,296,polar bear
train/n02134084/n02134084_32315.JPEG,296,polar bear
train/n02134084/n02134084_22791.JPEG,296,polar bear
train/n02134084/n02134084_10517.JPEG,296,polar bear
train/n02134084/n02134084_3903.JPEG,296,polar bear
train/n02134084/n02134084_6352.JPEG,296,polar bear
train/n02134084/n02134084_850.JPEG,296,polar bear
train/n02134084/n02134084_15514.JPEG,296,polar bear
train/n02134084/n02134084_12136.JPEG,296,polar bear
train/n02134084/n02134084_7467.JPEG,296,polar bear
train/n02134084/n02134084_9041.JPEG,296,polar bear
train/n02134084/n02134084_14901.JPEG,296,polar bear
train/n02134084/n02134084_6223.JPEG,296,polar bear
train/n02134084/n02134084_2627.JPEG,296,polar bear
train/n02134084/n02134084_6935.JPEG,296,polar bear
train/n02134084/n02134084_20458.JPEG,296,polar bear
train/n02134418/n02134418_7664.JPEG,297,sloth bear
train/n02134418/n02134418_999.JPEG,297,sloth bear
train/n02134418/n02134418_1859.JPEG,297,sloth bear
train/n02134418/n02134418_482.JPEG,297,sloth bear
train/n02134418/n02134418_8489.JPEG,297,sloth bear
train/n02134418/n02134418_28122.JPEG,297,sloth bear
train/n02134418/n02134418_1835.JPEG,297,sloth bear
train/n02134418/n02134418_6015.JPEG,297,sloth bear
train/n02134418/n02134418_4855.JPEG,297,sloth bear
train/n02134418/n02134418_4177.JPEG,297,sloth bear
train/n02134418/n02134418_2459.JPEG,297,sloth bear
train/n02134418/n02134418_2866.JPEG,297,sloth bear
train/n02134418/n02134418_597.JPEG,297,sloth bear
train/n02134418/n02134418_516.JPEG,297,sloth bear
train/n02134418/n02134418_2122.JPEG,297,sloth bear
train/n02134418/n02134418_873.JPEG,297,sloth bear
train/n02137549/n02137549_4666.JPEG,298,mongoose
train/n02137549/n02137549_674.JPEG,298,mongoose
train/n02137549/n02137549_7188.JPEG,298,mongoose
train/n02137549/n02137549_7121.JPEG,298,mongoose
train/n02137549/n02137549_2530.JPEG,298,mongoose
train/n02137549/n02137549_8864.JPEG,298,mongoose
train/n02137549/n02137549_5930.JPEG,298,mongoose
train/n02137549/n02137549_1868.JPEG,298,mongoose
train/n02137549/n02137549_11026.JPEG,298,mongoose
train/n02137549/n02137549_6957.JPEG,298,mongoose
train/n02137549/n02137549_371.JPEG,298,mongoose
train/n02137549/n02137549_3031.JPEG,298,mongoose
train/n02137549/n02137549_10896.JPEG,298,mongoose
train/n02137549/n02137549_4411.JPEG,298,mongoose
train/n02137549/n02137549_2652.JPEG,298,mongoose
train/n02137549/n02137549_5810.JPEG,298,mongoose
train/n02138441/n02138441_3713.JPEG,299,meerkat
train/n02138441/n02138441_23.JPEG,299,meerkat
train/n02138441/n02138441_5081.JPEG,299,meerkat
train/n02138441/n02138441_3307.JPEG,299,meerkat
train/n02138441/n02138441_11028.JPEG,299,meerkat
train/n02138441/n02138441_9161.JPEG,299,meerkat
train/n02138441/n02138441_2370.JPEG,299,meerkat
train/n02138441/n02138441_5333.JPEG,299,meerkat
train/n02138441/n02138441_720.JPEG,299,meerkat
train/n02138441/n02138441_2395.JPEG,299,meerkat
train/n02138441/n02138441_7316.JPEG,299,meerkat
train/n02138441/n02138441_10539.JPEG,299,meerkat
train/n02138441/n02138441_6207.JPEG,299,meerkat
train/n02138441/n02138441_6192.JPEG,299,meerkat
train/n02138441/n02138441_10130.JPEG,299,meerkat
train/n02138441/n02138441_5948.JPEG,299,meerkat
train/n02165105/n02165105_9501.JPEG,300,tiger beetle
train/n02165105/n02165105_11189.JPEG,300,tiger beetle
train/n02165105/n02165105_2802.JPEG,300,tiger beetle
train/n02165105/n02165105_10471.JPEG,300,tiger beetle
train/n02165105/n02165105_1908.JPEG,300,tiger beetle
train/n02165105/n02165105_5653.JPEG,300,tiger beetle
train/n02165105/n02165105_4103.JPEG,300,tiger beetle
train/n02165105/n02165105_903.JPEG,300,tiger beetle
train/n02165105/n02165105_3740.JPEG,300,tiger beetle
train/n02165105/n02165105_155.JPEG,300,tiger beetle
train/n02165105/n02165105_3464.JPEG,300,tiger beetle
train/n02165105/n02165105_9055.JPEG,300,tiger beetle
train/n02165105/n02165105_8664.JPEG,300,tiger beetle
train/n02165105/n02165105_5420.JPEG,300,tiger beetle
train/n02165105/n02165105_5991.JPEG,300,tiger beetle
train/n02165105/n02165105_9240.JPEG,300,tiger beetle
train/n02165456/n02165456_4495.JPEG,301,ladybug
train/n02165456/n02165456_4973.JPEG,301,ladybug
train/n02165456/n02165456_1706.JPEG,301,ladybug
train/n02165456/n02165456_18924.JPEG,301,ladybug
train/n02165456/n02165456_2778.JPEG,301,ladybug
train/n02165456/n02165456_1974.JPEG,301,ladybug
train/n02165456/n02165456_13237.JPEG,301,ladybug
train/n02165456/n02165456_12839.JPEG,301,ladybug
train/n02165456/n02165456_6788.JPEG,301,ladybug
train/n02165456/n02165456_45135.JPEG,301,ladybug
train/n02165456/n02165456_8480.JPEG,301,ladybug
train/n02165456/n02165456_34850.JPEG,301,ladybug
train/n02165456/n02165456_12574.JPEG,301,ladybug
train/n02165456/n02165456_13610.JPEG,301,ladybug
train/n02165456/n02165456_10872.JPEG,301,ladybug
train/n02165456/n02165456_19715.JPEG,301,ladybug
train/n02167151/n02167151_1602.JPEG,302,ground beetle
train/n02167151/n02167151_7800.JPEG,302,ground beetle
train/n02167151/n02167151_1337.JPEG,302,ground beetle
train/n02167151/n02167151_2300.JPEG,302,ground beetle
train/n02167151/n02167151_636.JPEG,302,ground beetle
train/n02167151/n02167151_281.JPEG,302,ground beetle
train/n02167151/n02167151_6025.JPEG,302,ground beetle
train/n02167151/n02167151_1638.JPEG,302,ground beetle
train/n02167151/n02167151_5749.JPEG,302,ground beetle
train/n02167151/n02167151_1681.JPEG,302,ground beetle
train/n02167151/n02167151_4302.JPEG,302,ground beetle
train/n02167151/n02167151_10020.JPEG,302,ground beetle
train/n02167151/n02167151_1878.JPEG,302,ground beetle
train/n02167151/n02167151_15298.JPEG,302,ground beetle
train/n02167151/n02167151_1350.JPEG,302,ground beetle
train/n02167151/n02167151_7317.JPEG,302,ground beetle
train/n02168699/n02168699_4774.JPEG,303,longhorn beetle
train/n02168699/n02168699_2370.JPEG,303,longhorn beetle
train/n02168699/n02168699_9276.JPEG,303,longhorn beetle
train/n02168699/n02168699_6980.JPEG,303,longhorn beetle
train/n02168699/n02168699_6707.JPEG,303,longhorn beetle
train/n02168699/n02168699_2029.JPEG,303,longhorn beetle
train/n02168699/n02168699_13899.JPEG,303,longhorn beetle
train/n02168699/n02168699_883.JPEG,303,longhorn beetle
train/n02168699/n02168699_7377.JPEG,303,longhorn beetle
train/n02168699/n02168699_936.JPEG,303,longhorn beetle
train/n02168699/n02168699_793.JPEG,303,longhorn beetle
train/n02168699/n02168699_505.JPEG,303,longhorn beetle
train/n02168699/n02168699_8625.JPEG,303,longhorn beetle
train/n02168699/n02168699_3931.JPEG,303,longhorn beetle
train/n02168699/n02168699_7405.JPEG,303,longhorn beetle
train/n02168699/n02168699_11446.JPEG,303,longhorn beetle
train/n02169497/n02169497_3636.JPEG,304,leaf beetle
train/n02169497/n02169497_4111.JPEG,304,leaf beetle
train/n02169497/n02169497_6055.JPEG,304,leaf beetle
train/n02169497/n02169497_2012.JPEG,304,leaf beetle
train/n02169497/n02169497_3715.JPEG,304,leaf beetle
train/n02169497/n02169497_3009.JPEG,304,leaf beetle
train/n02169497/n02169497_1125.JPEG,304,leaf beetle
train/n02169497/n02169497_2626.JPEG,304,leaf beetle
train/n02169497/n02169497_2863.JPEG,304,leaf beetle
train/n02169497/n02169497_2607.JPEG,304,leaf beetle
train/n02169497/n02169497_1900.JPEG,304,leaf beetle
train/n02169497/n02169497_5018.JPEG,304,leaf beetle
train/n02169497/n02169497_3024.JPEG,304,leaf beetle
train/n02169497/n02169497_1101.JPEG,304,leaf beetle
train/n02169497/n02169497_6018.JPEG,304,leaf beetle
train/n02169497/n02169497_2729.JPEG,304,leaf beetle
train/n02172182/n02172182_15886.JPEG,305,dung beetle
train/n02172182/n02172182_2251.JPEG,305,dung beetle
train/n02172182/n02172182_6307.JPEG,305,dung beetle
train/n02172182/n02172182_5383.JPEG,305,dung beetle
train/n02172182/n02172182_238.JPEG,305,dung beetle
train/n02172182/n02172182_765.JPEG,305,dung beetle
train/n02172182/n02172182_7710.JPEG,305,dung beetle
train/n02172182/n02172182_2468.JPEG,305,dung beetle
train/n02172182/n02172182_6457.JPEG,305,dung beetle
train/n02172182/n02172182_18700.JPEG,305,dung beetle
train/n02172182/n02172182_5471.JPEG,305,dung beetle
train/n02172182/n02172182_2940.JPEG,305,dung beetle
train/n02172182/n02172182_5068.JPEG,305,dung beetle
train/n02172182/n02172182_7405.JPEG,305,dung beetle
train/n02172182/n02172182_10174.JPEG,305,dung beetle
train/n02172182/n02172182_4007.JPEG,305,dung beetle
train/n02174001/n02174001_7240.JPEG,306,rhinoceros beetle
train/n02174001/n02174001_9513.JPEG,306,rhinoceros beetle
train/n02174001/n02174001_6589.JPEG,306,rhinoceros beetle
train/n02174001/n02174001_1954.JPEG,306,rhinoceros beetle
train/n02174001/n02174001_5359.JPEG,306,rhinoceros beetle
train/n02174001/n02174001_4720.JPEG,306,rhinoceros beetle
train/n02174001/n02174001_320.JPEG,306,rhinoceros beetle
train/n02174001/n02174001_2711.JPEG,306,rhinoceros beetle
train/n02174001/n02174001_5125.JPEG,306,rhinoceros beetle
train/n02174001/n02174001_10602.JPEG,306,rhinoceros beetle
train/n02174001/n02174001_5140.JPEG,306,rhinoceros beetle
train/n02174001/n02174001_864.JPEG,306,rhinoceros beetle
train/n02174001/n02174001_24.JPEG,306,rhinoceros beetle
train/n02174001/n02174001_1403.JPEG,306,rhinoceros beetle
train/n02174001/n02174001_2027.JPEG,306,rhinoceros beetle
train/n02174001/n02174001_1875.JPEG,306,rhinoceros beetle
train/n02177972/n02177972_827.JPEG,307,weevil
train/n02177972/n02177972_12757.JPEG,307,weevil
train/n02177972/n02177972_12188.JPEG,307,weevil
train/n02177972/n02177972_7455.JPEG,307,weevil
train/n02177972/n02177972_3210.JPEG,307,weevil
train/n02177972/n02177972_7423.JPEG,307,weevil
train/n02177972/n02177972_864.JPEG,307,weevil
train/n02177972/n02177972_10924.JPEG,307,weevil
train/n02177972/n02177972_1794.JPEG,307,weevil
train/n02177972/n02177972_7299.JPEG,307,weevil
train/n02177972/n02177972_7348.JPEG,307,weevil
train/n02177972/n02177972_15112.JPEG,307,weevil
train/n02177972/n02177972_11856.JPEG,307,weevil
train/n02177972/n02177972_4126.JPEG,307,weevil
train/n02177972/n02177972_1466.JPEG,307,weevil
train/n02177972/n02177972_9370.JPEG,307,weevil
train/n02190166/n02190166_3421.JPEG,308,fly
train/n02190166/n02190166_5623.JPEG,308,fly
train/n02190166/n02190166_7430.JPEG,308,fly
train/n02190166/n02190166_6731.JPEG,308,fly
train/n02190166/n02190166_4957.JPEG,308,fly
train/n02190166/n02190166_6184.JPEG,308,fly
train/n02190166/n02190166_9735.JPEG,308,fly
train/n02190166/n02190166_6633.JPEG,308,fly
train/n02190166/n02190166_5030.JPEG,308,fly
train/n02190166/n02190166_3328.JPEG,308,fly
train/n02190166/n02190166_1097.JPEG,308,fly
train/n02190166/n02190166_2513.JPEG,308,fly
train/n02190166/n02190166_11220.JPEG,308,fly
train/n02190166/n02190166_1914.JPEG,308,fly
train/n02190166/n02190166_142.JPEG,308,fly
train/n02190166/n02190166_685.JPEG,308,fly
train/n02206856/n02206856_862.JPEG,309,bee
train/n02206856/n02206856_1591.JPEG,309,bee
train/n02206856/n02206856_5464.JPEG,309,bee
train/n02206856/n02206856_2143.JPEG,309,bee
train/n02206856/n02206856_8429.JPEG,309,bee
train/n02206856/n02206856_6443.JPEG,309,bee
train/n02206856/n02206856_4785.JPEG,309,bee
train/n02206856/n02206856_5292.JPEG,309,bee
train/n02206856/n02206856_3968.JPEG,309,bee
train/n02206856/n02206856_2410.JPEG,309,bee
train/n02206856/n02206856_2701.JPEG,309,bee
train/n02206856/n02206856_1978.JPEG,309,bee
train/n02206856/n02206856_41361.JPEG,309,bee
train/n02206856/n02206856_7392.JPEG,309,bee
train/n02206856/n02206856_1984.JPEG,309,bee
train/n02206856/n02206856_40905.JPEG,309,bee
train/n02219486/n02219486_30063.JPEG,310,ant
train/n02219486/n02219486_23760.JPEG,310,ant
train/n02219486/n02219486_28084.JPEG,310,ant
train/n02219486/n02219486_6884.JPEG,310,ant
train/n02219486/n02219486_14764.JPEG,310,ant
train/n02219486/n02219486_27738.JPEG,310,ant
train/n02219486/n02219486_23014.JPEG,310,ant
train/n02219486/n02219486_28127.JPEG,310,ant
train/n02219486/n02219486_18997.JPEG,310,ant
train/n02219486/n02219486_30676.JPEG,310,ant
train/n02219486/n02219486_15757.JPEG,310,ant
train/n02219486/n02219486_8913.JPEG,310,ant
train/n02219486/n02219486_15826.JPEG,310,ant
train/n02219486/n02219486_26923.JPEG,310,ant
train/n02219486/n02219486_28304.JPEG,310,ant
train/n02219486/n02219486_22224.JPEG,310,ant
train/n02226429/n02226429_7262.JPEG,311,grasshopper
train/n02226429/n02226429_8825.JPEG,311,grasshopper
train/n02226429/n02226429_14907.JPEG,311,grasshopper
train/n02226429/n02226429_11289.JPEG,311,grasshopper
train/n02226429/n02226429_14311.JPEG,311,grasshopper
train/n02226429/n02226429_12510.JPEG,311,grasshopper
train/n02226429/n02226429_17764.JPEG,311,grasshopper
train/n02226429/n02226429_13782.JPEG,311,grasshopper
train/n02226429/n02226429_7231.JPEG,311,grasshopper
train/n02226429/n02226429_3239.JPEG,311,grasshopper
train/n02226429/n02226429_2674.JPEG,311,grasshopper
train/n02226429/n02226429_8217.JPEG,311,grasshopper
train/n02226429/n02226429_1424.JPEG,311,grasshopper
train/n02226429/n02226429_1438.JPEG,311,grasshopper
train/n02226429/n02226429_5287.JPEG,311,grasshopper
train/n02226429/n02226429_16922.JPEG,311,grasshopper
train/n02229544/n02229544_3123.JPEG,312,cricket insect
train/n02229544/n02229544_5284.JPEG,312,cricket insect
train/n02229544/n02229544_9398.JPEG,312,cricket insect
train/n02229544/n02229544_10105.JPEG,312,cricket insect
train/n02229544/n02229544_10556.JPEG,312,cricket insect
train/n02229544/n02229544_6531.JPEG,312,cricket insect
train/n02229544/n02229544_18359.JPEG,312,cricket insect
train/n02229544/n02229544_6015.JPEG,312,cricket insect
train/n02229544/n02229544_7409.JPEG,312,cricket insect
train/n02229544/n02229544_16182.JPEG,312,cricket insect
train/n02229544/n02229544_6688.JPEG,312,cricket insect
train/n02229544/n02229544_18200.JPEG,312,cricket insect
train/n02229544/n02229544_18933.JPEG,312,cricket insect
train/n02229544/n02229544_19921.JPEG,312,cricket insect
train/n02229544/n02229544_6883.JPEG,312,cricket insect
train/n02229544/n02229544_4358.JPEG,312,cricket insect
train/n02231487/n02231487_6460.JPEG,313,stick insect
train/n02231487/n02231487_10805.JPEG,313,stick insect
train/n02231487/n02231487_6855.JPEG,313,stick insect
train/n02231487/n02231487_5541.JPEG,313,stick insect
train/n02231487/n02231487_8830.JPEG,313,stick insect
train/n02231487/n02231487_3487.JPEG,313,stick insect
train/n02231487/n02231487_5834.JPEG,313,stick insect
train/n02231487/n02231487_924.JPEG,313,stick insect
train/n02231487/n02231487_7461.JPEG,313,stick insect
train/n02231487/n02231487_10687.JPEG,313,stick insect
train/n02231487/n02231487_7271.JPEG,313,stick insect
train/n02231487/n02231487_3706.JPEG,313,stick insect
train/n02231487/n02231487_10408.JPEG,313,stick insect
train/n02231487/n02231487_6295.JPEG,313,stick insect
train/n02231487/n02231487_10275.JPEG,313,stick insect
train/n02231487/n02231487_1410.JPEG,313,stick insect
train/n02233338/n02233338_2491.JPEG,314,cockroach
train/n02233338/n02233338_13395.JPEG,314,cockroach
train/n02233338/n02233338_9648.JPEG,314,cockroach
train/n02233338/n02233338_4039.JPEG,314,cockroach
train/n02233338/n02233338_1111.JPEG,314,cockroach
train/n02233338/n02233338_2606.JPEG,314,cockroach
train/n02233338/n02233338_12569.JPEG,314,cockroach
train/n02233338/n02233338_14165.JPEG,314,cockroach
train/n02233338/n02233338_3157.JPEG,314,cockroach
train/n02233338/n02233338_5957.JPEG,314,cockroach
train/n02233338/n02233338_16183.JPEG,314,cockroach
train/n02233338/n02233338_3867.JPEG,314,cockroach
train/n02233338/n02233338_1386.JPEG,314,cockroach
train/n02233338/n02233338_1674.JPEG,314,cockroach
train/n02233338/n02233338_11309.JPEG,314,cockroach
train/n02233338/n02233338_729.JPEG,314,cockroach
train/n02236044/n02236044_1550.JPEG,315,praying mantis
train/n02236044/n02236044_6716.JPEG,315,praying mantis
train/n02236044/n02236044_5347.JPEG,315,praying mantis
train/n02236044/n02236044_135.JPEG,315,praying mantis
train/n02236044/n02236044_2289.JPEG,315,praying mantis
train/n02236044/n02236044_17890.JPEG,315,praying mantis
train/n02236044/n02236044_16644.JPEG,315,praying mantis
train/n02236044/n02236044_2278.JPEG,315,praying mantis
train/n02236044/n02236044_11969.JPEG,315,praying mantis
train/n02236044/n02236044_2593.JPEG,315,praying mantis
train/n02236044/n02236044_4986.JPEG,315,praying mantis
train/n02236044/n02236044_12865.JPEG,315,praying mantis
train/n02236044/n02236044_4229.JPEG,315,praying mantis
train/n02236044/n02236044_9597.JPEG,315,praying mantis
train/n02236044/n02236044_9883.JPEG,315,praying mantis
train/n02236044/n02236044_13537.JPEG,315,praying mantis
train/n02256656/n02256656_12921.JPEG,316,cicada
train/n02256656/n02256656_15223.JPEG,316,cicada
train/n02256656/n02256656_4549.JPEG,316,cicada
train/n02256656/n02256656_1509.JPEG,316,cicada
train/n02256656/n02256656_2789.JPEG,316,cicada
train/n02256656/n02256656_6153.JPEG,316,cicada
train/n02256656/n02256656_3966.JPEG,316,cicada
train/n02256656/n02256656_5724.JPEG,316,cicada
train/n02256656/n02256656_5983.JPEG,316,cicada
train/n02256656/n02256656_803.JPEG,316,cicada
train/n02256656/n02256656_14064.JPEG,316,cicada
train/n02256656/n02256656_12365.JPEG,316,cicada
train/n02256656/n02256656_11963.JPEG,316,cicada
train/n02256656/n02256656_4264.JPEG,316,cicada
train/n02256656/n02256656_6663.JPEG,316,cicada
train/n02256656/n02256656_4242.JPEG,316,cicada
train/n02259212/n02259212_4858.JPEG,317,leafhopper
train/n02259212/n02259212_1023.JPEG,317,leafhopper
train/n02259212/n02259212_6014.JPEG,317,leafhopper
train/n02259212/n02259212_3326.JPEG,317,leafhopper
train/n02259212/n02259212_4319.JPEG,317,leafhopper
train/n02259212/n02259212_6882.JPEG,317,leafhopper
train/n02259212/n02259212_4757.JPEG,317,leafhopper
train/n02259212/n02259212_8745.JPEG,317,leafhopper
train/n02259212/n02259212_965.JPEG,317,leafhopper
train/n02259212/n02259212_1121.JPEG,317,leafhopper
train/n02259212/n02259212_10188.JPEG,317,leafhopper
train/n02259212/n02259212_6167.JPEG,317,leafhopper
train/n02259212/n02259212_1221.JPEG,317,leafhopper
train/n02259212/n02259212_4962.JPEG,317,leafhopper
train/n02259212/n02259212_518.JPEG,317,leafhopper
train/n02259212/n02259212_5426.JPEG,317,leafhopper
train/n02264363/n02264363_13522.JPEG,318,lacewing
train/n02264363/n02264363_8499.JPEG,318,lacewing
train/n02264363/n02264363_6091.JPEG,318,lacewing
train/n02264363/n02264363_4272.JPEG,318,lacewing
train/n02264363/n02264363_8589.JPEG,318,lacewing
train/n02264363/n02264363_17448.JPEG,318,lacewing
train/n02264363/n02264363_13377.JPEG,318,lacewing
train/n02264363/n02264363_9763.JPEG,318,lacewing
train/n02264363/n02264363_9474.JPEG,318,lacewing
train/n02264363/n02264363_1450.JPEG,318,lacewing
train/n02264363/n02264363_11921.JPEG,318,lacewing
train/n02264363/n02264363_13368.JPEG,318,lacewing
train/n02264363/n02264363_3782.JPEG,318,lacewing
train/n02264363/n02264363_9865.JPEG,318,lacewing
train/n02264363/n02264363_13856.JPEG,318,lacewing
train/n02264363/n02264363_9435.JPEG,318,lacewing
train/n02268443/n02268443_6361.JPEG,319,dragonfly
train/n02268443/n02268443_45019.JPEG,319,dragonfly
train/n02268443/n02268443_46533.JPEG,319,dragonfly
train/n02268443/n02268443_21709.JPEG,319,dragonfly
train/n02268443/n02268443_44984.JPEG,319,dragonfly
train/n02268443/n02268443_20321.JPEG,319,dragonfly
train/n02268443/n02268443_28753.JPEG,319,dragonfly
train/n02268443/n02268443_37750.JPEG,319,dragonfly
train/n02268443/n02268443_44725.JPEG,319,dragonfly
train/n02268443/n02268443_28739.JPEG,319,dragonfly
train/n02268443/n02268443_49743.JPEG,319,dragonfly
train/n02268443/n02268443_45867.JPEG,319,dragonfly
train/n02268443/n02268443_22057.JPEG,319,dragonfly
train/n02268443/n02268443_45953.JPEG,319,dragonfly
train/n02268443/n02268443_32345.JPEG,319,dragonfly
train/n02268443/n02268443_38836.JPEG,319,dragonfly
train/n02268853/n02268853_15732.JPEG,320,damselfly
train/n02268853/n02268853_8276.JPEG,320,damselfly
train/n02268853/n02268853_4646.JPEG,320,damselfly
train/n02268853/n02268853_5668.JPEG,320,damselfly
train/n02268853/n02268853_5536.JPEG,320,damselfly
train/n02268853/n02268853_2904.JPEG,320,damselfly
train/n02268853/n02268853_2644.JPEG,320,damselfly
train/n02268853/n02268853_9294.JPEG,320,damselfly
train/n02268853/n02268853_7231.JPEG,320,damselfly
train/n02268853/n02268853_13641.JPEG,320,damselfly
train/n02268853/n02268853_9152.JPEG,320,damselfly
train/n02268853/n02268853_4604.JPEG,320,damselfly
train/n02268853/n02268853_2245.JPEG,320,damselfly
train/n02268853/n02268853_7921.JPEG,320,damselfly
train/n02268853/n02268853_17123.JPEG,320,damselfly
train/n02268853/n02268853_2059.JPEG,320,damselfly
train/n02276258/n02276258_7502.JPEG,321,red admiral butterfly
train/n02276258/n02276258_3143.JPEG,321,red admiral butterfly
train/n02276258/n02276258_3133.JPEG,321,red admiral butterfly
train/n02276258/n02276258_11158.JPEG,321,red admiral butterfly
train/n02276258/n02276258_8887.JPEG,321,red admiral butterfly
train/n02276258/n02276258_4913.JPEG,321,red admiral butterfly
train/n02276258/n02276258_3212.JPEG,321,red admiral butterfly
train/n02276258/n02276258_9798.JPEG,321,red admiral butterfly
train/n02276258/n02276258_2785.JPEG,321,red admiral butterfly
train/n02276258/n02276258_2230.JPEG,321,red admiral butterfly
train/n02276258/n02276258_9951.JPEG,321,red admiral butterfly
train/n02276258/n02276258_5713.JPEG,321,red admiral butterfly
train/n02276258/n02276258_681.JPEG,321,red admiral butterfly
train/n02276258/n02276258_2390.JPEG,321,red admiral butterfly
train/n02276258/n02276258_363.JPEG,321,red admiral butterfly
train/n02276258/n02276258_8791.JPEG,321,red admiral butterfly
train/n02277742/n02277742_33305.JPEG,322,ringlet butterfly
train/n02277742/n02277742_2537.JPEG,322,ringlet butterfly
train/n02277742/n02277742_11995.JPEG,322,ringlet butterfly
train/n02277742/n02277742_14759.JPEG,322,ringlet butterfly
train/n02277742/n02277742_10630.JPEG,322,ringlet butterfly
train/n02277742/n02277742_42225.JPEG,322,ringlet butterfly
train/n02277742/n02277742_10923.JPEG,322,ringlet butterfly
train/n02277742/n02277742_35505.JPEG,322,ringlet butterfly
train/n02277742/n02277742_10477.JPEG,322,ringlet butterfly
train/n02277742/n02277742_52147.JPEG,322,ringlet butterfly
train/n02277742/n02277742_26412.JPEG,322,ringlet butterfly
train/n02277742/n02277742_7335.JPEG,322,ringlet butterfly
train/n02277742/n02277742_42600.JPEG,322,ringlet butterfly
train/n02277742/n02277742_23593.JPEG,322,ringlet butterfly
train/n02277742/n02277742_7487.JPEG,322,ringlet butterfly
train/n02277742/n02277742_22334.JPEG,322,ringlet butterfly
train/n02279972/n02279972_25109.JPEG,323,monarch butterfly
train/n02279972/n02279972_17302.JPEG,323,monarch butterfly
train/n02279972/n02279972_11878.JPEG,323,monarch butterfly
train/n02279972/n02279972_1888.JPEG,323,monarch butterfly
train/n02279972/n02279972_1378.JPEG,323,monarch butterfly
train/n02279972/n02279972_27769.JPEG,323,monarch butterfly
train/n02279972/n02279972_14265.JPEG,323,monarch butterfly
train/n02279972/n02279972_836.JPEG,323,monarch butterfly
train/n02279972/n02279972_9366.JPEG,323,monarch butterfly
train/n02279972/n02279972_29217.JPEG,323,monarch butterfly
train/n02279972/n02279972_14241.JPEG,323,monarch butterfly
train/n02279972/n02279972_25862.JPEG,323,monarch butterfly
train/n02279972/n02279972_7917.JPEG,323,monarch butterfly
train/n02279972/n02279972_11325.JPEG,323,monarch butterfly
train/n02279972/n02279972_17485.JPEG,323,monarch butterfly
train/n02279972/n02279972_20643.JPEG,323,monarch butterfly
train/n02280649/n02280649_1790.JPEG,324,small white butterfly
train/n02280649/n02280649_14480.JPEG,324,small white butterfly
train/n02280649/n02280649_18203.JPEG,324,small white butterfly
train/n02280649/n02280649_1071.JPEG,324,small white butterfly
train/n02280649/n02280649_1174.JPEG,324,small white butterfly
train/n02280649/n02280649_9124.JPEG,324,small white butterfly
train/n02280649/n02280649_7090.JPEG,324,small white butterfly
train/n02280649/n02280649_5625.JPEG,324,small white butterfly
train/n02280649/n02280649_8079.JPEG,324,small white butterfly
train/n02280649/n02280649_8428.JPEG,324,small white butterfly
train/n02280649/n02280649_13393.JPEG,324,small white butterfly
train/n02280649/n02280649_8299.JPEG,324,small white butterfly
train/n02280649/n02280649_7447.JPEG,324,small white butterfly
train/n02280649/n02280649_6943.JPEG,324,small white butterfly
train/n02280649/n02280649_2849.JPEG,324,small white butterfly
train/n02280649/n02280649_1980.JPEG,324,small white butterfly
train/n02281406/n02281406_3360.JPEG,325,sulphur butterfly
train/n02281406/n02281406_6841.JPEG,325,sulphur butterfly
train/n02281406/n02281406_1058.JPEG,325,sulphur butterfly
train/n02281406/n02281406_7317.JPEG,325,sulphur butterfly
train/n02281406/n02281406_3016.JPEG,325,sulphur butterfly
train/n02281406/n02281406_7075.JPEG,325,sulphur butterfly
train/n02281406/n02281406_1499.JPEG,325,sulphur butterfly
train/n02281406/n02281406_11750.JPEG,325,sulphur butterfly
train/n02281406/n02281406_3602.JPEG,325,sulphur butterfly
train/n02281406/n02281406_6785.JPEG,325,sulphur butterfly
train/n02281406/n02281406_4687.JPEG,325,sulphur butterfly
train/n02281406/n02281406_170.JPEG,325,sulphur butterfly
train/n02281406/n02281406_6593.JPEG,325,sulphur butterfly
train/n02281406/n02281406_6090.JPEG,325,sulphur butterfly
train/n02281406/n02281406_3511.JPEG,325,sulphur butterfly
train/n02281406/n02281406_3590.JPEG,325,sulphur butterfly
train/n02281787/n02281787_3211.JPEG,326,gossamer-winged butterfly
train/n02281787/n02281787_2431.JPEG,326,gossamer-winged butterfly
train/n02281787/n02281787_3727.JPEG,326,gossamer-winged butterfly
train/n02281787/n02281787_1453.JPEG,326,gossamer-winged butterfly
train/n02281787/n02281787_2287.JPEG,326,gossamer-winged butterfly
train/n02281787/n02281787_2966.JPEG,326,gossamer-winged butterfly
train/n02281787/n02281787_3826.JPEG,326,gossamer-winged butterfly
train/n02281787/n02281787_5212.JPEG,326,gossamer-winged butterfly
train/n02281787/n02281787_3670.JPEG,326,gossamer-winged butterfly
train/n02281787/n02281787_4940.JPEG,326,gossamer-winged butterfly
train/n02281787/n02281787_3643.JPEG,326,gossamer-winged butterfly
train/n02281787/n02281787_5667.JPEG,326,gossamer-winged butterfly
train/n02281787/n02281787_1953.JPEG,326,gossamer-winged butterfly
train/n02281787/n02281787_3971.JPEG,326,gossamer-winged butterfly
train/n02281787/n02281787_4598.JPEG,326,gossamer-winged butterfly
train/n02281787/n02281787_4541.JPEG,326,gossamer-winged butterfly
train/n02317335/n02317335_15888.JPEG,327,starfish
train/n02317335/n02317335_17529.JPEG,327,starfish
train/n02317335/n02317335_23795.JPEG,327,starfish
train/n02317335/n02317335_12889.JPEG,327,starfish
train/n02317335/n02317335_38604.JPEG,327,starfish
train/n02317335/n02317335_23340.JPEG,327,starfish
train/n02317335/n02317335_22685.JPEG,327,starfish
train/n02317335/n02317335_24918.JPEG,327,starfish
train/n02317335/n02317335_4075.JPEG,327,starfish
train/n02317335/n02317335_18132.JPEG,327,starfish
train/n02317335/n02317335_4693.JPEG,327,starfish
train/n02317335/n02317335_44883.JPEG,327,starfish
train/n02317335/n02317335_35378.JPEG,327,starfish
train/n02317335/n02317335_7228.JPEG,327,starfish
train/n02317335/n02317335_20890.JPEG,327,starfish
train/n02317335/n02317335_25234.JPEG,327,starfish
train/n02319095/n02319095_1129.JPEG,328,sea urchin
train/n02319095/n02319095_3071.JPEG,328,sea urchin
train/n02319095/n02319095_7267.JPEG,328,sea urchin
train/n02319095/n02319095_4200.JPEG,328,sea urchin
train/n02319095/n02319095_8862.JPEG,328,sea urchin
train/n02319095/n02319095_7633.JPEG,328,sea urchin
train/n02319095/n02319095_5252.JPEG,328,sea urchin
train/n02319095/n02319095_3275.JPEG,328,sea urchin
train/n02319095/n02319095_3558.JPEG,328,sea urchin
train/n02319095/n02319095_1446.JPEG,328,sea urchin
train/n02319095/n02319095_8412.JPEG,328,sea urchin
train/n02319095/n02319095_3652.JPEG,328,sea urchin
train/n02319095/n02319095_892.JPEG,328,sea urchin
train/n02319095/n02319095_8819.JPEG,328,sea urchin
train/n02319095/n02319095_8193.JPEG,328,sea urchin
train/n02319095/n02319095_7034.JPEG,328,sea urchin
train/n02321529/n02321529_8904.JPEG,329,sea cucumber
train/n02321529/n02321529_1307.JPEG,329,sea cucumber
train/n02321529/n02321529_1481.JPEG,329,sea cucumber
train/n02321529/n02321529_6196.JPEG,329,sea cucumber
train/n02321529/n02321529_7991.JPEG,329,sea cucumber
train/n02321529/n02321529_3676.JPEG,329,sea cucumber
train/n02321529/n02321529_6787.JPEG,329,sea cucumber
train/n02321529/n02321529_4505.JPEG,329,sea cucumber
train/n02321529/n02321529_682.JPEG,329,sea cucumber
train/n02321529/n02321529_4416.JPEG,329,sea cucumber
train/n02321529/n02321529_19296.JPEG,329,sea cucumber
train/n02321529/n02321529_1024.JPEG,329,sea cucumber
train/n02321529/n02321529_19784.JPEG,329,sea cucumber
train/n02321529/n02321529_705.JPEG,329,sea cucumber
train/n02321529/n02321529_5000.JPEG,329,sea cucumber
train/n02321529/n02321529_3940.JPEG,329,sea cucumber
train/n02325366/n02325366_3224.JPEG,330,cottontail rabbit
train/n02325366/n02325366_17897.JPEG,330,cottontail rabbit
train/n02325366/n02325366_1808.JPEG,330,cottontail rabbit
train/n02325366/n02325366_5807.JPEG,330,cottontail rabbit
train/n02325366/n02325366_5319.JPEG,330,cottontail rabbit
train/n02325366/n02325366_327.JPEG,330,cottontail rabbit
train/n02325366/n02325366_91.JPEG,330,cottontail rabbit
train/n02325366/n02325366_4818.JPEG,330,cottontail rabbit
train/n02325366/n02325366_13090.JPEG,330,cottontail rabbit
train/n02325366/n02325366_2093.JPEG,330,cottontail rabbit
train/n02325366/n02325366_10434.JPEG,330,cottontail rabbit
train/n02325366/n02325366_5003.JPEG,330,cottontail rabbit
train/n02325366/n02325366_2926.JPEG,330,cottontail rabbit
train/n02325366/n02325366_5118.JPEG,330,cottontail rabbit
train/n02325366/n02325366_1460.JPEG,330,cottontail rabbit
train/n02325366/n02325366_869.JPEG,330,cottontail rabbit
train/n02326432/n02326432_39092.JPEG,331,hare
train/n02326432/n02326432_21529.JPEG,331,hare
train/n02326432/n02326432_26859.JPEG,331,hare
train/n02326432/n02326432_340.JPEG,331,hare
train/n02326432/n02326432_9053.JPEG,331,hare
train/n02326432/n02326432_10638.JPEG,331,hare
train/n02326432/n02326432_30794.JPEG,331,hare
train/n02326432/n02326432_17761.JPEG,331,hare
train/n02326432/n02326432_991.JPEG,331,hare
train/n02326432/n02326432_30169.JPEG,331,hare
train/n02326432/n02326432_15064.JPEG,331,hare
train/n02326432/n02326432_3099.JPEG,331,hare
train/n02326432/n02326432_37427.JPEG,331,hare
train/n02326432/n02326432_30966.JPEG,331,hare
train/n02326432/n02326432_6619.JPEG,331,hare
train/n02326432/n02326432_35586.JPEG,331,hare
train/n02328150/n02328150_19466.JPEG,332,Angora rabbit
train/n02328150/n02328150_10213.JPEG,332,Angora rabbit
train/n02328150/n02328150_15987.JPEG,332,Angora rabbit
train/n02328150/n02328150_3046.JPEG,332,Angora rabbit
train/n02328150/n02328150_13191.JPEG,332,Angora rabbit
train/n02328150/n02328150_5080.JPEG,332,Angora rabbit
train/n02328150/n02328150_13087.JPEG,332,Angora rabbit
train/n02328150/n02328150_10388.JPEG,332,Angora rabbit
train/n02328150/n02328150_16067.JPEG,332,Angora rabbit
train/n02328150/n02328150_15403.JPEG,332,Angora rabbit
train/n02328150/n02328150_2259.JPEG,332,Angora rabbit
train/n02328150/n02328150_14378.JPEG,332,Angora rabbit
train/n02328150/n02328150_2254.JPEG,332,Angora rabbit
train/n02328150/n02328150_6056.JPEG,332,Angora rabbit
train/n02328150/n02328150_18857.JPEG,332,Angora rabbit
train/n02328150/n02328150_5443.JPEG,332,Angora rabbit
train/n02342885/n02342885_7802.JPEG,333,hamster
train/n02342885/n02342885_13617.JPEG,333,hamster
train/n02342885/n02342885_10195.JPEG,333,hamster
train/n02342885/n02342885_6714.JPEG,333,hamster
train/n02342885/n02342885_7511.JPEG,333,hamster
train/n02342885/n02342885_2381.JPEG,333,hamster
train/n02342885/n02342885_1355.JPEG,333,hamster
train/n02342885/n02342885_96.JPEG,333,hamster
train/n02342885/n02342885_9613.JPEG,333,hamster
train/n02342885/n02342885_1337.JPEG,333,hamster
train/n02342885/n02342885_4632.JPEG,333,hamster
train/n02342885/n02342885_4427.JPEG,333,hamster
train/n02342885/n02342885_7554.JPEG,333,hamster
train/n02342885/n02342885_4639.JPEG,333,hamster
train/n02342885/n02342885_11596.JPEG,333,hamster
train/n02342885/n02342885_1771.JPEG,333,hamster
train/n02346627/n02346627_21469.JPEG,334,porcupine
train/n02346627/n02346627_1090.JPEG,334,porcupine
train/n02346627/n02346627_4735.JPEG,334,porcupine
train/n02346627/n02346627_1485.JPEG,334,porcupine
train/n02346627/n02346627_8791.JPEG,334,porcupine
train/n02346627/n02346627_21592.JPEG,334,porcupine
train/n02346627/n02346627_20484.JPEG,334,porcupine
train/n02346627/n02346627_11464.JPEG,334,porcupine
train/n02346627/n02346627_12277.JPEG,334,porcupine
train/n02346627/n02346627_8389.JPEG,334,porcupine
train/n02346627/n02346627_21304.JPEG,334,porcupine
train/n02346627/n02346627_4002.JPEG,334,porcupine
train/n02346627/n02346627_10899.JPEG,334,porcupine
train/n02346627/n02346627_4143.JPEG,334,porcupine
train/n02346627/n02346627_17742.JPEG,334,porcupine
train/n02346627/n02346627_3748.JPEG,334,porcupine
train/n02356798/n02356798_3511.JPEG,335,fox squirrel
train/n02356798/n02356798_6000.JPEG,335,fox squirrel
train/n02356798/n02356798_1082.JPEG,335,fox squirrel
train/n02356798/n02356798_6354.JPEG,335,fox squirrel
train/n02356798/n02356798_3040.JPEG,335,fox squirrel
train/n02356798/n02356798_6383.JPEG,335,fox squirrel
train/n02356798/n02356798_3883.JPEG,335,fox squirrel
train/n02356798/n02356798_1968.JPEG,335,fox squirrel
train/n02356798/n02356798_4892.JPEG,335,fox squirrel
train/n02356798/n02356798_7121.JPEG,335,fox squirrel
train/n02356798/n02356798_7211.JPEG,335,fox squirrel
train/n02356798/n02356798_5046.JPEG,335,fox squirrel
train/n02356798/n02356798_5929.JPEG,335,fox squirrel
train/n02356798/n02356798_3897.JPEG,335,fox squirrel
train/n02356798/n02356798_7059.JPEG,335,fox squirrel
train/n02356798/n02356798_2878.JPEG,335,fox squirrel
train/n02361337/n02361337_297.JPEG,336,marmot
train/n02361337/n02361337_6345.JPEG,336,marmot
train/n02361337/n02361337_2908.JPEG,336,marmot
train/n02361337/n02361337_6317.JPEG,336,marmot
train/n02361337/n02361337_5470.JPEG,336,marmot
train/n02361337/n02361337_6030.JPEG,336,marmot
train/n02361337/n02361337_9335.JPEG,336,marmot
train/n02361337/n02361337_1895.JPEG,336,marmot
train/n02361337/n02361337_4013.JPEG,336,marmot
train/n02361337/n02361337_4092.JPEG,336,marmot
train/n02361337/n02361337_9095.JPEG,336,marmot
train/n02361337/n02361337_9478.JPEG,336,marmot
train/n02361337/n02361337_2803.JPEG,336,marmot
train/n02361337/n02361337_5553.JPEG,336,marmot
train/n02361337/n02361337_8348.JPEG,336,marmot
train/n02361337/n02361337_10008.JPEG,336,marmot
train/n02363005/n02363005_15841.JPEG,337,beaver
train/n02363005/n02363005_29480.JPEG,337,beaver
train/n02363005/n02363005_8971.JPEG,337,beaver
train/n02363005/n02363005_12412.JPEG,337,beaver
train/n02363005/n02363005_13872.JPEG,337,beaver
train/n02363005/n02363005_921.JPEG,337,beaver
train/n02363005/n02363005_11102.JPEG,337,beaver
train/n02363005/n02363005_23708.JPEG,337,beaver
train/n02363005/n02363005_19909.JPEG,337,beaver
train/n02363005/n02363005_24094.JPEG,337,beaver
train/n02363005/n02363005_12283.JPEG,337,beaver
train/n02363005/n02363005_35201.JPEG,337,beaver
train/n02363005/n02363005_1324.JPEG,337,beaver
train/n02363005/n02363005_324.JPEG,337,beaver
train/n02363005/n02363005_555.JPEG,337,beaver
train/n02363005/n02363005_3912.JPEG,337,beaver
train/n02364673/n02364673_591.JPEG,338,guinea pig
train/n02364673/n02364673_17495.JPEG,338,guinea pig
train/n02364673/n02364673_8952.JPEG,338,guinea pig
train/n02364673/n02364673_5736.JPEG,338,guinea pig
train/n02364673/n02364673_426.JPEG,338,guinea pig
train/n02364673/n02364673_9995.JPEG,338,guinea pig
train/n02364673/n02364673_2279.JPEG,338,guinea pig
train/n02364673/n02364673_12063.JPEG,338,guinea pig
train/n02364673/n02364673_20.JPEG,338,guinea pig
train/n02364673/n02364673_22869.JPEG,338,guinea pig
train/n02364673/n02364673_649.JPEG,338,guinea pig
train/n02364673/n02364673_10728.JPEG,338,guinea pig
train/n02364673/n02364673_8158.JPEG,338,guinea pig
train/n02364673/n02364673_14931.JPEG,338,guinea pig
train/n02364673/n02364673_3394.JPEG,338,guinea pig
train/n02364673/n02364673_1349.JPEG,338,guinea pig
train/n02389026/n02389026_526.JPEG,339,common sorrel horse
train/n02389026/n02389026_2191.JPEG,339,common sorrel horse
train/n02389026/n02389026_1711.JPEG,339,common sorrel horse
train/n02389026/n02389026_6306.JPEG,339,common sorrel horse
train/n02389026/n02389026_5656.JPEG,339,common sorrel horse
train/n02389026/n02389026_8740.JPEG,339,common sorrel horse
train/n02389026/n02389026_7262.JPEG,339,common sorrel horse
train/n02389026/n02389026_7152.JPEG,339,common sorrel horse
train/n02389026/n02389026_1778.JPEG,339,common sorrel horse
train/n02389026/n02389026_9797.JPEG,339,common sorrel horse
train/n02389026/n02389026_8170.JPEG,339,common sorrel horse
train/n02389026/n02389026_2708.JPEG,339,common sorrel horse
train/n02389026/n02389026_3381.JPEG,339,common sorrel horse
train/n02389026/n02389026_9434.JPEG,339,common sorrel horse
train/n02389026/n02389026_3726.JPEG,339,common sorrel horse
train/n02389026/n02389026_6921.JPEG,339,common sorrel horse
train/n02391049/n02391049_1223.JPEG,340,zebra
train/n02391049/n02391049_1973.JPEG,340,zebra
train/n02391049/n02391049_2204.JPEG,340,zebra
train/n02391049/n02391049_8929.JPEG,340,zebra
train/n02391049/n02391049_936.JPEG,340,zebra
train/n02391049/n02391049_4638.JPEG,340,zebra
train/n02391049/n02391049_10426.JPEG,340,zebra
train/n02391049/n02391049_5220.JPEG,340,zebra
train/n02391049/n02391049_2645.JPEG,340,zebra
train/n02391049/n02391049_2465.JPEG,340,zebra
train/n02391049/n02391049_1950.JPEG,340,zebra
train/n02391049/n02391049_879.JPEG,340,zebra
train/n02391049/n02391049_427.JPEG,340,zebra
train/n02391049/n02391049_2746.JPEG,340,zebra
train/n02391049/n02391049_715.JPEG,340,zebra
train/n02391049/n02391049_10278.JPEG,340,zebra
train/n02395406/n02395406_942.JPEG,341,pig
train/n02395406/n02395406_10439.JPEG,341,pig
train/n02395406/n02395406_2218.JPEG,341,pig
train/n02395406/n02395406_30636.JPEG,341,pig
train/n02395406/n02395406_3496.JPEG,341,pig
train/n02395406/n02395406_27413.JPEG,341,pig
train/n02395406/n02395406_77927.JPEG,341,pig
train/n02395406/n02395406_35301.JPEG,341,pig
train/n02395406/n02395406_17475.JPEG,341,pig
train/n02395406/n02395406_32636.JPEG,341,pig
train/n02395406/n02395406_29172.JPEG,341,pig
train/n02395406/n02395406_36092.JPEG,341,pig
train/n02395406/n02395406_20383.JPEG,341,pig
train/n02395406/n02395406_35259.JPEG,341,pig
train/n02395406/n02395406_32337.JPEG,341,pig
train/n02395406/n02395406_29012.JPEG,341,pig
train/n02396427/n02396427_14884.JPEG,342,wild boar
train/n02396427/n02396427_13308.JPEG,342,wild boar
train/n02396427/n02396427_14405.JPEG,342,wild boar
train/n02396427/n02396427_36862.JPEG,342,wild boar
train/n02396427/n02396427_30191.JPEG,342,wild boar
train/n02396427/n02396427_16580.JPEG,342,wild boar
train/n02396427/n02396427_3074.JPEG,342,wild boar
train/n02396427/n02396427_7810.JPEG,342,wild boar
train/n02396427/n02396427_20694.JPEG,342,wild boar
train/n02396427/n02396427_17224.JPEG,342,wild boar
train/n02396427/n02396427_13771.JPEG,342,wild boar
train/n02396427/n02396427_15258.JPEG,342,wild boar
train/n02396427/n02396427_26702.JPEG,342,wild boar
train/n02396427/n02396427_9769.JPEG,342,wild boar
train/n02396427/n02396427_20156.JPEG,342,wild boar
train/n02396427/n02396427_13388.JPEG,342,wild boar
train/n02397096/n02397096_4089.JPEG,343,warthog
train/n02397096/n02397096_412.JPEG,343,warthog
train/n02397096/n02397096_1783.JPEG,343,warthog
train/n02397096/n02397096_17769.JPEG,343,warthog
train/n02397096/n02397096_2435.JPEG,343,warthog
train/n02397096/n02397096_1180.JPEG,343,warthog
train/n02397096/n02397096_299.JPEG,343,warthog
train/n02397096/n02397096_14145.JPEG,343,warthog
train/n02397096/n02397096_7125.JPEG,343,warthog
train/n02397096/n02397096_2839.JPEG,343,warthog
train/n02397096/n02397096_13563.JPEG,343,warthog
train/n02397096/n02397096_987.JPEG,343,warthog
train/n02397096/n02397096_5424.JPEG,343,warthog
train/n02397096/n02397096_16556.JPEG,343,warthog
train/n02397096/n02397096_3574.JPEG,343,warthog
train/n02397096/n02397096_3542.JPEG,343,warthog
train/n02398521/n02398521_9743.JPEG,344,hippopotamus
train/n02398521/n02398521_18364.JPEG,344,hippopotamus
train/n02398521/n02398521_7022.JPEG,344,hippopotamus
train/n02398521/n02398521_33418.JPEG,344,hippopotamus
train/n02398521/n02398521_4689.JPEG,344,hippopotamus
train/n02398521/n02398521_9749.JPEG,344,hippopotamus
train/n02398521/n02398521_14930.JPEG,344,hippopotamus
train/n02398521/n02398521_6008.JPEG,344,hippopotamus
train/n02398521/n02398521_33346.JPEG,344,hippopotamus
train/n02398521/n02398521_8946.JPEG,344,hippopotamus
train/n02398521/n02398521_14092.JPEG,344,hippopotamus
train/n02398521/n02398521_62777.JPEG,344,hippopotamus
train/n02398521/n02398521_18043.JPEG,344,hippopotamus
train/n02398521/n02398521_4087.JPEG,344,hippopotamus
train/n02398521/n02398521_8014.JPEG,344,hippopotamus
train/n02398521/n02398521_65281.JPEG,344,hippopotamus
train/n02403003/n02403003_33.JPEG,345,ox
train/n02403003/n02403003_8842.JPEG,345,ox
train/n02403003/n02403003_7804.JPEG,345,ox
train/n02403003/n02403003_5791.JPEG,345,ox
train/n02403003/n02403003_33333.JPEG,345,ox
train/n02403003/n02403003_4340.JPEG,345,ox
train/n02403003/n02403003_6156.JPEG,345,ox
train/n02403003/n02403003_7486.JPEG,345,ox
train/n02403003/n02403003_10714.JPEG,345,ox
train/n02403003/n02403003_303.JPEG,345,ox
train/n02403003/n02403003_9912.JPEG,345,ox
train/n02403003/n02403003_1290.JPEG,345,ox
train/n02403003/n02403003_7232.JPEG,345,ox
train/n02403003/n02403003_7108.JPEG,345,ox
train/n02403003/n02403003_10186.JPEG,345,ox
train/n02403003/n02403003_3890.JPEG,345,ox
train/n02408429/n02408429_14202.JPEG,346,water buffalo
train/n02408429/n02408429_2083.JPEG,346,water buffalo
train/n02408429/n02408429_7765.JPEG,346,water buffalo
train/n02408429/n02408429_10604.JPEG,346,water buffalo
train/n02408429/n02408429_10665.JPEG,346,water buffalo
train/n02408429/n02408429_10307.JPEG,346,water buffalo
train/n02408429/n02408429_10617.JPEG,346,water buffalo
train/n02408429/n02408429_5280.JPEG,346,water buffalo
train/n02408429/n02408429_15575.JPEG,346,water buffalo
train/n02408429/n02408429_1056.JPEG,346,water buffalo
train/n02408429/n02408429_447.JPEG,346,water buffalo
train/n02408429/n02408429_18644.JPEG,346,water buffalo
train/n02408429/n02408429_3808.JPEG,346,water buffalo
train/n02408429/n02408429_10437.JPEG,346,water buffalo
train/n02408429/n02408429_16242.JPEG,346,water buffalo
train/n02408429/n02408429_12395.JPEG,346,water buffalo
train/n02410509/n02410509_4211.JPEG,347,bison
train/n02410509/n02410509_112.JPEG,347,bison
train/n02410509/n02410509_8683.JPEG,347,bison
train/n02410509/n02410509_8210.JPEG,347,bison
train/n02410509/n02410509_2969.JPEG,347,bison
train/n02410509/n02410509_36518.JPEG,347,bison
train/n02410509/n02410509_4397.JPEG,347,bison
train/n02410509/n02410509_1022.JPEG,347,bison
train/n02410509/n02410509_2065.JPEG,347,bison
train/n02410509/n02410509_862.JPEG,347,bison
train/n02410509/n02410509_5715.JPEG,347,bison
train/n02410509/n02410509_7486.JPEG,347,bison
train/n02410509/n02410509_2819.JPEG,347,bison
train/n02410509/n02410509_2062.JPEG,347,bison
train/n02410509/n02410509_3831.JPEG,347,bison
train/n02410509/n02410509_2058.JPEG,347,bison
train/n02412080/n02412080_1221.JPEG,348,ram (adult male sheep)
train/n02412080/n02412080_15888.JPEG,348,ram (adult male sheep)
train/n02412080/n02412080_16243.JPEG,348,ram (adult male sheep)
train/n02412080/n02412080_8418.JPEG,348,ram (adult male sheep)
train/n02412080/n02412080_10573.JPEG,348,ram (adult male sheep)
train/n02412080/n02412080_6267.JPEG,348,ram (adult male sheep)
train/n02412080/n02412080_12159.JPEG,348,ram (adult male sheep)
train/n02412080/n02412080_9540.JPEG,348,ram (adult male sheep)
train/n02412080/n02412080_17894.JPEG,348,ram (adult male sheep)
train/n02412080/n02412080_21859.JPEG,348,ram (adult male sheep)
train/n02412080/n02412080_8596.JPEG,348,ram (adult male sheep)
train/n02412080/n02412080_7252.JPEG,348,ram (adult male sheep)
train/n02412080/n02412080_16939.JPEG,348,ram (adult male sheep)
train/n02412080/n02412080_23861.JPEG,348,ram (adult male sheep)
train/n02412080/n02412080_16015.JPEG,348,ram (adult male sheep)
train/n02412080/n02412080_10040.JPEG,348,ram (adult male sheep)
train/n02415577/n02415577_3350.JPEG,349,bighorn sheep
train/n02415577/n02415577_24534.JPEG,349,bighorn sheep
train/n02415577/n02415577_48207.JPEG,349,bighorn sheep
train/n02415577/n02415577_6396.JPEG,349,bighorn sheep
train/n02415577/n02415577_75551.JPEG,349,bighorn sheep
train/n02415577/n02415577_7899.JPEG,349,bighorn sheep
train/n02415577/n02415577_8691.JPEG,349,bighorn sheep
train/n02415577/n02415577_68196.JPEG,349,bighorn sheep
train/n02415577/n02415577_6154.JPEG,349,bighorn sheep
train/n02415577/n02415577_6098.JPEG,349,bighorn sheep
train/n02415577/n02415577_6990.JPEG,349,bighorn sheep
train/n02415577/n02415577_1193.JPEG,349,bighorn sheep
train/n02415577/n02415577_8836.JPEG,349,bighorn sheep
train/n02415577/n02415577_8880.JPEG,349,bighorn sheep
train/n02415577/n02415577_705.JPEG,349,bighorn sheep
train/n02415577/n02415577_505.JPEG,349,bighorn sheep
train/n02417914/n02417914_4011.JPEG,350,Alpine ibex
train/n02417914/n02417914_12623.JPEG,350,Alpine ibex
train/n02417914/n02417914_3428.JPEG,350,Alpine ibex
train/n02417914/n02417914_12375.JPEG,350,Alpine ibex
train/n02417914/n02417914_141.JPEG,350,Alpine ibex
train/n02417914/n02417914_4417.JPEG,350,Alpine ibex
train/n02417914/n02417914_5649.JPEG,350,Alpine ibex
train/n02417914/n02417914_11732.JPEG,350,Alpine ibex
train/n02417914/n02417914_12240.JPEG,350,Alpine ibex
train/n02417914/n02417914_7260.JPEG,350,Alpine ibex
train/n02417914/n02417914_21739.JPEG,350,Alpine ibex
train/n02417914/n02417914_13585.JPEG,350,Alpine ibex
train/n02417914/n02417914_32254.JPEG,350,Alpine ibex
train/n02417914/n02417914_13864.JPEG,350,Alpine ibex
train/n02417914/n02417914_26383.JPEG,350,Alpine ibex
train/n02417914/n02417914_28709.JPEG,350,Alpine ibex
train/n02422106/n02422106_4089.JPEG,351,hartebeest
train/n02422106/n02422106_5222.JPEG,351,hartebeest
train/n02422106/n02422106_603.JPEG,351,hartebeest
train/n02422106/n02422106_477.JPEG,351,hartebeest
train/n02422106/n02422106_1482.JPEG,351,hartebeest
train/n02422106/n02422106_8033.JPEG,351,hartebeest
train/n02422106/n02422106_27.JPEG,351,hartebeest
train/n02422106/n02422106_11972.JPEG,351,hartebeest
train/n02422106/n02422106_4098.JPEG,351,hartebeest
train/n02422106/n02422106_126.JPEG,351,hartebeest
train/n02422106/n02422106_440.JPEG,351,hartebeest
train/n02422106/n02422106_1359.JPEG,351,hartebeest
train/n02422106/n02422106_961.JPEG,351,hartebeest
train/n02422106/n02422106_3566.JPEG,351,hartebeest
train/n02422106/n02422106_4988.JPEG,351,hartebeest
train/n02422106/n02422106_7448.JPEG,351,hartebeest
train/n02422699/n02422699_688.JPEG,352,impala (antelope)
train/n02422699/n02422699_624.JPEG,352,impala (antelope)
train/n02422699/n02422699_7505.JPEG,352,impala (antelope)
train/n02422699/n02422699_20625.JPEG,352,impala (antelope)
train/n02422699/n02422699_440.JPEG,352,impala (antelope)
train/n02422699/n02422699_9822.JPEG,352,impala (antelope)
train/n02422699/n02422699_1103.JPEG,352,impala (antelope)
train/n02422699/n02422699_7526.JPEG,352,impala (antelope)
train/n02422699/n02422699_10670.JPEG,352,impala (antelope)
train/n02422699/n02422699_8600.JPEG,352,impala (antelope)
train/n02422699/n02422699_1238.JPEG,352,impala (antelope)
train/n02422699/n02422699_3931.JPEG,352,impala (antelope)
train/n02422699/n02422699_9711.JPEG,352,impala (antelope)
train/n02422699/n02422699_651.JPEG,352,impala (antelope)
train/n02422699/n02422699_19790.JPEG,352,impala (antelope)
train/n02422699/n02422699_4156.JPEG,352,impala (antelope)
train/n02423022/n02423022_775.JPEG,353,gazelle
train/n02423022/n02423022_7741.JPEG,353,gazelle
train/n02423022/n02423022_5381.JPEG,353,gazelle
train/n02423022/n02423022_1908.JPEG,353,gazelle
train/n02423022/n02423022_9898.JPEG,353,gazelle
train/n02423022/n02423022_7505.JPEG,353,gazelle
train/n02423022/n02423022_9986.JPEG,353,gazelle
train/n02423022/n02423022_2266.JPEG,353,gazelle
train/n02423022/n02423022_2726.JPEG,353,gazelle
train/n02423022/n02423022_7992.JPEG,353,gazelle
train/n02423022/n02423022_7503.JPEG,353,gazelle
train/n02423022/n02423022_1828.JPEG,353,gazelle
train/n02423022/n02423022_8700.JPEG,353,gazelle
train/n02423022/n02423022_5834.JPEG,353,gazelle
train/n02423022/n02423022_9823.JPEG,353,gazelle
train/n02423022/n02423022_26532.JPEG,353,gazelle
train/n02437312/n02437312_10616.JPEG,354,arabian camel
train/n02437312/n02437312_7348.JPEG,354,arabian camel
train/n02437312/n02437312_7285.JPEG,354,arabian camel
train/n02437312/n02437312_379.JPEG,354,arabian camel
train/n02437312/n02437312_470.JPEG,354,arabian camel
train/n02437312/n02437312_11638.JPEG,354,arabian camel
train/n02437312/n02437312_10391.JPEG,354,arabian camel
train/n02437312/n02437312_1528.JPEG,354,arabian camel
train/n02437312/n02437312_3476.JPEG,354,arabian camel
train/n02437312/n02437312_29501.JPEG,354,arabian camel
train/n02437312/n02437312_7472.JPEG,354,arabian camel
train/n02437312/n02437312_1523.JPEG,354,arabian camel
train/n02437312/n02437312_13708.JPEG,354,arabian camel
train/n02437312/n02437312_9637.JPEG,354,arabian camel
train/n02437312/n02437312_505.JPEG,354,arabian camel
train/n02437312/n02437312_3760.JPEG,354,arabian camel
train/n02437616/n02437616_4583.JPEG,355,llama
train/n02437616/n02437616_1718.JPEG,355,llama
train/n02437616/n02437616_11371.JPEG,355,llama
train/n02437616/n02437616_8188.JPEG,355,llama
train/n02437616/n02437616_11633.JPEG,355,llama
train/n02437616/n02437616_9682.JPEG,355,llama
train/n02437616/n02437616_7848.JPEG,355,llama
train/n02437616/n02437616_5459.JPEG,355,llama
train/n02437616/n02437616_52791.JPEG,355,llama
train/n02437616/n02437616_15.JPEG,355,llama
train/n02437616/n02437616_548.JPEG,355,llama
train/n02437616/n02437616_16626.JPEG,355,llama
train/n02437616/n02437616_33694.JPEG,355,llama
train/n02437616/n02437616_10408.JPEG,355,llama
train/n02437616/n02437616_10798.JPEG,355,llama
train/n02437616/n02437616_2083.JPEG,355,llama
train/n02441942/n02441942_25842.JPEG,356,weasel
train/n02441942/n02441942_5277.JPEG,356,weasel
train/n02441942/n02441942_644.JPEG,356,weasel
train/n02441942/n02441942_3170.JPEG,356,weasel
train/n02441942/n02441942_1498.JPEG,356,weasel
train/n02441942/n02441942_15422.JPEG,356,weasel
train/n02441942/n02441942_23550.JPEG,356,weasel
train/n02441942/n02441942_20362.JPEG,356,weasel
train/n02441942/n02441942_6989.JPEG,356,weasel
train/n02441942/n02441942_25632.JPEG,356,weasel
train/n02441942/n02441942_14736.JPEG,356,weasel
train/n02441942/n02441942_24383.JPEG,356,weasel
train/n02441942/n02441942_2996.JPEG,356,weasel
train/n02441942/n02441942_1737.JPEG,356,weasel
train/n02441942/n02441942_9142.JPEG,356,weasel
train/n02441942/n02441942_1102.JPEG,356,weasel
train/n02442845/n02442845_18835.JPEG,357,mink
train/n02442845/n02442845_6172.JPEG,357,mink
train/n02442845/n02442845_15905.JPEG,357,mink
train/n02442845/n02442845_20962.JPEG,357,mink
train/n02442845/n02442845_16801.JPEG,357,mink
train/n02442845/n02442845_17963.JPEG,357,mink
train/n02442845/n02442845_23015.JPEG,357,mink
train/n02442845/n02442845_6054.JPEG,357,mink
train/n02442845/n02442845_14923.JPEG,357,mink
train/n02442845/n02442845_339.JPEG,357,mink
train/n02442845/n02442845_12394.JPEG,357,mink
train/n02442845/n02442845_18478.JPEG,357,mink
train/n02442845/n02442845_7547.JPEG,357,mink
train/n02442845/n02442845_14424.JPEG,357,mink
train/n02442845/n02442845_447.JPEG,357,mink
train/n02442845/n02442845_27413.JPEG,357,mink
train/n02443114/n02443114_12370.JPEG,358,European polecat
train/n02443114/n02443114_27221.JPEG,358,European polecat
train/n02443114/n02443114_11895.JPEG,358,European polecat
train/n02443114/n02443114_15341.JPEG,358,European polecat
train/n02443114/n02443114_30164.JPEG,358,European polecat
train/n02443114/n02443114_19074.JPEG,358,European polecat
train/n02443114/n02443114_39093.JPEG,358,European polecat
train/n02443114/n02443114_10204.JPEG,358,European polecat
train/n02443114/n02443114_11782.JPEG,358,European polecat
train/n02443114/n02443114_32784.JPEG,358,European polecat
train/n02443114/n02443114_30477.JPEG,358,European polecat
train/n02443114/n02443114_5335.JPEG,358,European polecat
train/n02443114/n02443114_5993.JPEG,358,European polecat
train/n02443114/n02443114_44690.JPEG,358,European polecat
train/n02443114/n02443114_7676.JPEG,358,European polecat
train/n02443114/n02443114_3208.JPEG,358,European polecat
train/n02443484/n02443484_2926.JPEG,359,black-footed ferret
train/n02443484/n02443484_247.JPEG,359,black-footed ferret
train/n02443484/n02443484_6418.JPEG,359,black-footed ferret
train/n02443484/n02443484_9186.JPEG,359,black-footed ferret
train/n02443484/n02443484_9580.JPEG,359,black-footed ferret
train/n02443484/n02443484_11089.JPEG,359,black-footed ferret
train/n02443484/n02443484_10384.JPEG,359,black-footed ferret
train/n02443484/n02443484_11483.JPEG,359,black-footed ferret
train/n02443484/n02443484_14676.JPEG,359,black-footed ferret
train/n02443484/n02443484_7014.JPEG,359,black-footed ferret
train/n02443484/n02443484_4016.JPEG,359,black-footed ferret
train/n02443484/n02443484_15010.JPEG,359,black-footed ferret
train/n02443484/n02443484_3835.JPEG,359,black-footed ferret
train/n02443484/n02443484_14597.JPEG,359,black-footed ferret
train/n02443484/n02443484_5863.JPEG,359,black-footed ferret
train/n02443484/n02443484_10065.JPEG,359,black-footed ferret
train/n02444819/n02444819_7657.JPEG,360,otter
train/n02444819/n02444819_3969.JPEG,360,otter
train/n02444819/n02444819_6906.JPEG,360,otter
train/n02444819/n02444819_14197.JPEG,360,otter
train/n02444819/n02444819_3399.JPEG,360,otter
train/n02444819/n02444819_9259.JPEG,360,otter
train/n02444819/n02444819_1539.JPEG,360,otter
train/n02444819/n02444819_15196.JPEG,360,otter
train/n02444819/n02444819_12035.JPEG,360,otter
train/n02444819/n02444819_8428.JPEG,360,otter
train/n02444819/n02444819_6132.JPEG,360,otter
train/n02444819/n02444819_434.JPEG,360,otter
train/n02444819/n02444819_2727.JPEG,360,otter
train/n02444819/n02444819_5668.JPEG,360,otter
train/n02444819/n02444819_6151.JPEG,360,otter
train/n02444819/n02444819_1944.JPEG,360,otter
train/n02445715/n02445715_16411.JPEG,361,skunk
train/n02445715/n02445715_10383.JPEG,361,skunk
train/n02445715/n02445715_6900.JPEG,361,skunk
train/n02445715/n02445715_36311.JPEG,361,skunk
train/n02445715/n02445715_13894.JPEG,361,skunk
train/n02445715/n02445715_8181.JPEG,361,skunk
train/n02445715/n02445715_17319.JPEG,361,skunk
train/n02445715/n02445715_3513.JPEG,361,skunk
train/n02445715/n02445715_6130.JPEG,361,skunk
train/n02445715/n02445715_6871.JPEG,361,skunk
train/n02445715/n02445715_11871.JPEG,361,skunk
train/n02445715/n02445715_10805.JPEG,361,skunk
train/n02445715/n02445715_33911.JPEG,361,skunk
train/n02445715/n02445715_16637.JPEG,361,skunk
train/n02445715/n02445715_5787.JPEG,361,skunk
train/n02445715/n02445715_11422.JPEG,361,skunk
train/n02447366/n02447366_31245.JPEG,362,badger
train/n02447366/n02447366_26362.JPEG,362,badger
train/n02447366/n02447366_12889.JPEG,362,badger
train/n02447366/n02447366_4324.JPEG,362,badger
train/n02447366/n02447366_13356.JPEG,362,badger
train/n02447366/n02447366_2459.JPEG,362,badger
train/n02447366/n02447366_2844.JPEG,362,badger
train/n02447366/n02447366_777.JPEG,362,badger
train/n02447366/n02447366_3150.JPEG,362,badger
train/n02447366/n02447366_1855.JPEG,362,badger
train/n02447366/n02447366_8170.JPEG,362,badger
train/n02447366/n02447366_5285.JPEG,362,badger
train/n02447366/n02447366_16668.JPEG,362,badger
train/n02447366/n02447366_5893.JPEG,362,badger
train/n02447366/n02447366_10557.JPEG,362,badger
train/n02447366/n02447366_2490.JPEG,362,badger
train/n02454379/n02454379_1192.JPEG,363,armadillo
train/n02454379/n02454379_3751.JPEG,363,armadillo
train/n02454379/n02454379_7901.JPEG,363,armadillo
train/n02454379/n02454379_571.JPEG,363,armadillo
train/n02454379/n02454379_2090.JPEG,363,armadillo
train/n02454379/n02454379_5793.JPEG,363,armadillo
train/n02454379/n02454379_6252.JPEG,363,armadillo
train/n02454379/n02454379_6077.JPEG,363,armadillo
train/n02454379/n02454379_17848.JPEG,363,armadillo
train/n02454379/n02454379_5116.JPEG,363,armadillo
train/n02454379/n02454379_5614.JPEG,363,armadillo
train/n02454379/n02454379_624.JPEG,363,armadillo
train/n02454379/n02454379_6090.JPEG,363,armadillo
train/n02454379/n02454379_3016.JPEG,363,armadillo
train/n02454379/n02454379_684.JPEG,363,armadillo
train/n02454379/n02454379_15034.JPEG,363,armadillo
train/n02457408/n02457408_16290.JPEG,364,three-toed sloth
train/n02457408/n02457408_9028.JPEG,364,three-toed sloth
train/n02457408/n02457408_202.JPEG,364,three-toed sloth
train/n02457408/n02457408_1478.JPEG,364,three-toed sloth
train/n02457408/n02457408_1919.JPEG,364,three-toed sloth
train/n02457408/n02457408_16854.JPEG,364,three-toed sloth
train/n02457408/n02457408_9472.JPEG,364,three-toed sloth
train/n02457408/n02457408_11660.JPEG,364,three-toed sloth
train/n02457408/n02457408_8046.JPEG,364,three-toed sloth
train/n02457408/n02457408_7910.JPEG,364,three-toed sloth
train/n02457408/n02457408_4480.JPEG,364,three-toed sloth
train/n02457408/n02457408_1429.JPEG,364,three-toed sloth
train/n02457408/n02457408_19145.JPEG,364,three-toed sloth
train/n02457408/n02457408_8048.JPEG,364,three-toed sloth
train/n02457408/n02457408_1424.JPEG,364,three-toed sloth
train/n02457408/n02457408_3267.JPEG,364,three-toed sloth
train/n02480495/n02480495_16861.JPEG,365,orangutan
train/n02480495/n02480495_2904.JPEG,365,orangutan
train/n02480495/n02480495_9122.JPEG,365,orangutan
train/n02480495/n02480495_5298.JPEG,365,orangutan
train/n02480495/n02480495_24251.JPEG,365,orangutan
train/n02480495/n02480495_2187.JPEG,365,orangutan
train/n02480495/n02480495_7089.JPEG,365,orangutan
train/n02480495/n02480495_4644.JPEG,365,orangutan
train/n02480495/n02480495_20759.JPEG,365,orangutan
train/n02480495/n02480495_7329.JPEG,365,orangutan
train/n02480495/n02480495_14623.JPEG,365,orangutan
train/n02480495/n02480495_8437.JPEG,365,orangutan
train/n02480495/n02480495_4214.JPEG,365,orangutan
train/n02480495/n02480495_2657.JPEG,365,orangutan
train/n02480495/n02480495_7605.JPEG,365,orangutan
train/n02480495/n02480495_5397.JPEG,365,orangutan
train/n02480855/n02480855_2306.JPEG,366,gorilla
train/n02480855/n02480855_19533.JPEG,366,gorilla
train/n02480855/n02480855_17981.JPEG,366,gorilla
train/n02480855/n02480855_3834.JPEG,366,gorilla
train/n02480855/n02480855_15683.JPEG,366,gorilla
train/n02480855/n02480855_1464.JPEG,366,gorilla
train/n02480855/n02480855_12171.JPEG,366,gorilla
train/n02480855/n02480855_3998.JPEG,366,gorilla
train/n02480855/n02480855_7180.JPEG,366,gorilla
train/n02480855/n02480855_11956.JPEG,366,gorilla
train/n02480855/n02480855_1201.JPEG,366,gorilla
train/n02480855/n02480855_12970.JPEG,366,gorilla
train/n02480855/n02480855_9820.JPEG,366,gorilla
train/n02480855/n02480855_20100.JPEG,366,gorilla
train/n02480855/n02480855_20912.JPEG,366,gorilla
train/n02480855/n02480855_17065.JPEG,366,gorilla
train/n02481823/n02481823_16133.JPEG,367,chimpanzee
train/n02481823/n02481823_10719.JPEG,367,chimpanzee
train/n02481823/n02481823_17069.JPEG,367,chimpanzee
train/n02481823/n02481823_7861.JPEG,367,chimpanzee
train/n02481823/n02481823_12605.JPEG,367,chimpanzee
train/n02481823/n02481823_26605.JPEG,367,chimpanzee
train/n02481823/n02481823_13897.JPEG,367,chimpanzee
train/n02481823/n02481823_11638.JPEG,367,chimpanzee
train/n02481823/n02481823_15327.JPEG,367,chimpanzee
train/n02481823/n02481823_13594.JPEG,367,chimpanzee
train/n02481823/n02481823_11209.JPEG,367,chimpanzee
train/n02481823/n02481823_11957.JPEG,367,chimpanzee
train/n02481823/n02481823_16654.JPEG,367,chimpanzee
train/n02481823/n02481823_6444.JPEG,367,chimpanzee
train/n02481823/n02481823_3285.JPEG,367,chimpanzee
train/n02481823/n02481823_16084.JPEG,367,chimpanzee
train/n02483362/n02483362_9100.JPEG,368,gibbon
train/n02483362/n02483362_5757.JPEG,368,gibbon
train/n02483362/n02483362_10666.JPEG,368,gibbon
train/n02483362/n02483362_8293.JPEG,368,gibbon
train/n02483362/n02483362_15083.JPEG,368,gibbon
train/n02483362/n02483362_291.JPEG,368,gibbon
train/n02483362/n02483362_362.JPEG,368,gibbon
train/n02483362/n02483362_7022.JPEG,368,gibbon
train/n02483362/n02483362_8621.JPEG,368,gibbon
train/n02483362/n02483362_6120.JPEG,368,gibbon
train/n02483362/n02483362_585.JPEG,368,gibbon
train/n02483362/n02483362_8595.JPEG,368,gibbon
train/n02483362/n02483362_6333.JPEG,368,gibbon
train/n02483362/n02483362_5214.JPEG,368,gibbon
train/n02483362/n02483362_9978.JPEG,368,gibbon
train/n02483362/n02483362_7250.JPEG,368,gibbon
train/n02483708/n02483708_7389.JPEG,369,siamang
train/n02483708/n02483708_7277.JPEG,369,siamang
train/n02483708/n02483708_1299.JPEG,369,siamang
train/n02483708/n02483708_828.JPEG,369,siamang
train/n02483708/n02483708_2915.JPEG,369,siamang
train/n02483708/n02483708_5458.JPEG,369,siamang
train/n02483708/n02483708_207.JPEG,369,siamang
train/n02483708/n02483708_1316.JPEG,369,siamang
train/n02483708/n02483708_11697.JPEG,369,siamang
train/n02483708/n02483708_7448.JPEG,369,siamang
train/n02483708/n02483708_1129.JPEG,369,siamang
train/n02483708/n02483708_5999.JPEG,369,siamang
train/n02483708/n02483708_1021.JPEG,369,siamang
train/n02483708/n02483708_2114.JPEG,369,siamang
train/n02483708/n02483708_7366.JPEG,369,siamang
train/n02483708/n02483708_1283.JPEG,369,siamang
train/n02484975/n02484975_14921.JPEG,370,guenon
train/n02484975/n02484975_6341.JPEG,370,guenon
train/n02484975/n02484975_1862.JPEG,370,guenon
train/n02484975/n02484975_7257.JPEG,370,guenon
train/n02484975/n02484975_8763.JPEG,370,guenon
train/n02484975/n02484975_11940.JPEG,370,guenon
train/n02484975/n02484975_7678.JPEG,370,guenon
train/n02484975/n02484975_12438.JPEG,370,guenon
train/n02484975/n02484975_3821.JPEG,370,guenon
train/n02484975/n02484975_4234.JPEG,370,guenon
train/n02484975/n02484975_455.JPEG,370,guenon
train/n02484975/n02484975_8275.JPEG,370,guenon
train/n02484975/n02484975_12485.JPEG,370,guenon
train/n02484975/n02484975_9880.JPEG,370,guenon
train/n02484975/n02484975_7989.JPEG,370,guenon
train/n02484975/n02484975_9140.JPEG,370,guenon
train/n02486261/n02486261_7378.JPEG,371,patas monkey
train/n02486261/n02486261_9696.JPEG,371,patas monkey
train/n02486261/n02486261_6731.JPEG,371,patas monkey
train/n02486261/n02486261_7589.JPEG,371,patas monkey
train/n02486261/n02486261_9259.JPEG,371,patas monkey
train/n02486261/n02486261_2465.JPEG,371,patas monkey
train/n02486261/n02486261_2340.JPEG,371,patas monkey
train/n02486261/n02486261_16633.JPEG,371,patas monkey
train/n02486261/n02486261_19120.JPEG,371,patas monkey
train/n02486261/n02486261_1140.JPEG,371,patas monkey
train/n02486261/n02486261_5305.JPEG,371,patas monkey
train/n02486261/n02486261_19068.JPEG,371,patas monkey
train/n02486261/n02486261_3496.JPEG,371,patas monkey
train/n02486261/n02486261_7662.JPEG,371,patas monkey
train/n02486261/n02486261_2015.JPEG,371,patas monkey
train/n02486261/n02486261_16939.JPEG,371,patas monkey
train/n02486410/n02486410_2291.JPEG,372,baboon
train/n02486410/n02486410_13118.JPEG,372,baboon
train/n02486410/n02486410_2236.JPEG,372,baboon
train/n02486410/n02486410_3252.JPEG,372,baboon
train/n02486410/n02486410_13316.JPEG,372,baboon
train/n02486410/n02486410_7348.JPEG,372,baboon
train/n02486410/n02486410_7229.JPEG,372,baboon
train/n02486410/n02486410_4594.JPEG,372,baboon
train/n02486410/n02486410_629.JPEG,372,baboon
train/n02486410/n02486410_4672.JPEG,372,baboon
train/n02486410/n02486410_6540.JPEG,372,baboon
train/n02486410/n02486410_3043.JPEG,372,baboon
train/n02486410/n02486410_1339.JPEG,372,baboon
train/n02486410/n02486410_12937.JPEG,372,baboon
train/n02486410/n02486410_3290.JPEG,372,baboon
train/n02486410/n02486410_5444.JPEG,372,baboon
train/n02487347/n02487347_11684.JPEG,373,macaque
train/n02487347/n02487347_2448.JPEG,373,macaque
train/n02487347/n02487347_10235.JPEG,373,macaque
train/n02487347/n02487347_4960.JPEG,373,macaque
train/n02487347/n02487347_1827.JPEG,373,macaque
train/n02487347/n02487347_9645.JPEG,373,macaque
train/n02487347/n02487347_2710.JPEG,373,macaque
train/n02487347/n02487347_6070.JPEG,373,macaque
train/n02487347/n02487347_845.JPEG,373,macaque
train/n02487347/n02487347_7077.JPEG,373,macaque
train/n02487347/n02487347_697.JPEG,373,macaque
train/n02487347/n02487347_1494.JPEG,373,macaque
train/n02487347/n02487347_11880.JPEG,373,macaque
train/n02487347/n02487347_12609.JPEG,373,macaque
train/n02487347/n02487347_7565.JPEG,373,macaque
train/n02487347/n02487347_338.JPEG,373,macaque
train/n02488291/n02488291_1353.JPEG,374,langur
train/n02488291/n02488291_3302.JPEG,374,langur
train/n02488291/n02488291_3329.JPEG,374,langur
train/n02488291/n02488291_3527.JPEG,374,langur
train/n02488291/n02488291_5440.JPEG,374,langur
train/n02488291/n02488291_268.JPEG,374,langur
train/n02488291/n02488291_6827.JPEG,374,langur
train/n02488291/n02488291_1955.JPEG,374,langur
train/n02488291/n02488291_1666.JPEG,374,langur
train/n02488291/n02488291_3004.JPEG,374,langur
train/n02488291/n02488291_5174.JPEG,374,langur
train/n02488291/n02488291_1623.JPEG,374,langur
train/n02488291/n02488291_2369.JPEG,374,langur
train/n02488291/n02488291_6223.JPEG,374,langur
train/n02488291/n02488291_4573.JPEG,374,langur
train/n02488291/n02488291_561.JPEG,374,langur
train/n02488702/n02488702_6208.JPEG,375,black-and-white colobus
train/n02488702/n02488702_1838.JPEG,375,black-and-white colobus
train/n02488702/n02488702_5901.JPEG,375,black-and-white colobus
train/n02488702/n02488702_3032.JPEG,375,black-and-white colobus
train/n02488702/n02488702_3695.JPEG,375,black-and-white colobus
train/n02488702/n02488702_2314.JPEG,375,black-and-white colobus
train/n02488702/n02488702_6096.JPEG,375,black-and-white colobus
train/n02488702/n02488702_286.JPEG,375,black-and-white colobus
train/n02488702/n02488702_3418.JPEG,375,black-and-white colobus
train/n02488702/n02488702_2503.JPEG,375,black-and-white colobus
train/n02488702/n02488702_231.JPEG,375,black-and-white colobus
train/n02488702/n02488702_5517.JPEG,375,black-and-white colobus
train/n02488702/n02488702_5508.JPEG,375,black-and-white colobus
train/n02488702/n02488702_309.JPEG,375,black-and-white colobus
train/n02488702/n02488702_1443.JPEG,375,black-and-white colobus
train/n02488702/n02488702_1557.JPEG,375,black-and-white colobus
train/n02489166/n02489166_8873.JPEG,376,proboscis monkey
train/n02489166/n02489166_9426.JPEG,376,proboscis monkey
train/n02489166/n02489166_13938.JPEG,376,proboscis monkey
train/n02489166/n02489166_1274.JPEG,376,proboscis monkey
train/n02489166/n02489166_2565.JPEG,376,proboscis monkey
train/n02489166/n02489166_2960.JPEG,376,proboscis monkey
train/n02489166/n02489166_10564.JPEG,376,proboscis monkey
train/n02489166/n02489166_17582.JPEG,376,proboscis monkey
train/n02489166/n02489166_5472.JPEG,376,proboscis monkey
train/n02489166/n02489166_3419.JPEG,376,proboscis monkey
train/n02489166/n02489166_6868.JPEG,376,proboscis monkey
train/n02489166/n02489166_3507.JPEG,376,proboscis monkey
train/n02489166/n02489166_3749.JPEG,376,proboscis monkey
train/n02489166/n02489166_134.JPEG,376,proboscis monkey
train/n02489166/n02489166_2638.JPEG,376,proboscis monkey
train/n02489166/n02489166_4156.JPEG,376,proboscis monkey
train/n02490219/n02490219_4966.JPEG,377,marmoset
train/n02490219/n02490219_3126.JPEG,377,marmoset
train/n02490219/n02490219_5787.JPEG,377,marmoset
train/n02490219/n02490219_4867.JPEG,377,marmoset
train/n02490219/n02490219_5978.JPEG,377,marmoset
train/n02490219/n02490219_7655.JPEG,377,marmoset
train/n02490219/n02490219_127.JPEG,377,marmoset
train/n02490219/n02490219_3740.JPEG,377,marmoset
train/n02490219/n02490219_3674.JPEG,377,marmoset
train/n02490219/n02490219_925.JPEG,377,marmoset
train/n02490219/n02490219_3755.JPEG,377,marmoset
train/n02490219/n02490219_1622.JPEG,377,marmoset
train/n02490219/n02490219_6899.JPEG,377,marmoset
train/n02490219/n02490219_625.JPEG,377,marmoset
train/n02490219/n02490219_4965.JPEG,377,marmoset
train/n02490219/n02490219_557.JPEG,377,marmoset
train/n02492035/n02492035_3883.JPEG,378,white-headed capuchin
train/n02492035/n02492035_2506.JPEG,378,white-headed capuchin
train/n02492035/n02492035_1081.JPEG,378,white-headed capuchin
train/n02492035/n02492035_6934.JPEG,378,white-headed capuchin
train/n02492035/n02492035_11794.JPEG,378,white-headed capuchin
train/n02492035/n02492035_17428.JPEG,378,white-headed capuchin
train/n02492035/n02492035_5892.JPEG,378,white-headed capuchin
train/n02492035/n02492035_1316.JPEG,378,white-headed capuchin
train/n02492035/n02492035_1073.JPEG,378,white-headed capuchin
train/n02492035/n02492035_2720.JPEG,378,white-headed capuchin
train/n02492035/n02492035_1548.JPEG,378,white-headed capuchin
train/n02492035/n02492035_16686.JPEG,378,white-headed capuchin
train/n02492035/n02492035_3637.JPEG,378,white-headed capuchin
train/n02492035/n02492035_1540.JPEG,378,white-headed capuchin
train/n02492035/n02492035_2307.JPEG,378,white-headed capuchin
train/n02492035/n02492035_1793.JPEG,378,white-headed capuchin
train/n02492660/n02492660_10353.JPEG,379,howler monkey
train/n02492660/n02492660_1053.JPEG,379,howler monkey
train/n02492660/n02492660_1956.JPEG,379,howler monkey
train/n02492660/n02492660_10443.JPEG,379,howler monkey
train/n02492660/n02492660_6842.JPEG,379,howler monkey
train/n02492660/n02492660_1369.JPEG,379,howler monkey
train/n02492660/n02492660_7297.JPEG,379,howler monkey
train/n02492660/n02492660_10415.JPEG,379,howler monkey
train/n02492660/n02492660_10687.JPEG,379,howler monkey
train/n02492660/n02492660_9709.JPEG,379,howler monkey
train/n02492660/n02492660_2475.JPEG,379,howler monkey
train/n02492660/n02492660_10475.JPEG,379,howler monkey
train/n02492660/n02492660_1950.JPEG,379,howler monkey
train/n02492660/n02492660_5304.JPEG,379,howler monkey
train/n02492660/n02492660_6898.JPEG,379,howler monkey
train/n02492660/n02492660_888.JPEG,379,howler monkey
train/n02493509/n02493509_11329.JPEG,380,titi monkey
train/n02493509/n02493509_20203.JPEG,380,titi monkey
train/n02493509/n02493509_9215.JPEG,380,titi monkey
train/n02493509/n02493509_1135.JPEG,380,titi monkey
train/n02493509/n02493509_869.JPEG,380,titi monkey
train/n02493509/n02493509_13590.JPEG,380,titi monkey
train/n02493509/n02493509_12480.JPEG,380,titi monkey
train/n02493509/n02493509_9147.JPEG,380,titi monkey
train/n02493509/n02493509_16496.JPEG,380,titi monkey
train/n02493509/n02493509_14525.JPEG,380,titi monkey
train/n02493509/n02493509_10928.JPEG,380,titi monkey
train/n02493509/n02493509_15084.JPEG,380,titi monkey
train/n02493509/n02493509_9924.JPEG,380,titi monkey
train/n02493509/n02493509_10214.JPEG,380,titi monkey
train/n02493509/n02493509_16075.JPEG,380,titi monkey
train/n02493509/n02493509_8403.JPEG,380,titi monkey
train/n02493793/n02493793_2539.JPEG,381,Geoffroy's spider monkey
train/n02493793/n02493793_8001.JPEG,381,Geoffroy's spider monkey
train/n02493793/n02493793_8692.JPEG,381,Geoffroy's spider monkey
train/n02493793/n02493793_9601.JPEG,381,Geoffroy's spider monkey
train/n02493793/n02493793_2077.JPEG,381,Geoffroy's spider monkey
train/n02493793/n02493793_4264.JPEG,381,Geoffroy's spider monkey
train/n02493793/n02493793_9474.JPEG,381,Geoffroy's spider monkey
train/n02493793/n02493793_4446.JPEG,381,Geoffroy's spider monkey
train/n02493793/n02493793_702.JPEG,381,Geoffroy's spider monkey
train/n02493793/n02493793_5972.JPEG,381,Geoffroy's spider monkey
train/n02493793/n02493793_10971.JPEG,381,Geoffroy's spider monkey
train/n02493793/n02493793_6148.JPEG,381,Geoffroy's spider monkey
train/n02493793/n02493793_5249.JPEG,381,Geoffroy's spider monkey
train/n02493793/n02493793_2597.JPEG,381,Geoffroy's spider monkey
train/n02493793/n02493793_6478.JPEG,381,Geoffroy's spider monkey
train/n02493793/n02493793_3742.JPEG,381,Geoffroy's spider monkey
train/n02494079/n02494079_8457.JPEG,382,common squirrel monkey
train/n02494079/n02494079_6066.JPEG,382,common squirrel monkey
train/n02494079/n02494079_3744.JPEG,382,common squirrel monkey
train/n02494079/n02494079_3875.JPEG,382,common squirrel monkey
train/n02494079/n02494079_1710.JPEG,382,common squirrel monkey
train/n02494079/n02494079_5443.JPEG,382,common squirrel monkey
train/n02494079/n02494079_7034.JPEG,382,common squirrel monkey
train/n02494079/n02494079_8495.JPEG,382,common squirrel monkey
train/n02494079/n02494079_2966.JPEG,382,common squirrel monkey
train/n02494079/n02494079_3200.JPEG,382,common squirrel monkey
train/n02494079/n02494079_3545.JPEG,382,common squirrel monkey
train/n02494079/n02494079_3589.JPEG,382,common squirrel monkey
train/n02494079/n02494079_3476.JPEG,382,common squirrel monkey
train/n02494079/n02494079_85.JPEG,382,common squirrel monkey
train/n02494079/n02494079_4511.JPEG,382,common squirrel monkey
train/n02494079/n02494079_591.JPEG,382,common squirrel monkey
train/n02497673/n02497673_7781.JPEG,383,ring-tailed lemur
train/n02497673/n02497673_5597.JPEG,383,ring-tailed lemur
train/n02497673/n02497673_7299.JPEG,383,ring-tailed lemur
train/n02497673/n02497673_10047.JPEG,383,ring-tailed lemur
train/n02497673/n02497673_2998.JPEG,383,ring-tailed lemur
train/n02497673/n02497673_1946.JPEG,383,ring-tailed lemur
train/n02497673/n02497673_755.JPEG,383,ring-tailed lemur
train/n02497673/n02497673_5394.JPEG,383,ring-tailed lemur
train/n02497673/n02497673_3669.JPEG,383,ring-tailed lemur
train/n02497673/n02497673_1286.JPEG,383,ring-tailed lemur
train/n02497673/n02497673_5149.JPEG,383,ring-tailed lemur
train/n02497673/n02497673_4104.JPEG,383,ring-tailed lemur
train/n02497673/n02497673_2091.JPEG,383,ring-tailed lemur
train/n02497673/n02497673_537.JPEG,383,ring-tailed lemur
train/n02497673/n02497673_1242.JPEG,383,ring-tailed lemur
train/n02497673/n02497673_4907.JPEG,383,ring-tailed lemur
train/n02500267/n02500267_2629.JPEG,384,indri
train/n02500267/n02500267_11051.JPEG,384,indri
train/n02500267/n02500267_10326.JPEG,384,indri
train/n02500267/n02500267_1659.JPEG,384,indri
train/n02500267/n02500267_477.JPEG,384,indri
train/n02500267/n02500267_3728.JPEG,384,indri
train/n02500267/n02500267_81.JPEG,384,indri
train/n02500267/n02500267_14158.JPEG,384,indri
train/n02500267/n02500267_9977.JPEG,384,indri
train/n02500267/n02500267_5512.JPEG,384,indri
train/n02500267/n02500267_4449.JPEG,384,indri
train/n02500267/n02500267_16887.JPEG,384,indri
train/n02500267/n02500267_6064.JPEG,384,indri
train/n02500267/n02500267_9789.JPEG,384,indri
train/n02500267/n02500267_5803.JPEG,384,indri
train/n02500267/n02500267_15428.JPEG,384,indri
train/n02504013/n02504013_6252.JPEG,385,Asian elephant
train/n02504013/n02504013_5463.JPEG,385,Asian elephant
train/n02504013/n02504013_22508.JPEG,385,Asian elephant
train/n02504013/n02504013_1624.JPEG,385,Asian elephant
train/n02504013/n02504013_6275.JPEG,385,Asian elephant
train/n02504013/n02504013_10808.JPEG,385,Asian elephant
train/n02504013/n02504013_7091.JPEG,385,Asian elephant
train/n02504013/n02504013_16513.JPEG,385,Asian elephant
train/n02504013/n02504013_7422.JPEG,385,Asian elephant
train/n02504013/n02504013_5192.JPEG,385,Asian elephant
train/n02504013/n02504013_405.JPEG,385,Asian elephant
train/n02504013/n02504013_5533.JPEG,385,Asian elephant
train/n02504013/n02504013_24811.JPEG,385,Asian elephant
train/n02504013/n02504013_763.JPEG,385,Asian elephant
train/n02504013/n02504013_593.JPEG,385,Asian elephant
train/n02504013/n02504013_1306.JPEG,385,Asian elephant
train/n02504458/n02504458_7570.JPEG,386,African bush elephant
train/n02504458/n02504458_7804.JPEG,386,African bush elephant
train/n02504458/n02504458_6248.JPEG,386,African bush elephant
train/n02504458/n02504458_4348.JPEG,386,African bush elephant
train/n02504458/n02504458_6218.JPEG,386,African bush elephant
train/n02504458/n02504458_5277.JPEG,386,African bush elephant
train/n02504458/n02504458_6670.JPEG,386,African bush elephant
train/n02504458/n02504458_1623.JPEG,386,African bush elephant
train/n02504458/n02504458_43.JPEG,386,African bush elephant
train/n02504458/n02504458_3656.JPEG,386,African bush elephant
train/n02504458/n02504458_2243.JPEG,386,African bush elephant
train/n02504458/n02504458_3746.JPEG,386,African bush elephant
train/n02504458/n02504458_6792.JPEG,386,African bush elephant
train/n02504458/n02504458_11884.JPEG,386,African bush elephant
train/n02504458/n02504458_5423.JPEG,386,African bush elephant
train/n02504458/n02504458_11260.JPEG,386,African bush elephant
train/n02509815/n02509815_7578.JPEG,387,red panda
train/n02509815/n02509815_1107.JPEG,387,red panda
train/n02509815/n02509815_7003.JPEG,387,red panda
train/n02509815/n02509815_12774.JPEG,387,red panda
train/n02509815/n02509815_22248.JPEG,387,red panda
train/n02509815/n02509815_12342.JPEG,387,red panda
train/n02509815/n02509815_11386.JPEG,387,red panda
train/n02509815/n02509815_5687.JPEG,387,red panda
train/n02509815/n02509815_6519.JPEG,387,red panda
train/n02509815/n02509815_5198.JPEG,387,red panda
train/n02509815/n02509815_10087.JPEG,387,red panda
train/n02509815/n02509815_1711.JPEG,387,red panda
train/n02509815/n02509815_8705.JPEG,387,red panda
train/n02509815/n02509815_1653.JPEG,387,red panda
train/n02509815/n02509815_6122.JPEG,387,red panda
train/n02509815/n02509815_3619.JPEG,387,red panda
train/n02510455/n02510455_44768.JPEG,388,giant panda
train/n02510455/n02510455_12022.JPEG,388,giant panda
train/n02510455/n02510455_8222.JPEG,388,giant panda
train/n02510455/n02510455_5619.JPEG,388,giant panda
train/n02510455/n02510455_4436.JPEG,388,giant panda
train/n02510455/n02510455_4681.JPEG,388,giant panda
train/n02510455/n02510455_274.JPEG,388,giant panda
train/n02510455/n02510455_7057.JPEG,388,giant panda
train/n02510455/n02510455_3745.JPEG,388,giant panda
train/n02510455/n02510455_8539.JPEG,388,giant panda
train/n02510455/n02510455_1806.JPEG,388,giant panda
train/n02510455/n02510455_2122.JPEG,388,giant panda
train/n02510455/n02510455_370.JPEG,388,giant panda
train/n02510455/n02510455_12064.JPEG,388,giant panda
train/n02510455/n02510455_333.JPEG,388,giant panda
train/n02510455/n02510455_78301.JPEG,388,giant panda
train/n02514041/n02514041_8310.JPEG,389,snoek fish
train/n02514041/n02514041_7356.JPEG,389,snoek fish
train/n02514041/n02514041_9488.JPEG,389,snoek fish
train/n02514041/n02514041_13517.JPEG,389,snoek fish
train/n02514041/n02514041_8512.JPEG,389,snoek fish
train/n02514041/n02514041_10849.JPEG,389,snoek fish
train/n02514041/n02514041_6619.JPEG,389,snoek fish
train/n02514041/n02514041_7039.JPEG,389,snoek fish
train/n02514041/n02514041_2645.JPEG,389,snoek fish
train/n02514041/n02514041_5320.JPEG,389,snoek fish
train/n02514041/n02514041_14994.JPEG,389,snoek fish
train/n02514041/n02514041_6887.JPEG,389,snoek fish
train/n02514041/n02514041_5682.JPEG,389,snoek fish
train/n02514041/n02514041_12444.JPEG,389,snoek fish
train/n02514041/n02514041_12566.JPEG,389,snoek fish
train/n02514041/n02514041_2999.JPEG,389,snoek fish
train/n02526121/n02526121_11804.JPEG,390,eel
train/n02526121/n02526121_4918.JPEG,390,eel
train/n02526121/n02526121_7983.JPEG,390,eel
train/n02526121/n02526121_7731.JPEG,390,eel
train/n02526121/n02526121_21972.JPEG,390,eel
train/n02526121/n02526121_1585.JPEG,390,eel
train/n02526121/n02526121_20910.JPEG,390,eel
train/n02526121/n02526121_8732.JPEG,390,eel
train/n02526121/n02526121_10071.JPEG,390,eel
train/n02526121/n02526121_36515.JPEG,390,eel
train/n02526121/n02526121_1677.JPEG,390,eel
train/n02526121/n02526121_26069.JPEG,390,eel
train/n02526121/n02526121_8310.JPEG,390,eel
train/n02526121/n02526121_16967.JPEG,390,eel
train/n02526121/n02526121_5917.JPEG,390,eel
train/n02526121/n02526121_2037.JPEG,390,eel
train/n02536864/n02536864_21577.JPEG,391,silver salmon
train/n02536864/n02536864_28957.JPEG,391,silver salmon
train/n02536864/n02536864_742.JPEG,391,silver salmon
train/n02536864/n02536864_3042.JPEG,391,silver salmon
train/n02536864/n02536864_38353.JPEG,391,silver salmon
train/n02536864/n02536864_9150.JPEG,391,silver salmon
train/n02536864/n02536864_810.JPEG,391,silver salmon
train/n02536864/n02536864_35158.JPEG,391,silver salmon
train/n02536864/n02536864_22.JPEG,391,silver salmon
train/n02536864/n02536864_10374.JPEG,391,silver salmon
train/n02536864/n02536864_4840.JPEG,391,silver salmon
train/n02536864/n02536864_23657.JPEG,391,silver salmon
train/n02536864/n02536864_19162.JPEG,391,silver salmon
train/n02536864/n02536864_2707.JPEG,391,silver salmon
train/n02536864/n02536864_11276.JPEG,391,silver salmon
train/n02536864/n02536864_35064.JPEG,391,silver salmon
train/n02606052/n02606052_5790.JPEG,392,rock beauty fish
train/n02606052/n02606052_1799.JPEG,392,rock beauty fish
train/n02606052/n02606052_16524.JPEG,392,rock beauty fish
train/n02606052/n02606052_14356.JPEG,392,rock beauty fish
train/n02606052/n02606052_4825.JPEG,392,rock beauty fish
train/n02606052/n02606052_20459.JPEG,392,rock beauty fish
train/n02606052/n02606052_5345.JPEG,392,rock beauty fish
train/n02606052/n02606052_21784.JPEG,392,rock beauty fish
train/n02606052/n02606052_687.JPEG,392,rock beauty fish
train/n02606052/n02606052_16163.JPEG,392,rock beauty fish
train/n02606052/n02606052_32.JPEG,392,rock beauty fish
train/n02606052/n02606052_12317.JPEG,392,rock beauty fish
train/n02606052/n02606052_5324.JPEG,392,rock beauty fish
train/n02606052/n02606052_8945.JPEG,392,rock beauty fish
train/n02606052/n02606052_14133.JPEG,392,rock beauty fish
train/n02606052/n02606052_22884.JPEG,392,rock beauty fish
train/n02607072/n02607072_3128.JPEG,393,clownfish
train/n02607072/n02607072_450.JPEG,393,clownfish
train/n02607072/n02607072_4734.JPEG,393,clownfish
train/n02607072/n02607072_3630.JPEG,393,clownfish
train/n02607072/n02607072_3310.JPEG,393,clownfish
train/n02607072/n02607072_310.JPEG,393,clownfish
train/n02607072/n02607072_14513.JPEG,393,clownfish
train/n02607072/n02607072_525.JPEG,393,clownfish
train/n02607072/n02607072_783.JPEG,393,clownfish
train/n02607072/n02607072_3379.JPEG,393,clownfish
train/n02607072/n02607072_4774.JPEG,393,clownfish
train/n02607072/n02607072_2262.JPEG,393,clownfish
train/n02607072/n02607072_1381.JPEG,393,clownfish
train/n02607072/n02607072_2654.JPEG,393,clownfish
train/n02607072/n02607072_2850.JPEG,393,clownfish
train/n02607072/n02607072_1248.JPEG,393,clownfish
train/n02640242/n02640242_5987.JPEG,394,sturgeon
train/n02640242/n02640242_22163.JPEG,394,sturgeon
train/n02640242/n02640242_3100.JPEG,394,sturgeon
train/n02640242/n02640242_30700.JPEG,394,sturgeon
train/n02640242/n02640242_29123.JPEG,394,sturgeon
train/n02640242/n02640242_7235.JPEG,394,sturgeon
train/n02640242/n02640242_2662.JPEG,394,sturgeon
train/n02640242/n02640242_673.JPEG,394,sturgeon
train/n02640242/n02640242_2849.JPEG,394,sturgeon
train/n02640242/n02640242_29687.JPEG,394,sturgeon
train/n02640242/n02640242_891.JPEG,394,sturgeon
train/n02640242/n02640242_3463.JPEG,394,sturgeon
train/n02640242/n02640242_448.JPEG,394,sturgeon
train/n02640242/n02640242_2962.JPEG,394,sturgeon
train/n02640242/n02640242_7503.JPEG,394,sturgeon
train/n02640242/n02640242_355.JPEG,394,sturgeon
train/n02641379/n02641379_52422.JPEG,395,gar fish
train/n02641379/n02641379_8357.JPEG,395,gar fish
train/n02641379/n02641379_10950.JPEG,395,gar fish
train/n02641379/n02641379_27992.JPEG,395,gar fish
train/n02641379/n02641379_3454.JPEG,395,gar fish
train/n02641379/n02641379_2199.JPEG,395,gar fish
train/n02641379/n02641379_19011.JPEG,395,gar fish
train/n02641379/n02641379_12036.JPEG,395,gar fish
train/n02641379/n02641379_14251.JPEG,395,gar fish
train/n02641379/n02641379_10461.JPEG,395,gar fish
train/n02641379/n02641379_3438.JPEG,395,gar fish
train/n02641379/n02641379_27535.JPEG,395,gar fish
train/n02641379/n02641379_20344.JPEG,395,gar fish
train/n02641379/n02641379_36632.JPEG,395,gar fish
train/n02641379/n02641379_42159.JPEG,395,gar fish
train/n02641379/n02641379_4913.JPEG,395,gar fish
train/n02643566/n02643566_499.JPEG,396,lionfish
train/n02643566/n02643566_1499.JPEG,396,lionfish
train/n02643566/n02643566_6518.JPEG,396,lionfish
train/n02643566/n02643566_671.JPEG,396,lionfish
train/n02643566/n02643566_278.JPEG,396,lionfish
train/n02643566/n02643566_672.JPEG,396,lionfish
train/n02643566/n02643566_2801.JPEG,396,lionfish
train/n02643566/n02643566_3367.JPEG,396,lionfish
train/n02643566/n02643566_34.JPEG,396,lionfish
train/n02643566/n02643566_1982.JPEG,396,lionfish
train/n02643566/n02643566_16912.JPEG,396,lionfish
train/n02643566/n02643566_2860.JPEG,396,lionfish
train/n02643566/n02643566_3459.JPEG,396,lionfish
train/n02643566/n02643566_253.JPEG,396,lionfish
train/n02643566/n02643566_1427.JPEG,396,lionfish
train/n02643566/n02643566_4768.JPEG,396,lionfish
train/n02655020/n02655020_9618.JPEG,397,pufferfish
train/n02655020/n02655020_8290.JPEG,397,pufferfish
train/n02655020/n02655020_4378.JPEG,397,pufferfish
train/n02655020/n02655020_11534.JPEG,397,pufferfish
train/n02655020/n02655020_19013.JPEG,397,pufferfish
train/n02655020/n02655020_10271.JPEG,397,pufferfish
train/n02655020/n02655020_8931.JPEG,397,pufferfish
train/n02655020/n02655020_6182.JPEG,397,pufferfish
train/n02655020/n02655020_1464.JPEG,397,pufferfish
train/n02655020/n02655020_2368.JPEG,397,pufferfish
train/n02655020/n02655020_7473.JPEG,397,pufferfish
train/n02655020/n02655020_547.JPEG,397,pufferfish
train/n02655020/n02655020_30697.JPEG,397,pufferfish
train/n02655020/n02655020_21653.JPEG,397,pufferfish
train/n02655020/n02655020_12584.JPEG,397,pufferfish
train/n02655020/n02655020_8559.JPEG,397,pufferfish
train/n02666196/n02666196_2474.JPEG,398,abacus
train/n02666196/n02666196_10733.JPEG,398,abacus
train/n02666196/n02666196_17253.JPEG,398,abacus
train/n02666196/n02666196_15438.JPEG,398,abacus
train/n02666196/n02666196_736.JPEG,398,abacus
train/n02666196/n02666196_15132.JPEG,398,abacus
train/n02666196/n02666196_21465.JPEG,398,abacus
train/n02666196/n02666196_15589.JPEG,398,abacus
train/n02666196/n02666196_17101.JPEG,398,abacus
train/n02666196/n02666196_9353.JPEG,398,abacus
train/n02666196/n02666196_21631.JPEG,398,abacus
train/n02666196/n02666196_9753.JPEG,398,abacus
train/n02666196/n02666196_28249.JPEG,398,abacus
train/n02666196/n02666196_13776.JPEG,398,abacus
train/n02666196/n02666196_17207.JPEG,398,abacus
train/n02666196/n02666196_5500.JPEG,398,abacus
train/n02667093/n02667093_6445.JPEG,399,abaya
train/n02667093/n02667093_8112.JPEG,399,abaya
train/n02667093/n02667093_8321.JPEG,399,abaya
train/n02667093/n02667093_9481.JPEG,399,abaya
train/n02667093/n02667093_3892.JPEG,399,abaya
train/n02667093/n02667093_5481.JPEG,399,abaya
train/n02667093/n02667093_4430.JPEG,399,abaya
train/n02667093/n02667093_5820.JPEG,399,abaya
train/n02667093/n02667093_1356.JPEG,399,abaya
train/n02667093/n02667093_3387.JPEG,399,abaya
train/n02667093/n02667093_3678.JPEG,399,abaya
train/n02667093/n02667093_2916.JPEG,399,abaya
train/n02667093/n02667093_7064.JPEG,399,abaya
train/n02667093/n02667093_8903.JPEG,399,abaya
train/n02667093/n02667093_5458.JPEG,399,abaya
train/n02667093/n02667093_10422.JPEG,399,abaya
train/n02669723/n02669723_1620.JPEG,400,academic gown
train/n02669723/n02669723_21793.JPEG,400,academic gown
train/n02669723/n02669723_7738.JPEG,400,academic gown
train/n02669723/n02669723_6114.JPEG,400,academic gown
train/n02669723/n02669723_6577.JPEG,400,academic gown
train/n02669723/n02669723_4754.JPEG,400,academic gown
train/n02669723/n02669723_2255.JPEG,400,academic gown
train/n02669723/n02669723_8824.JPEG,400,academic gown
train/n02669723/n02669723_7307.JPEG,400,academic gown
train/n02669723/n02669723_9493.JPEG,400,academic gown
train/n02669723/n02669723_20.JPEG,400,academic gown
train/n02669723/n02669723_7540.JPEG,400,academic gown
train/n02669723/n02669723_2167.JPEG,400,academic gown
train/n02669723/n02669723_5855.JPEG,400,academic gown
train/n02669723/n02669723_14152.JPEG,400,academic gown
train/n02669723/n02669723_2347.JPEG,400,academic gown
train/n02672831/n02672831_30223.JPEG,401,accordion
train/n02672831/n02672831_23599.JPEG,401,accordion
train/n02672831/n02672831_29401.JPEG,401,accordion
train/n02672831/n02672831_604.JPEG,401,accordion
train/n02672831/n02672831_19065.JPEG,401,accordion
train/n02672831/n02672831_7907.JPEG,401,accordion
train/n02672831/n02672831_2441.JPEG,401,accordion
train/n02672831/n02672831_33810.JPEG,401,accordion
train/n02672831/n02672831_34701.JPEG,401,accordion
train/n02672831/n02672831_31472.JPEG,401,accordion
train/n02672831/n02672831_1283.JPEG,401,accordion
train/n02672831/n02672831_2198.JPEG,401,accordion
train/n02672831/n02672831_770.JPEG,401,accordion
train/n02672831/n02672831_26399.JPEG,401,accordion
train/n02672831/n02672831_1262.JPEG,401,accordion
train/n02672831/n02672831_4453.JPEG,401,accordion
train/n02676566/n02676566_4394.JPEG,402,acoustic guitar
train/n02676566/n02676566_7117.JPEG,402,acoustic guitar
train/n02676566/n02676566_6698.JPEG,402,acoustic guitar
train/n02676566/n02676566_5408.JPEG,402,acoustic guitar
train/n02676566/n02676566_8957.JPEG,402,acoustic guitar
train/n02676566/n02676566_4178.JPEG,402,acoustic guitar
train/n02676566/n02676566_970.JPEG,402,acoustic guitar
train/n02676566/n02676566_341.JPEG,402,acoustic guitar
train/n02676566/n02676566_7776.JPEG,402,acoustic guitar
train/n02676566/n02676566_3528.JPEG,402,acoustic guitar
train/n02676566/n02676566_9612.JPEG,402,acoustic guitar
train/n02676566/n02676566_8086.JPEG,402,acoustic guitar
train/n02676566/n02676566_879.JPEG,402,acoustic guitar
train/n02676566/n02676566_6384.JPEG,402,acoustic guitar
train/n02676566/n02676566_6703.JPEG,402,acoustic guitar
train/n02676566/n02676566_14575.JPEG,402,acoustic guitar
train/n02687172/n02687172_5973.JPEG,403,aircraft carrier
train/n02687172/n02687172_45337.JPEG,403,aircraft carrier
train/n02687172/n02687172_3032.JPEG,403,aircraft carrier
train/n02687172/n02687172_76229.JPEG,403,aircraft carrier
train/n02687172/n02687172_63615.JPEG,403,aircraft carrier
train/n02687172/n02687172_13187.JPEG,403,aircraft carrier
train/n02687172/n02687172_67717.JPEG,403,aircraft carrier
train/n02687172/n02687172_1912.JPEG,403,aircraft carrier
train/n02687172/n02687172_49807.JPEG,403,aircraft carrier
train/n02687172/n02687172_968.JPEG,403,aircraft carrier
train/n02687172/n02687172_47970.JPEG,403,aircraft carrier
train/n02687172/n02687172_34800.JPEG,403,aircraft carrier
train/n02687172/n02687172_24292.JPEG,403,aircraft carrier
train/n02687172/n02687172_72356.JPEG,403,aircraft carrier
train/n02687172/n02687172_41044.JPEG,403,aircraft carrier
train/n02687172/n02687172_25645.JPEG,403,aircraft carrier
train/n02690373/n02690373_713.JPEG,404,airliner
train/n02690373/n02690373_3035.JPEG,404,airliner
train/n02690373/n02690373_6999.JPEG,404,airliner
train/n02690373/n02690373_21731.JPEG,404,airliner
train/n02690373/n02690373_3993.JPEG,404,airliner
train/n02690373/n02690373_5003.JPEG,404,airliner
train/n02690373/n02690373_6536.JPEG,404,airliner
train/n02690373/n02690373_3408.JPEG,404,airliner
train/n02690373/n02690373_5564.JPEG,404,airliner
train/n02690373/n02690373_5184.JPEG,404,airliner
train/n02690373/n02690373_1819.JPEG,404,airliner
train/n02690373/n02690373_5427.JPEG,404,airliner
train/n02690373/n02690373_2024.JPEG,404,airliner
train/n02690373/n02690373_3119.JPEG,404,airliner
train/n02690373/n02690373_17044.JPEG,404,airliner
train/n02690373/n02690373_9328.JPEG,404,airliner
train/n02692877/n02692877_3836.JPEG,405,airship
train/n02692877/n02692877_3905.JPEG,405,airship
train/n02692877/n02692877_4273.JPEG,405,airship
train/n02692877/n02692877_6687.JPEG,405,airship
train/n02692877/n02692877_3951.JPEG,405,airship
train/n02692877/n02692877_4518.JPEG,405,airship
train/n02692877/n02692877_8131.JPEG,405,airship
train/n02692877/n02692877_3978.JPEG,405,airship
train/n02692877/n02692877_20142.JPEG,405,airship
train/n02692877/n02692877_21864.JPEG,405,airship
train/n02692877/n02692877_2433.JPEG,405,airship
train/n02692877/n02692877_16460.JPEG,405,airship
train/n02692877/n02692877_7158.JPEG,405,airship
train/n02692877/n02692877_2075.JPEG,405,airship
train/n02692877/n02692877_12076.JPEG,405,airship
train/n02692877/n02692877_3851.JPEG,405,airship
train/n02699494/n02699494_12915.JPEG,406,altar
train/n02699494/n02699494_30170.JPEG,406,altar
train/n02699494/n02699494_17465.JPEG,406,altar
train/n02699494/n02699494_9047.JPEG,406,altar
train/n02699494/n02699494_13858.JPEG,406,altar
train/n02699494/n02699494_14660.JPEG,406,altar
train/n02699494/n02699494_6877.JPEG,406,altar
train/n02699494/n02699494_3800.JPEG,406,altar
train/n02699494/n02699494_3944.JPEG,406,altar
train/n02699494/n02699494_11667.JPEG,406,altar
train/n02699494/n02699494_12546.JPEG,406,altar
train/n02699494/n02699494_10984.JPEG,406,altar
train/n02699494/n02699494_13136.JPEG,406,altar
train/n02699494/n02699494_14979.JPEG,406,altar
train/n02699494/n02699494_7421.JPEG,406,altar
train/n02699494/n02699494_1251.JPEG,406,altar
train/n02701002/n02701002_21371.JPEG,407,ambulance
train/n02701002/n02701002_1992.JPEG,407,ambulance
train/n02701002/n02701002_1410.JPEG,407,ambulance
train/n02701002/n02701002_12683.JPEG,407,ambulance
train/n02701002/n02701002_5643.JPEG,407,ambulance
train/n02701002/n02701002_5800.JPEG,407,ambulance
train/n02701002/n02701002_739.JPEG,407,ambulance
train/n02701002/n02701002_4371.JPEG,407,ambulance
train/n02701002/n02701002_2732.JPEG,407,ambulance
train/n02701002/n02701002_1177.JPEG,407,ambulance
train/n02701002/n02701002_46.JPEG,407,ambulance
train/n02701002/n02701002_20751.JPEG,407,ambulance
train/n02701002/n02701002_3221.JPEG,407,ambulance
train/n02701002/n02701002_1094.JPEG,407,ambulance
train/n02701002/n02701002_4148.JPEG,407,ambulance
train/n02701002/n02701002_2090.JPEG,407,ambulance
train/n02704792/n02704792_29655.JPEG,408,amphibious vehicle
train/n02704792/n02704792_6246.JPEG,408,amphibious vehicle
train/n02704792/n02704792_16542.JPEG,408,amphibious vehicle
train/n02704792/n02704792_1744.JPEG,408,amphibious vehicle
train/n02704792/n02704792_16741.JPEG,408,amphibious vehicle
train/n02704792/n02704792_255.JPEG,408,amphibious vehicle
train/n02704792/n02704792_33345.JPEG,408,amphibious vehicle
train/n02704792/n02704792_33430.JPEG,408,amphibious vehicle
train/n02704792/n02704792_21386.JPEG,408,amphibious vehicle
train/n02704792/n02704792_2560.JPEG,408,amphibious vehicle
train/n02704792/n02704792_7691.JPEG,408,amphibious vehicle
train/n02704792/n02704792_32950.JPEG,408,amphibious vehicle
train/n02704792/n02704792_9775.JPEG,408,amphibious vehicle
train/n02704792/n02704792_18337.JPEG,408,amphibious vehicle
train/n02704792/n02704792_11342.JPEG,408,amphibious vehicle
train/n02704792/n02704792_19015.JPEG,408,amphibious vehicle
train/n02708093/n02708093_1908.JPEG,409,analog clock
train/n02708093/n02708093_81.JPEG,409,analog clock
train/n02708093/n02708093_3472.JPEG,409,analog clock
train/n02708093/n02708093_4737.JPEG,409,analog clock
train/n02708093/n02708093_1201.JPEG,409,analog clock
train/n02708093/n02708093_4138.JPEG,409,analog clock
train/n02708093/n02708093_437.JPEG,409,analog clock
train/n02708093/n02708093_2068.JPEG,409,analog clock
train/n02708093/n02708093_3664.JPEG,409,analog clock
train/n02708093/n02708093_665.JPEG,409,analog clock
train/n02708093/n02708093_1917.JPEG,409,analog clock
train/n02708093/n02708093_4966.JPEG,409,analog clock
train/n02708093/n02708093_842.JPEG,409,analog clock
train/n02708093/n02708093_2344.JPEG,409,analog clock
train/n02708093/n02708093_461.JPEG,409,analog clock
train/n02708093/n02708093_2757.JPEG,409,analog clock
train/n02727426/n02727426_34308.JPEG,410,apiary
train/n02727426/n02727426_3400.JPEG,410,apiary
train/n02727426/n02727426_11476.JPEG,410,apiary
train/n02727426/n02727426_5187.JPEG,410,apiary
train/n02727426/n02727426_12713.JPEG,410,apiary
train/n02727426/n02727426_3494.JPEG,410,apiary
train/n02727426/n02727426_20237.JPEG,410,apiary
train/n02727426/n02727426_9993.JPEG,410,apiary
train/n02727426/n02727426_14171.JPEG,410,apiary
train/n02727426/n02727426_21819.JPEG,410,apiary
train/n02727426/n02727426_7163.JPEG,410,apiary
train/n02727426/n02727426_23267.JPEG,410,apiary
train/n02727426/n02727426_11963.JPEG,410,apiary
train/n02727426/n02727426_22170.JPEG,410,apiary
train/n02727426/n02727426_2386.JPEG,410,apiary
train/n02727426/n02727426_8265.JPEG,410,apiary
train/n02730930/n02730930_11366.JPEG,411,apron
train/n02730930/n02730930_11611.JPEG,411,apron
train/n02730930/n02730930_16708.JPEG,411,apron
train/n02730930/n02730930_5637.JPEG,411,apron
train/n02730930/n02730930_11698.JPEG,411,apron
train/n02730930/n02730930_3131.JPEG,411,apron
train/n02730930/n02730930_7851.JPEG,411,apron
train/n02730930/n02730930_951.JPEG,411,apron
train/n02730930/n02730930_1118.JPEG,411,apron
train/n02730930/n02730930_14991.JPEG,411,apron
train/n02730930/n02730930_8367.JPEG,411,apron
train/n02730930/n02730930_3547.JPEG,411,apron
train/n02730930/n02730930_4868.JPEG,411,apron
train/n02730930/n02730930_29568.JPEG,411,apron
train/n02730930/n02730930_1418.JPEG,411,apron
train/n02730930/n02730930_15056.JPEG,411,apron
train/n02747177/n02747177_4444.JPEG,412,trash can
train/n02747177/n02747177_31589.JPEG,412,trash can
train/n02747177/n02747177_14644.JPEG,412,trash can
train/n02747177/n02747177_2216.JPEG,412,trash can
train/n02747177/n02747177_39386.JPEG,412,trash can
train/n02747177/n02747177_13778.JPEG,412,trash can
train/n02747177/n02747177_16048.JPEG,412,trash can
train/n02747177/n02747177_50740.JPEG,412,trash can
train/n02747177/n02747177_49374.JPEG,412,trash can
train/n02747177/n02747177_33898.JPEG,412,trash can
train/n02747177/n02747177_50792.JPEG,412,trash can
train/n02747177/n02747177_14109.JPEG,412,trash can
train/n02747177/n02747177_3385.JPEG,412,trash can
train/n02747177/n02747177_3816.JPEG,412,trash can
train/n02747177/n02747177_1102.JPEG,412,trash can
train/n02747177/n02747177_15539.JPEG,412,trash can
train/n02749479/n02749479_111.JPEG,413,assault rifle
train/n02749479/n02749479_830.JPEG,413,assault rifle
train/n02749479/n02749479_5795.JPEG,413,assault rifle
train/n02749479/n02749479_2117.JPEG,413,assault rifle
train/n02749479/n02749479_199.JPEG,413,assault rifle
train/n02749479/n02749479_3568.JPEG,413,assault rifle
train/n02749479/n02749479_3587.JPEG,413,assault rifle
train/n02749479/n02749479_6473.JPEG,413,assault rifle
train/n02749479/n02749479_4413.JPEG,413,assault rifle
train/n02749479/n02749479_1745.JPEG,413,assault rifle
train/n02749479/n02749479_1890.JPEG,413,assault rifle
train/n02749479/n02749479_4320.JPEG,413,assault rifle
train/n02749479/n02749479_7136.JPEG,413,assault rifle
train/n02749479/n02749479_2710.JPEG,413,assault rifle
train/n02749479/n02749479_2807.JPEG,413,assault rifle
train/n02749479/n02749479_3505.JPEG,413,assault rifle
train/n02769748/n02769748_2281.JPEG,414,backpack
train/n02769748/n02769748_42056.JPEG,414,backpack
train/n02769748/n02769748_26472.JPEG,414,backpack
train/n02769748/n02769748_32058.JPEG,414,backpack
train/n02769748/n02769748_52975.JPEG,414,backpack
train/n02769748/n02769748_22594.JPEG,414,backpack
train/n02769748/n02769748_28457.JPEG,414,backpack
train/n02769748/n02769748_16712.JPEG,414,backpack
train/n02769748/n02769748_317.JPEG,414,backpack
train/n02769748/n02769748_9521.JPEG,414,backpack
train/n02769748/n02769748_39447.JPEG,414,backpack
train/n02769748/n02769748_43277.JPEG,414,backpack
train/n02769748/n02769748_57989.JPEG,414,backpack
train/n02769748/n02769748_40542.JPEG,414,backpack
train/n02769748/n02769748_40753.JPEG,414,backpack
train/n02769748/n02769748_26735.JPEG,414,backpack
train/n02776631/n02776631_5680.JPEG,415,bakery
train/n02776631/n02776631_10445.JPEG,415,bakery
train/n02776631/n02776631_9431.JPEG,415,bakery
train/n02776631/n02776631_12058.JPEG,415,bakery
train/n02776631/n02776631_16785.JPEG,415,bakery
train/n02776631/n02776631_85490.JPEG,415,bakery
train/n02776631/n02776631_11740.JPEG,415,bakery
train/n02776631/n02776631_2939.JPEG,415,bakery
train/n02776631/n02776631_30763.JPEG,415,bakery
train/n02776631/n02776631_26053.JPEG,415,bakery
train/n02776631/n02776631_13598.JPEG,415,bakery
train/n02776631/n02776631_26078.JPEG,415,bakery
train/n02776631/n02776631_13428.JPEG,415,bakery
train/n02776631/n02776631_10893.JPEG,415,bakery
train/n02776631/n02776631_38515.JPEG,415,bakery
train/n02776631/n02776631_86418.JPEG,415,bakery
train/n02777292/n02777292_16593.JPEG,416,balance beam
train/n02777292/n02777292_2541.JPEG,416,balance beam
train/n02777292/n02777292_14811.JPEG,416,balance beam
train/n02777292/n02777292_24285.JPEG,416,balance beam
train/n02777292/n02777292_18996.JPEG,416,balance beam
train/n02777292/n02777292_8394.JPEG,416,balance beam
train/n02777292/n02777292_18977.JPEG,416,balance beam
train/n02777292/n02777292_24374.JPEG,416,balance beam
train/n02777292/n02777292_4117.JPEG,416,balance beam
train/n02777292/n02777292_2747.JPEG,416,balance beam
train/n02777292/n02777292_13179.JPEG,416,balance beam
train/n02777292/n02777292_23520.JPEG,416,balance beam
train/n02777292/n02777292_20073.JPEG,416,balance beam
train/n02777292/n02777292_188.JPEG,416,balance beam
train/n02777292/n02777292_20016.JPEG,416,balance beam
train/n02777292/n02777292_11373.JPEG,416,balance beam
train/n02782093/n02782093_4060.JPEG,417,balloon
train/n02782093/n02782093_29501.JPEG,417,balloon
train/n02782093/n02782093_26845.JPEG,417,balloon
train/n02782093/n02782093_3020.JPEG,417,balloon
train/n02782093/n02782093_29944.JPEG,417,balloon
train/n02782093/n02782093_3415.JPEG,417,balloon
train/n02782093/n02782093_22140.JPEG,417,balloon
train/n02782093/n02782093_635.JPEG,417,balloon
train/n02782093/n02782093_866.JPEG,417,balloon
train/n02782093/n02782093_15516.JPEG,417,balloon
train/n02782093/n02782093_40002.JPEG,417,balloon
train/n02782093/n02782093_1037.JPEG,417,balloon
train/n02782093/n02782093_604.JPEG,417,balloon
train/n02782093/n02782093_658.JPEG,417,balloon
train/n02782093/n02782093_19677.JPEG,417,balloon
train/n02782093/n02782093_25856.JPEG,417,balloon
train/n02783161/n02783161_1077.JPEG,418,ballpoint pen
train/n02783161/n02783161_12228.JPEG,418,ballpoint pen
train/n02783161/n02783161_92930.JPEG,418,ballpoint pen
train/n02783161/n02783161_3196.JPEG,418,ballpoint pen
train/n02783161/n02783161_16166.JPEG,418,ballpoint pen
train/n02783161/n02783161_10520.JPEG,418,ballpoint pen
train/n02783161/n02783161_3864.JPEG,418,ballpoint pen
train/n02783161/n02783161_5085.JPEG,418,ballpoint pen
train/n02783161/n02783161_13922.JPEG,418,ballpoint pen
train/n02783161/n02783161_13220.JPEG,418,ballpoint pen
train/n02783161/n02783161_26463.JPEG,418,ballpoint pen
train/n02783161/n02783161_15560.JPEG,418,ballpoint pen
train/n02783161/n02783161_25830.JPEG,418,ballpoint pen
train/n02783161/n02783161_6061.JPEG,418,ballpoint pen
train/n02783161/n02783161_9709.JPEG,418,ballpoint pen
train/n02783161/n02783161_4085.JPEG,418,ballpoint pen
train/n02786058/n02786058_8201.JPEG,419,Band-Aid
train/n02786058/n02786058_5606.JPEG,419,Band-Aid
train/n02786058/n02786058_6670.JPEG,419,Band-Aid
train/n02786058/n02786058_3770.JPEG,419,Band-Aid
train/n02786058/n02786058_2016.JPEG,419,Band-Aid
train/n02786058/n02786058_17249.JPEG,419,Band-Aid
train/n02786058/n02786058_9427.JPEG,419,Band-Aid
train/n02786058/n02786058_10674.JPEG,419,Band-Aid
train/n02786058/n02786058_3113.JPEG,419,Band-Aid
train/n02786058/n02786058_11097.JPEG,419,Band-Aid
train/n02786058/n02786058_14024.JPEG,419,Band-Aid
train/n02786058/n02786058_3022.JPEG,419,Band-Aid
train/n02786058/n02786058_15606.JPEG,419,Band-Aid
train/n02786058/n02786058_8920.JPEG,419,Band-Aid
train/n02786058/n02786058_6754.JPEG,419,Band-Aid
train/n02786058/n02786058_9765.JPEG,419,Band-Aid
train/n02787622/n02787622_3347.JPEG,420,banjo
train/n02787622/n02787622_7019.JPEG,420,banjo
train/n02787622/n02787622_2025.JPEG,420,banjo
train/n02787622/n02787622_1272.JPEG,420,banjo
train/n02787622/n02787622_7761.JPEG,420,banjo
train/n02787622/n02787622_5940.JPEG,420,banjo
train/n02787622/n02787622_5460.JPEG,420,banjo
train/n02787622/n02787622_10510.JPEG,420,banjo
train/n02787622/n02787622_630.JPEG,420,banjo
train/n02787622/n02787622_7677.JPEG,420,banjo
train/n02787622/n02787622_16671.JPEG,420,banjo
train/n02787622/n02787622_18405.JPEG,420,banjo
train/n02787622/n02787622_7284.JPEG,420,banjo
train/n02787622/n02787622_10456.JPEG,420,banjo
train/n02787622/n02787622_21389.JPEG,420,banjo
train/n02787622/n02787622_312.JPEG,420,banjo
train/n02788148/n02788148_17450.JPEG,421,baluster / handrail
train/n02788148/n02788148_14212.JPEG,421,baluster / handrail
train/n02788148/n02788148_48568.JPEG,421,baluster / handrail
train/n02788148/n02788148_5237.JPEG,421,baluster / handrail
train/n02788148/n02788148_47310.JPEG,421,baluster / handrail
train/n02788148/n02788148_5073.JPEG,421,baluster / handrail
train/n02788148/n02788148_38762.JPEG,421,baluster / handrail
train/n02788148/n02788148_39505.JPEG,421,baluster / handrail
train/n02788148/n02788148_3930.JPEG,421,baluster / handrail
train/n02788148/n02788148_16142.JPEG,421,baluster / handrail
train/n02788148/n02788148_28556.JPEG,421,baluster / handrail
train/n02788148/n02788148_96967.JPEG,421,baluster / handrail
train/n02788148/n02788148_1925.JPEG,421,baluster / handrail
train/n02788148/n02788148_1290.JPEG,421,baluster / handrail
train/n02788148/n02788148_37812.JPEG,421,baluster / handrail
train/n02788148/n02788148_25859.JPEG,421,baluster / handrail
train/n02790996/n02790996_1525.JPEG,422,barbell
train/n02790996/n02790996_6359.JPEG,422,barbell
train/n02790996/n02790996_9617.JPEG,422,barbell
train/n02790996/n02790996_10287.JPEG,422,barbell
train/n02790996/n02790996_9572.JPEG,422,barbell
train/n02790996/n02790996_11065.JPEG,422,barbell
train/n02790996/n02790996_6228.JPEG,422,barbell
train/n02790996/n02790996_3113.JPEG,422,barbell
train/n02790996/n02790996_10238.JPEG,422,barbell
train/n02790996/n02790996_10839.JPEG,422,barbell
train/n02790996/n02790996_17953.JPEG,422,barbell
train/n02790996/n02790996_8943.JPEG,422,barbell
train/n02790996/n02790996_9927.JPEG,422,barbell
train/n02790996/n02790996_311.JPEG,422,barbell
train/n02790996/n02790996_263.JPEG,422,barbell
train/n02790996/n02790996_10945.JPEG,422,barbell
train/n02791124/n02791124_6183.JPEG,423,barber chair
train/n02791124/n02791124_3972.JPEG,423,barber chair
train/n02791124/n02791124_3537.JPEG,423,barber chair
train/n02791124/n02791124_401.JPEG,423,barber chair
train/n02791124/n02791124_10521.JPEG,423,barber chair
train/n02791124/n02791124_2487.JPEG,423,barber chair
train/n02791124/n02791124_5513.JPEG,423,barber chair
train/n02791124/n02791124_3555.JPEG,423,barber chair
train/n02791124/n02791124_17045.JPEG,423,barber chair
train/n02791124/n02791124_4565.JPEG,423,barber chair
train/n02791124/n02791124_9399.JPEG,423,barber chair
train/n02791124/n02791124_1524.JPEG,423,barber chair
train/n02791124/n02791124_5814.JPEG,423,barber chair
train/n02791124/n02791124_2536.JPEG,423,barber chair
train/n02791124/n02791124_7309.JPEG,423,barber chair
train/n02791124/n02791124_6230.JPEG,423,barber chair
train/n02791270/n02791270_31768.JPEG,424,barbershop
train/n02791270/n02791270_12883.JPEG,424,barbershop
train/n02791270/n02791270_11367.JPEG,424,barbershop
train/n02791270/n02791270_284.JPEG,424,barbershop
train/n02791270/n02791270_12104.JPEG,424,barbershop
train/n02791270/n02791270_24302.JPEG,424,barbershop
train/n02791270/n02791270_7344.JPEG,424,barbershop
train/n02791270/n02791270_5541.JPEG,424,barbershop
train/n02791270/n02791270_8675.JPEG,424,barbershop
train/n02791270/n02791270_1764.JPEG,424,barbershop
train/n02791270/n02791270_3742.JPEG,424,barbershop
train/n02791270/n02791270_13355.JPEG,424,barbershop
train/n02791270/n02791270_8287.JPEG,424,barbershop
train/n02791270/n02791270_7061.JPEG,424,barbershop
train/n02791270/n02791270_7784.JPEG,424,barbershop
train/n02791270/n02791270_29711.JPEG,424,barbershop
train/n02793495/n02793495_8466.JPEG,425,barn
train/n02793495/n02793495_10140.JPEG,425,barn
train/n02793495/n02793495_12207.JPEG,425,barn
train/n02793495/n02793495_4609.JPEG,425,barn
train/n02793495/n02793495_5352.JPEG,425,barn
train/n02793495/n02793495_6228.JPEG,425,barn
train/n02793495/n02793495_2662.JPEG,425,barn
train/n02793495/n02793495_17494.JPEG,425,barn
train/n02793495/n02793495_17366.JPEG,425,barn
train/n02793495/n02793495_11925.JPEG,425,barn
train/n02793495/n02793495_43126.JPEG,425,barn
train/n02793495/n02793495_23452.JPEG,425,barn
train/n02793495/n02793495_9972.JPEG,425,barn
train/n02793495/n02793495_680.JPEG,425,barn
train/n02793495/n02793495_22937.JPEG,425,barn
train/n02793495/n02793495_3350.JPEG,425,barn
train/n02794156/n02794156_7565.JPEG,426,barometer
train/n02794156/n02794156_5534.JPEG,426,barometer
train/n02794156/n02794156_11100.JPEG,426,barometer
train/n02794156/n02794156_7044.JPEG,426,barometer
train/n02794156/n02794156_9306.JPEG,426,barometer
train/n02794156/n02794156_2102.JPEG,426,barometer
train/n02794156/n02794156_2826.JPEG,426,barometer
train/n02794156/n02794156_12370.JPEG,426,barometer
train/n02794156/n02794156_11629.JPEG,426,barometer
train/n02794156/n02794156_3241.JPEG,426,barometer
train/n02794156/n02794156_5187.JPEG,426,barometer
train/n02794156/n02794156_531.JPEG,426,barometer
train/n02794156/n02794156_8102.JPEG,426,barometer
train/n02794156/n02794156_720.JPEG,426,barometer
train/n02794156/n02794156_2750.JPEG,426,barometer
train/n02794156/n02794156_5424.JPEG,426,barometer
train/n02795169/n02795169_32498.JPEG,427,barrel
train/n02795169/n02795169_6907.JPEG,427,barrel
train/n02795169/n02795169_66231.JPEG,427,barrel
train/n02795169/n02795169_11569.JPEG,427,barrel
train/n02795169/n02795169_41128.JPEG,427,barrel
train/n02795169/n02795169_70292.JPEG,427,barrel
train/n02795169/n02795169_7706.JPEG,427,barrel
train/n02795169/n02795169_31928.JPEG,427,barrel
train/n02795169/n02795169_9120.JPEG,427,barrel
train/n02795169/n02795169_78144.JPEG,427,barrel
train/n02795169/n02795169_7544.JPEG,427,barrel
train/n02795169/n02795169_3683.JPEG,427,barrel
train/n02795169/n02795169_13353.JPEG,427,barrel
train/n02795169/n02795169_22019.JPEG,427,barrel
train/n02795169/n02795169_15530.JPEG,427,barrel
train/n02795169/n02795169_40541.JPEG,427,barrel
train/n02797295/n02797295_24396.JPEG,428,wheelbarrow
train/n02797295/n02797295_1817.JPEG,428,wheelbarrow
train/n02797295/n02797295_10058.JPEG,428,wheelbarrow
train/n02797295/n02797295_833.JPEG,428,wheelbarrow
train/n02797295/n02797295_7470.JPEG,428,wheelbarrow
train/n02797295/n02797295_9512.JPEG,428,wheelbarrow
train/n02797295/n02797295_12589.JPEG,428,wheelbarrow
train/n02797295/n02797295_7710.JPEG,428,wheelbarrow
train/n02797295/n02797295_777.JPEG,428,wheelbarrow
train/n02797295/n02797295_4446.JPEG,428,wheelbarrow
train/n02797295/n02797295_2708.JPEG,428,wheelbarrow
train/n02797295/n02797295_2181.JPEG,428,wheelbarrow
train/n02797295/n02797295_12225.JPEG,428,wheelbarrow
train/n02797295/n02797295_4697.JPEG,428,wheelbarrow
train/n02797295/n02797295_3598.JPEG,428,wheelbarrow
train/n02797295/n02797295_13012.JPEG,428,wheelbarrow
train/n02799071/n02799071_39679.JPEG,429,baseball
train/n02799071/n02799071_25085.JPEG,429,baseball
train/n02799071/n02799071_23584.JPEG,429,baseball
train/n02799071/n02799071_17353.JPEG,429,baseball
train/n02799071/n02799071_61368.JPEG,429,baseball
train/n02799071/n02799071_25392.JPEG,429,baseball
train/n02799071/n02799071_38842.JPEG,429,baseball
train/n02799071/n02799071_28310.JPEG,429,baseball
train/n02799071/n02799071_7167.JPEG,429,baseball
train/n02799071/n02799071_528.JPEG,429,baseball
train/n02799071/n02799071_5000.JPEG,429,baseball
train/n02799071/n02799071_9942.JPEG,429,baseball
train/n02799071/n02799071_16033.JPEG,429,baseball
train/n02799071/n02799071_5726.JPEG,429,baseball
train/n02799071/n02799071_35071.JPEG,429,baseball
train/n02799071/n02799071_33703.JPEG,429,baseball
train/n02802426/n02802426_26769.JPEG,430,basketball
train/n02802426/n02802426_10374.JPEG,430,basketball
train/n02802426/n02802426_10773.JPEG,430,basketball
train/n02802426/n02802426_10747.JPEG,430,basketball
train/n02802426/n02802426_19296.JPEG,430,basketball
train/n02802426/n02802426_5759.JPEG,430,basketball
train/n02802426/n02802426_4197.JPEG,430,basketball
train/n02802426/n02802426_9399.JPEG,430,basketball
train/n02802426/n02802426_25110.JPEG,430,basketball
train/n02802426/n02802426_9402.JPEG,430,basketball
train/n02802426/n02802426_1080.JPEG,430,basketball
train/n02802426/n02802426_23372.JPEG,430,basketball
train/n02802426/n02802426_9441.JPEG,430,basketball
train/n02802426/n02802426_8069.JPEG,430,basketball
train/n02802426/n02802426_8577.JPEG,430,basketball
train/n02802426/n02802426_901.JPEG,430,basketball
train/n02804414/n02804414_645.JPEG,431,bassinet
train/n02804414/n02804414_3529.JPEG,431,bassinet
train/n02804414/n02804414_2547.JPEG,431,bassinet
train/n02804414/n02804414_6741.JPEG,431,bassinet
train/n02804414/n02804414_7337.JPEG,431,bassinet
train/n02804414/n02804414_1041.JPEG,431,bassinet
train/n02804414/n02804414_4987.JPEG,431,bassinet
train/n02804414/n02804414_181.JPEG,431,bassinet
train/n02804414/n02804414_9222.JPEG,431,bassinet
train/n02804414/n02804414_4911.JPEG,431,bassinet
train/n02804414/n02804414_7172.JPEG,431,bassinet
train/n02804414/n02804414_3555.JPEG,431,bassinet
train/n02804414/n02804414_2724.JPEG,431,bassinet
train/n02804414/n02804414_4940.JPEG,431,bassinet
train/n02804414/n02804414_10424.JPEG,431,bassinet
train/n02804414/n02804414_9582.JPEG,431,bassinet
train/n02804610/n02804610_30091.JPEG,432,bassoon
train/n02804610/n02804610_19067.JPEG,432,bassoon
train/n02804610/n02804610_19052.JPEG,432,bassoon
train/n02804610/n02804610_23172.JPEG,432,bassoon
train/n02804610/n02804610_19426.JPEG,432,bassoon
train/n02804610/n02804610_70.JPEG,432,bassoon
train/n02804610/n02804610_16328.JPEG,432,bassoon
train/n02804610/n02804610_19372.JPEG,432,bassoon
train/n02804610/n02804610_16101.JPEG,432,bassoon
train/n02804610/n02804610_20904.JPEG,432,bassoon
train/n02804610/n02804610_10303.JPEG,432,bassoon
train/n02804610/n02804610_18632.JPEG,432,bassoon
train/n02804610/n02804610_3920.JPEG,432,bassoon
train/n02804610/n02804610_36121.JPEG,432,bassoon
train/n02804610/n02804610_20341.JPEG,432,bassoon
train/n02804610/n02804610_18992.JPEG,432,bassoon
train/n02807133/n02807133_575.JPEG,433,swimming cap
train/n02807133/n02807133_391.JPEG,433,swimming cap
train/n02807133/n02807133_8581.JPEG,433,swimming cap
train/n02807133/n02807133_19852.JPEG,433,swimming cap
train/n02807133/n02807133_8303.JPEG,433,swimming cap
train/n02807133/n02807133_1485.JPEG,433,swimming cap
train/n02807133/n02807133_7421.JPEG,433,swimming cap
train/n02807133/n02807133_2073.JPEG,433,swimming cap
train/n02807133/n02807133_3890.JPEG,433,swimming cap
train/n02807133/n02807133_7931.JPEG,433,swimming cap
train/n02807133/n02807133_395.JPEG,433,swimming cap
train/n02807133/n02807133_13383.JPEG,433,swimming cap
train/n02807133/n02807133_22021.JPEG,433,swimming cap
train/n02807133/n02807133_5827.JPEG,433,swimming cap
train/n02807133/n02807133_6011.JPEG,433,swimming cap
train/n02807133/n02807133_7124.JPEG,433,swimming cap
train/n02808304/n02808304_6492.JPEG,434,bath towel
train/n02808304/n02808304_4505.JPEG,434,bath towel
train/n02808304/n02808304_3074.JPEG,434,bath towel
train/n02808304/n02808304_3812.JPEG,434,bath towel
train/n02808304/n02808304_13643.JPEG,434,bath towel
train/n02808304/n02808304_15858.JPEG,434,bath towel
train/n02808304/n02808304_8630.JPEG,434,bath towel
train/n02808304/n02808304_19514.JPEG,434,bath towel
train/n02808304/n02808304_11280.JPEG,434,bath towel
train/n02808304/n02808304_5155.JPEG,434,bath towel
train/n02808304/n02808304_18849.JPEG,434,bath towel
train/n02808304/n02808304_1873.JPEG,434,bath towel
train/n02808304/n02808304_8357.JPEG,434,bath towel
train/n02808304/n02808304_2521.JPEG,434,bath towel
train/n02808304/n02808304_4379.JPEG,434,bath towel
train/n02808304/n02808304_5607.JPEG,434,bath towel
train/n02808440/n02808440_52170.JPEG,435,bathtub
train/n02808440/n02808440_7006.JPEG,435,bathtub
train/n02808440/n02808440_15445.JPEG,435,bathtub
train/n02808440/n02808440_27368.JPEG,435,bathtub
train/n02808440/n02808440_45170.JPEG,435,bathtub
train/n02808440/n02808440_43249.JPEG,435,bathtub
train/n02808440/n02808440_56201.JPEG,435,bathtub
train/n02808440/n02808440_5234.JPEG,435,bathtub
train/n02808440/n02808440_5431.JPEG,435,bathtub
train/n02808440/n02808440_16261.JPEG,435,bathtub
train/n02808440/n02808440_79587.JPEG,435,bathtub
train/n02808440/n02808440_53797.JPEG,435,bathtub
train/n02808440/n02808440_75299.JPEG,435,bathtub
train/n02808440/n02808440_78423.JPEG,435,bathtub
train/n02808440/n02808440_45072.JPEG,435,bathtub
train/n02808440/n02808440_4908.JPEG,435,bathtub
train/n02814533/n02814533_21949.JPEG,436,station wagon
train/n02814533/n02814533_45315.JPEG,436,station wagon
train/n02814533/n02814533_41200.JPEG,436,station wagon
train/n02814533/n02814533_12126.JPEG,436,station wagon
train/n02814533/n02814533_26523.JPEG,436,station wagon
train/n02814533/n02814533_17866.JPEG,436,station wagon
train/n02814533/n02814533_76874.JPEG,436,station wagon
train/n02814533/n02814533_44803.JPEG,436,station wagon
train/n02814533/n02814533_19373.JPEG,436,station wagon
train/n02814533/n02814533_9785.JPEG,436,station wagon
train/n02814533/n02814533_72091.JPEG,436,station wagon
train/n02814533/n02814533_89433.JPEG,436,station wagon
train/n02814533/n02814533_80837.JPEG,436,station wagon
train/n02814533/n02814533_93476.JPEG,436,station wagon
train/n02814533/n02814533_31493.JPEG,436,station wagon
train/n02814533/n02814533_78768.JPEG,436,station wagon
train/n02814860/n02814860_37277.JPEG,437,lighthouse
train/n02814860/n02814860_24599.JPEG,437,lighthouse
train/n02814860/n02814860_133.JPEG,437,lighthouse
train/n02814860/n02814860_39490.JPEG,437,lighthouse
train/n02814860/n02814860_14787.JPEG,437,lighthouse
train/n02814860/n02814860_11055.JPEG,437,lighthouse
train/n02814860/n02814860_20230.JPEG,437,lighthouse
train/n02814860/n02814860_63853.JPEG,437,lighthouse
train/n02814860/n02814860_17266.JPEG,437,lighthouse
train/n02814860/n02814860_33204.JPEG,437,lighthouse
train/n02814860/n02814860_26649.JPEG,437,lighthouse
train/n02814860/n02814860_12701.JPEG,437,lighthouse
train/n02814860/n02814860_31318.JPEG,437,lighthouse
train/n02814860/n02814860_19777.JPEG,437,lighthouse
train/n02814860/n02814860_33006.JPEG,437,lighthouse
train/n02814860/n02814860_19262.JPEG,437,lighthouse
train/n02815834/n02815834_14610.JPEG,438,beaker
train/n02815834/n02815834_2848.JPEG,438,beaker
train/n02815834/n02815834_8481.JPEG,438,beaker
train/n02815834/n02815834_1415.JPEG,438,beaker
train/n02815834/n02815834_10349.JPEG,438,beaker
train/n02815834/n02815834_753.JPEG,438,beaker
train/n02815834/n02815834_13222.JPEG,438,beaker
train/n02815834/n02815834_6151.JPEG,438,beaker
train/n02815834/n02815834_13351.JPEG,438,beaker
train/n02815834/n02815834_17733.JPEG,438,beaker
train/n02815834/n02815834_13449.JPEG,438,beaker
train/n02815834/n02815834_2970.JPEG,438,beaker
train/n02815834/n02815834_12786.JPEG,438,beaker
train/n02815834/n02815834_10072.JPEG,438,beaker
train/n02815834/n02815834_10741.JPEG,438,beaker
train/n02815834/n02815834_14350.JPEG,438,beaker
train/n02817516/n02817516_20047.JPEG,439,military hat (bearskin or shako)
train/n02817516/n02817516_50186.JPEG,439,military hat (bearskin or shako)
train/n02817516/n02817516_11101.JPEG,439,military hat (bearskin or shako)
train/n02817516/n02817516_37.JPEG,439,military hat (bearskin or shako)
train/n02817516/n02817516_43576.JPEG,439,military hat (bearskin or shako)
train/n02817516/n02817516_30272.JPEG,439,military hat (bearskin or shako)
train/n02817516/n02817516_22371.JPEG,439,military hat (bearskin or shako)
train/n02817516/n02817516_45597.JPEG,439,military hat (bearskin or shako)
train/n02817516/n02817516_48682.JPEG,439,military hat (bearskin or shako)
train/n02817516/n02817516_34560.JPEG,439,military hat (bearskin or shako)
train/n02817516/n02817516_5602.JPEG,439,military hat (bearskin or shako)
train/n02817516/n02817516_34467.JPEG,439,military hat (bearskin or shako)
train/n02817516/n02817516_3751.JPEG,439,military hat (bearskin or shako)
train/n02817516/n02817516_43423.JPEG,439,military hat (bearskin or shako)
train/n02817516/n02817516_3209.JPEG,439,military hat (bearskin or shako)
train/n02817516/n02817516_25007.JPEG,439,military hat (bearskin or shako)
train/n02823428/n02823428_14574.JPEG,440,beer bottle
train/n02823428/n02823428_13966.JPEG,440,beer bottle
train/n02823428/n02823428_5916.JPEG,440,beer bottle
train/n02823428/n02823428_558.JPEG,440,beer bottle
train/n02823428/n02823428_1407.JPEG,440,beer bottle
train/n02823428/n02823428_10312.JPEG,440,beer bottle
train/n02823428/n02823428_4113.JPEG,440,beer bottle
train/n02823428/n02823428_5258.JPEG,440,beer bottle
train/n02823428/n02823428_8367.JPEG,440,beer bottle
train/n02823428/n02823428_11441.JPEG,440,beer bottle
train/n02823428/n02823428_770.JPEG,440,beer bottle
train/n02823428/n02823428_6596.JPEG,440,beer bottle
train/n02823428/n02823428_14430.JPEG,440,beer bottle
train/n02823428/n02823428_4007.JPEG,440,beer bottle
train/n02823428/n02823428_12656.JPEG,440,beer bottle
train/n02823428/n02823428_5056.JPEG,440,beer bottle
train/n02823750/n02823750_933.JPEG,441,beer glass
train/n02823750/n02823750_1279.JPEG,441,beer glass
train/n02823750/n02823750_2662.JPEG,441,beer glass
train/n02823750/n02823750_7783.JPEG,441,beer glass
train/n02823750/n02823750_8411.JPEG,441,beer glass
train/n02823750/n02823750_484.JPEG,441,beer glass
train/n02823750/n02823750_1157.JPEG,441,beer glass
train/n02823750/n02823750_2424.JPEG,441,beer glass
train/n02823750/n02823750_3599.JPEG,441,beer glass
train/n02823750/n02823750_2331.JPEG,441,beer glass
train/n02823750/n02823750_3689.JPEG,441,beer glass
train/n02823750/n02823750_1811.JPEG,441,beer glass
train/n02823750/n02823750_3475.JPEG,441,beer glass
train/n02823750/n02823750_5442.JPEG,441,beer glass
train/n02823750/n02823750_289.JPEG,441,beer glass
train/n02823750/n02823750_7380.JPEG,441,beer glass
train/n02825657/n02825657_5934.JPEG,442,bell tower
train/n02825657/n02825657_86.JPEG,442,bell tower
train/n02825657/n02825657_16832.JPEG,442,bell tower
train/n02825657/n02825657_9160.JPEG,442,bell tower
train/n02825657/n02825657_4614.JPEG,442,bell tower
train/n02825657/n02825657_10758.JPEG,442,bell tower
train/n02825657/n02825657_9662.JPEG,442,bell tower
train/n02825657/n02825657_3716.JPEG,442,bell tower
train/n02825657/n02825657_21488.JPEG,442,bell tower
train/n02825657/n02825657_13421.JPEG,442,bell tower
train/n02825657/n02825657_11803.JPEG,442,bell tower
train/n02825657/n02825657_3105.JPEG,442,bell tower
train/n02825657/n02825657_3637.JPEG,442,bell tower
train/n02825657/n02825657_16061.JPEG,442,bell tower
train/n02825657/n02825657_9042.JPEG,442,bell tower
train/n02825657/n02825657_5497.JPEG,442,bell tower
train/n02834397/n02834397_8960.JPEG,443,baby bib
train/n02834397/n02834397_8632.JPEG,443,baby bib
train/n02834397/n02834397_4145.JPEG,443,baby bib
train/n02834397/n02834397_23662.JPEG,443,baby bib
train/n02834397/n02834397_7344.JPEG,443,baby bib
train/n02834397/n02834397_19598.JPEG,443,baby bib
train/n02834397/n02834397_1262.JPEG,443,baby bib
train/n02834397/n02834397_6843.JPEG,443,baby bib
train/n02834397/n02834397_8058.JPEG,443,baby bib
train/n02834397/n02834397_5109.JPEG,443,baby bib
train/n02834397/n02834397_3901.JPEG,443,baby bib
train/n02834397/n02834397_4646.JPEG,443,baby bib
train/n02834397/n02834397_638.JPEG,443,baby bib
train/n02834397/n02834397_20899.JPEG,443,baby bib
train/n02834397/n02834397_464.JPEG,443,baby bib
train/n02834397/n02834397_5640.JPEG,443,baby bib
train/n02835271/n02835271_8834.JPEG,444,tandem bicycle
train/n02835271/n02835271_14544.JPEG,444,tandem bicycle
train/n02835271/n02835271_150.JPEG,444,tandem bicycle
train/n02835271/n02835271_24679.JPEG,444,tandem bicycle
train/n02835271/n02835271_8209.JPEG,444,tandem bicycle
train/n02835271/n02835271_8408.JPEG,444,tandem bicycle
train/n02835271/n02835271_15220.JPEG,444,tandem bicycle
train/n02835271/n02835271_19565.JPEG,444,tandem bicycle
train/n02835271/n02835271_3215.JPEG,444,tandem bicycle
train/n02835271/n02835271_11929.JPEG,444,tandem bicycle
train/n02835271/n02835271_10390.JPEG,444,tandem bicycle
train/n02835271/n02835271_6013.JPEG,444,tandem bicycle
train/n02835271/n02835271_7476.JPEG,444,tandem bicycle
train/n02835271/n02835271_7762.JPEG,444,tandem bicycle
train/n02835271/n02835271_29266.JPEG,444,tandem bicycle
train/n02835271/n02835271_6923.JPEG,444,tandem bicycle
train/n02837789/n02837789_20380.JPEG,445,bikini
train/n02837789/n02837789_6515.JPEG,445,bikini
train/n02837789/n02837789_17711.JPEG,445,bikini
train/n02837789/n02837789_1275.JPEG,445,bikini
train/n02837789/n02837789_20830.JPEG,445,bikini
train/n02837789/n02837789_10933.JPEG,445,bikini
train/n02837789/n02837789_4951.JPEG,445,bikini
train/n02837789/n02837789_24294.JPEG,445,bikini
train/n02837789/n02837789_4900.JPEG,445,bikini
train/n02837789/n02837789_6008.JPEG,445,bikini
train/n02837789/n02837789_22665.JPEG,445,bikini
train/n02837789/n02837789_3314.JPEG,445,bikini
train/n02837789/n02837789_9511.JPEG,445,bikini
train/n02837789/n02837789_18473.JPEG,445,bikini
train/n02837789/n02837789_4071.JPEG,445,bikini
train/n02837789/n02837789_22533.JPEG,445,bikini
train/n02840245/n02840245_1130.JPEG,446,ring binder
train/n02840245/n02840245_382.JPEG,446,ring binder
train/n02840245/n02840245_12126.JPEG,446,ring binder
train/n02840245/n02840245_9166.JPEG,446,ring binder
train/n02840245/n02840245_11100.JPEG,446,ring binder
train/n02840245/n02840245_1901.JPEG,446,ring binder
train/n02840245/n02840245_16541.JPEG,446,ring binder
train/n02840245/n02840245_17573.JPEG,446,ring binder
train/n02840245/n02840245_11905.JPEG,446,ring binder
train/n02840245/n02840245_9466.JPEG,446,ring binder
train/n02840245/n02840245_9353.JPEG,446,ring binder
train/n02840245/n02840245_2201.JPEG,446,ring binder
train/n02840245/n02840245_16554.JPEG,446,ring binder
train/n02840245/n02840245_14304.JPEG,446,ring binder
train/n02840245/n02840245_5912.JPEG,446,ring binder
train/n02840245/n02840245_19313.JPEG,446,ring binder
train/n02841315/n02841315_14665.JPEG,447,binoculars
train/n02841315/n02841315_8047.JPEG,447,binoculars
train/n02841315/n02841315_18848.JPEG,447,binoculars
train/n02841315/n02841315_18747.JPEG,447,binoculars
train/n02841315/n02841315_37409.JPEG,447,binoculars
train/n02841315/n02841315_14342.JPEG,447,binoculars
train/n02841315/n02841315_4676.JPEG,447,binoculars
train/n02841315/n02841315_22782.JPEG,447,binoculars
train/n02841315/n02841315_16080.JPEG,447,binoculars
train/n02841315/n02841315_15451.JPEG,447,binoculars
train/n02841315/n02841315_14915.JPEG,447,binoculars
train/n02841315/n02841315_36704.JPEG,447,binoculars
train/n02841315/n02841315_10026.JPEG,447,binoculars
train/n02841315/n02841315_9524.JPEG,447,binoculars
train/n02841315/n02841315_12927.JPEG,447,binoculars
train/n02841315/n02841315_9303.JPEG,447,binoculars
train/n02843684/n02843684_8692.JPEG,448,birdhouse
train/n02843684/n02843684_23991.JPEG,448,birdhouse
train/n02843684/n02843684_3113.JPEG,448,birdhouse
train/n02843684/n02843684_9534.JPEG,448,birdhouse
train/n02843684/n02843684_11850.JPEG,448,birdhouse
train/n02843684/n02843684_4712.JPEG,448,birdhouse
train/n02843684/n02843684_3412.JPEG,448,birdhouse
train/n02843684/n02843684_21949.JPEG,448,birdhouse
train/n02843684/n02843684_4380.JPEG,448,birdhouse
train/n02843684/n02843684_15115.JPEG,448,birdhouse
train/n02843684/n02843684_1393.JPEG,448,birdhouse
train/n02843684/n02843684_6638.JPEG,448,birdhouse
train/n02843684/n02843684_3186.JPEG,448,birdhouse
train/n02843684/n02843684_2473.JPEG,448,birdhouse
train/n02843684/n02843684_9495.JPEG,448,birdhouse
train/n02843684/n02843684_38844.JPEG,448,birdhouse
train/n02859443/n02859443_7583.JPEG,449,boathouse
train/n02859443/n02859443_13197.JPEG,449,boathouse
train/n02859443/n02859443_3576.JPEG,449,boathouse
train/n02859443/n02859443_24741.JPEG,449,boathouse
train/n02859443/n02859443_15144.JPEG,449,boathouse
train/n02859443/n02859443_4185.JPEG,449,boathouse
train/n02859443/n02859443_11754.JPEG,449,boathouse
train/n02859443/n02859443_3593.JPEG,449,boathouse
train/n02859443/n02859443_14737.JPEG,449,boathouse
train/n02859443/n02859443_17872.JPEG,449,boathouse
train/n02859443/n02859443_29144.JPEG,449,boathouse
train/n02859443/n02859443_8106.JPEG,449,boathouse
train/n02859443/n02859443_3844.JPEG,449,boathouse
train/n02859443/n02859443_4872.JPEG,449,boathouse
train/n02859443/n02859443_40119.JPEG,449,boathouse
train/n02859443/n02859443_19105.JPEG,449,boathouse
train/n02860847/n02860847_18693.JPEG,450,bobsleigh
train/n02860847/n02860847_8116.JPEG,450,bobsleigh
train/n02860847/n02860847_2944.JPEG,450,bobsleigh
train/n02860847/n02860847_27490.JPEG,450,bobsleigh
train/n02860847/n02860847_24138.JPEG,450,bobsleigh
train/n02860847/n02860847_2820.JPEG,450,bobsleigh
train/n02860847/n02860847_2589.JPEG,450,bobsleigh
train/n02860847/n02860847_39723.JPEG,450,bobsleigh
train/n02860847/n02860847_940.JPEG,450,bobsleigh
train/n02860847/n02860847_24722.JPEG,450,bobsleigh
train/n02860847/n02860847_20827.JPEG,450,bobsleigh
train/n02860847/n02860847_16244.JPEG,450,bobsleigh
train/n02860847/n02860847_24916.JPEG,450,bobsleigh
train/n02860847/n02860847_13464.JPEG,450,bobsleigh
train/n02860847/n02860847_21360.JPEG,450,bobsleigh
train/n02860847/n02860847_17390.JPEG,450,bobsleigh
train/n02865351/n02865351_10722.JPEG,451,bolo tie
train/n02865351/n02865351_17519.JPEG,451,bolo tie
train/n02865351/n02865351_8831.JPEG,451,bolo tie
train/n02865351/n02865351_30996.JPEG,451,bolo tie
train/n02865351/n02865351_18390.JPEG,451,bolo tie
train/n02865351/n02865351_2463.JPEG,451,bolo tie
train/n02865351/n02865351_6046.JPEG,451,bolo tie
train/n02865351/n02865351_16765.JPEG,451,bolo tie
train/n02865351/n02865351_5120.JPEG,451,bolo tie
train/n02865351/n02865351_18826.JPEG,451,bolo tie
train/n02865351/n02865351_8284.JPEG,451,bolo tie
train/n02865351/n02865351_24094.JPEG,451,bolo tie
train/n02865351/n02865351_22984.JPEG,451,bolo tie
train/n02865351/n02865351_14736.JPEG,451,bolo tie
train/n02865351/n02865351_17555.JPEG,451,bolo tie
train/n02865351/n02865351_3135.JPEG,451,bolo tie
train/n02869837/n02869837_3008.JPEG,452,poke bonnet
train/n02869837/n02869837_5107.JPEG,452,poke bonnet
train/n02869837/n02869837_1214.JPEG,452,poke bonnet
train/n02869837/n02869837_11205.JPEG,452,poke bonnet
train/n02869837/n02869837_19638.JPEG,452,poke bonnet
train/n02869837/n02869837_17211.JPEG,452,poke bonnet
train/n02869837/n02869837_39026.JPEG,452,poke bonnet
train/n02869837/n02869837_3077.JPEG,452,poke bonnet
train/n02869837/n02869837_5744.JPEG,452,poke bonnet
train/n02869837/n02869837_8639.JPEG,452,poke bonnet
train/n02869837/n02869837_27622.JPEG,452,poke bonnet
train/n02869837/n02869837_7973.JPEG,452,poke bonnet
train/n02869837/n02869837_19171.JPEG,452,poke bonnet
train/n02869837/n02869837_43933.JPEG,452,poke bonnet
train/n02869837/n02869837_4272.JPEG,452,poke bonnet
train/n02869837/n02869837_1222.JPEG,452,poke bonnet
train/n02870880/n02870880_11200.JPEG,453,bookcase
train/n02870880/n02870880_3978.JPEG,453,bookcase
train/n02870880/n02870880_12675.JPEG,453,bookcase
train/n02870880/n02870880_14643.JPEG,453,bookcase
train/n02870880/n02870880_2618.JPEG,453,bookcase
train/n02870880/n02870880_9247.JPEG,453,bookcase
train/n02870880/n02870880_8423.JPEG,453,bookcase
train/n02870880/n02870880_555.JPEG,453,bookcase
train/n02870880/n02870880_9348.JPEG,453,bookcase
train/n02870880/n02870880_13084.JPEG,453,bookcase
train/n02870880/n02870880_17920.JPEG,453,bookcase
train/n02870880/n02870880_117.JPEG,453,bookcase
train/n02870880/n02870880_3049.JPEG,453,bookcase
train/n02870880/n02870880_5361.JPEG,453,bookcase
train/n02870880/n02870880_12525.JPEG,453,bookcase
train/n02870880/n02870880_754.JPEG,453,bookcase
train/n02871525/n02871525_63053.JPEG,454,bookstore
train/n02871525/n02871525_34252.JPEG,454,bookstore
train/n02871525/n02871525_24285.JPEG,454,bookstore
train/n02871525/n02871525_10340.JPEG,454,bookstore
train/n02871525/n02871525_7170.JPEG,454,bookstore
train/n02871525/n02871525_8396.JPEG,454,bookstore
train/n02871525/n02871525_33137.JPEG,454,bookstore
train/n02871525/n02871525_24895.JPEG,454,bookstore
train/n02871525/n02871525_17980.JPEG,454,bookstore
train/n02871525/n02871525_9185.JPEG,454,bookstore
train/n02871525/n02871525_10833.JPEG,454,bookstore
train/n02871525/n02871525_7964.JPEG,454,bookstore
train/n02871525/n02871525_11170.JPEG,454,bookstore
train/n02871525/n02871525_12698.JPEG,454,bookstore
train/n02871525/n02871525_9084.JPEG,454,bookstore
train/n02871525/n02871525_10079.JPEG,454,bookstore
train/n02877765/n02877765_3148.JPEG,455,bottle cap
train/n02877765/n02877765_7899.JPEG,455,bottle cap
train/n02877765/n02877765_9543.JPEG,455,bottle cap
train/n02877765/n02877765_54.JPEG,455,bottle cap
train/n02877765/n02877765_1852.JPEG,455,bottle cap
train/n02877765/n02877765_16105.JPEG,455,bottle cap
train/n02877765/n02877765_7736.JPEG,455,bottle cap
train/n02877765/n02877765_7859.JPEG,455,bottle cap
train/n02877765/n02877765_6383.JPEG,455,bottle cap
train/n02877765/n02877765_7333.JPEG,455,bottle cap
train/n02877765/n02877765_12542.JPEG,455,bottle cap
train/n02877765/n02877765_4017.JPEG,455,bottle cap
train/n02877765/n02877765_2324.JPEG,455,bottle cap
train/n02877765/n02877765_4550.JPEG,455,bottle cap
train/n02877765/n02877765_1306.JPEG,455,bottle cap
train/n02877765/n02877765_2185.JPEG,455,bottle cap
train/n02879718/n02879718_25262.JPEG,456,hunting bow
train/n02879718/n02879718_26847.JPEG,456,hunting bow
train/n02879718/n02879718_19828.JPEG,456,hunting bow
train/n02879718/n02879718_17004.JPEG,456,hunting bow
train/n02879718/n02879718_2215.JPEG,456,hunting bow
train/n02879718/n02879718_6981.JPEG,456,hunting bow
train/n02879718/n02879718_34735.JPEG,456,hunting bow
train/n02879718/n02879718_14354.JPEG,456,hunting bow
train/n02879718/n02879718_16963.JPEG,456,hunting bow
train/n02879718/n02879718_26447.JPEG,456,hunting bow
train/n02879718/n02879718_2803.JPEG,456,hunting bow
train/n02879718/n02879718_10524.JPEG,456,hunting bow
train/n02879718/n02879718_16638.JPEG,456,hunting bow
train/n02879718/n02879718_22244.JPEG,456,hunting bow
train/n02879718/n02879718_34799.JPEG,456,hunting bow
train/n02879718/n02879718_23605.JPEG,456,hunting bow
train/n02883205/n02883205_9987.JPEG,457,bow tie
train/n02883205/n02883205_73184.JPEG,457,bow tie
train/n02883205/n02883205_21709.JPEG,457,bow tie
train/n02883205/n02883205_20564.JPEG,457,bow tie
train/n02883205/n02883205_6458.JPEG,457,bow tie
train/n02883205/n02883205_33139.JPEG,457,bow tie
train/n02883205/n02883205_3663.JPEG,457,bow tie
train/n02883205/n02883205_13573.JPEG,457,bow tie
train/n02883205/n02883205_17828.JPEG,457,bow tie
train/n02883205/n02883205_22808.JPEG,457,bow tie
train/n02883205/n02883205_23529.JPEG,457,bow tie
train/n02883205/n02883205_21670.JPEG,457,bow tie
train/n02883205/n02883205_58401.JPEG,457,bow tie
train/n02883205/n02883205_25086.JPEG,457,bow tie
train/n02883205/n02883205_11268.JPEG,457,bow tie
train/n02883205/n02883205_10653.JPEG,457,bow tie
train/n02892201/n02892201_1864.JPEG,458,brass memorial plaque
train/n02892201/n02892201_32852.JPEG,458,brass memorial plaque
train/n02892201/n02892201_5961.JPEG,458,brass memorial plaque
train/n02892201/n02892201_4408.JPEG,458,brass memorial plaque
train/n02892201/n02892201_30436.JPEG,458,brass memorial plaque
train/n02892201/n02892201_31206.JPEG,458,brass memorial plaque
train/n02892201/n02892201_20536.JPEG,458,brass memorial plaque
train/n02892201/n02892201_30335.JPEG,458,brass memorial plaque
train/n02892201/n02892201_27858.JPEG,458,brass memorial plaque
train/n02892201/n02892201_46499.JPEG,458,brass memorial plaque
train/n02892201/n02892201_20364.JPEG,458,brass memorial plaque
train/n02892201/n02892201_21004.JPEG,458,brass memorial plaque
train/n02892201/n02892201_17253.JPEG,458,brass memorial plaque
train/n02892201/n02892201_16128.JPEG,458,brass memorial plaque
train/n02892201/n02892201_6067.JPEG,458,brass memorial plaque
train/n02892201/n02892201_11738.JPEG,458,brass memorial plaque
train/n02892767/n02892767_42781.JPEG,459,bra
train/n02892767/n02892767_8152.JPEG,459,bra
train/n02892767/n02892767_41877.JPEG,459,bra
train/n02892767/n02892767_32953.JPEG,459,bra
train/n02892767/n02892767_5526.JPEG,459,bra
train/n02892767/n02892767_8928.JPEG,459,bra
train/n02892767/n02892767_13130.JPEG,459,bra
train/n02892767/n02892767_22441.JPEG,459,bra
train/n02892767/n02892767_6392.JPEG,459,bra
train/n02892767/n02892767_3276.JPEG,459,bra
train/n02892767/n02892767_16755.JPEG,459,bra
train/n02892767/n02892767_15765.JPEG,459,bra
train/n02892767/n02892767_4630.JPEG,459,bra
train/n02892767/n02892767_41024.JPEG,459,bra
train/n02892767/n02892767_13528.JPEG,459,bra
train/n02892767/n02892767_4258.JPEG,459,bra
train/n02894605/n02894605_37806.JPEG,460,breakwater
train/n02894605/n02894605_62853.JPEG,460,breakwater
train/n02894605/n02894605_74388.JPEG,460,breakwater
train/n02894605/n02894605_1013.JPEG,460,breakwater
train/n02894605/n02894605_58637.JPEG,460,breakwater
train/n02894605/n02894605_114340.JPEG,460,breakwater
train/n02894605/n02894605_36763.JPEG,460,breakwater
train/n02894605/n02894605_35072.JPEG,460,breakwater
train/n02894605/n02894605_36265.JPEG,460,breakwater
train/n02894605/n02894605_16186.JPEG,460,breakwater
train/n02894605/n02894605_12596.JPEG,460,breakwater
train/n02894605/n02894605_37903.JPEG,460,breakwater
train/n02894605/n02894605_71907.JPEG,460,breakwater
train/n02894605/n02894605_102247.JPEG,460,breakwater
train/n02894605/n02894605_14796.JPEG,460,breakwater
train/n02894605/n02894605_33396.JPEG,460,breakwater
train/n02895154/n02895154_3925.JPEG,461,breastplate
train/n02895154/n02895154_7909.JPEG,461,breastplate
train/n02895154/n02895154_13711.JPEG,461,breastplate
train/n02895154/n02895154_2041.JPEG,461,breastplate
train/n02895154/n02895154_15580.JPEG,461,breastplate
train/n02895154/n02895154_30223.JPEG,461,breastplate
train/n02895154/n02895154_26672.JPEG,461,breastplate
train/n02895154/n02895154_8738.JPEG,461,breastplate
train/n02895154/n02895154_41409.JPEG,461,breastplate
train/n02895154/n02895154_39686.JPEG,461,breastplate
train/n02895154/n02895154_19685.JPEG,461,breastplate
train/n02895154/n02895154_37983.JPEG,461,breastplate
train/n02895154/n02895154_24445.JPEG,461,breastplate
train/n02895154/n02895154_29281.JPEG,461,breastplate
train/n02895154/n02895154_43607.JPEG,461,breastplate
train/n02895154/n02895154_8038.JPEG,461,breastplate
train/n02906734/n02906734_7084.JPEG,462,broom
train/n02906734/n02906734_16725.JPEG,462,broom
train/n02906734/n02906734_21374.JPEG,462,broom
train/n02906734/n02906734_23882.JPEG,462,broom
train/n02906734/n02906734_12355.JPEG,462,broom
train/n02906734/n02906734_14809.JPEG,462,broom
train/n02906734/n02906734_13638.JPEG,462,broom
train/n02906734/n02906734_23428.JPEG,462,broom
train/n02906734/n02906734_14191.JPEG,462,broom
train/n02906734/n02906734_23761.JPEG,462,broom
train/n02906734/n02906734_6550.JPEG,462,broom
train/n02906734/n02906734_4829.JPEG,462,broom
train/n02906734/n02906734_14385.JPEG,462,broom
train/n02906734/n02906734_25437.JPEG,462,broom
train/n02906734/n02906734_17127.JPEG,462,broom
train/n02906734/n02906734_4617.JPEG,462,broom
train/n02909870/n02909870_11855.JPEG,463,bucket
train/n02909870/n02909870_43791.JPEG,463,bucket
train/n02909870/n02909870_797.JPEG,463,bucket
train/n02909870/n02909870_49571.JPEG,463,bucket
train/n02909870/n02909870_33134.JPEG,463,bucket
train/n02909870/n02909870_17057.JPEG,463,bucket
train/n02909870/n02909870_60452.JPEG,463,bucket
train/n02909870/n02909870_10591.JPEG,463,bucket
train/n02909870/n02909870_17361.JPEG,463,bucket
train/n02909870/n02909870_8291.JPEG,463,bucket
train/n02909870/n02909870_52016.JPEG,463,bucket
train/n02909870/n02909870_20554.JPEG,463,bucket
train/n02909870/n02909870_2714.JPEG,463,bucket
train/n02909870/n02909870_18407.JPEG,463,bucket
train/n02909870/n02909870_8136.JPEG,463,bucket
train/n02909870/n02909870_1567.JPEG,463,bucket
train/n02910353/n02910353_2060.JPEG,464,buckle
train/n02910353/n02910353_977.JPEG,464,buckle
train/n02910353/n02910353_26553.JPEG,464,buckle
train/n02910353/n02910353_11153.JPEG,464,buckle
train/n02910353/n02910353_2414.JPEG,464,buckle
train/n02910353/n02910353_13117.JPEG,464,buckle
train/n02910353/n02910353_6994.JPEG,464,buckle
train/n02910353/n02910353_9089.JPEG,464,buckle
train/n02910353/n02910353_10178.JPEG,464,buckle
train/n02910353/n02910353_7993.JPEG,464,buckle
train/n02910353/n02910353_3913.JPEG,464,buckle
train/n02910353/n02910353_557.JPEG,464,buckle
train/n02910353/n02910353_22867.JPEG,464,buckle
train/n02910353/n02910353_13805.JPEG,464,buckle
train/n02910353/n02910353_12931.JPEG,464,buckle
train/n02910353/n02910353_18294.JPEG,464,buckle
train/n02916936/n02916936_39.JPEG,465,bulletproof vest
train/n02916936/n02916936_3838.JPEG,465,bulletproof vest
train/n02916936/n02916936_6206.JPEG,465,bulletproof vest
train/n02916936/n02916936_2645.JPEG,465,bulletproof vest
train/n02916936/n02916936_5473.JPEG,465,bulletproof vest
train/n02916936/n02916936_5393.JPEG,465,bulletproof vest
train/n02916936/n02916936_5275.JPEG,465,bulletproof vest
train/n02916936/n02916936_2295.JPEG,465,bulletproof vest
train/n02916936/n02916936_12681.JPEG,465,bulletproof vest
train/n02916936/n02916936_3180.JPEG,465,bulletproof vest
train/n02916936/n02916936_1198.JPEG,465,bulletproof vest
train/n02916936/n02916936_493.JPEG,465,bulletproof vest
train/n02916936/n02916936_3058.JPEG,465,bulletproof vest
train/n02916936/n02916936_7284.JPEG,465,bulletproof vest
train/n02916936/n02916936_2510.JPEG,465,bulletproof vest
train/n02916936/n02916936_3362.JPEG,465,bulletproof vest
train/n02917067/n02917067_4662.JPEG,466,high-speed train
train/n02917067/n02917067_2056.JPEG,466,high-speed train
train/n02917067/n02917067_16342.JPEG,466,high-speed train
train/n02917067/n02917067_17902.JPEG,466,high-speed train
train/n02917067/n02917067_16075.JPEG,466,high-speed train
train/n02917067/n02917067_299.JPEG,466,high-speed train
train/n02917067/n02917067_10496.JPEG,466,high-speed train
train/n02917067/n02917067_14564.JPEG,466,high-speed train
train/n02917067/n02917067_3129.JPEG,466,high-speed train
train/n02917067/n02917067_762.JPEG,466,high-speed train
train/n02917067/n02917067_5387.JPEG,466,high-speed train
train/n02917067/n02917067_17678.JPEG,466,high-speed train
train/n02917067/n02917067_19567.JPEG,466,high-speed train
train/n02917067/n02917067_17980.JPEG,466,high-speed train
train/n02917067/n02917067_14622.JPEG,466,high-speed train
train/n02917067/n02917067_8415.JPEG,466,high-speed train
train/n02927161/n02927161_18098.JPEG,467,butcher shop
train/n02927161/n02927161_3898.JPEG,467,butcher shop
train/n02927161/n02927161_20560.JPEG,467,butcher shop
train/n02927161/n02927161_22012.JPEG,467,butcher shop
train/n02927161/n02927161_10118.JPEG,467,butcher shop
train/n02927161/n02927161_14380.JPEG,467,butcher shop
train/n02927161/n02927161_40772.JPEG,467,butcher shop
train/n02927161/n02927161_6770.JPEG,467,butcher shop
train/n02927161/n02927161_21165.JPEG,467,butcher shop
train/n02927161/n02927161_9074.JPEG,467,butcher shop
train/n02927161/n02927161_23570.JPEG,467,butcher shop
train/n02927161/n02927161_41623.JPEG,467,butcher shop
train/n02927161/n02927161_23440.JPEG,467,butcher shop
train/n02927161/n02927161_2727.JPEG,467,butcher shop
train/n02927161/n02927161_5391.JPEG,467,butcher shop
train/n02927161/n02927161_6652.JPEG,467,butcher shop
train/n02930766/n02930766_30369.JPEG,468,taxicab
train/n02930766/n02930766_40612.JPEG,468,taxicab
train/n02930766/n02930766_1672.JPEG,468,taxicab
train/n02930766/n02930766_18693.JPEG,468,taxicab
train/n02930766/n02930766_21935.JPEG,468,taxicab
train/n02930766/n02930766_9816.JPEG,468,taxicab
train/n02930766/n02930766_23334.JPEG,468,taxicab
train/n02930766/n02930766_36133.JPEG,468,taxicab
train/n02930766/n02930766_5394.JPEG,468,taxicab
train/n02930766/n02930766_23538.JPEG,468,taxicab
train/n02930766/n02930766_4284.JPEG,468,taxicab
train/n02930766/n02930766_36629.JPEG,468,taxicab
train/n02930766/n02930766_3178.JPEG,468,taxicab
train/n02930766/n02930766_27294.JPEG,468,taxicab
train/n02930766/n02930766_4759.JPEG,468,taxicab
train/n02930766/n02930766_21656.JPEG,468,taxicab
train/n02939185/n02939185_36167.JPEG,469,cauldron
train/n02939185/n02939185_226.JPEG,469,cauldron
train/n02939185/n02939185_15589.JPEG,469,cauldron
train/n02939185/n02939185_35746.JPEG,469,cauldron
train/n02939185/n02939185_19885.JPEG,469,cauldron
train/n02939185/n02939185_38876.JPEG,469,cauldron
train/n02939185/n02939185_7340.JPEG,469,cauldron
train/n02939185/n02939185_13522.JPEG,469,cauldron
train/n02939185/n02939185_15791.JPEG,469,cauldron
train/n02939185/n02939185_3130.JPEG,469,cauldron
train/n02939185/n02939185_9599.JPEG,469,cauldron
train/n02939185/n02939185_7082.JPEG,469,cauldron
train/n02939185/n02939185_2749.JPEG,469,cauldron
train/n02939185/n02939185_664.JPEG,469,cauldron
train/n02939185/n02939185_36149.JPEG,469,cauldron
train/n02939185/n02939185_40344.JPEG,469,cauldron
train/n02948072/n02948072_23102.JPEG,470,candle
train/n02948072/n02948072_2466.JPEG,470,candle
train/n02948072/n02948072_4815.JPEG,470,candle
train/n02948072/n02948072_34803.JPEG,470,candle
train/n02948072/n02948072_43304.JPEG,470,candle
train/n02948072/n02948072_33573.JPEG,470,candle
train/n02948072/n02948072_12465.JPEG,470,candle
train/n02948072/n02948072_29964.JPEG,470,candle
train/n02948072/n02948072_18125.JPEG,470,candle
train/n02948072/n02948072_17583.JPEG,470,candle
train/n02948072/n02948072_43962.JPEG,470,candle
train/n02948072/n02948072_23585.JPEG,470,candle
train/n02948072/n02948072_4503.JPEG,470,candle
train/n02948072/n02948072_19802.JPEG,470,candle
train/n02948072/n02948072_49873.JPEG,470,candle
train/n02948072/n02948072_8315.JPEG,470,candle
train/n02950826/n02950826_4759.JPEG,471,cannon
train/n02950826/n02950826_18200.JPEG,471,cannon
train/n02950826/n02950826_15788.JPEG,471,cannon
train/n02950826/n02950826_4357.JPEG,471,cannon
train/n02950826/n02950826_5307.JPEG,471,cannon
train/n02950826/n02950826_17311.JPEG,471,cannon
train/n02950826/n02950826_2458.JPEG,471,cannon
train/n02950826/n02950826_14668.JPEG,471,cannon
train/n02950826/n02950826_4781.JPEG,471,cannon
train/n02950826/n02950826_19826.JPEG,471,cannon
train/n02950826/n02950826_14182.JPEG,471,cannon
train/n02950826/n02950826_202.JPEG,471,cannon
train/n02950826/n02950826_12017.JPEG,471,cannon
train/n02950826/n02950826_9689.JPEG,471,cannon
train/n02950826/n02950826_32749.JPEG,471,cannon
train/n02950826/n02950826_1999.JPEG,471,cannon
train/n02951358/n02951358_30116.JPEG,472,canoe
train/n02951358/n02951358_6038.JPEG,472,canoe
train/n02951358/n02951358_4726.JPEG,472,canoe
train/n02951358/n02951358_30467.JPEG,472,canoe
train/n02951358/n02951358_3046.JPEG,472,canoe
train/n02951358/n02951358_3646.JPEG,472,canoe
train/n02951358/n02951358_22867.JPEG,472,canoe
train/n02951358/n02951358_55.JPEG,472,canoe
train/n02951358/n02951358_34782.JPEG,472,canoe
train/n02951358/n02951358_13412.JPEG,472,canoe
train/n02951358/n02951358_16134.JPEG,472,canoe
train/n02951358/n02951358_5666.JPEG,472,canoe
train/n02951358/n02951358_31775.JPEG,472,canoe
train/n02951358/n02951358_29645.JPEG,472,canoe
train/n02951358/n02951358_461.JPEG,472,canoe
train/n02951358/n02951358_12373.JPEG,472,canoe
train/n02951585/n02951585_909.JPEG,473,can opener
train/n02951585/n02951585_19473.JPEG,473,can opener
train/n02951585/n02951585_13840.JPEG,473,can opener
train/n02951585/n02951585_32113.JPEG,473,can opener
train/n02951585/n02951585_29544.JPEG,473,can opener
train/n02951585/n02951585_7213.JPEG,473,can opener
train/n02951585/n02951585_17568.JPEG,473,can opener
train/n02951585/n02951585_19779.JPEG,473,can opener
train/n02951585/n02951585_10039.JPEG,473,can opener
train/n02951585/n02951585_4880.JPEG,473,can opener
train/n02951585/n02951585_18322.JPEG,473,can opener
train/n02951585/n02951585_8876.JPEG,473,can opener
train/n02951585/n02951585_32366.JPEG,473,can opener
train/n02951585/n02951585_922.JPEG,473,can opener
train/n02951585/n02951585_9200.JPEG,473,can opener
train/n02951585/n02951585_12873.JPEG,473,can opener
train/n02963159/n02963159_10755.JPEG,474,cardigan
train/n02963159/n02963159_618.JPEG,474,cardigan
train/n02963159/n02963159_9314.JPEG,474,cardigan
train/n02963159/n02963159_5832.JPEG,474,cardigan
train/n02963159/n02963159_11053.JPEG,474,cardigan
train/n02963159/n02963159_2103.JPEG,474,cardigan
train/n02963159/n02963159_7257.JPEG,474,cardigan
train/n02963159/n02963159_3226.JPEG,474,cardigan
train/n02963159/n02963159_14108.JPEG,474,cardigan
train/n02963159/n02963159_7094.JPEG,474,cardigan
train/n02963159/n02963159_3875.JPEG,474,cardigan
train/n02963159/n02963159_1820.JPEG,474,cardigan
train/n02963159/n02963159_4654.JPEG,474,cardigan
train/n02963159/n02963159_255.JPEG,474,cardigan
train/n02963159/n02963159_20208.JPEG,474,cardigan
train/n02963159/n02963159_4581.JPEG,474,cardigan
train/n02965783/n02965783_5799.JPEG,475,car mirror
train/n02965783/n02965783_7969.JPEG,475,car mirror
train/n02965783/n02965783_6114.JPEG,475,car mirror
train/n02965783/n02965783_2291.JPEG,475,car mirror
train/n02965783/n02965783_3281.JPEG,475,car mirror
train/n02965783/n02965783_2741.JPEG,475,car mirror
train/n02965783/n02965783_6693.JPEG,475,car mirror
train/n02965783/n02965783_642.JPEG,475,car mirror
train/n02965783/n02965783_4814.JPEG,475,car mirror
train/n02965783/n02965783_251.JPEG,475,car mirror
train/n02965783/n02965783_681.JPEG,475,car mirror
train/n02965783/n02965783_2660.JPEG,475,car mirror
train/n02965783/n02965783_1359.JPEG,475,car mirror
train/n02965783/n02965783_1613.JPEG,475,car mirror
train/n02965783/n02965783_5408.JPEG,475,car mirror
train/n02965783/n02965783_4521.JPEG,475,car mirror
train/n02966193/n02966193_19485.JPEG,476,carousel
train/n02966193/n02966193_11001.JPEG,476,carousel
train/n02966193/n02966193_25389.JPEG,476,carousel
train/n02966193/n02966193_46555.JPEG,476,carousel
train/n02966193/n02966193_6726.JPEG,476,carousel
train/n02966193/n02966193_37559.JPEG,476,carousel
train/n02966193/n02966193_25922.JPEG,476,carousel
train/n02966193/n02966193_23447.JPEG,476,carousel
train/n02966193/n02966193_84136.JPEG,476,carousel
train/n02966193/n02966193_37251.JPEG,476,carousel
train/n02966193/n02966193_15531.JPEG,476,carousel
train/n02966193/n02966193_38410.JPEG,476,carousel
train/n02966193/n02966193_49367.JPEG,476,carousel
train/n02966193/n02966193_43076.JPEG,476,carousel
train/n02966193/n02966193_3187.JPEG,476,carousel
train/n02966193/n02966193_84427.JPEG,476,carousel
train/n02966687/n02966687_9443.JPEG,477,tool kit
train/n02966687/n02966687_9051.JPEG,477,tool kit
train/n02966687/n02966687_2624.JPEG,477,tool kit
train/n02966687/n02966687_6236.JPEG,477,tool kit
train/n02966687/n02966687_8801.JPEG,477,tool kit
train/n02966687/n02966687_8876.JPEG,477,tool kit
train/n02966687/n02966687_12648.JPEG,477,tool kit
train/n02966687/n02966687_9686.JPEG,477,tool kit
train/n02966687/n02966687_7055.JPEG,477,tool kit
train/n02966687/n02966687_8363.JPEG,477,tool kit
train/n02966687/n02966687_1359.JPEG,477,tool kit
train/n02966687/n02966687_2695.JPEG,477,tool kit
train/n02966687/n02966687_1351.JPEG,477,tool kit
train/n02966687/n02966687_12236.JPEG,477,tool kit
train/n02966687/n02966687_1792.JPEG,477,tool kit
train/n02966687/n02966687_17507.JPEG,477,tool kit
train/n02971356/n02971356_15429.JPEG,478,cardboard box / carton
train/n02971356/n02971356_24.JPEG,478,cardboard box / carton
train/n02971356/n02971356_32227.JPEG,478,cardboard box / carton
train/n02971356/n02971356_26445.JPEG,478,cardboard box / carton
train/n02971356/n02971356_26068.JPEG,478,cardboard box / carton
train/n02971356/n02971356_26668.JPEG,478,cardboard box / carton
train/n02971356/n02971356_26073.JPEG,478,cardboard box / carton
train/n02971356/n02971356_21034.JPEG,478,cardboard box / carton
train/n02971356/n02971356_3143.JPEG,478,cardboard box / carton
train/n02971356/n02971356_23598.JPEG,478,cardboard box / carton
train/n02971356/n02971356_17012.JPEG,478,cardboard box / carton
train/n02971356/n02971356_16303.JPEG,478,cardboard box / carton
train/n02971356/n02971356_6602.JPEG,478,cardboard box / carton
train/n02971356/n02971356_14577.JPEG,478,cardboard box / carton
train/n02971356/n02971356_16302.JPEG,478,cardboard box / carton
train/n02971356/n02971356_2539.JPEG,478,cardboard box / carton
train/n02974003/n02974003_5665.JPEG,479,car wheel
train/n02974003/n02974003_7427.JPEG,479,car wheel
train/n02974003/n02974003_4719.JPEG,479,car wheel
train/n02974003/n02974003_1848.JPEG,479,car wheel
train/n02974003/n02974003_1822.JPEG,479,car wheel
train/n02974003/n02974003_1046.JPEG,479,car wheel
train/n02974003/n02974003_1973.JPEG,479,car wheel
train/n02974003/n02974003_8212.JPEG,479,car wheel
train/n02974003/n02974003_7940.JPEG,479,car wheel
train/n02974003/n02974003_1721.JPEG,479,car wheel
train/n02974003/n02974003_4953.JPEG,479,car wheel
train/n02974003/n02974003_7603.JPEG,479,car wheel
train/n02974003/n02974003_1526.JPEG,479,car wheel
train/n02974003/n02974003_2067.JPEG,479,car wheel
train/n02974003/n02974003_17688.JPEG,479,car wheel
train/n02974003/n02974003_6851.JPEG,479,car wheel
train/n02977058/n02977058_6997.JPEG,480,automated teller machine
train/n02977058/n02977058_22692.JPEG,480,automated teller machine
train/n02977058/n02977058_8419.JPEG,480,automated teller machine
train/n02977058/n02977058_476.JPEG,480,automated teller machine
train/n02977058/n02977058_1680.JPEG,480,automated teller machine
train/n02977058/n02977058_22974.JPEG,480,automated teller machine
train/n02977058/n02977058_26150.JPEG,480,automated teller machine
train/n02977058/n02977058_25109.JPEG,480,automated teller machine
train/n02977058/n02977058_20015.JPEG,480,automated teller machine
train/n02977058/n02977058_2020.JPEG,480,automated teller machine
train/n02977058/n02977058_34495.JPEG,480,automated teller machine
train/n02977058/n02977058_13296.JPEG,480,automated teller machine
train/n02977058/n02977058_26676.JPEG,480,automated teller machine
train/n02977058/n02977058_22883.JPEG,480,automated teller machine
train/n02977058/n02977058_28945.JPEG,480,automated teller machine
train/n02977058/n02977058_3417.JPEG,480,automated teller machine
train/n02978881/n02978881_979.JPEG,481,cassette
train/n02978881/n02978881_8359.JPEG,481,cassette
train/n02978881/n02978881_4218.JPEG,481,cassette
train/n02978881/n02978881_2598.JPEG,481,cassette
train/n02978881/n02978881_8193.JPEG,481,cassette
train/n02978881/n02978881_2713.JPEG,481,cassette
train/n02978881/n02978881_4705.JPEG,481,cassette
train/n02978881/n02978881_6657.JPEG,481,cassette
train/n02978881/n02978881_12388.JPEG,481,cassette
train/n02978881/n02978881_7806.JPEG,481,cassette
train/n02978881/n02978881_8575.JPEG,481,cassette
train/n02978881/n02978881_4106.JPEG,481,cassette
train/n02978881/n02978881_10898.JPEG,481,cassette
train/n02978881/n02978881_4844.JPEG,481,cassette
train/n02978881/n02978881_9405.JPEG,481,cassette
train/n02978881/n02978881_5257.JPEG,481,cassette
train/n02979186/n02979186_13086.JPEG,482,cassette player
train/n02979186/n02979186_20619.JPEG,482,cassette player
train/n02979186/n02979186_10866.JPEG,482,cassette player
train/n02979186/n02979186_14137.JPEG,482,cassette player
train/n02979186/n02979186_17460.JPEG,482,cassette player
train/n02979186/n02979186_21784.JPEG,482,cassette player
train/n02979186/n02979186_603.JPEG,482,cassette player
train/n02979186/n02979186_10675.JPEG,482,cassette player
train/n02979186/n02979186_14428.JPEG,482,cassette player
train/n02979186/n02979186_15188.JPEG,482,cassette player
train/n02979186/n02979186_3182.JPEG,482,cassette player
train/n02979186/n02979186_13873.JPEG,482,cassette player
train/n02979186/n02979186_9910.JPEG,482,cassette player
train/n02979186/n02979186_7166.JPEG,482,cassette player
train/n02979186/n02979186_2889.JPEG,482,cassette player
train/n02979186/n02979186_5433.JPEG,482,cassette player
train/n02980441/n02980441_2588.JPEG,483,castle
train/n02980441/n02980441_10506.JPEG,483,castle
train/n02980441/n02980441_1913.JPEG,483,castle
train/n02980441/n02980441_31728.JPEG,483,castle
train/n02980441/n02980441_1800.JPEG,483,castle
train/n02980441/n02980441_17787.JPEG,483,castle
train/n02980441/n02980441_11576.JPEG,483,castle
train/n02980441/n02980441_10614.JPEG,483,castle
train/n02980441/n02980441_6032.JPEG,483,castle
train/n02980441/n02980441_7015.JPEG,483,castle
train/n02980441/n02980441_3730.JPEG,483,castle
train/n02980441/n02980441_32064.JPEG,483,castle
train/n02980441/n02980441_18340.JPEG,483,castle
train/n02980441/n02980441_9098.JPEG,483,castle
train/n02980441/n02980441_1776.JPEG,483,castle
train/n02980441/n02980441_6690.JPEG,483,castle
train/n02981792/n02981792_11671.JPEG,484,catamaran
train/n02981792/n02981792_4026.JPEG,484,catamaran
train/n02981792/n02981792_4873.JPEG,484,catamaran
train/n02981792/n02981792_9014.JPEG,484,catamaran
train/n02981792/n02981792_10723.JPEG,484,catamaran
train/n02981792/n02981792_6083.JPEG,484,catamaran
train/n02981792/n02981792_21288.JPEG,484,catamaran
train/n02981792/n02981792_23197.JPEG,484,catamaran
train/n02981792/n02981792_23421.JPEG,484,catamaran
train/n02981792/n02981792_22872.JPEG,484,catamaran
train/n02981792/n02981792_11934.JPEG,484,catamaran
train/n02981792/n02981792_8754.JPEG,484,catamaran
train/n02981792/n02981792_18107.JPEG,484,catamaran
train/n02981792/n02981792_24943.JPEG,484,catamaran
train/n02981792/n02981792_10308.JPEG,484,catamaran
train/n02981792/n02981792_13136.JPEG,484,catamaran
train/n02988304/n02988304_13950.JPEG,485,CD player
train/n02988304/n02988304_9139.JPEG,485,CD player
train/n02988304/n02988304_17000.JPEG,485,CD player
train/n02988304/n02988304_1940.JPEG,485,CD player
train/n02988304/n02988304_5600.JPEG,485,CD player
train/n02988304/n02988304_7728.JPEG,485,CD player
train/n02988304/n02988304_6736.JPEG,485,CD player
train/n02988304/n02988304_6994.JPEG,485,CD player
train/n02988304/n02988304_19229.JPEG,485,CD player
train/n02988304/n02988304_17627.JPEG,485,CD player
train/n02988304/n02988304_10750.JPEG,485,CD player
train/n02988304/n02988304_13746.JPEG,485,CD player
train/n02988304/n02988304_13260.JPEG,485,CD player
train/n02988304/n02988304_11013.JPEG,485,CD player
train/n02988304/n02988304_11110.JPEG,485,CD player
train/n02988304/n02988304_5607.JPEG,485,CD player
train/n02992211/n02992211_6136.JPEG,486,cello
train/n02992211/n02992211_50317.JPEG,486,cello
train/n02992211/n02992211_31107.JPEG,486,cello
train/n02992211/n02992211_28998.JPEG,486,cello
train/n02992211/n02992211_6942.JPEG,486,cello
train/n02992211/n02992211_25979.JPEG,486,cello
train/n02992211/n02992211_26482.JPEG,486,cello
train/n02992211/n02992211_2401.JPEG,486,cello
train/n02992211/n02992211_28249.JPEG,486,cello
train/n02992211/n02992211_26946.JPEG,486,cello
train/n02992211/n02992211_31607.JPEG,486,cello
train/n02992211/n02992211_38134.JPEG,486,cello
train/n02992211/n02992211_5539.JPEG,486,cello
train/n02992211/n02992211_35629.JPEG,486,cello
train/n02992211/n02992211_30792.JPEG,486,cello
train/n02992211/n02992211_33596.JPEG,486,cello
train/n02992529/n02992529_44688.JPEG,487,mobile phone
train/n02992529/n02992529_6808.JPEG,487,mobile phone
train/n02992529/n02992529_26724.JPEG,487,mobile phone
train/n02992529/n02992529_32344.JPEG,487,mobile phone
train/n02992529/n02992529_17838.JPEG,487,mobile phone
train/n02992529/n02992529_5008.JPEG,487,mobile phone
train/n02992529/n02992529_4843.JPEG,487,mobile phone
train/n02992529/n02992529_44179.JPEG,487,mobile phone
train/n02992529/n02992529_5293.JPEG,487,mobile phone
train/n02992529/n02992529_1784.JPEG,487,mobile phone
train/n02992529/n02992529_47508.JPEG,487,mobile phone
train/n02992529/n02992529_8966.JPEG,487,mobile phone
train/n02992529/n02992529_31417.JPEG,487,mobile phone
train/n02992529/n02992529_21694.JPEG,487,mobile phone
train/n02992529/n02992529_24644.JPEG,487,mobile phone
train/n02992529/n02992529_5057.JPEG,487,mobile phone
train/n02999410/n02999410_1065.JPEG,488,chain
train/n02999410/n02999410_12094.JPEG,488,chain
train/n02999410/n02999410_36055.JPEG,488,chain
train/n02999410/n02999410_5466.JPEG,488,chain
train/n02999410/n02999410_39271.JPEG,488,chain
train/n02999410/n02999410_5994.JPEG,488,chain
train/n02999410/n02999410_12332.JPEG,488,chain
train/n02999410/n02999410_51163.JPEG,488,chain
train/n02999410/n02999410_13741.JPEG,488,chain
train/n02999410/n02999410_6946.JPEG,488,chain
train/n02999410/n02999410_2338.JPEG,488,chain
train/n02999410/n02999410_10231.JPEG,488,chain
train/n02999410/n02999410_19982.JPEG,488,chain
train/n02999410/n02999410_13195.JPEG,488,chain
train/n02999410/n02999410_982.JPEG,488,chain
train/n02999410/n02999410_12021.JPEG,488,chain
train/n03000134/n03000134_1989.JPEG,489,chain-link fence
train/n03000134/n03000134_3653.JPEG,489,chain-link fence
train/n03000134/n03000134_1386.JPEG,489,chain-link fence
train/n03000134/n03000134_261.JPEG,489,chain-link fence
train/n03000134/n03000134_2893.JPEG,489,chain-link fence
train/n03000134/n03000134_2074.JPEG,489,chain-link fence
train/n03000134/n03000134_1153.JPEG,489,chain-link fence
train/n03000134/n03000134_916.JPEG,489,chain-link fence
train/n03000134/n03000134_234.JPEG,489,chain-link fence
train/n03000134/n03000134_3300.JPEG,489,chain-link fence
train/n03000134/n03000134_2311.JPEG,489,chain-link fence
train/n03000134/n03000134_1195.JPEG,489,chain-link fence
train/n03000134/n03000134_1812.JPEG,489,chain-link fence
train/n03000134/n03000134_2818.JPEG,489,chain-link fence
train/n03000134/n03000134_4843.JPEG,489,chain-link fence
train/n03000134/n03000134_2514.JPEG,489,chain-link fence
train/n03000247/n03000247_10067.JPEG,490,chain mail
train/n03000247/n03000247_909.JPEG,490,chain mail
train/n03000247/n03000247_1973.JPEG,490,chain mail
train/n03000247/n03000247_853.JPEG,490,chain mail
train/n03000247/n03000247_30287.JPEG,490,chain mail
train/n03000247/n03000247_72279.JPEG,490,chain mail
train/n03000247/n03000247_16878.JPEG,490,chain mail
train/n03000247/n03000247_46746.JPEG,490,chain mail
train/n03000247/n03000247_13765.JPEG,490,chain mail
train/n03000247/n03000247_23568.JPEG,490,chain mail
train/n03000247/n03000247_20830.JPEG,490,chain mail
train/n03000247/n03000247_32855.JPEG,490,chain mail
train/n03000247/n03000247_32986.JPEG,490,chain mail
train/n03000247/n03000247_37972.JPEG,490,chain mail
train/n03000247/n03000247_3686.JPEG,490,chain mail
train/n03000247/n03000247_6879.JPEG,490,chain mail
train/n03000684/n03000684_225.JPEG,491,chainsaw
train/n03000684/n03000684_14128.JPEG,491,chainsaw
train/n03000684/n03000684_8103.JPEG,491,chainsaw
train/n03000684/n03000684_5045.JPEG,491,chainsaw
train/n03000684/n03000684_2421.JPEG,491,chainsaw
train/n03000684/n03000684_7573.JPEG,491,chainsaw
train/n03000684/n03000684_7128.JPEG,491,chainsaw
train/n03000684/n03000684_15441.JPEG,491,chainsaw
train/n03000684/n03000684_35403.JPEG,491,chainsaw
train/n03000684/n03000684_13813.JPEG,491,chainsaw
train/n03000684/n03000684_24620.JPEG,491,chainsaw
train/n03000684/n03000684_1040.JPEG,491,chainsaw
train/n03000684/n03000684_14997.JPEG,491,chainsaw
train/n03000684/n03000684_515.JPEG,491,chainsaw
train/n03000684/n03000684_672.JPEG,491,chainsaw
train/n03000684/n03000684_31982.JPEG,491,chainsaw
train/n03014705/n03014705_13749.JPEG,492,storage chest
train/n03014705/n03014705_16296.JPEG,492,storage chest
train/n03014705/n03014705_10054.JPEG,492,storage chest
train/n03014705/n03014705_12479.JPEG,492,storage chest
train/n03014705/n03014705_1755.JPEG,492,storage chest
train/n03014705/n03014705_7606.JPEG,492,storage chest
train/n03014705/n03014705_40471.JPEG,492,storage chest
train/n03014705/n03014705_26970.JPEG,492,storage chest
train/n03014705/n03014705_21752.JPEG,492,storage chest
train/n03014705/n03014705_12954.JPEG,492,storage chest
train/n03014705/n03014705_17672.JPEG,492,storage chest
train/n03014705/n03014705_2906.JPEG,492,storage chest
train/n03014705/n03014705_46948.JPEG,492,storage chest
train/n03014705/n03014705_329.JPEG,492,storage chest
train/n03014705/n03014705_19177.JPEG,492,storage chest
train/n03014705/n03014705_14386.JPEG,492,storage chest
train/n03016953/n03016953_9639.JPEG,493,chiffonier
train/n03016953/n03016953_13773.JPEG,493,chiffonier
train/n03016953/n03016953_39199.JPEG,493,chiffonier
train/n03016953/n03016953_13956.JPEG,493,chiffonier
train/n03016953/n03016953_40476.JPEG,493,chiffonier
train/n03016953/n03016953_8831.JPEG,493,chiffonier
train/n03016953/n03016953_2264.JPEG,493,chiffonier
train/n03016953/n03016953_37722.JPEG,493,chiffonier
train/n03016953/n03016953_3432.JPEG,493,chiffonier
train/n03016953/n03016953_25896.JPEG,493,chiffonier
train/n03016953/n03016953_45930.JPEG,493,chiffonier
train/n03016953/n03016953_8901.JPEG,493,chiffonier
train/n03016953/n03016953_4528.JPEG,493,chiffonier
train/n03016953/n03016953_2844.JPEG,493,chiffonier
train/n03016953/n03016953_11953.JPEG,493,chiffonier
train/n03016953/n03016953_958.JPEG,493,chiffonier
train/n03017168/n03017168_39160.JPEG,494,bell or wind chime
train/n03017168/n03017168_44460.JPEG,494,bell or wind chime
train/n03017168/n03017168_21186.JPEG,494,bell or wind chime
train/n03017168/n03017168_71567.JPEG,494,bell or wind chime
train/n03017168/n03017168_70377.JPEG,494,bell or wind chime
train/n03017168/n03017168_83128.JPEG,494,bell or wind chime
train/n03017168/n03017168_5660.JPEG,494,bell or wind chime
train/n03017168/n03017168_70079.JPEG,494,bell or wind chime
train/n03017168/n03017168_10459.JPEG,494,bell or wind chime
train/n03017168/n03017168_40190.JPEG,494,bell or wind chime
train/n03017168/n03017168_53604.JPEG,494,bell or wind chime
train/n03017168/n03017168_5453.JPEG,494,bell or wind chime
train/n03017168/n03017168_23682.JPEG,494,bell or wind chime
train/n03017168/n03017168_23704.JPEG,494,bell or wind chime
train/n03017168/n03017168_15689.JPEG,494,bell or wind chime
train/n03017168/n03017168_81910.JPEG,494,bell or wind chime
train/n03018349/n03018349_709.JPEG,495,china cabinet
train/n03018349/n03018349_2886.JPEG,495,china cabinet
train/n03018349/n03018349_6270.JPEG,495,china cabinet
train/n03018349/n03018349_4985.JPEG,495,china cabinet
train/n03018349/n03018349_3923.JPEG,495,china cabinet
train/n03018349/n03018349_2177.JPEG,495,china cabinet
train/n03018349/n03018349_9581.JPEG,495,china cabinet
train/n03018349/n03018349_14812.JPEG,495,china cabinet
train/n03018349/n03018349_6923.JPEG,495,china cabinet
train/n03018349/n03018349_2834.JPEG,495,china cabinet
train/n03018349/n03018349_3974.JPEG,495,china cabinet
train/n03018349/n03018349_7627.JPEG,495,china cabinet
train/n03018349/n03018349_9905.JPEG,495,china cabinet
train/n03018349/n03018349_2332.JPEG,495,china cabinet
train/n03018349/n03018349_8130.JPEG,495,china cabinet
train/n03018349/n03018349_7804.JPEG,495,china cabinet
train/n03026506/n03026506_1620.JPEG,496,Christmas stocking
train/n03026506/n03026506_5213.JPEG,496,Christmas stocking
train/n03026506/n03026506_4487.JPEG,496,Christmas stocking
train/n03026506/n03026506_4253.JPEG,496,Christmas stocking
train/n03026506/n03026506_231.JPEG,496,Christmas stocking
train/n03026506/n03026506_1221.JPEG,496,Christmas stocking
train/n03026506/n03026506_2264.JPEG,496,Christmas stocking
train/n03026506/n03026506_3148.JPEG,496,Christmas stocking
train/n03026506/n03026506_2714.JPEG,496,Christmas stocking
train/n03026506/n03026506_2963.JPEG,496,Christmas stocking
train/n03026506/n03026506_3378.JPEG,496,Christmas stocking
train/n03026506/n03026506_972.JPEG,496,Christmas stocking
train/n03026506/n03026506_3880.JPEG,496,Christmas stocking
train/n03026506/n03026506_3596.JPEG,496,Christmas stocking
train/n03026506/n03026506_3069.JPEG,496,Christmas stocking
train/n03026506/n03026506_3424.JPEG,496,Christmas stocking
train/n03028079/n03028079_22537.JPEG,497,church
train/n03028079/n03028079_7752.JPEG,497,church
train/n03028079/n03028079_6491.JPEG,497,church
train/n03028079/n03028079_26673.JPEG,497,church
train/n03028079/n03028079_3677.JPEG,497,church
train/n03028079/n03028079_7009.JPEG,497,church
train/n03028079/n03028079_10376.JPEG,497,church
train/n03028079/n03028079_26859.JPEG,497,church
train/n03028079/n03028079_3362.JPEG,497,church
train/n03028079/n03028079_26479.JPEG,497,church
train/n03028079/n03028079_4661.JPEG,497,church
train/n03028079/n03028079_12706.JPEG,497,church
train/n03028079/n03028079_9256.JPEG,497,church
train/n03028079/n03028079_26457.JPEG,497,church
train/n03028079/n03028079_2014.JPEG,497,church
train/n03028079/n03028079_57572.JPEG,497,church
train/n03032252/n03032252_34748.JPEG,498,movie theater
train/n03032252/n03032252_44848.JPEG,498,movie theater
train/n03032252/n03032252_91493.JPEG,498,movie theater
train/n03032252/n03032252_19013.JPEG,498,movie theater
train/n03032252/n03032252_26732.JPEG,498,movie theater
train/n03032252/n03032252_23917.JPEG,498,movie theater
train/n03032252/n03032252_4850.JPEG,498,movie theater
train/n03032252/n03032252_4958.JPEG,498,movie theater
train/n03032252/n03032252_11487.JPEG,498,movie theater
train/n03032252/n03032252_6528.JPEG,498,movie theater
train/n03032252/n03032252_1228.JPEG,498,movie theater
train/n03032252/n03032252_27365.JPEG,498,movie theater
train/n03032252/n03032252_3733.JPEG,498,movie theater
train/n03032252/n03032252_60369.JPEG,498,movie theater
train/n03032252/n03032252_43733.JPEG,498,movie theater
train/n03032252/n03032252_12456.JPEG,498,movie theater
train/n03041632/n03041632_29886.JPEG,499,cleaver
train/n03041632/n03041632_39818.JPEG,499,cleaver
train/n03041632/n03041632_362.JPEG,499,cleaver
train/n03041632/n03041632_78502.JPEG,499,cleaver
train/n03041632/n03041632_36806.JPEG,499,cleaver
train/n03041632/n03041632_12266.JPEG,499,cleaver
train/n03041632/n03041632_44655.JPEG,499,cleaver
train/n03041632/n03041632_12606.JPEG,499,cleaver
train/n03041632/n03041632_24114.JPEG,499,cleaver
train/n03041632/n03041632_24950.JPEG,499,cleaver
train/n03041632/n03041632_26617.JPEG,499,cleaver
train/n03041632/n03041632_48993.JPEG,499,cleaver
train/n03041632/n03041632_30906.JPEG,499,cleaver
train/n03041632/n03041632_39827.JPEG,499,cleaver
train/n03041632/n03041632_81630.JPEG,499,cleaver
train/n03041632/n03041632_15660.JPEG,499,cleaver
train/n03042490/n03042490_1673.JPEG,500,cliff dwelling
train/n03042490/n03042490_7428.JPEG,500,cliff dwelling
train/n03042490/n03042490_7874.JPEG,500,cliff dwelling
train/n03042490/n03042490_1810.JPEG,500,cliff dwelling
train/n03042490/n03042490_2038.JPEG,500,cliff dwelling
train/n03042490/n03042490_6682.JPEG,500,cliff dwelling
train/n03042490/n03042490_12740.JPEG,500,cliff dwelling
train/n03042490/n03042490_37.JPEG,500,cliff dwelling
train/n03042490/n03042490_5521.JPEG,500,cliff dwelling
train/n03042490/n03042490_20242.JPEG,500,cliff dwelling
train/n03042490/n03042490_8833.JPEG,500,cliff dwelling
train/n03042490/n03042490_6388.JPEG,500,cliff dwelling
train/n03042490/n03042490_3507.JPEG,500,cliff dwelling
train/n03042490/n03042490_5977.JPEG,500,cliff dwelling
train/n03042490/n03042490_6387.JPEG,500,cliff dwelling
train/n03042490/n03042490_4574.JPEG,500,cliff dwelling
train/n03045698/n03045698_4200.JPEG,501,cloak
train/n03045698/n03045698_3008.JPEG,501,cloak
train/n03045698/n03045698_2753.JPEG,501,cloak
train/n03045698/n03045698_9740.JPEG,501,cloak
train/n03045698/n03045698_667.JPEG,501,cloak
train/n03045698/n03045698_6506.JPEG,501,cloak
train/n03045698/n03045698_14688.JPEG,501,cloak
train/n03045698/n03045698_9311.JPEG,501,cloak
train/n03045698/n03045698_2207.JPEG,501,cloak
train/n03045698/n03045698_4349.JPEG,501,cloak
train/n03045698/n03045698_3670.JPEG,501,cloak
train/n03045698/n03045698_10328.JPEG,501,cloak
train/n03045698/n03045698_5358.JPEG,501,cloak
train/n03045698/n03045698_10868.JPEG,501,cloak
train/n03045698/n03045698_14265.JPEG,501,cloak
train/n03045698/n03045698_5050.JPEG,501,cloak
train/n03047690/n03047690_8689.JPEG,502,clogs
train/n03047690/n03047690_22110.JPEG,502,clogs
train/n03047690/n03047690_460.JPEG,502,clogs
train/n03047690/n03047690_21893.JPEG,502,clogs
train/n03047690/n03047690_32950.JPEG,502,clogs
train/n03047690/n03047690_20609.JPEG,502,clogs
train/n03047690/n03047690_19404.JPEG,502,clogs
train/n03047690/n03047690_38885.JPEG,502,clogs
train/n03047690/n03047690_13462.JPEG,502,clogs
train/n03047690/n03047690_55259.JPEG,502,clogs
train/n03047690/n03047690_18632.JPEG,502,clogs
train/n03047690/n03047690_14270.JPEG,502,clogs
train/n03047690/n03047690_32963.JPEG,502,clogs
train/n03047690/n03047690_37460.JPEG,502,clogs
train/n03047690/n03047690_5379.JPEG,502,clogs
train/n03047690/n03047690_16752.JPEG,502,clogs
train/n03062245/n03062245_13256.JPEG,503,cocktail shaker
train/n03062245/n03062245_3052.JPEG,503,cocktail shaker
train/n03062245/n03062245_1829.JPEG,503,cocktail shaker
train/n03062245/n03062245_4085.JPEG,503,cocktail shaker
train/n03062245/n03062245_1074.JPEG,503,cocktail shaker
train/n03062245/n03062245_5777.JPEG,503,cocktail shaker
train/n03062245/n03062245_11799.JPEG,503,cocktail shaker
train/n03062245/n03062245_15985.JPEG,503,cocktail shaker
train/n03062245/n03062245_1087.JPEG,503,cocktail shaker
train/n03062245/n03062245_633.JPEG,503,cocktail shaker
train/n03062245/n03062245_872.JPEG,503,cocktail shaker
train/n03062245/n03062245_4999.JPEG,503,cocktail shaker
train/n03062245/n03062245_1100.JPEG,503,cocktail shaker
train/n03062245/n03062245_5438.JPEG,503,cocktail shaker
train/n03062245/n03062245_2365.JPEG,503,cocktail shaker
train/n03062245/n03062245_2634.JPEG,503,cocktail shaker
train/n03063599/n03063599_4204.JPEG,504,coffee mug
train/n03063599/n03063599_4402.JPEG,504,coffee mug
train/n03063599/n03063599_3592.JPEG,504,coffee mug
train/n03063599/n03063599_1893.JPEG,504,coffee mug
train/n03063599/n03063599_1303.JPEG,504,coffee mug
train/n03063599/n03063599_4528.JPEG,504,coffee mug
train/n03063599/n03063599_5488.JPEG,504,coffee mug
train/n03063599/n03063599_2079.JPEG,504,coffee mug
train/n03063599/n03063599_4086.JPEG,504,coffee mug
train/n03063599/n03063599_5296.JPEG,504,coffee mug
train/n03063599/n03063599_2393.JPEG,504,coffee mug
train/n03063599/n03063599_3683.JPEG,504,coffee mug
train/n03063599/n03063599_4116.JPEG,504,coffee mug
train/n03063599/n03063599_3867.JPEG,504,coffee mug
train/n03063599/n03063599_3579.JPEG,504,coffee mug
train/n03063599/n03063599_5072.JPEG,504,coffee mug
train/n03063689/n03063689_1785.JPEG,505,coffeemaker
train/n03063689/n03063689_5884.JPEG,505,coffeemaker
train/n03063689/n03063689_1483.JPEG,505,coffeemaker
train/n03063689/n03063689_8864.JPEG,505,coffeemaker
train/n03063689/n03063689_3464.JPEG,505,coffeemaker
train/n03063689/n03063689_21856.JPEG,505,coffeemaker
train/n03063689/n03063689_17338.JPEG,505,coffeemaker
train/n03063689/n03063689_7679.JPEG,505,coffeemaker
train/n03063689/n03063689_12529.JPEG,505,coffeemaker
train/n03063689/n03063689_16054.JPEG,505,coffeemaker
train/n03063689/n03063689_253.JPEG,505,coffeemaker
train/n03063689/n03063689_10220.JPEG,505,coffeemaker
train/n03063689/n03063689_17420.JPEG,505,coffeemaker
train/n03063689/n03063689_7524.JPEG,505,coffeemaker
train/n03063689/n03063689_2541.JPEG,505,coffeemaker
train/n03063689/n03063689_14850.JPEG,505,coffeemaker
train/n03065424/n03065424_1112.JPEG,506,spiral or coil
train/n03065424/n03065424_15815.JPEG,506,spiral or coil
train/n03065424/n03065424_69937.JPEG,506,spiral or coil
train/n03065424/n03065424_6496.JPEG,506,spiral or coil
train/n03065424/n03065424_24804.JPEG,506,spiral or coil
train/n03065424/n03065424_77005.JPEG,506,spiral or coil
train/n03065424/n03065424_58834.JPEG,506,spiral or coil
train/n03065424/n03065424_61870.JPEG,506,spiral or coil
train/n03065424/n03065424_30673.JPEG,506,spiral or coil
train/n03065424/n03065424_13100.JPEG,506,spiral or coil
train/n03065424/n03065424_18032.JPEG,506,spiral or coil
train/n03065424/n03065424_20342.JPEG,506,spiral or coil
train/n03065424/n03065424_18618.JPEG,506,spiral or coil
train/n03065424/n03065424_6446.JPEG,506,spiral or coil
train/n03065424/n03065424_13430.JPEG,506,spiral or coil
train/n03065424/n03065424_1687.JPEG,506,spiral or coil
train/n03075370/n03075370_3220.JPEG,507,combination lock
train/n03075370/n03075370_5019.JPEG,507,combination lock
train/n03075370/n03075370_17061.JPEG,507,combination lock
train/n03075370/n03075370_6624.JPEG,507,combination lock
train/n03075370/n03075370_4070.JPEG,507,combination lock
train/n03075370/n03075370_10177.JPEG,507,combination lock
train/n03075370/n03075370_7261.JPEG,507,combination lock
train/n03075370/n03075370_2209.JPEG,507,combination lock
train/n03075370/n03075370_8278.JPEG,507,combination lock
train/n03075370/n03075370_4159.JPEG,507,combination lock
train/n03075370/n03075370_2125.JPEG,507,combination lock
train/n03075370/n03075370_3002.JPEG,507,combination lock
train/n03075370/n03075370_3500.JPEG,507,combination lock
train/n03075370/n03075370_4619.JPEG,507,combination lock
train/n03075370/n03075370_6708.JPEG,507,combination lock
train/n03075370/n03075370_20064.JPEG,507,combination lock
train/n03085013/n03085013_24794.JPEG,508,computer keyboard
train/n03085013/n03085013_20699.JPEG,508,computer keyboard
train/n03085013/n03085013_22713.JPEG,508,computer keyboard
train/n03085013/n03085013_233.JPEG,508,computer keyboard
train/n03085013/n03085013_6313.JPEG,508,computer keyboard
train/n03085013/n03085013_18830.JPEG,508,computer keyboard
train/n03085013/n03085013_18964.JPEG,508,computer keyboard
train/n03085013/n03085013_24192.JPEG,508,computer keyboard
train/n03085013/n03085013_21132.JPEG,508,computer keyboard
train/n03085013/n03085013_13829.JPEG,508,computer keyboard
train/n03085013/n03085013_21064.JPEG,508,computer keyboard
train/n03085013/n03085013_21645.JPEG,508,computer keyboard
train/n03085013/n03085013_19603.JPEG,508,computer keyboard
train/n03085013/n03085013_6067.JPEG,508,computer keyboard
train/n03085013/n03085013_23546.JPEG,508,computer keyboard
train/n03085013/n03085013_23247.JPEG,508,computer keyboard
train/n03089624/n03089624_11393.JPEG,509,candy store
train/n03089624/n03089624_9025.JPEG,509,candy store
train/n03089624/n03089624_24382.JPEG,509,candy store
train/n03089624/n03089624_17115.JPEG,509,candy store
train/n03089624/n03089624_14887.JPEG,509,candy store
train/n03089624/n03089624_13897.JPEG,509,candy store
train/n03089624/n03089624_29103.JPEG,509,candy store
train/n03089624/n03089624_26034.JPEG,509,candy store
train/n03089624/n03089624_62007.JPEG,509,candy store
train/n03089624/n03089624_6860.JPEG,509,candy store
train/n03089624/n03089624_7036.JPEG,509,candy store
train/n03089624/n03089624_16336.JPEG,509,candy store
train/n03089624/n03089624_151.JPEG,509,candy store
train/n03089624/n03089624_368.JPEG,509,candy store
train/n03089624/n03089624_36376.JPEG,509,candy store
train/n03089624/n03089624_9628.JPEG,509,candy store
train/n03095699/n03095699_27677.JPEG,510,container ship
train/n03095699/n03095699_25729.JPEG,510,container ship
train/n03095699/n03095699_5553.JPEG,510,container ship
train/n03095699/n03095699_25851.JPEG,510,container ship
train/n03095699/n03095699_22942.JPEG,510,container ship
train/n03095699/n03095699_8056.JPEG,510,container ship
train/n03095699/n03095699_32749.JPEG,510,container ship
train/n03095699/n03095699_10511.JPEG,510,container ship
train/n03095699/n03095699_19429.JPEG,510,container ship
train/n03095699/n03095699_796.JPEG,510,container ship
train/n03095699/n03095699_27146.JPEG,510,container ship
train/n03095699/n03095699_10806.JPEG,510,container ship
train/n03095699/n03095699_20562.JPEG,510,container ship
train/n03095699/n03095699_438.JPEG,510,container ship
train/n03095699/n03095699_13154.JPEG,510,container ship
train/n03095699/n03095699_33555.JPEG,510,container ship
train/n03100240/n03100240_14166.JPEG,511,convertible
train/n03100240/n03100240_13673.JPEG,511,convertible
train/n03100240/n03100240_24331.JPEG,511,convertible
train/n03100240/n03100240_8787.JPEG,511,convertible
train/n03100240/n03100240_8113.JPEG,511,convertible
train/n03100240/n03100240_18178.JPEG,511,convertible
train/n03100240/n03100240_22398.JPEG,511,convertible
train/n03100240/n03100240_5269.JPEG,511,convertible
train/n03100240/n03100240_205.JPEG,511,convertible
train/n03100240/n03100240_24001.JPEG,511,convertible
train/n03100240/n03100240_17966.JPEG,511,convertible
train/n03100240/n03100240_5488.JPEG,511,convertible
train/n03100240/n03100240_8256.JPEG,511,convertible
train/n03100240/n03100240_5093.JPEG,511,convertible
train/n03100240/n03100240_203.JPEG,511,convertible
train/n03100240/n03100240_8987.JPEG,511,convertible
train/n03109150/n03109150_16476.JPEG,512,corkscrew
train/n03109150/n03109150_3914.JPEG,512,corkscrew
train/n03109150/n03109150_12859.JPEG,512,corkscrew
train/n03109150/n03109150_28029.JPEG,512,corkscrew
train/n03109150/n03109150_11961.JPEG,512,corkscrew
train/n03109150/n03109150_9903.JPEG,512,corkscrew
train/n03109150/n03109150_45356.JPEG,512,corkscrew
train/n03109150/n03109150_1592.JPEG,512,corkscrew
train/n03109150/n03109150_16738.JPEG,512,corkscrew
train/n03109150/n03109150_26654.JPEG,512,corkscrew
train/n03109150/n03109150_198.JPEG,512,corkscrew
train/n03109150/n03109150_27995.JPEG,512,corkscrew
train/n03109150/n03109150_4339.JPEG,512,corkscrew
train/n03109150/n03109150_27017.JPEG,512,corkscrew
train/n03109150/n03109150_24643.JPEG,512,corkscrew
train/n03109150/n03109150_35887.JPEG,512,corkscrew
train/n03110669/n03110669_102983.JPEG,513,cornet
train/n03110669/n03110669_130159.JPEG,513,cornet
train/n03110669/n03110669_25731.JPEG,513,cornet
train/n03110669/n03110669_102550.JPEG,513,cornet
train/n03110669/n03110669_97859.JPEG,513,cornet
train/n03110669/n03110669_78633.JPEG,513,cornet
train/n03110669/n03110669_27070.JPEG,513,cornet
train/n03110669/n03110669_19422.JPEG,513,cornet
train/n03110669/n03110669_506.JPEG,513,cornet
train/n03110669/n03110669_90746.JPEG,513,cornet
train/n03110669/n03110669_34858.JPEG,513,cornet
train/n03110669/n03110669_58895.JPEG,513,cornet
train/n03110669/n03110669_29953.JPEG,513,cornet
train/n03110669/n03110669_83005.JPEG,513,cornet
train/n03110669/n03110669_124680.JPEG,513,cornet
train/n03110669/n03110669_120039.JPEG,513,cornet
train/n03124043/n03124043_4014.JPEG,514,cowboy boot
train/n03124043/n03124043_7963.JPEG,514,cowboy boot
train/n03124043/n03124043_3040.JPEG,514,cowboy boot
train/n03124043/n03124043_8026.JPEG,514,cowboy boot
train/n03124043/n03124043_5136.JPEG,514,cowboy boot
train/n03124043/n03124043_7809.JPEG,514,cowboy boot
train/n03124043/n03124043_3145.JPEG,514,cowboy boot
train/n03124043/n03124043_4616.JPEG,514,cowboy boot
train/n03124043/n03124043_14046.JPEG,514,cowboy boot
train/n03124043/n03124043_246.JPEG,514,cowboy boot
train/n03124043/n03124043_16243.JPEG,514,cowboy boot
train/n03124043/n03124043_6312.JPEG,514,cowboy boot
train/n03124043/n03124043_8556.JPEG,514,cowboy boot
train/n03124043/n03124043_1452.JPEG,514,cowboy boot
train/n03124043/n03124043_8283.JPEG,514,cowboy boot
train/n03124043/n03124043_31061.JPEG,514,cowboy boot
train/n03124170/n03124170_8693.JPEG,515,cowboy hat
train/n03124170/n03124170_10178.JPEG,515,cowboy hat
train/n03124170/n03124170_5116.JPEG,515,cowboy hat
train/n03124170/n03124170_821.JPEG,515,cowboy hat
train/n03124170/n03124170_5245.JPEG,515,cowboy hat
train/n03124170/n03124170_2076.JPEG,515,cowboy hat
train/n03124170/n03124170_12003.JPEG,515,cowboy hat
train/n03124170/n03124170_4659.JPEG,515,cowboy hat
train/n03124170/n03124170_5252.JPEG,515,cowboy hat
train/n03124170/n03124170_11549.JPEG,515,cowboy hat
train/n03124170/n03124170_8338.JPEG,515,cowboy hat
train/n03124170/n03124170_10543.JPEG,515,cowboy hat
train/n03124170/n03124170_8747.JPEG,515,cowboy hat
train/n03124170/n03124170_8031.JPEG,515,cowboy hat
train/n03124170/n03124170_13140.JPEG,515,cowboy hat
train/n03124170/n03124170_7040.JPEG,515,cowboy hat
train/n03125729/n03125729_862.JPEG,516,cradle
train/n03125729/n03125729_12578.JPEG,516,cradle
train/n03125729/n03125729_694.JPEG,516,cradle
train/n03125729/n03125729_10086.JPEG,516,cradle
train/n03125729/n03125729_7104.JPEG,516,cradle
train/n03125729/n03125729_26290.JPEG,516,cradle
train/n03125729/n03125729_3116.JPEG,516,cradle
train/n03125729/n03125729_7603.JPEG,516,cradle
train/n03125729/n03125729_9053.JPEG,516,cradle
train/n03125729/n03125729_9266.JPEG,516,cradle
train/n03125729/n03125729_12520.JPEG,516,cradle
train/n03125729/n03125729_1695.JPEG,516,cradle
train/n03125729/n03125729_2217.JPEG,516,cradle
train/n03125729/n03125729_5345.JPEG,516,cradle
train/n03125729/n03125729_3086.JPEG,516,cradle
train/n03125729/n03125729_11905.JPEG,516,cradle
train/n03126707/n03126707_6522.JPEG,517,construction crane
train/n03126707/n03126707_5177.JPEG,517,construction crane
train/n03126707/n03126707_15751.JPEG,517,construction crane
train/n03126707/n03126707_16683.JPEG,517,construction crane
train/n03126707/n03126707_2404.JPEG,517,construction crane
train/n03126707/n03126707_11210.JPEG,517,construction crane
train/n03126707/n03126707_14274.JPEG,517,construction crane
train/n03126707/n03126707_4062.JPEG,517,construction crane
train/n03126707/n03126707_22527.JPEG,517,construction crane
train/n03126707/n03126707_13724.JPEG,517,construction crane
train/n03126707/n03126707_16631.JPEG,517,construction crane
train/n03126707/n03126707_7407.JPEG,517,construction crane
train/n03126707/n03126707_423.JPEG,517,construction crane
train/n03126707/n03126707_1313.JPEG,517,construction crane
train/n03126707/n03126707_24061.JPEG,517,construction crane
train/n03126707/n03126707_4359.JPEG,517,construction crane
train/n03127747/n03127747_12576.JPEG,518,crash helmet
train/n03127747/n03127747_7624.JPEG,518,crash helmet
train/n03127747/n03127747_9167.JPEG,518,crash helmet
train/n03127747/n03127747_123.JPEG,518,crash helmet
train/n03127747/n03127747_6946.JPEG,518,crash helmet
train/n03127747/n03127747_7208.JPEG,518,crash helmet
train/n03127747/n03127747_5795.JPEG,518,crash helmet
train/n03127747/n03127747_11845.JPEG,518,crash helmet
train/n03127747/n03127747_3912.JPEG,518,crash helmet
train/n03127747/n03127747_851.JPEG,518,crash helmet
train/n03127747/n03127747_4382.JPEG,518,crash helmet
train/n03127747/n03127747_7464.JPEG,518,crash helmet
train/n03127747/n03127747_5907.JPEG,518,crash helmet
train/n03127747/n03127747_3291.JPEG,518,crash helmet
train/n03127747/n03127747_10926.JPEG,518,crash helmet
train/n03127747/n03127747_2443.JPEG,518,crash helmet
train/n03127925/n03127925_10949.JPEG,519,crate
train/n03127925/n03127925_11259.JPEG,519,crate
train/n03127925/n03127925_456.JPEG,519,crate
train/n03127925/n03127925_5349.JPEG,519,crate
train/n03127925/n03127925_21982.JPEG,519,crate
train/n03127925/n03127925_22375.JPEG,519,crate
train/n03127925/n03127925_8109.JPEG,519,crate
train/n03127925/n03127925_8543.JPEG,519,crate
train/n03127925/n03127925_29362.JPEG,519,crate
train/n03127925/n03127925_22576.JPEG,519,crate
train/n03127925/n03127925_3730.JPEG,519,crate
train/n03127925/n03127925_8522.JPEG,519,crate
train/n03127925/n03127925_7753.JPEG,519,crate
train/n03127925/n03127925_3867.JPEG,519,crate
train/n03127925/n03127925_3781.JPEG,519,crate
train/n03127925/n03127925_27243.JPEG,519,crate
train/n03131574/n03131574_7569.JPEG,520,infant bed
train/n03131574/n03131574_25803.JPEG,520,infant bed
train/n03131574/n03131574_1478.JPEG,520,infant bed
train/n03131574/n03131574_23346.JPEG,520,infant bed
train/n03131574/n03131574_14450.JPEG,520,infant bed
train/n03131574/n03131574_28529.JPEG,520,infant bed
train/n03131574/n03131574_46821.JPEG,520,infant bed
train/n03131574/n03131574_2172.JPEG,520,infant bed
train/n03131574/n03131574_823.JPEG,520,infant bed
train/n03131574/n03131574_15483.JPEG,520,infant bed
train/n03131574/n03131574_17117.JPEG,520,infant bed
train/n03131574/n03131574_27200.JPEG,520,infant bed
train/n03131574/n03131574_20850.JPEG,520,infant bed
train/n03131574/n03131574_14579.JPEG,520,infant bed
train/n03131574/n03131574_39507.JPEG,520,infant bed
train/n03131574/n03131574_2991.JPEG,520,infant bed
train/n03133878/n03133878_11786.JPEG,521,Crock Pot
train/n03133878/n03133878_6438.JPEG,521,Crock Pot
train/n03133878/n03133878_13041.JPEG,521,Crock Pot
train/n03133878/n03133878_2763.JPEG,521,Crock Pot
train/n03133878/n03133878_3276.JPEG,521,Crock Pot
train/n03133878/n03133878_5966.JPEG,521,Crock Pot
train/n03133878/n03133878_5697.JPEG,521,Crock Pot
train/n03133878/n03133878_6267.JPEG,521,Crock Pot
train/n03133878/n03133878_12559.JPEG,521,Crock Pot
train/n03133878/n03133878_6217.JPEG,521,Crock Pot
train/n03133878/n03133878_3439.JPEG,521,Crock Pot
train/n03133878/n03133878_3178.JPEG,521,Crock Pot
train/n03133878/n03133878_528.JPEG,521,Crock Pot
train/n03133878/n03133878_4296.JPEG,521,Crock Pot
train/n03133878/n03133878_1058.JPEG,521,Crock Pot
train/n03133878/n03133878_9615.JPEG,521,Crock Pot
train/n03134739/n03134739_1153.JPEG,522,croquet ball
train/n03134739/n03134739_4452.JPEG,522,croquet ball
train/n03134739/n03134739_3315.JPEG,522,croquet ball
train/n03134739/n03134739_7108.JPEG,522,croquet ball
train/n03134739/n03134739_9775.JPEG,522,croquet ball
train/n03134739/n03134739_2838.JPEG,522,croquet ball
train/n03134739/n03134739_3916.JPEG,522,croquet ball
train/n03134739/n03134739_791.JPEG,522,croquet ball
train/n03134739/n03134739_11852.JPEG,522,croquet ball
train/n03134739/n03134739_10267.JPEG,522,croquet ball
train/n03134739/n03134739_8299.JPEG,522,croquet ball
train/n03134739/n03134739_6290.JPEG,522,croquet ball
train/n03134739/n03134739_9031.JPEG,522,croquet ball
train/n03134739/n03134739_1497.JPEG,522,croquet ball
train/n03134739/n03134739_4287.JPEG,522,croquet ball
train/n03134739/n03134739_10876.JPEG,522,croquet ball
train/n03141823/n03141823_8324.JPEG,523,crutch
train/n03141823/n03141823_13538.JPEG,523,crutch
train/n03141823/n03141823_10107.JPEG,523,crutch
train/n03141823/n03141823_5698.JPEG,523,crutch
train/n03141823/n03141823_14625.JPEG,523,crutch
train/n03141823/n03141823_7498.JPEG,523,crutch
train/n03141823/n03141823_4462.JPEG,523,crutch
train/n03141823/n03141823_16823.JPEG,523,crutch
train/n03141823/n03141823_11295.JPEG,523,crutch
train/n03141823/n03141823_4660.JPEG,523,crutch
train/n03141823/n03141823_10307.JPEG,523,crutch
train/n03141823/n03141823_3702.JPEG,523,crutch
train/n03141823/n03141823_26035.JPEG,523,crutch
train/n03141823/n03141823_2639.JPEG,523,crutch
train/n03141823/n03141823_7619.JPEG,523,crutch
train/n03141823/n03141823_6199.JPEG,523,crutch
train/n03146219/n03146219_5625.JPEG,524,cuirass
train/n03146219/n03146219_2074.JPEG,524,cuirass
train/n03146219/n03146219_12816.JPEG,524,cuirass
train/n03146219/n03146219_9945.JPEG,524,cuirass
train/n03146219/n03146219_8325.JPEG,524,cuirass
train/n03146219/n03146219_15141.JPEG,524,cuirass
train/n03146219/n03146219_4695.JPEG,524,cuirass
train/n03146219/n03146219_18944.JPEG,524,cuirass
train/n03146219/n03146219_9426.JPEG,524,cuirass
train/n03146219/n03146219_13087.JPEG,524,cuirass
train/n03146219/n03146219_15560.JPEG,524,cuirass
train/n03146219/n03146219_14187.JPEG,524,cuirass
train/n03146219/n03146219_16091.JPEG,524,cuirass
train/n03146219/n03146219_531.JPEG,524,cuirass
train/n03146219/n03146219_6907.JPEG,524,cuirass
train/n03146219/n03146219_10648.JPEG,524,cuirass
train/n03160309/n03160309_41214.JPEG,525,dam
train/n03160309/n03160309_32390.JPEG,525,dam
train/n03160309/n03160309_58714.JPEG,525,dam
train/n03160309/n03160309_27025.JPEG,525,dam
train/n03160309/n03160309_32160.JPEG,525,dam
train/n03160309/n03160309_15773.JPEG,525,dam
train/n03160309/n03160309_60180.JPEG,525,dam
train/n03160309/n03160309_28872.JPEG,525,dam
train/n03160309/n03160309_12815.JPEG,525,dam
train/n03160309/n03160309_102865.JPEG,525,dam
train/n03160309/n03160309_38743.JPEG,525,dam
train/n03160309/n03160309_71235.JPEG,525,dam
train/n03160309/n03160309_39135.JPEG,525,dam
train/n03160309/n03160309_4007.JPEG,525,dam
train/n03160309/n03160309_69002.JPEG,525,dam
train/n03160309/n03160309_43741.JPEG,525,dam
train/n03179701/n03179701_844.JPEG,526,desk
train/n03179701/n03179701_37046.JPEG,526,desk
train/n03179701/n03179701_4627.JPEG,526,desk
train/n03179701/n03179701_3002.JPEG,526,desk
train/n03179701/n03179701_7722.JPEG,526,desk
train/n03179701/n03179701_26476.JPEG,526,desk
train/n03179701/n03179701_61236.JPEG,526,desk
train/n03179701/n03179701_4.JPEG,526,desk
train/n03179701/n03179701_2922.JPEG,526,desk
train/n03179701/n03179701_7597.JPEG,526,desk
train/n03179701/n03179701_7942.JPEG,526,desk
train/n03179701/n03179701_43626.JPEG,526,desk
train/n03179701/n03179701_2865.JPEG,526,desk
train/n03179701/n03179701_10411.JPEG,526,desk
train/n03179701/n03179701_8277.JPEG,526,desk
train/n03179701/n03179701_72571.JPEG,526,desk
train/n03180011/n03180011_6118.JPEG,527,desktop computer
train/n03180011/n03180011_9903.JPEG,527,desktop computer
train/n03180011/n03180011_4058.JPEG,527,desktop computer
train/n03180011/n03180011_9072.JPEG,527,desktop computer
train/n03180011/n03180011_8062.JPEG,527,desktop computer
train/n03180011/n03180011_3437.JPEG,527,desktop computer
train/n03180011/n03180011_1211.JPEG,527,desktop computer
train/n03180011/n03180011_7194.JPEG,527,desktop computer
train/n03180011/n03180011_8607.JPEG,527,desktop computer
train/n03180011/n03180011_16043.JPEG,527,desktop computer
train/n03180011/n03180011_10262.JPEG,527,desktop computer
train/n03180011/n03180011_9215.JPEG,527,desktop computer
train/n03180011/n03180011_1952.JPEG,527,desktop computer
train/n03180011/n03180011_216.JPEG,527,desktop computer
train/n03180011/n03180011_8512.JPEG,527,desktop computer
train/n03180011/n03180011_3473.JPEG,527,desktop computer
train/n03187595/n03187595_17268.JPEG,528,rotary dial telephone
train/n03187595/n03187595_8942.JPEG,528,rotary dial telephone
train/n03187595/n03187595_25845.JPEG,528,rotary dial telephone
train/n03187595/n03187595_6116.JPEG,528,rotary dial telephone
train/n03187595/n03187595_6364.JPEG,528,rotary dial telephone
train/n03187595/n03187595_13831.JPEG,528,rotary dial telephone
train/n03187595/n03187595_3824.JPEG,528,rotary dial telephone
train/n03187595/n03187595_4354.JPEG,528,rotary dial telephone
train/n03187595/n03187595_7372.JPEG,528,rotary dial telephone
train/n03187595/n03187595_6193.JPEG,528,rotary dial telephone
train/n03187595/n03187595_6795.JPEG,528,rotary dial telephone
train/n03187595/n03187595_18189.JPEG,528,rotary dial telephone
train/n03187595/n03187595_2538.JPEG,528,rotary dial telephone
train/n03187595/n03187595_396.JPEG,528,rotary dial telephone
train/n03187595/n03187595_3073.JPEG,528,rotary dial telephone
train/n03187595/n03187595_9726.JPEG,528,rotary dial telephone
train/n03188531/n03188531_16615.JPEG,529,diaper
train/n03188531/n03188531_35457.JPEG,529,diaper
train/n03188531/n03188531_36632.JPEG,529,diaper
train/n03188531/n03188531_11250.JPEG,529,diaper
train/n03188531/n03188531_4679.JPEG,529,diaper
train/n03188531/n03188531_26632.JPEG,529,diaper
train/n03188531/n03188531_3717.JPEG,529,diaper
train/n03188531/n03188531_7355.JPEG,529,diaper
train/n03188531/n03188531_33828.JPEG,529,diaper
train/n03188531/n03188531_30189.JPEG,529,diaper
train/n03188531/n03188531_10789.JPEG,529,diaper
train/n03188531/n03188531_4547.JPEG,529,diaper
train/n03188531/n03188531_9867.JPEG,529,diaper
train/n03188531/n03188531_8015.JPEG,529,diaper
train/n03188531/n03188531_35483.JPEG,529,diaper
train/n03188531/n03188531_16255.JPEG,529,diaper
train/n03196217/n03196217_3922.JPEG,530,digital clock
train/n03196217/n03196217_3423.JPEG,530,digital clock
train/n03196217/n03196217_10677.JPEG,530,digital clock
train/n03196217/n03196217_3272.JPEG,530,digital clock
train/n03196217/n03196217_8466.JPEG,530,digital clock
train/n03196217/n03196217_5851.JPEG,530,digital clock
train/n03196217/n03196217_5896.JPEG,530,digital clock
train/n03196217/n03196217_2575.JPEG,530,digital clock
train/n03196217/n03196217_4183.JPEG,530,digital clock
train/n03196217/n03196217_3848.JPEG,530,digital clock
train/n03196217/n03196217_8124.JPEG,530,digital clock
train/n03196217/n03196217_3215.JPEG,530,digital clock
train/n03196217/n03196217_9623.JPEG,530,digital clock
train/n03196217/n03196217_13412.JPEG,530,digital clock
train/n03196217/n03196217_6320.JPEG,530,digital clock
train/n03196217/n03196217_1685.JPEG,530,digital clock
train/n03197337/n03197337_1492.JPEG,531,digital watch
train/n03197337/n03197337_6331.JPEG,531,digital watch
train/n03197337/n03197337_2688.JPEG,531,digital watch
train/n03197337/n03197337_10162.JPEG,531,digital watch
train/n03197337/n03197337_2081.JPEG,531,digital watch
train/n03197337/n03197337_5223.JPEG,531,digital watch
train/n03197337/n03197337_16730.JPEG,531,digital watch
train/n03197337/n03197337_1059.JPEG,531,digital watch
train/n03197337/n03197337_3590.JPEG,531,digital watch
train/n03197337/n03197337_755.JPEG,531,digital watch
train/n03197337/n03197337_6532.JPEG,531,digital watch
train/n03197337/n03197337_7684.JPEG,531,digital watch
train/n03197337/n03197337_10158.JPEG,531,digital watch
train/n03197337/n03197337_8704.JPEG,531,digital watch
train/n03197337/n03197337_8175.JPEG,531,digital watch
train/n03197337/n03197337_764.JPEG,531,digital watch
train/n03201208/n03201208_7615.JPEG,532,dining table
train/n03201208/n03201208_29377.JPEG,532,dining table
train/n03201208/n03201208_20366.JPEG,532,dining table
train/n03201208/n03201208_25300.JPEG,532,dining table
train/n03201208/n03201208_14243.JPEG,532,dining table
train/n03201208/n03201208_36577.JPEG,532,dining table
train/n03201208/n03201208_2648.JPEG,532,dining table
train/n03201208/n03201208_6143.JPEG,532,dining table
train/n03201208/n03201208_3375.JPEG,532,dining table
train/n03201208/n03201208_2213.JPEG,532,dining table
train/n03201208/n03201208_6504.JPEG,532,dining table
train/n03201208/n03201208_6064.JPEG,532,dining table
train/n03201208/n03201208_29909.JPEG,532,dining table
train/n03201208/n03201208_18918.JPEG,532,dining table
train/n03201208/n03201208_9223.JPEG,532,dining table
train/n03201208/n03201208_55384.JPEG,532,dining table
train/n03207743/n03207743_19922.JPEG,533,dishcloth
train/n03207743/n03207743_17432.JPEG,533,dishcloth
train/n03207743/n03207743_14584.JPEG,533,dishcloth
train/n03207743/n03207743_2193.JPEG,533,dishcloth
train/n03207743/n03207743_8889.JPEG,533,dishcloth
train/n03207743/n03207743_6945.JPEG,533,dishcloth
train/n03207743/n03207743_13001.JPEG,533,dishcloth
train/n03207743/n03207743_2581.JPEG,533,dishcloth
train/n03207743/n03207743_11836.JPEG,533,dishcloth
train/n03207743/n03207743_17991.JPEG,533,dishcloth
train/n03207743/n03207743_808.JPEG,533,dishcloth
train/n03207743/n03207743_29292.JPEG,533,dishcloth
train/n03207743/n03207743_4740.JPEG,533,dishcloth
train/n03207743/n03207743_11434.JPEG,533,dishcloth
train/n03207743/n03207743_521.JPEG,533,dishcloth
train/n03207743/n03207743_14621.JPEG,533,dishcloth
train/n03207941/n03207941_4649.JPEG,534,dishwasher
train/n03207941/n03207941_2806.JPEG,534,dishwasher
train/n03207941/n03207941_6717.JPEG,534,dishwasher
train/n03207941/n03207941_6239.JPEG,534,dishwasher
train/n03207941/n03207941_14258.JPEG,534,dishwasher
train/n03207941/n03207941_11551.JPEG,534,dishwasher
train/n03207941/n03207941_1689.JPEG,534,dishwasher
train/n03207941/n03207941_17616.JPEG,534,dishwasher
train/n03207941/n03207941_18583.JPEG,534,dishwasher
train/n03207941/n03207941_2863.JPEG,534,dishwasher
train/n03207941/n03207941_14200.JPEG,534,dishwasher
train/n03207941/n03207941_30272.JPEG,534,dishwasher
train/n03207941/n03207941_12808.JPEG,534,dishwasher
train/n03207941/n03207941_2660.JPEG,534,dishwasher
train/n03207941/n03207941_283.JPEG,534,dishwasher
train/n03207941/n03207941_9248.JPEG,534,dishwasher
train/n03208938/n03208938_14722.JPEG,535,disc brake
train/n03208938/n03208938_8641.JPEG,535,disc brake
train/n03208938/n03208938_844.JPEG,535,disc brake
train/n03208938/n03208938_11460.JPEG,535,disc brake
train/n03208938/n03208938_11098.JPEG,535,disc brake
train/n03208938/n03208938_29500.JPEG,535,disc brake
train/n03208938/n03208938_3682.JPEG,535,disc brake
train/n03208938/n03208938_15845.JPEG,535,disc brake
train/n03208938/n03208938_2866.JPEG,535,disc brake
train/n03208938/n03208938_10615.JPEG,535,disc brake
train/n03208938/n03208938_25019.JPEG,535,disc brake
train/n03208938/n03208938_8634.JPEG,535,disc brake
train/n03208938/n03208938_34992.JPEG,535,disc brake
train/n03208938/n03208938_9582.JPEG,535,disc brake
train/n03208938/n03208938_7138.JPEG,535,disc brake
train/n03208938/n03208938_26266.JPEG,535,disc brake
train/n03216828/n03216828_11547.JPEG,536,dock
train/n03216828/n03216828_25853.JPEG,536,dock
train/n03216828/n03216828_59672.JPEG,536,dock
train/n03216828/n03216828_19847.JPEG,536,dock
train/n03216828/n03216828_11701.JPEG,536,dock
train/n03216828/n03216828_30916.JPEG,536,dock
train/n03216828/n03216828_39173.JPEG,536,dock
train/n03216828/n03216828_2930.JPEG,536,dock
train/n03216828/n03216828_12369.JPEG,536,dock
train/n03216828/n03216828_18358.JPEG,536,dock
train/n03216828/n03216828_52714.JPEG,536,dock
train/n03216828/n03216828_4535.JPEG,536,dock
train/n03216828/n03216828_2084.JPEG,536,dock
train/n03216828/n03216828_86391.JPEG,536,dock
train/n03216828/n03216828_5149.JPEG,536,dock
train/n03216828/n03216828_1276.JPEG,536,dock
train/n03218198/n03218198_7567.JPEG,537,dog sled
train/n03218198/n03218198_15489.JPEG,537,dog sled
train/n03218198/n03218198_7607.JPEG,537,dog sled
train/n03218198/n03218198_23089.JPEG,537,dog sled
train/n03218198/n03218198_3269.JPEG,537,dog sled
train/n03218198/n03218198_9321.JPEG,537,dog sled
train/n03218198/n03218198_3695.JPEG,537,dog sled
train/n03218198/n03218198_2440.JPEG,537,dog sled
train/n03218198/n03218198_18880.JPEG,537,dog sled
train/n03218198/n03218198_22638.JPEG,537,dog sled
train/n03218198/n03218198_7923.JPEG,537,dog sled
train/n03218198/n03218198_22416.JPEG,537,dog sled
train/n03218198/n03218198_9896.JPEG,537,dog sled
train/n03218198/n03218198_6976.JPEG,537,dog sled
train/n03218198/n03218198_5499.JPEG,537,dog sled
train/n03218198/n03218198_1539.JPEG,537,dog sled
train/n03220513/n03220513_1329.JPEG,538,dome
train/n03220513/n03220513_8868.JPEG,538,dome
train/n03220513/n03220513_18909.JPEG,538,dome
train/n03220513/n03220513_14253.JPEG,538,dome
train/n03220513/n03220513_16530.JPEG,538,dome
train/n03220513/n03220513_10084.JPEG,538,dome
train/n03220513/n03220513_12284.JPEG,538,dome
train/n03220513/n03220513_11868.JPEG,538,dome
train/n03220513/n03220513_2991.JPEG,538,dome
train/n03220513/n03220513_550.JPEG,538,dome
train/n03220513/n03220513_14425.JPEG,538,dome
train/n03220513/n03220513_10452.JPEG,538,dome
train/n03220513/n03220513_15201.JPEG,538,dome
train/n03220513/n03220513_3398.JPEG,538,dome
train/n03220513/n03220513_19286.JPEG,538,dome
train/n03220513/n03220513_16078.JPEG,538,dome
train/n03223299/n03223299_5439.JPEG,539,doormat
train/n03223299/n03223299_17365.JPEG,539,doormat
train/n03223299/n03223299_11010.JPEG,539,doormat
train/n03223299/n03223299_11064.JPEG,539,doormat
train/n03223299/n03223299_1647.JPEG,539,doormat
train/n03223299/n03223299_5051.JPEG,539,doormat
train/n03223299/n03223299_661.JPEG,539,doormat
train/n03223299/n03223299_36561.JPEG,539,doormat
train/n03223299/n03223299_16875.JPEG,539,doormat
train/n03223299/n03223299_653.JPEG,539,doormat
train/n03223299/n03223299_7918.JPEG,539,doormat
train/n03223299/n03223299_3889.JPEG,539,doormat
train/n03223299/n03223299_26449.JPEG,539,doormat
train/n03223299/n03223299_7601.JPEG,539,doormat
train/n03223299/n03223299_2086.JPEG,539,doormat
train/n03223299/n03223299_1121.JPEG,539,doormat
train/n03240683/n03240683_16674.JPEG,540,drilling rig
train/n03240683/n03240683_4834.JPEG,540,drilling rig
train/n03240683/n03240683_6949.JPEG,540,drilling rig
train/n03240683/n03240683_75.JPEG,540,drilling rig
train/n03240683/n03240683_9380.JPEG,540,drilling rig
train/n03240683/n03240683_3890.JPEG,540,drilling rig
train/n03240683/n03240683_3603.JPEG,540,drilling rig
train/n03240683/n03240683_4649.JPEG,540,drilling rig
train/n03240683/n03240683_6511.JPEG,540,drilling rig
train/n03240683/n03240683_13227.JPEG,540,drilling rig
train/n03240683/n03240683_7556.JPEG,540,drilling rig
train/n03240683/n03240683_6238.JPEG,540,drilling rig
train/n03240683/n03240683_18972.JPEG,540,drilling rig
train/n03240683/n03240683_13338.JPEG,540,drilling rig
train/n03240683/n03240683_9944.JPEG,540,drilling rig
train/n03240683/n03240683_16684.JPEG,540,drilling rig
train/n03249569/n03249569_46131.JPEG,541,drum
train/n03249569/n03249569_66522.JPEG,541,drum
train/n03249569/n03249569_16183.JPEG,541,drum
train/n03249569/n03249569_68073.JPEG,541,drum
train/n03249569/n03249569_78749.JPEG,541,drum
train/n03249569/n03249569_6871.JPEG,541,drum
train/n03249569/n03249569_24789.JPEG,541,drum
train/n03249569/n03249569_39187.JPEG,541,drum
train/n03249569/n03249569_38897.JPEG,541,drum
train/n03249569/n03249569_27971.JPEG,541,drum
train/n03249569/n03249569_45986.JPEG,541,drum
train/n03249569/n03249569_26253.JPEG,541,drum
train/n03249569/n03249569_54628.JPEG,541,drum
train/n03249569/n03249569_43111.JPEG,541,drum
train/n03249569/n03249569_28140.JPEG,541,drum
train/n03249569/n03249569_21060.JPEG,541,drum
train/n03250847/n03250847_2011.JPEG,542,drumstick
train/n03250847/n03250847_9347.JPEG,542,drumstick
train/n03250847/n03250847_14422.JPEG,542,drumstick
train/n03250847/n03250847_8956.JPEG,542,drumstick
train/n03250847/n03250847_71.JPEG,542,drumstick
train/n03250847/n03250847_15492.JPEG,542,drumstick
train/n03250847/n03250847_17491.JPEG,542,drumstick
train/n03250847/n03250847_20288.JPEG,542,drumstick
train/n03250847/n03250847_3961.JPEG,542,drumstick
train/n03250847/n03250847_15695.JPEG,542,drumstick
train/n03250847/n03250847_12569.JPEG,542,drumstick
train/n03250847/n03250847_6790.JPEG,542,drumstick
train/n03250847/n03250847_16106.JPEG,542,drumstick
train/n03250847/n03250847_16468.JPEG,542,drumstick
train/n03250847/n03250847_24141.JPEG,542,drumstick
train/n03250847/n03250847_5406.JPEG,542,drumstick
train/n03255030/n03255030_10755.JPEG,543,dumbbell
train/n03255030/n03255030_10001.JPEG,543,dumbbell
train/n03255030/n03255030_955.JPEG,543,dumbbell
train/n03255030/n03255030_9242.JPEG,543,dumbbell
train/n03255030/n03255030_11063.JPEG,543,dumbbell
train/n03255030/n03255030_3104.JPEG,543,dumbbell
train/n03255030/n03255030_218.JPEG,543,dumbbell
train/n03255030/n03255030_22943.JPEG,543,dumbbell
train/n03255030/n03255030_11042.JPEG,543,dumbbell
train/n03255030/n03255030_9705.JPEG,543,dumbbell
train/n03255030/n03255030_18535.JPEG,543,dumbbell
train/n03255030/n03255030_8242.JPEG,543,dumbbell
train/n03255030/n03255030_17326.JPEG,543,dumbbell
train/n03255030/n03255030_1875.JPEG,543,dumbbell
train/n03255030/n03255030_10346.JPEG,543,dumbbell
train/n03255030/n03255030_10167.JPEG,543,dumbbell
train/n03259280/n03259280_12348.JPEG,544,Dutch oven
train/n03259280/n03259280_11759.JPEG,544,Dutch oven
train/n03259280/n03259280_15283.JPEG,544,Dutch oven
train/n03259280/n03259280_444.JPEG,544,Dutch oven
train/n03259280/n03259280_6197.JPEG,544,Dutch oven
train/n03259280/n03259280_6328.JPEG,544,Dutch oven
train/n03259280/n03259280_4977.JPEG,544,Dutch oven
train/n03259280/n03259280_11988.JPEG,544,Dutch oven
train/n03259280/n03259280_3563.JPEG,544,Dutch oven
train/n03259280/n03259280_2548.JPEG,544,Dutch oven
train/n03259280/n03259280_3352.JPEG,544,Dutch oven
train/n03259280/n03259280_1518.JPEG,544,Dutch oven
train/n03259280/n03259280_1919.JPEG,544,Dutch oven
train/n03259280/n03259280_1965.JPEG,544,Dutch oven
train/n03259280/n03259280_5954.JPEG,544,Dutch oven
train/n03259280/n03259280_13335.JPEG,544,Dutch oven
train/n03271574/n03271574_2043.JPEG,545,electric fan
train/n03271574/n03271574_12776.JPEG,545,electric fan
train/n03271574/n03271574_20070.JPEG,545,electric fan
train/n03271574/n03271574_585.JPEG,545,electric fan
train/n03271574/n03271574_11776.JPEG,545,electric fan
train/n03271574/n03271574_15230.JPEG,545,electric fan
train/n03271574/n03271574_4368.JPEG,545,electric fan
train/n03271574/n03271574_987.JPEG,545,electric fan
train/n03271574/n03271574_22990.JPEG,545,electric fan
train/n03271574/n03271574_28726.JPEG,545,electric fan
train/n03271574/n03271574_6349.JPEG,545,electric fan
train/n03271574/n03271574_15421.JPEG,545,electric fan
train/n03271574/n03271574_6021.JPEG,545,electric fan
train/n03271574/n03271574_3235.JPEG,545,electric fan
train/n03271574/n03271574_20400.JPEG,545,electric fan
train/n03271574/n03271574_11644.JPEG,545,electric fan
train/n03272010/n03272010_6454.JPEG,546,electric guitar
train/n03272010/n03272010_17489.JPEG,546,electric guitar
train/n03272010/n03272010_6701.JPEG,546,electric guitar
train/n03272010/n03272010_3918.JPEG,546,electric guitar
train/n03272010/n03272010_6709.JPEG,546,electric guitar
train/n03272010/n03272010_4088.JPEG,546,electric guitar
train/n03272010/n03272010_6778.JPEG,546,electric guitar
train/n03272010/n03272010_6375.JPEG,546,electric guitar
train/n03272010/n03272010_4832.JPEG,546,electric guitar
train/n03272010/n03272010_13505.JPEG,546,electric guitar
train/n03272010/n03272010_12080.JPEG,546,electric guitar
train/n03272010/n03272010_18006.JPEG,546,electric guitar
train/n03272010/n03272010_7476.JPEG,546,electric guitar
train/n03272010/n03272010_3975.JPEG,546,electric guitar
train/n03272010/n03272010_4939.JPEG,546,electric guitar
train/n03272010/n03272010_6044.JPEG,546,electric guitar
train/n03272562/n03272562_11135.JPEG,547,electric locomotive
train/n03272562/n03272562_21595.JPEG,547,electric locomotive
train/n03272562/n03272562_19421.JPEG,547,electric locomotive
train/n03272562/n03272562_1085.JPEG,547,electric locomotive
train/n03272562/n03272562_4774.JPEG,547,electric locomotive
train/n03272562/n03272562_7902.JPEG,547,electric locomotive
train/n03272562/n03272562_17469.JPEG,547,electric locomotive
train/n03272562/n03272562_25052.JPEG,547,electric locomotive
train/n03272562/n03272562_18796.JPEG,547,electric locomotive
train/n03272562/n03272562_4342.JPEG,547,electric locomotive
train/n03272562/n03272562_4649.JPEG,547,electric locomotive
train/n03272562/n03272562_24023.JPEG,547,electric locomotive
train/n03272562/n03272562_7321.JPEG,547,electric locomotive
train/n03272562/n03272562_6681.JPEG,547,electric locomotive
train/n03272562/n03272562_19112.JPEG,547,electric locomotive
train/n03272562/n03272562_17912.JPEG,547,electric locomotive
train/n03290653/n03290653_16054.JPEG,548,entertainment center
train/n03290653/n03290653_5529.JPEG,548,entertainment center
train/n03290653/n03290653_10168.JPEG,548,entertainment center
train/n03290653/n03290653_504.JPEG,548,entertainment center
train/n03290653/n03290653_2645.JPEG,548,entertainment center
train/n03290653/n03290653_16609.JPEG,548,entertainment center
train/n03290653/n03290653_9055.JPEG,548,entertainment center
train/n03290653/n03290653_17037.JPEG,548,entertainment center
train/n03290653/n03290653_10560.JPEG,548,entertainment center
train/n03290653/n03290653_1922.JPEG,548,entertainment center
train/n03290653/n03290653_8299.JPEG,548,entertainment center
train/n03290653/n03290653_9079.JPEG,548,entertainment center
train/n03290653/n03290653_1676.JPEG,548,entertainment center
train/n03290653/n03290653_1364.JPEG,548,entertainment center
train/n03290653/n03290653_6950.JPEG,548,entertainment center
train/n03290653/n03290653_13928.JPEG,548,entertainment center
train/n03291819/n03291819_27851.JPEG,549,envelope
train/n03291819/n03291819_23320.JPEG,549,envelope
train/n03291819/n03291819_6975.JPEG,549,envelope
train/n03291819/n03291819_21158.JPEG,549,envelope
train/n03291819/n03291819_729.JPEG,549,envelope
train/n03291819/n03291819_2191.JPEG,549,envelope
train/n03291819/n03291819_13721.JPEG,549,envelope
train/n03291819/n03291819_7460.JPEG,549,envelope
train/n03291819/n03291819_41394.JPEG,549,envelope
train/n03291819/n03291819_4697.JPEG,549,envelope
train/n03291819/n03291819_38736.JPEG,549,envelope
train/n03291819/n03291819_25991.JPEG,549,envelope
train/n03291819/n03291819_6469.JPEG,549,envelope
train/n03291819/n03291819_100241.JPEG,549,envelope
train/n03291819/n03291819_8360.JPEG,549,envelope
train/n03291819/n03291819_30302.JPEG,549,envelope
train/n03297495/n03297495_4429.JPEG,550,espresso machine
train/n03297495/n03297495_5535.JPEG,550,espresso machine
train/n03297495/n03297495_5816.JPEG,550,espresso machine
train/n03297495/n03297495_7116.JPEG,550,espresso machine
train/n03297495/n03297495_6606.JPEG,550,espresso machine
train/n03297495/n03297495_5818.JPEG,550,espresso machine
train/n03297495/n03297495_2184.JPEG,550,espresso machine
train/n03297495/n03297495_3118.JPEG,550,espresso machine
train/n03297495/n03297495_397.JPEG,550,espresso machine
train/n03297495/n03297495_3525.JPEG,550,espresso machine
train/n03297495/n03297495_7501.JPEG,550,espresso machine
train/n03297495/n03297495_5348.JPEG,550,espresso machine
train/n03297495/n03297495_7567.JPEG,550,espresso machine
train/n03297495/n03297495_866.JPEG,550,espresso machine
train/n03297495/n03297495_2604.JPEG,550,espresso machine
train/n03297495/n03297495_3305.JPEG,550,espresso machine
train/n03314780/n03314780_4607.JPEG,551,face powder
train/n03314780/n03314780_1740.JPEG,551,face powder
train/n03314780/n03314780_11537.JPEG,551,face powder
train/n03314780/n03314780_16427.JPEG,551,face powder
train/n03314780/n03314780_12054.JPEG,551,face powder
train/n03314780/n03314780_4098.JPEG,551,face powder
train/n03314780/n03314780_7590.JPEG,551,face powder
train/n03314780/n03314780_145.JPEG,551,face powder
train/n03314780/n03314780_515.JPEG,551,face powder
train/n03314780/n03314780_2382.JPEG,551,face powder
train/n03314780/n03314780_8792.JPEG,551,face powder
train/n03314780/n03314780_16618.JPEG,551,face powder
train/n03314780/n03314780_14528.JPEG,551,face powder
train/n03314780/n03314780_17670.JPEG,551,face powder
train/n03314780/n03314780_16421.JPEG,551,face powder
train/n03314780/n03314780_2747.JPEG,551,face powder
train/n03325584/n03325584_9611.JPEG,552,feather boa
train/n03325584/n03325584_76.JPEG,552,feather boa
train/n03325584/n03325584_20233.JPEG,552,feather boa
train/n03325584/n03325584_10659.JPEG,552,feather boa
train/n03325584/n03325584_9227.JPEG,552,feather boa
train/n03325584/n03325584_12725.JPEG,552,feather boa
train/n03325584/n03325584_23433.JPEG,552,feather boa
train/n03325584/n03325584_11352.JPEG,552,feather boa
train/n03325584/n03325584_9736.JPEG,552,feather boa
train/n03325584/n03325584_5058.JPEG,552,feather boa
train/n03325584/n03325584_2984.JPEG,552,feather boa
train/n03325584/n03325584_7640.JPEG,552,feather boa
train/n03325584/n03325584_24813.JPEG,552,feather boa
train/n03325584/n03325584_44293.JPEG,552,feather boa
train/n03325584/n03325584_21618.JPEG,552,feather boa
train/n03325584/n03325584_12720.JPEG,552,feather boa
train/n03337140/n03337140_48397.JPEG,553,filing cabinet
train/n03337140/n03337140_29256.JPEG,553,filing cabinet
train/n03337140/n03337140_28199.JPEG,553,filing cabinet
train/n03337140/n03337140_9534.JPEG,553,filing cabinet
train/n03337140/n03337140_49916.JPEG,553,filing cabinet
train/n03337140/n03337140_42752.JPEG,553,filing cabinet
train/n03337140/n03337140_1023.JPEG,553,filing cabinet
train/n03337140/n03337140_2832.JPEG,553,filing cabinet
train/n03337140/n03337140_72937.JPEG,553,filing cabinet
train/n03337140/n03337140_40836.JPEG,553,filing cabinet
train/n03337140/n03337140_7947.JPEG,553,filing cabinet
train/n03337140/n03337140_83517.JPEG,553,filing cabinet
train/n03337140/n03337140_34545.JPEG,553,filing cabinet
train/n03337140/n03337140_32798.JPEG,553,filing cabinet
train/n03337140/n03337140_12120.JPEG,553,filing cabinet
train/n03337140/n03337140_12070.JPEG,553,filing cabinet
train/n03344393/n03344393_8345.JPEG,554,fireboat
train/n03344393/n03344393_13760.JPEG,554,fireboat
train/n03344393/n03344393_9918.JPEG,554,fireboat
train/n03344393/n03344393_4482.JPEG,554,fireboat
train/n03344393/n03344393_7062.JPEG,554,fireboat
train/n03344393/n03344393_11310.JPEG,554,fireboat
train/n03344393/n03344393_2985.JPEG,554,fireboat
train/n03344393/n03344393_638.JPEG,554,fireboat
train/n03344393/n03344393_3874.JPEG,554,fireboat
train/n03344393/n03344393_3790.JPEG,554,fireboat
train/n03344393/n03344393_6895.JPEG,554,fireboat
train/n03344393/n03344393_9136.JPEG,554,fireboat
train/n03344393/n03344393_8492.JPEG,554,fireboat
train/n03344393/n03344393_6420.JPEG,554,fireboat
train/n03344393/n03344393_2236.JPEG,554,fireboat
train/n03344393/n03344393_7856.JPEG,554,fireboat
train/n03345487/n03345487_26829.JPEG,555,fire truck
train/n03345487/n03345487_7505.JPEG,555,fire truck
train/n03345487/n03345487_26197.JPEG,555,fire truck
train/n03345487/n03345487_7709.JPEG,555,fire truck
train/n03345487/n03345487_11546.JPEG,555,fire truck
train/n03345487/n03345487_7726.JPEG,555,fire truck
train/n03345487/n03345487_14314.JPEG,555,fire truck
train/n03345487/n03345487_16991.JPEG,555,fire truck
train/n03345487/n03345487_1704.JPEG,555,fire truck
train/n03345487/n03345487_25168.JPEG,555,fire truck
train/n03345487/n03345487_4160.JPEG,555,fire truck
train/n03345487/n03345487_26117.JPEG,555,fire truck
train/n03345487/n03345487_3752.JPEG,555,fire truck
train/n03345487/n03345487_474.JPEG,555,fire truck
train/n03345487/n03345487_2289.JPEG,555,fire truck
train/n03345487/n03345487_5185.JPEG,555,fire truck
train/n03347037/n03347037_19334.JPEG,556,fire screen
train/n03347037/n03347037_11369.JPEG,556,fire screen
train/n03347037/n03347037_21648.JPEG,556,fire screen
train/n03347037/n03347037_2615.JPEG,556,fire screen
train/n03347037/n03347037_20931.JPEG,556,fire screen
train/n03347037/n03347037_5860.JPEG,556,fire screen
train/n03347037/n03347037_1175.JPEG,556,fire screen
train/n03347037/n03347037_2580.JPEG,556,fire screen
train/n03347037/n03347037_9987.JPEG,556,fire screen
train/n03347037/n03347037_5319.JPEG,556,fire screen
train/n03347037/n03347037_16828.JPEG,556,fire screen
train/n03347037/n03347037_13905.JPEG,556,fire screen
train/n03347037/n03347037_30672.JPEG,556,fire screen
train/n03347037/n03347037_23576.JPEG,556,fire screen
train/n03347037/n03347037_11254.JPEG,556,fire screen
train/n03347037/n03347037_10771.JPEG,556,fire screen
train/n03355925/n03355925_1422.JPEG,557,flagpole
train/n03355925/n03355925_12976.JPEG,557,flagpole
train/n03355925/n03355925_601.JPEG,557,flagpole
train/n03355925/n03355925_29950.JPEG,557,flagpole
train/n03355925/n03355925_8046.JPEG,557,flagpole
train/n03355925/n03355925_21554.JPEG,557,flagpole
train/n03355925/n03355925_5501.JPEG,557,flagpole
train/n03355925/n03355925_4110.JPEG,557,flagpole
train/n03355925/n03355925_19613.JPEG,557,flagpole
train/n03355925/n03355925_15816.JPEG,557,flagpole
train/n03355925/n03355925_15383.JPEG,557,flagpole
train/n03355925/n03355925_20899.JPEG,557,flagpole
train/n03355925/n03355925_19783.JPEG,557,flagpole
train/n03355925/n03355925_1902.JPEG,557,flagpole
train/n03355925/n03355925_721.JPEG,557,flagpole
train/n03355925/n03355925_25887.JPEG,557,flagpole
train/n03372029/n03372029_49676.JPEG,558,flute
train/n03372029/n03372029_45776.JPEG,558,flute
train/n03372029/n03372029_70746.JPEG,558,flute
train/n03372029/n03372029_3543.JPEG,558,flute
train/n03372029/n03372029_17643.JPEG,558,flute
train/n03372029/n03372029_41283.JPEG,558,flute
train/n03372029/n03372029_3315.JPEG,558,flute
train/n03372029/n03372029_47570.JPEG,558,flute
train/n03372029/n03372029_43242.JPEG,558,flute
train/n03372029/n03372029_1768.JPEG,558,flute
train/n03372029/n03372029_35671.JPEG,558,flute
train/n03372029/n03372029_35460.JPEG,558,flute
train/n03372029/n03372029_1034.JPEG,558,flute
train/n03372029/n03372029_23788.JPEG,558,flute
train/n03372029/n03372029_48302.JPEG,558,flute
train/n03372029/n03372029_69363.JPEG,558,flute
train/n03376595/n03376595_4978.JPEG,559,folding chair
train/n03376595/n03376595_3199.JPEG,559,folding chair
train/n03376595/n03376595_17854.JPEG,559,folding chair
train/n03376595/n03376595_869.JPEG,559,folding chair
train/n03376595/n03376595_5421.JPEG,559,folding chair
train/n03376595/n03376595_6570.JPEG,559,folding chair
train/n03376595/n03376595_3516.JPEG,559,folding chair
train/n03376595/n03376595_2513.JPEG,559,folding chair
train/n03376595/n03376595_8412.JPEG,559,folding chair
train/n03376595/n03376595_5972.JPEG,559,folding chair
train/n03376595/n03376595_6757.JPEG,559,folding chair
train/n03376595/n03376595_3100.JPEG,559,folding chair
train/n03376595/n03376595_8495.JPEG,559,folding chair
train/n03376595/n03376595_13797.JPEG,559,folding chair
train/n03376595/n03376595_18787.JPEG,559,folding chair
train/n03376595/n03376595_1088.JPEG,559,folding chair
train/n03379051/n03379051_7941.JPEG,560,football helmet
train/n03379051/n03379051_2427.JPEG,560,football helmet
train/n03379051/n03379051_4725.JPEG,560,football helmet
train/n03379051/n03379051_7855.JPEG,560,football helmet
train/n03379051/n03379051_5.JPEG,560,football helmet
train/n03379051/n03379051_7466.JPEG,560,football helmet
train/n03379051/n03379051_6389.JPEG,560,football helmet
train/n03379051/n03379051_6297.JPEG,560,football helmet
train/n03379051/n03379051_3041.JPEG,560,football helmet
train/n03379051/n03379051_795.JPEG,560,football helmet
train/n03379051/n03379051_8552.JPEG,560,football helmet
train/n03379051/n03379051_1482.JPEG,560,football helmet
train/n03379051/n03379051_6251.JPEG,560,football helmet
train/n03379051/n03379051_5973.JPEG,560,football helmet
train/n03379051/n03379051_7608.JPEG,560,football helmet
train/n03379051/n03379051_2840.JPEG,560,football helmet
train/n03384352/n03384352_3437.JPEG,561,forklift
train/n03384352/n03384352_18717.JPEG,561,forklift
train/n03384352/n03384352_19680.JPEG,561,forklift
train/n03384352/n03384352_1014.JPEG,561,forklift
train/n03384352/n03384352_1882.JPEG,561,forklift
train/n03384352/n03384352_4944.JPEG,561,forklift
train/n03384352/n03384352_2387.JPEG,561,forklift
train/n03384352/n03384352_2214.JPEG,561,forklift
train/n03384352/n03384352_19534.JPEG,561,forklift
train/n03384352/n03384352_4006.JPEG,561,forklift
train/n03384352/n03384352_149.JPEG,561,forklift
train/n03384352/n03384352_6010.JPEG,561,forklift
train/n03384352/n03384352_10431.JPEG,561,forklift
train/n03384352/n03384352_3467.JPEG,561,forklift
train/n03384352/n03384352_11538.JPEG,561,forklift
train/n03384352/n03384352_13709.JPEG,561,forklift
train/n03388043/n03388043_16259.JPEG,562,fountain
train/n03388043/n03388043_7008.JPEG,562,fountain
train/n03388043/n03388043_2435.JPEG,562,fountain
train/n03388043/n03388043_1033.JPEG,562,fountain
train/n03388043/n03388043_2207.JPEG,562,fountain
train/n03388043/n03388043_3733.JPEG,562,fountain
train/n03388043/n03388043_20129.JPEG,562,fountain
train/n03388043/n03388043_2705.JPEG,562,fountain
train/n03388043/n03388043_3417.JPEG,562,fountain
train/n03388043/n03388043_2313.JPEG,562,fountain
train/n03388043/n03388043_1812.JPEG,562,fountain
train/n03388043/n03388043_9263.JPEG,562,fountain
train/n03388043/n03388043_8280.JPEG,562,fountain
train/n03388043/n03388043_9306.JPEG,562,fountain
train/n03388043/n03388043_3902.JPEG,562,fountain
train/n03388043/n03388043_3849.JPEG,562,fountain
train/n03388183/n03388183_10367.JPEG,563,fountain pen
train/n03388183/n03388183_586.JPEG,563,fountain pen
train/n03388183/n03388183_7860.JPEG,563,fountain pen
train/n03388183/n03388183_25498.JPEG,563,fountain pen
train/n03388183/n03388183_1409.JPEG,563,fountain pen
train/n03388183/n03388183_10067.JPEG,563,fountain pen
train/n03388183/n03388183_10899.JPEG,563,fountain pen
train/n03388183/n03388183_8899.JPEG,563,fountain pen
train/n03388183/n03388183_1017.JPEG,563,fountain pen
train/n03388183/n03388183_16723.JPEG,563,fountain pen
train/n03388183/n03388183_9868.JPEG,563,fountain pen
train/n03388183/n03388183_17025.JPEG,563,fountain pen
train/n03388183/n03388183_9298.JPEG,563,fountain pen
train/n03388183/n03388183_4345.JPEG,563,fountain pen
train/n03388183/n03388183_1015.JPEG,563,fountain pen
train/n03388183/n03388183_23064.JPEG,563,fountain pen
train/n03388549/n03388549_11622.JPEG,564,four-poster bed
train/n03388549/n03388549_5378.JPEG,564,four-poster bed
train/n03388549/n03388549_7887.JPEG,564,four-poster bed
train/n03388549/n03388549_533.JPEG,564,four-poster bed
train/n03388549/n03388549_370.JPEG,564,four-poster bed
train/n03388549/n03388549_4058.JPEG,564,four-poster bed
train/n03388549/n03388549_6987.JPEG,564,four-poster bed
train/n03388549/n03388549_1254.JPEG,564,four-poster bed
train/n03388549/n03388549_5315.JPEG,564,four-poster bed
train/n03388549/n03388549_3653.JPEG,564,four-poster bed
train/n03388549/n03388549_13419.JPEG,564,four-poster bed
train/n03388549/n03388549_11388.JPEG,564,four-poster bed
train/n03388549/n03388549_6901.JPEG,564,four-poster bed
train/n03388549/n03388549_5272.JPEG,564,four-poster bed
train/n03388549/n03388549_1338.JPEG,564,four-poster bed
train/n03388549/n03388549_1035.JPEG,564,four-poster bed
train/n03393912/n03393912_6153.JPEG,565,freight car
train/n03393912/n03393912_6499.JPEG,565,freight car
train/n03393912/n03393912_5304.JPEG,565,freight car
train/n03393912/n03393912_12162.JPEG,565,freight car
train/n03393912/n03393912_11565.JPEG,565,freight car
train/n03393912/n03393912_1483.JPEG,565,freight car
train/n03393912/n03393912_9147.JPEG,565,freight car
train/n03393912/n03393912_11903.JPEG,565,freight car
train/n03393912/n03393912_4623.JPEG,565,freight car
train/n03393912/n03393912_1626.JPEG,565,freight car
train/n03393912/n03393912_5321.JPEG,565,freight car
train/n03393912/n03393912_2388.JPEG,565,freight car
train/n03393912/n03393912_7858.JPEG,565,freight car
train/n03393912/n03393912_4408.JPEG,565,freight car
train/n03393912/n03393912_4425.JPEG,565,freight car
train/n03393912/n03393912_16275.JPEG,565,freight car
train/n03394916/n03394916_37991.JPEG,566,French horn
train/n03394916/n03394916_35344.JPEG,566,French horn
train/n03394916/n03394916_57583.JPEG,566,French horn
train/n03394916/n03394916_32340.JPEG,566,French horn
train/n03394916/n03394916_66928.JPEG,566,French horn
train/n03394916/n03394916_42721.JPEG,566,French horn
train/n03394916/n03394916_35688.JPEG,566,French horn
train/n03394916/n03394916_38861.JPEG,566,French horn
train/n03394916/n03394916_26454.JPEG,566,French horn
train/n03394916/n03394916_36308.JPEG,566,French horn
train/n03394916/n03394916_11330.JPEG,566,French horn
train/n03394916/n03394916_48797.JPEG,566,French horn
train/n03394916/n03394916_37762.JPEG,566,French horn
train/n03394916/n03394916_36494.JPEG,566,French horn
train/n03394916/n03394916_25086.JPEG,566,French horn
train/n03394916/n03394916_51571.JPEG,566,French horn
train/n03400231/n03400231_9942.JPEG,567,frying pan
train/n03400231/n03400231_3766.JPEG,567,frying pan
train/n03400231/n03400231_3554.JPEG,567,frying pan
train/n03400231/n03400231_8164.JPEG,567,frying pan
train/n03400231/n03400231_17151.JPEG,567,frying pan
train/n03400231/n03400231_934.JPEG,567,frying pan
train/n03400231/n03400231_3533.JPEG,567,frying pan
train/n03400231/n03400231_17140.JPEG,567,frying pan
train/n03400231/n03400231_1970.JPEG,567,frying pan
train/n03400231/n03400231_897.JPEG,567,frying pan
train/n03400231/n03400231_1527.JPEG,567,frying pan
train/n03400231/n03400231_24250.JPEG,567,frying pan
train/n03400231/n03400231_10728.JPEG,567,frying pan
train/n03400231/n03400231_9251.JPEG,567,frying pan
train/n03400231/n03400231_7406.JPEG,567,frying pan
train/n03400231/n03400231_5902.JPEG,567,frying pan
train/n03404251/n03404251_21009.JPEG,568,fur coat
train/n03404251/n03404251_5197.JPEG,568,fur coat
train/n03404251/n03404251_5351.JPEG,568,fur coat
train/n03404251/n03404251_19698.JPEG,568,fur coat
train/n03404251/n03404251_4526.JPEG,568,fur coat
train/n03404251/n03404251_16387.JPEG,568,fur coat
train/n03404251/n03404251_4697.JPEG,568,fur coat
train/n03404251/n03404251_957.JPEG,568,fur coat
train/n03404251/n03404251_9445.JPEG,568,fur coat
train/n03404251/n03404251_2394.JPEG,568,fur coat
train/n03404251/n03404251_9942.JPEG,568,fur coat
train/n03404251/n03404251_11692.JPEG,568,fur coat
train/n03404251/n03404251_16130.JPEG,568,fur coat
train/n03404251/n03404251_5404.JPEG,568,fur coat
train/n03404251/n03404251_7490.JPEG,568,fur coat
train/n03404251/n03404251_13107.JPEG,568,fur coat
train/n03417042/n03417042_9941.JPEG,569,garbage truck
train/n03417042/n03417042_13223.JPEG,569,garbage truck
train/n03417042/n03417042_6247.JPEG,569,garbage truck
train/n03417042/n03417042_10957.JPEG,569,garbage truck
train/n03417042/n03417042_11048.JPEG,569,garbage truck
train/n03417042/n03417042_6472.JPEG,569,garbage truck
train/n03417042/n03417042_19047.JPEG,569,garbage truck
train/n03417042/n03417042_26814.JPEG,569,garbage truck
train/n03417042/n03417042_10754.JPEG,569,garbage truck
train/n03417042/n03417042_5665.JPEG,569,garbage truck
train/n03417042/n03417042_10965.JPEG,569,garbage truck
train/n03417042/n03417042_29855.JPEG,569,garbage truck
train/n03417042/n03417042_10520.JPEG,569,garbage truck
train/n03417042/n03417042_8518.JPEG,569,garbage truck
train/n03417042/n03417042_4900.JPEG,569,garbage truck
train/n03417042/n03417042_27850.JPEG,569,garbage truck
train/n03424325/n03424325_3718.JPEG,570,gas mask or respirator
train/n03424325/n03424325_4475.JPEG,570,gas mask or respirator
train/n03424325/n03424325_3202.JPEG,570,gas mask or respirator
train/n03424325/n03424325_36632.JPEG,570,gas mask or respirator
train/n03424325/n03424325_3203.JPEG,570,gas mask or respirator
train/n03424325/n03424325_4715.JPEG,570,gas mask or respirator
train/n03424325/n03424325_12157.JPEG,570,gas mask or respirator
train/n03424325/n03424325_3220.JPEG,570,gas mask or respirator
train/n03424325/n03424325_3010.JPEG,570,gas mask or respirator
train/n03424325/n03424325_22182.JPEG,570,gas mask or respirator
train/n03424325/n03424325_10638.JPEG,570,gas mask or respirator
train/n03424325/n03424325_5655.JPEG,570,gas mask or respirator
train/n03424325/n03424325_7457.JPEG,570,gas mask or respirator
train/n03424325/n03424325_9719.JPEG,570,gas mask or respirator
train/n03424325/n03424325_232.JPEG,570,gas mask or respirator
train/n03424325/n03424325_21459.JPEG,570,gas mask or respirator
train/n03425413/n03425413_17980.JPEG,571,gas pump
train/n03425413/n03425413_8408.JPEG,571,gas pump
train/n03425413/n03425413_26258.JPEG,571,gas pump
train/n03425413/n03425413_18191.JPEG,571,gas pump
train/n03425413/n03425413_28113.JPEG,571,gas pump
train/n03425413/n03425413_33015.JPEG,571,gas pump
train/n03425413/n03425413_23251.JPEG,571,gas pump
train/n03425413/n03425413_6271.JPEG,571,gas pump
train/n03425413/n03425413_13230.JPEG,571,gas pump
train/n03425413/n03425413_21476.JPEG,571,gas pump
train/n03425413/n03425413_14552.JPEG,571,gas pump
train/n03425413/n03425413_13381.JPEG,571,gas pump
train/n03425413/n03425413_14536.JPEG,571,gas pump
train/n03425413/n03425413_10844.JPEG,571,gas pump
train/n03425413/n03425413_11135.JPEG,571,gas pump
train/n03425413/n03425413_5274.JPEG,571,gas pump
train/n03443371/n03443371_13889.JPEG,572,goblet
train/n03443371/n03443371_4345.JPEG,572,goblet
train/n03443371/n03443371_7918.JPEG,572,goblet
train/n03443371/n03443371_13903.JPEG,572,goblet
train/n03443371/n03443371_53.JPEG,572,goblet
train/n03443371/n03443371_2031.JPEG,572,goblet
train/n03443371/n03443371_4172.JPEG,572,goblet
train/n03443371/n03443371_202.JPEG,572,goblet
train/n03443371/n03443371_11797.JPEG,572,goblet
train/n03443371/n03443371_21996.JPEG,572,goblet
train/n03443371/n03443371_4.JPEG,572,goblet
train/n03443371/n03443371_10668.JPEG,572,goblet
train/n03443371/n03443371_974.JPEG,572,goblet
train/n03443371/n03443371_3888.JPEG,572,goblet
train/n03443371/n03443371_804.JPEG,572,goblet
train/n03443371/n03443371_2890.JPEG,572,goblet
train/n03444034/n03444034_2750.JPEG,573,go-kart
train/n03444034/n03444034_25782.JPEG,573,go-kart
train/n03444034/n03444034_2072.JPEG,573,go-kart
train/n03444034/n03444034_1005.JPEG,573,go-kart
train/n03444034/n03444034_8304.JPEG,573,go-kart
train/n03444034/n03444034_7905.JPEG,573,go-kart
train/n03444034/n03444034_49041.JPEG,573,go-kart
train/n03444034/n03444034_15526.JPEG,573,go-kart
train/n03444034/n03444034_9000.JPEG,573,go-kart
train/n03444034/n03444034_11268.JPEG,573,go-kart
train/n03444034/n03444034_5377.JPEG,573,go-kart
train/n03444034/n03444034_8525.JPEG,573,go-kart
train/n03444034/n03444034_9835.JPEG,573,go-kart
train/n03444034/n03444034_3762.JPEG,573,go-kart
train/n03444034/n03444034_8503.JPEG,573,go-kart
train/n03444034/n03444034_9639.JPEG,573,go-kart
train/n03445777/n03445777_9379.JPEG,574,golf ball
train/n03445777/n03445777_5546.JPEG,574,golf ball
train/n03445777/n03445777_3209.JPEG,574,golf ball
train/n03445777/n03445777_9199.JPEG,574,golf ball
train/n03445777/n03445777_5423.JPEG,574,golf ball
train/n03445777/n03445777_4416.JPEG,574,golf ball
train/n03445777/n03445777_10678.JPEG,574,golf ball
train/n03445777/n03445777_9325.JPEG,574,golf ball
train/n03445777/n03445777_2017.JPEG,574,golf ball
train/n03445777/n03445777_4133.JPEG,574,golf ball
train/n03445777/n03445777_10499.JPEG,574,golf ball
train/n03445777/n03445777_16186.JPEG,574,golf ball
train/n03445777/n03445777_998.JPEG,574,golf ball
train/n03445777/n03445777_8380.JPEG,574,golf ball
train/n03445777/n03445777_12013.JPEG,574,golf ball
train/n03445777/n03445777_7616.JPEG,574,golf ball
train/n03445924/n03445924_30441.JPEG,575,golf cart
train/n03445924/n03445924_4935.JPEG,575,golf cart
train/n03445924/n03445924_3944.JPEG,575,golf cart
train/n03445924/n03445924_3481.JPEG,575,golf cart
train/n03445924/n03445924_5007.JPEG,575,golf cart
train/n03445924/n03445924_27007.JPEG,575,golf cart
train/n03445924/n03445924_3039.JPEG,575,golf cart
train/n03445924/n03445924_24812.JPEG,575,golf cart
train/n03445924/n03445924_12471.JPEG,575,golf cart
train/n03445924/n03445924_14719.JPEG,575,golf cart
train/n03445924/n03445924_576.JPEG,575,golf cart
train/n03445924/n03445924_12579.JPEG,575,golf cart
train/n03445924/n03445924_14681.JPEG,575,golf cart
train/n03445924/n03445924_15613.JPEG,575,golf cart
train/n03445924/n03445924_925.JPEG,575,golf cart
train/n03445924/n03445924_5450.JPEG,575,golf cart
train/n03447447/n03447447_7936.JPEG,576,gondola
train/n03447447/n03447447_5075.JPEG,576,gondola
train/n03447447/n03447447_11553.JPEG,576,gondola
train/n03447447/n03447447_13427.JPEG,576,gondola
train/n03447447/n03447447_419.JPEG,576,gondola
train/n03447447/n03447447_243.JPEG,576,gondola
train/n03447447/n03447447_9246.JPEG,576,gondola
train/n03447447/n03447447_387.JPEG,576,gondola
train/n03447447/n03447447_1360.JPEG,576,gondola
train/n03447447/n03447447_1222.JPEG,576,gondola
train/n03447447/n03447447_12465.JPEG,576,gondola
train/n03447447/n03447447_3221.JPEG,576,gondola
train/n03447447/n03447447_7262.JPEG,576,gondola
train/n03447447/n03447447_4245.JPEG,576,gondola
train/n03447447/n03447447_4105.JPEG,576,gondola
train/n03447447/n03447447_11416.JPEG,576,gondola
train/n03447721/n03447721_15812.JPEG,577,gong
train/n03447721/n03447721_18969.JPEG,577,gong
train/n03447721/n03447721_6634.JPEG,577,gong
train/n03447721/n03447721_5885.JPEG,577,gong
train/n03447721/n03447721_21610.JPEG,577,gong
train/n03447721/n03447721_59503.JPEG,577,gong
train/n03447721/n03447721_50507.JPEG,577,gong
train/n03447721/n03447721_48081.JPEG,577,gong
train/n03447721/n03447721_54368.JPEG,577,gong
train/n03447721/n03447721_7223.JPEG,577,gong
train/n03447721/n03447721_31753.JPEG,577,gong
train/n03447721/n03447721_7390.JPEG,577,gong
train/n03447721/n03447721_26366.JPEG,577,gong
train/n03447721/n03447721_58114.JPEG,577,gong
train/n03447721/n03447721_31206.JPEG,577,gong
train/n03447721/n03447721_23111.JPEG,577,gong
train/n03450230/n03450230_10196.JPEG,578,gown
train/n03450230/n03450230_17339.JPEG,578,gown
train/n03450230/n03450230_5301.JPEG,578,gown
train/n03450230/n03450230_3218.JPEG,578,gown
train/n03450230/n03450230_11132.JPEG,578,gown
train/n03450230/n03450230_22784.JPEG,578,gown
train/n03450230/n03450230_2533.JPEG,578,gown
train/n03450230/n03450230_34439.JPEG,578,gown
train/n03450230/n03450230_18598.JPEG,578,gown
train/n03450230/n03450230_34483.JPEG,578,gown
train/n03450230/n03450230_48488.JPEG,578,gown
train/n03450230/n03450230_24676.JPEG,578,gown
train/n03450230/n03450230_35961.JPEG,578,gown
train/n03450230/n03450230_6189.JPEG,578,gown
train/n03450230/n03450230_13805.JPEG,578,gown
train/n03450230/n03450230_10613.JPEG,578,gown
train/n03452741/n03452741_4055.JPEG,579,grand piano
train/n03452741/n03452741_14850.JPEG,579,grand piano
train/n03452741/n03452741_3074.JPEG,579,grand piano
train/n03452741/n03452741_7890.JPEG,579,grand piano
train/n03452741/n03452741_3682.JPEG,579,grand piano
train/n03452741/n03452741_23132.JPEG,579,grand piano
train/n03452741/n03452741_27763.JPEG,579,grand piano
train/n03452741/n03452741_23588.JPEG,579,grand piano
train/n03452741/n03452741_30108.JPEG,579,grand piano
train/n03452741/n03452741_18494.JPEG,579,grand piano
train/n03452741/n03452741_21057.JPEG,579,grand piano
train/n03452741/n03452741_15609.JPEG,579,grand piano
train/n03452741/n03452741_23982.JPEG,579,grand piano
train/n03452741/n03452741_15586.JPEG,579,grand piano
train/n03452741/n03452741_10518.JPEG,579,grand piano
train/n03452741/n03452741_5900.JPEG,579,grand piano
train/n03457902/n03457902_25835.JPEG,580,greenhouse
train/n03457902/n03457902_16083.JPEG,580,greenhouse
train/n03457902/n03457902_17304.JPEG,580,greenhouse
train/n03457902/n03457902_44380.JPEG,580,greenhouse
train/n03457902/n03457902_58322.JPEG,580,greenhouse
train/n03457902/n03457902_77922.JPEG,580,greenhouse
train/n03457902/n03457902_43404.JPEG,580,greenhouse
train/n03457902/n03457902_50755.JPEG,580,greenhouse
train/n03457902/n03457902_31232.JPEG,580,greenhouse
train/n03457902/n03457902_27212.JPEG,580,greenhouse
train/n03457902/n03457902_3329.JPEG,580,greenhouse
train/n03457902/n03457902_57480.JPEG,580,greenhouse
train/n03457902/n03457902_20961.JPEG,580,greenhouse
train/n03457902/n03457902_2958.JPEG,580,greenhouse
train/n03457902/n03457902_31476.JPEG,580,greenhouse
train/n03457902/n03457902_3712.JPEG,580,greenhouse
train/n03459775/n03459775_824.JPEG,581,radiator grille
train/n03459775/n03459775_627.JPEG,581,radiator grille
train/n03459775/n03459775_14584.JPEG,581,radiator grille
train/n03459775/n03459775_10439.JPEG,581,radiator grille
train/n03459775/n03459775_7929.JPEG,581,radiator grille
train/n03459775/n03459775_10234.JPEG,581,radiator grille
train/n03459775/n03459775_8431.JPEG,581,radiator grille
train/n03459775/n03459775_1877.JPEG,581,radiator grille
train/n03459775/n03459775_18849.JPEG,581,radiator grille
train/n03459775/n03459775_19996.JPEG,581,radiator grille
train/n03459775/n03459775_17805.JPEG,581,radiator grille
train/n03459775/n03459775_9447.JPEG,581,radiator grille
train/n03459775/n03459775_1577.JPEG,581,radiator grille
train/n03459775/n03459775_6239.JPEG,581,radiator grille
train/n03459775/n03459775_19831.JPEG,581,radiator grille
train/n03459775/n03459775_14219.JPEG,581,radiator grille
train/n03461385/n03461385_11719.JPEG,582,grocery store
train/n03461385/n03461385_51486.JPEG,582,grocery store
train/n03461385/n03461385_272.JPEG,582,grocery store
train/n03461385/n03461385_4194.JPEG,582,grocery store
train/n03461385/n03461385_37501.JPEG,582,grocery store
train/n03461385/n03461385_33355.JPEG,582,grocery store
train/n03461385/n03461385_17243.JPEG,582,grocery store
train/n03461385/n03461385_94333.JPEG,582,grocery store
train/n03461385/n03461385_56444.JPEG,582,grocery store
train/n03461385/n03461385_56104.JPEG,582,grocery store
train/n03461385/n03461385_6822.JPEG,582,grocery store
train/n03461385/n03461385_52970.JPEG,582,grocery store
train/n03461385/n03461385_89234.JPEG,582,grocery store
train/n03461385/n03461385_45392.JPEG,582,grocery store
train/n03461385/n03461385_9657.JPEG,582,grocery store
train/n03461385/n03461385_20989.JPEG,582,grocery store
train/n03467068/n03467068_18930.JPEG,583,guillotine
train/n03467068/n03467068_10462.JPEG,583,guillotine
train/n03467068/n03467068_12965.JPEG,583,guillotine
train/n03467068/n03467068_9387.JPEG,583,guillotine
train/n03467068/n03467068_18289.JPEG,583,guillotine
train/n03467068/n03467068_25397.JPEG,583,guillotine
train/n03467068/n03467068_7105.JPEG,583,guillotine
train/n03467068/n03467068_14831.JPEG,583,guillotine
train/n03467068/n03467068_24175.JPEG,583,guillotine
train/n03467068/n03467068_27538.JPEG,583,guillotine
train/n03467068/n03467068_12117.JPEG,583,guillotine
train/n03467068/n03467068_20377.JPEG,583,guillotine
train/n03467068/n03467068_7536.JPEG,583,guillotine
train/n03467068/n03467068_10199.JPEG,583,guillotine
train/n03467068/n03467068_1335.JPEG,583,guillotine
train/n03467068/n03467068_16823.JPEG,583,guillotine
train/n03476684/n03476684_1796.JPEG,584,hair clip
train/n03476684/n03476684_5271.JPEG,584,hair clip
train/n03476684/n03476684_17102.JPEG,584,hair clip
train/n03476684/n03476684_4602.JPEG,584,hair clip
train/n03476684/n03476684_31384.JPEG,584,hair clip
train/n03476684/n03476684_34686.JPEG,584,hair clip
train/n03476684/n03476684_21042.JPEG,584,hair clip
train/n03476684/n03476684_15442.JPEG,584,hair clip
train/n03476684/n03476684_3755.JPEG,584,hair clip
train/n03476684/n03476684_14651.JPEG,584,hair clip
train/n03476684/n03476684_707.JPEG,584,hair clip
train/n03476684/n03476684_20883.JPEG,584,hair clip
train/n03476684/n03476684_27266.JPEG,584,hair clip
train/n03476684/n03476684_6477.JPEG,584,hair clip
train/n03476684/n03476684_11318.JPEG,584,hair clip
train/n03476684/n03476684_3640.JPEG,584,hair clip
train/n03476991/n03476991_28592.JPEG,585,hair spray
train/n03476991/n03476991_14468.JPEG,585,hair spray
train/n03476991/n03476991_13596.JPEG,585,hair spray
train/n03476991/n03476991_4599.JPEG,585,hair spray
train/n03476991/n03476991_51259.JPEG,585,hair spray
train/n03476991/n03476991_2307.JPEG,585,hair spray
train/n03476991/n03476991_22114.JPEG,585,hair spray
train/n03476991/n03476991_24037.JPEG,585,hair spray
train/n03476991/n03476991_2407.JPEG,585,hair spray
train/n03476991/n03476991_6711.JPEG,585,hair spray
train/n03476991/n03476991_1196.JPEG,585,hair spray
train/n03476991/n03476991_4158.JPEG,585,hair spray
train/n03476991/n03476991_21484.JPEG,585,hair spray
train/n03476991/n03476991_37026.JPEG,585,hair spray
train/n03476991/n03476991_7180.JPEG,585,hair spray
train/n03476991/n03476991_9852.JPEG,585,hair spray
train/n03478589/n03478589_10757.JPEG,586,half-track
train/n03478589/n03478589_12898.JPEG,586,half-track
train/n03478589/n03478589_8455.JPEG,586,half-track
train/n03478589/n03478589_17295.JPEG,586,half-track
train/n03478589/n03478589_2952.JPEG,586,half-track
train/n03478589/n03478589_17195.JPEG,586,half-track
train/n03478589/n03478589_8054.JPEG,586,half-track
train/n03478589/n03478589_4917.JPEG,586,half-track
train/n03478589/n03478589_16903.JPEG,586,half-track
train/n03478589/n03478589_13639.JPEG,586,half-track
train/n03478589/n03478589_1136.JPEG,586,half-track
train/n03478589/n03478589_17356.JPEG,586,half-track
train/n03478589/n03478589_9231.JPEG,586,half-track
train/n03478589/n03478589_86.JPEG,586,half-track
train/n03478589/n03478589_16981.JPEG,586,half-track
train/n03478589/n03478589_1949.JPEG,586,half-track
train/n03481172/n03481172_25703.JPEG,587,hammer
train/n03481172/n03481172_4582.JPEG,587,hammer
train/n03481172/n03481172_3126.JPEG,587,hammer
train/n03481172/n03481172_6839.JPEG,587,hammer
train/n03481172/n03481172_9666.JPEG,587,hammer
train/n03481172/n03481172_13561.JPEG,587,hammer
train/n03481172/n03481172_1272.JPEG,587,hammer
train/n03481172/n03481172_12264.JPEG,587,hammer
train/n03481172/n03481172_41605.JPEG,587,hammer
train/n03481172/n03481172_2283.JPEG,587,hammer
train/n03481172/n03481172_8482.JPEG,587,hammer
train/n03481172/n03481172_23457.JPEG,587,hammer
train/n03481172/n03481172_11093.JPEG,587,hammer
train/n03481172/n03481172_19043.JPEG,587,hammer
train/n03481172/n03481172_43333.JPEG,587,hammer
train/n03481172/n03481172_1131.JPEG,587,hammer
train/n03482405/n03482405_13554.JPEG,588,hamper
train/n03482405/n03482405_2905.JPEG,588,hamper
train/n03482405/n03482405_11639.JPEG,588,hamper
train/n03482405/n03482405_27247.JPEG,588,hamper
train/n03482405/n03482405_27751.JPEG,588,hamper
train/n03482405/n03482405_6912.JPEG,588,hamper
train/n03482405/n03482405_12699.JPEG,588,hamper
train/n03482405/n03482405_885.JPEG,588,hamper
train/n03482405/n03482405_28697.JPEG,588,hamper
train/n03482405/n03482405_33133.JPEG,588,hamper
train/n03482405/n03482405_23461.JPEG,588,hamper
train/n03482405/n03482405_31900.JPEG,588,hamper
train/n03482405/n03482405_33121.JPEG,588,hamper
train/n03482405/n03482405_27400.JPEG,588,hamper
train/n03482405/n03482405_1901.JPEG,588,hamper
train/n03482405/n03482405_23146.JPEG,588,hamper
train/n03483316/n03483316_3869.JPEG,589,hair dryer
train/n03483316/n03483316_7960.JPEG,589,hair dryer
train/n03483316/n03483316_9971.JPEG,589,hair dryer
train/n03483316/n03483316_14745.JPEG,589,hair dryer
train/n03483316/n03483316_2519.JPEG,589,hair dryer
train/n03483316/n03483316_42509.JPEG,589,hair dryer
train/n03483316/n03483316_10105.JPEG,589,hair dryer
train/n03483316/n03483316_19970.JPEG,589,hair dryer
train/n03483316/n03483316_43362.JPEG,589,hair dryer
train/n03483316/n03483316_11027.JPEG,589,hair dryer
train/n03483316/n03483316_10835.JPEG,589,hair dryer
train/n03483316/n03483316_22740.JPEG,589,hair dryer
train/n03483316/n03483316_20702.JPEG,589,hair dryer
train/n03483316/n03483316_44050.JPEG,589,hair dryer
train/n03483316/n03483316_32361.JPEG,589,hair dryer
train/n03483316/n03483316_10677.JPEG,589,hair dryer
train/n03485407/n03485407_21197.JPEG,590,hand-held computer
train/n03485407/n03485407_770.JPEG,590,hand-held computer
train/n03485407/n03485407_6437.JPEG,590,hand-held computer
train/n03485407/n03485407_3803.JPEG,590,hand-held computer
train/n03485407/n03485407_10689.JPEG,590,hand-held computer
train/n03485407/n03485407_755.JPEG,590,hand-held computer
train/n03485407/n03485407_1729.JPEG,590,hand-held computer
train/n03485407/n03485407_1968.JPEG,590,hand-held computer
train/n03485407/n03485407_9193.JPEG,590,hand-held computer
train/n03485407/n03485407_3996.JPEG,590,hand-held computer
train/n03485407/n03485407_9748.JPEG,590,hand-held computer
train/n03485407/n03485407_9085.JPEG,590,hand-held computer
train/n03485407/n03485407_5348.JPEG,590,hand-held computer
train/n03485407/n03485407_267.JPEG,590,hand-held computer
train/n03485407/n03485407_699.JPEG,590,hand-held computer
train/n03485407/n03485407_3749.JPEG,590,hand-held computer
train/n03485794/n03485794_7040.JPEG,591,handkerchief
train/n03485794/n03485794_10690.JPEG,591,handkerchief
train/n03485794/n03485794_31794.JPEG,591,handkerchief
train/n03485794/n03485794_16233.JPEG,591,handkerchief
train/n03485794/n03485794_23611.JPEG,591,handkerchief
train/n03485794/n03485794_4952.JPEG,591,handkerchief
train/n03485794/n03485794_70360.JPEG,591,handkerchief
train/n03485794/n03485794_11163.JPEG,591,handkerchief
train/n03485794/n03485794_19671.JPEG,591,handkerchief
train/n03485794/n03485794_35326.JPEG,591,handkerchief
train/n03485794/n03485794_10187.JPEG,591,handkerchief
train/n03485794/n03485794_8373.JPEG,591,handkerchief
train/n03485794/n03485794_6253.JPEG,591,handkerchief
train/n03485794/n03485794_17674.JPEG,591,handkerchief
train/n03485794/n03485794_7190.JPEG,591,handkerchief
train/n03485794/n03485794_12270.JPEG,591,handkerchief
train/n03492542/n03492542_19038.JPEG,592,hard disk drive
train/n03492542/n03492542_22597.JPEG,592,hard disk drive
train/n03492542/n03492542_35574.JPEG,592,hard disk drive
train/n03492542/n03492542_9429.JPEG,592,hard disk drive
train/n03492542/n03492542_28792.JPEG,592,hard disk drive
train/n03492542/n03492542_15652.JPEG,592,hard disk drive
train/n03492542/n03492542_44671.JPEG,592,hard disk drive
train/n03492542/n03492542_1595.JPEG,592,hard disk drive
train/n03492542/n03492542_39256.JPEG,592,hard disk drive
train/n03492542/n03492542_19579.JPEG,592,hard disk drive
train/n03492542/n03492542_24814.JPEG,592,hard disk drive
train/n03492542/n03492542_42170.JPEG,592,hard disk drive
train/n03492542/n03492542_11321.JPEG,592,hard disk drive
train/n03492542/n03492542_13186.JPEG,592,hard disk drive
train/n03492542/n03492542_16144.JPEG,592,hard disk drive
train/n03492542/n03492542_5404.JPEG,592,hard disk drive
train/n03494278/n03494278_38380.JPEG,593,harmonica
train/n03494278/n03494278_1631.JPEG,593,harmonica
train/n03494278/n03494278_29145.JPEG,593,harmonica
train/n03494278/n03494278_30528.JPEG,593,harmonica
train/n03494278/n03494278_30524.JPEG,593,harmonica
train/n03494278/n03494278_38037.JPEG,593,harmonica
train/n03494278/n03494278_44189.JPEG,593,harmonica
train/n03494278/n03494278_24577.JPEG,593,harmonica
train/n03494278/n03494278_19250.JPEG,593,harmonica
train/n03494278/n03494278_30774.JPEG,593,harmonica
train/n03494278/n03494278_46481.JPEG,593,harmonica
train/n03494278/n03494278_32555.JPEG,593,harmonica
train/n03494278/n03494278_28841.JPEG,593,harmonica
train/n03494278/n03494278_7907.JPEG,593,harmonica
train/n03494278/n03494278_8020.JPEG,593,harmonica
train/n03494278/n03494278_4508.JPEG,593,harmonica
train/n03495258/n03495258_13608.JPEG,594,harp
train/n03495258/n03495258_1451.JPEG,594,harp
train/n03495258/n03495258_12538.JPEG,594,harp
train/n03495258/n03495258_8640.JPEG,594,harp
train/n03495258/n03495258_22402.JPEG,594,harp
train/n03495258/n03495258_22770.JPEG,594,harp
train/n03495258/n03495258_21979.JPEG,594,harp
train/n03495258/n03495258_26956.JPEG,594,harp
train/n03495258/n03495258_230.JPEG,594,harp
train/n03495258/n03495258_15317.JPEG,594,harp
train/n03495258/n03495258_18821.JPEG,594,harp
train/n03495258/n03495258_13290.JPEG,594,harp
train/n03495258/n03495258_3681.JPEG,594,harp
train/n03495258/n03495258_6751.JPEG,594,harp
train/n03495258/n03495258_6198.JPEG,594,harp
train/n03495258/n03495258_5610.JPEG,594,harp
train/n03496892/n03496892_3055.JPEG,595,combine harvester
train/n03496892/n03496892_24085.JPEG,595,combine harvester
train/n03496892/n03496892_16508.JPEG,595,combine harvester
train/n03496892/n03496892_17607.JPEG,595,combine harvester
train/n03496892/n03496892_16988.JPEG,595,combine harvester
train/n03496892/n03496892_27060.JPEG,595,combine harvester
train/n03496892/n03496892_18922.JPEG,595,combine harvester
train/n03496892/n03496892_37869.JPEG,595,combine harvester
train/n03496892/n03496892_8941.JPEG,595,combine harvester
train/n03496892/n03496892_3708.JPEG,595,combine harvester
train/n03496892/n03496892_10109.JPEG,595,combine harvester
train/n03496892/n03496892_2166.JPEG,595,combine harvester
train/n03496892/n03496892_4153.JPEG,595,combine harvester
train/n03496892/n03496892_5396.JPEG,595,combine harvester
train/n03496892/n03496892_26965.JPEG,595,combine harvester
train/n03496892/n03496892_16025.JPEG,595,combine harvester
train/n03498962/n03498962_10680.JPEG,596,hatchet
train/n03498962/n03498962_12388.JPEG,596,hatchet
train/n03498962/n03498962_47272.JPEG,596,hatchet
train/n03498962/n03498962_37398.JPEG,596,hatchet
train/n03498962/n03498962_4567.JPEG,596,hatchet
train/n03498962/n03498962_53812.JPEG,596,hatchet
train/n03498962/n03498962_2008.JPEG,596,hatchet
train/n03498962/n03498962_2919.JPEG,596,hatchet
train/n03498962/n03498962_12963.JPEG,596,hatchet
train/n03498962/n03498962_10526.JPEG,596,hatchet
train/n03498962/n03498962_10121.JPEG,596,hatchet
train/n03498962/n03498962_7902.JPEG,596,hatchet
train/n03498962/n03498962_37813.JPEG,596,hatchet
train/n03498962/n03498962_12307.JPEG,596,hatchet
train/n03498962/n03498962_6164.JPEG,596,hatchet
train/n03498962/n03498962_29474.JPEG,596,hatchet
train/n03527444/n03527444_10013.JPEG,597,holster
train/n03527444/n03527444_4741.JPEG,597,holster
train/n03527444/n03527444_22304.JPEG,597,holster
train/n03527444/n03527444_23777.JPEG,597,holster
train/n03527444/n03527444_17712.JPEG,597,holster
train/n03527444/n03527444_22706.JPEG,597,holster
train/n03527444/n03527444_10019.JPEG,597,holster
train/n03527444/n03527444_26156.JPEG,597,holster
train/n03527444/n03527444_8237.JPEG,597,holster
train/n03527444/n03527444_3346.JPEG,597,holster
train/n03527444/n03527444_295.JPEG,597,holster
train/n03527444/n03527444_4049.JPEG,597,holster
train/n03527444/n03527444_7514.JPEG,597,holster
train/n03527444/n03527444_20976.JPEG,597,holster
train/n03527444/n03527444_24230.JPEG,597,holster
train/n03527444/n03527444_1001.JPEG,597,holster
train/n03529860/n03529860_7708.JPEG,598,home theater
train/n03529860/n03529860_9359.JPEG,598,home theater
train/n03529860/n03529860_15949.JPEG,598,home theater
train/n03529860/n03529860_10497.JPEG,598,home theater
train/n03529860/n03529860_2514.JPEG,598,home theater
train/n03529860/n03529860_8668.JPEG,598,home theater
train/n03529860/n03529860_1718.JPEG,598,home theater
train/n03529860/n03529860_4455.JPEG,598,home theater
train/n03529860/n03529860_13090.JPEG,598,home theater
train/n03529860/n03529860_2795.JPEG,598,home theater
train/n03529860/n03529860_13660.JPEG,598,home theater
train/n03529860/n03529860_1958.JPEG,598,home theater
train/n03529860/n03529860_4583.JPEG,598,home theater
train/n03529860/n03529860_12676.JPEG,598,home theater
train/n03529860/n03529860_18329.JPEG,598,home theater
train/n03529860/n03529860_7061.JPEG,598,home theater
train/n03530642/n03530642_17303.JPEG,599,honeycomb
train/n03530642/n03530642_16983.JPEG,599,honeycomb
train/n03530642/n03530642_37524.JPEG,599,honeycomb
train/n03530642/n03530642_12569.JPEG,599,honeycomb
train/n03530642/n03530642_22364.JPEG,599,honeycomb
train/n03530642/n03530642_10506.JPEG,599,honeycomb
train/n03530642/n03530642_20748.JPEG,599,honeycomb
train/n03530642/n03530642_32504.JPEG,599,honeycomb
train/n03530642/n03530642_36930.JPEG,599,honeycomb
train/n03530642/n03530642_1387.JPEG,599,honeycomb
train/n03530642/n03530642_17905.JPEG,599,honeycomb
train/n03530642/n03530642_35210.JPEG,599,honeycomb
train/n03530642/n03530642_3435.JPEG,599,honeycomb
train/n03530642/n03530642_27480.JPEG,599,honeycomb
train/n03530642/n03530642_25692.JPEG,599,honeycomb
train/n03530642/n03530642_21056.JPEG,599,honeycomb
train/n03532672/n03532672_2042.JPEG,600,hook
train/n03532672/n03532672_20272.JPEG,600,hook
train/n03532672/n03532672_30337.JPEG,600,hook
train/n03532672/n03532672_946.JPEG,600,hook
train/n03532672/n03532672_33347.JPEG,600,hook
train/n03532672/n03532672_11365.JPEG,600,hook
train/n03532672/n03532672_14727.JPEG,600,hook
train/n03532672/n03532672_48592.JPEG,600,hook
train/n03532672/n03532672_85706.JPEG,600,hook
train/n03532672/n03532672_28170.JPEG,600,hook
train/n03532672/n03532672_10268.JPEG,600,hook
train/n03532672/n03532672_38813.JPEG,600,hook
train/n03532672/n03532672_82681.JPEG,600,hook
train/n03532672/n03532672_40972.JPEG,600,hook
train/n03532672/n03532672_1878.JPEG,600,hook
train/n03532672/n03532672_18709.JPEG,600,hook
train/n03534580/n03534580_8992.JPEG,601,hoop skirt
train/n03534580/n03534580_218.JPEG,601,hoop skirt
train/n03534580/n03534580_5152.JPEG,601,hoop skirt
train/n03534580/n03534580_3658.JPEG,601,hoop skirt
train/n03534580/n03534580_1105.JPEG,601,hoop skirt
train/n03534580/n03534580_9947.JPEG,601,hoop skirt
train/n03534580/n03534580_19944.JPEG,601,hoop skirt
train/n03534580/n03534580_1838.JPEG,601,hoop skirt
train/n03534580/n03534580_1162.JPEG,601,hoop skirt
train/n03534580/n03534580_11023.JPEG,601,hoop skirt
train/n03534580/n03534580_32580.JPEG,601,hoop skirt
train/n03534580/n03534580_14730.JPEG,601,hoop skirt
train/n03534580/n03534580_5187.JPEG,601,hoop skirt
train/n03534580/n03534580_5584.JPEG,601,hoop skirt
train/n03534580/n03534580_2513.JPEG,601,hoop skirt
train/n03534580/n03534580_5405.JPEG,601,hoop skirt
train/n03535780/n03535780_9813.JPEG,602,gymnastic horizontal bar
train/n03535780/n03535780_9790.JPEG,602,gymnastic horizontal bar
train/n03535780/n03535780_5006.JPEG,602,gymnastic horizontal bar
train/n03535780/n03535780_29422.JPEG,602,gymnastic horizontal bar
train/n03535780/n03535780_22420.JPEG,602,gymnastic horizontal bar
train/n03535780/n03535780_42001.JPEG,602,gymnastic horizontal bar
train/n03535780/n03535780_28410.JPEG,602,gymnastic horizontal bar
train/n03535780/n03535780_43223.JPEG,602,gymnastic horizontal bar
train/n03535780/n03535780_1683.JPEG,602,gymnastic horizontal bar
train/n03535780/n03535780_17341.JPEG,602,gymnastic horizontal bar
train/n03535780/n03535780_12324.JPEG,602,gymnastic horizontal bar
train/n03535780/n03535780_36165.JPEG,602,gymnastic horizontal bar
train/n03535780/n03535780_3753.JPEG,602,gymnastic horizontal bar
train/n03535780/n03535780_16653.JPEG,602,gymnastic horizontal bar
train/n03535780/n03535780_37321.JPEG,602,gymnastic horizontal bar
train/n03535780/n03535780_32725.JPEG,602,gymnastic horizontal bar
train/n03538406/n03538406_3659.JPEG,603,horse-drawn vehicle
train/n03538406/n03538406_1360.JPEG,603,horse-drawn vehicle
train/n03538406/n03538406_7906.JPEG,603,horse-drawn vehicle
train/n03538406/n03538406_2010.JPEG,603,horse-drawn vehicle
train/n03538406/n03538406_5645.JPEG,603,horse-drawn vehicle
train/n03538406/n03538406_2704.JPEG,603,horse-drawn vehicle
train/n03538406/n03538406_17753.JPEG,603,horse-drawn vehicle
train/n03538406/n03538406_10271.JPEG,603,horse-drawn vehicle
train/n03538406/n03538406_844.JPEG,603,horse-drawn vehicle
train/n03538406/n03538406_4837.JPEG,603,horse-drawn vehicle
train/n03538406/n03538406_3033.JPEG,603,horse-drawn vehicle
train/n03538406/n03538406_17240.JPEG,603,horse-drawn vehicle
train/n03538406/n03538406_14911.JPEG,603,horse-drawn vehicle
train/n03538406/n03538406_10074.JPEG,603,horse-drawn vehicle
train/n03538406/n03538406_217.JPEG,603,horse-drawn vehicle
train/n03538406/n03538406_4973.JPEG,603,horse-drawn vehicle
train/n03544143/n03544143_12556.JPEG,604,hourglass
train/n03544143/n03544143_618.JPEG,604,hourglass
train/n03544143/n03544143_4755.JPEG,604,hourglass
train/n03544143/n03544143_14290.JPEG,604,hourglass
train/n03544143/n03544143_18661.JPEG,604,hourglass
train/n03544143/n03544143_15733.JPEG,604,hourglass
train/n03544143/n03544143_7239.JPEG,604,hourglass
train/n03544143/n03544143_1317.JPEG,604,hourglass
train/n03544143/n03544143_15871.JPEG,604,hourglass
train/n03544143/n03544143_12689.JPEG,604,hourglass
train/n03544143/n03544143_30583.JPEG,604,hourglass
train/n03544143/n03544143_14252.JPEG,604,hourglass
train/n03544143/n03544143_12629.JPEG,604,hourglass
train/n03544143/n03544143_2133.JPEG,604,hourglass
train/n03544143/n03544143_1710.JPEG,604,hourglass
train/n03544143/n03544143_15856.JPEG,604,hourglass
train/n03584254/n03584254_2964.JPEG,605,iPod
train/n03584254/n03584254_3015.JPEG,605,iPod
train/n03584254/n03584254_2062.JPEG,605,iPod
train/n03584254/n03584254_3688.JPEG,605,iPod
train/n03584254/n03584254_1391.JPEG,605,iPod
train/n03584254/n03584254_5185.JPEG,605,iPod
train/n03584254/n03584254_3856.JPEG,605,iPod
train/n03584254/n03584254_92.JPEG,605,iPod
train/n03584254/n03584254_857.JPEG,605,iPod
train/n03584254/n03584254_5138.JPEG,605,iPod
train/n03584254/n03584254_1916.JPEG,605,iPod
train/n03584254/n03584254_311.JPEG,605,iPod
train/n03584254/n03584254_626.JPEG,605,iPod
train/n03584254/n03584254_161.JPEG,605,iPod
train/n03584254/n03584254_3114.JPEG,605,iPod
train/n03584254/n03584254_97.JPEG,605,iPod
train/n03584829/n03584829_44366.JPEG,606,clothes iron
train/n03584829/n03584829_39046.JPEG,606,clothes iron
train/n03584829/n03584829_8297.JPEG,606,clothes iron
train/n03584829/n03584829_52423.JPEG,606,clothes iron
train/n03584829/n03584829_27643.JPEG,606,clothes iron
train/n03584829/n03584829_29270.JPEG,606,clothes iron
train/n03584829/n03584829_27807.JPEG,606,clothes iron
train/n03584829/n03584829_37969.JPEG,606,clothes iron
train/n03584829/n03584829_35272.JPEG,606,clothes iron
train/n03584829/n03584829_5070.JPEG,606,clothes iron
train/n03584829/n03584829_33656.JPEG,606,clothes iron
train/n03584829/n03584829_23166.JPEG,606,clothes iron
train/n03584829/n03584829_25390.JPEG,606,clothes iron
train/n03584829/n03584829_25555.JPEG,606,clothes iron
train/n03584829/n03584829_35489.JPEG,606,clothes iron
train/n03584829/n03584829_15057.JPEG,606,clothes iron
train/n03590841/n03590841_242.JPEG,607,carved pumpkin
train/n03590841/n03590841_7098.JPEG,607,carved pumpkin
train/n03590841/n03590841_6206.JPEG,607,carved pumpkin
train/n03590841/n03590841_3645.JPEG,607,carved pumpkin
train/n03590841/n03590841_2634.JPEG,607,carved pumpkin
train/n03590841/n03590841_11556.JPEG,607,carved pumpkin
train/n03590841/n03590841_409.JPEG,607,carved pumpkin
train/n03590841/n03590841_7030.JPEG,607,carved pumpkin
train/n03590841/n03590841_3127.JPEG,607,carved pumpkin
train/n03590841/n03590841_5164.JPEG,607,carved pumpkin
train/n03590841/n03590841_1544.JPEG,607,carved pumpkin
train/n03590841/n03590841_3867.JPEG,607,carved pumpkin
train/n03590841/n03590841_5334.JPEG,607,carved pumpkin
train/n03590841/n03590841_241.JPEG,607,carved pumpkin
train/n03590841/n03590841_6176.JPEG,607,carved pumpkin
train/n03590841/n03590841_7141.JPEG,607,carved pumpkin
train/n03594734/n03594734_34605.JPEG,608,jeans
train/n03594734/n03594734_29621.JPEG,608,jeans
train/n03594734/n03594734_32789.JPEG,608,jeans
train/n03594734/n03594734_38433.JPEG,608,jeans
train/n03594734/n03594734_16188.JPEG,608,jeans
train/n03594734/n03594734_5040.JPEG,608,jeans
train/n03594734/n03594734_45356.JPEG,608,jeans
train/n03594734/n03594734_15723.JPEG,608,jeans
train/n03594734/n03594734_43818.JPEG,608,jeans
train/n03594734/n03594734_579.JPEG,608,jeans
train/n03594734/n03594734_21387.JPEG,608,jeans
train/n03594734/n03594734_38793.JPEG,608,jeans
train/n03594734/n03594734_5186.JPEG,608,jeans
train/n03594734/n03594734_33508.JPEG,608,jeans
train/n03594734/n03594734_45057.JPEG,608,jeans
train/n03594734/n03594734_33546.JPEG,608,jeans
train/n03594945/n03594945_13822.JPEG,609,jeep
train/n03594945/n03594945_17324.JPEG,609,jeep
train/n03594945/n03594945_4065.JPEG,609,jeep
train/n03594945/n03594945_30268.JPEG,609,jeep
train/n03594945/n03594945_33132.JPEG,609,jeep
train/n03594945/n03594945_354.JPEG,609,jeep
train/n03594945/n03594945_4342.JPEG,609,jeep
train/n03594945/n03594945_18286.JPEG,609,jeep
train/n03594945/n03594945_22334.JPEG,609,jeep
train/n03594945/n03594945_24396.JPEG,609,jeep
train/n03594945/n03594945_27792.JPEG,609,jeep
train/n03594945/n03594945_26657.JPEG,609,jeep
train/n03594945/n03594945_20944.JPEG,609,jeep
train/n03594945/n03594945_27785.JPEG,609,jeep
train/n03594945/n03594945_473.JPEG,609,jeep
train/n03594945/n03594945_20536.JPEG,609,jeep
train/n03595614/n03595614_23628.JPEG,610,T-shirt
train/n03595614/n03595614_18218.JPEG,610,T-shirt
train/n03595614/n03595614_5405.JPEG,610,T-shirt
train/n03595614/n03595614_5589.JPEG,610,T-shirt
train/n03595614/n03595614_4972.JPEG,610,T-shirt
train/n03595614/n03595614_5709.JPEG,610,T-shirt
train/n03595614/n03595614_19599.JPEG,610,T-shirt
train/n03595614/n03595614_18366.JPEG,610,T-shirt
train/n03595614/n03595614_8347.JPEG,610,T-shirt
train/n03595614/n03595614_6522.JPEG,610,T-shirt
train/n03595614/n03595614_2895.JPEG,610,T-shirt
train/n03595614/n03595614_609.JPEG,610,T-shirt
train/n03595614/n03595614_19545.JPEG,610,T-shirt
train/n03595614/n03595614_2438.JPEG,610,T-shirt
train/n03595614/n03595614_11283.JPEG,610,T-shirt
train/n03595614/n03595614_6877.JPEG,610,T-shirt
train/n03598930/n03598930_6939.JPEG,611,jigsaw puzzle
train/n03598930/n03598930_9718.JPEG,611,jigsaw puzzle
train/n03598930/n03598930_19796.JPEG,611,jigsaw puzzle
train/n03598930/n03598930_19357.JPEG,611,jigsaw puzzle
train/n03598930/n03598930_4178.JPEG,611,jigsaw puzzle
train/n03598930/n03598930_955.JPEG,611,jigsaw puzzle
train/n03598930/n03598930_10641.JPEG,611,jigsaw puzzle
train/n03598930/n03598930_10024.JPEG,611,jigsaw puzzle
train/n03598930/n03598930_12019.JPEG,611,jigsaw puzzle
train/n03598930/n03598930_7173.JPEG,611,jigsaw puzzle
train/n03598930/n03598930_35700.JPEG,611,jigsaw puzzle
train/n03598930/n03598930_18958.JPEG,611,jigsaw puzzle
train/n03598930/n03598930_5228.JPEG,611,jigsaw puzzle
train/n03598930/n03598930_28721.JPEG,611,jigsaw puzzle
train/n03598930/n03598930_1021.JPEG,611,jigsaw puzzle
train/n03598930/n03598930_7831.JPEG,611,jigsaw puzzle
train/n03599486/n03599486_16379.JPEG,612,rickshaw
train/n03599486/n03599486_7239.JPEG,612,rickshaw
train/n03599486/n03599486_19741.JPEG,612,rickshaw
train/n03599486/n03599486_32236.JPEG,612,rickshaw
train/n03599486/n03599486_9635.JPEG,612,rickshaw
train/n03599486/n03599486_9472.JPEG,612,rickshaw
train/n03599486/n03599486_257.JPEG,612,rickshaw
train/n03599486/n03599486_6550.JPEG,612,rickshaw
train/n03599486/n03599486_1682.JPEG,612,rickshaw
train/n03599486/n03599486_10260.JPEG,612,rickshaw
train/n03599486/n03599486_3558.JPEG,612,rickshaw
train/n03599486/n03599486_8845.JPEG,612,rickshaw
train/n03599486/n03599486_17696.JPEG,612,rickshaw
train/n03599486/n03599486_3861.JPEG,612,rickshaw
train/n03599486/n03599486_17540.JPEG,612,rickshaw
train/n03599486/n03599486_20327.JPEG,612,rickshaw
train/n03602883/n03602883_21102.JPEG,613,joystick
train/n03602883/n03602883_5990.JPEG,613,joystick
train/n03602883/n03602883_14151.JPEG,613,joystick
train/n03602883/n03602883_12915.JPEG,613,joystick
train/n03602883/n03602883_21138.JPEG,613,joystick
train/n03602883/n03602883_11774.JPEG,613,joystick
train/n03602883/n03602883_14911.JPEG,613,joystick
train/n03602883/n03602883_15630.JPEG,613,joystick
train/n03602883/n03602883_5388.JPEG,613,joystick
train/n03602883/n03602883_10644.JPEG,613,joystick
train/n03602883/n03602883_9727.JPEG,613,joystick
train/n03602883/n03602883_12526.JPEG,613,joystick
train/n03602883/n03602883_9264.JPEG,613,joystick
train/n03602883/n03602883_18359.JPEG,613,joystick
train/n03602883/n03602883_10207.JPEG,613,joystick
train/n03602883/n03602883_9880.JPEG,613,joystick
train/n03617480/n03617480_7384.JPEG,614,kimono
train/n03617480/n03617480_9045.JPEG,614,kimono
train/n03617480/n03617480_3456.JPEG,614,kimono
train/n03617480/n03617480_9112.JPEG,614,kimono
train/n03617480/n03617480_2876.JPEG,614,kimono
train/n03617480/n03617480_3783.JPEG,614,kimono
train/n03617480/n03617480_5792.JPEG,614,kimono
train/n03617480/n03617480_15435.JPEG,614,kimono
train/n03617480/n03617480_12114.JPEG,614,kimono
train/n03617480/n03617480_7061.JPEG,614,kimono
train/n03617480/n03617480_7815.JPEG,614,kimono
train/n03617480/n03617480_593.JPEG,614,kimono
train/n03617480/n03617480_7086.JPEG,614,kimono
train/n03617480/n03617480_17311.JPEG,614,kimono
train/n03617480/n03617480_7551.JPEG,614,kimono
train/n03617480/n03617480_18718.JPEG,614,kimono
train/n03623198/n03623198_11006.JPEG,615,knee pad
train/n03623198/n03623198_11296.JPEG,615,knee pad
train/n03623198/n03623198_6561.JPEG,615,knee pad
train/n03623198/n03623198_12230.JPEG,615,knee pad
train/n03623198/n03623198_8838.JPEG,615,knee pad
train/n03623198/n03623198_11182.JPEG,615,knee pad
train/n03623198/n03623198_3889.JPEG,615,knee pad
train/n03623198/n03623198_15530.JPEG,615,knee pad
train/n03623198/n03623198_9907.JPEG,615,knee pad
train/n03623198/n03623198_12299.JPEG,615,knee pad
train/n03623198/n03623198_3865.JPEG,615,knee pad
train/n03623198/n03623198_15516.JPEG,615,knee pad
train/n03623198/n03623198_671.JPEG,615,knee pad
train/n03623198/n03623198_11110.JPEG,615,knee pad
train/n03623198/n03623198_16214.JPEG,615,knee pad
train/n03623198/n03623198_408.JPEG,615,knee pad
train/n03627232/n03627232_19731.JPEG,616,knot
train/n03627232/n03627232_633.JPEG,616,knot
train/n03627232/n03627232_50962.JPEG,616,knot
train/n03627232/n03627232_11722.JPEG,616,knot
train/n03627232/n03627232_6736.JPEG,616,knot
train/n03627232/n03627232_13.JPEG,616,knot
train/n03627232/n03627232_19383.JPEG,616,knot
train/n03627232/n03627232_5052.JPEG,616,knot
train/n03627232/n03627232_13234.JPEG,616,knot
train/n03627232/n03627232_9588.JPEG,616,knot
train/n03627232/n03627232_14185.JPEG,616,knot
train/n03627232/n03627232_2565.JPEG,616,knot
train/n03627232/n03627232_31952.JPEG,616,knot
train/n03627232/n03627232_12796.JPEG,616,knot
train/n03627232/n03627232_2746.JPEG,616,knot
train/n03627232/n03627232_6413.JPEG,616,knot
train/n03630383/n03630383_1294.JPEG,617,lab coat
train/n03630383/n03630383_7293.JPEG,617,lab coat
train/n03630383/n03630383_12219.JPEG,617,lab coat
train/n03630383/n03630383_8599.JPEG,617,lab coat
train/n03630383/n03630383_4388.JPEG,617,lab coat
train/n03630383/n03630383_504.JPEG,617,lab coat
train/n03630383/n03630383_4057.JPEG,617,lab coat
train/n03630383/n03630383_8310.JPEG,617,lab coat
train/n03630383/n03630383_1082.JPEG,617,lab coat
train/n03630383/n03630383_6055.JPEG,617,lab coat
train/n03630383/n03630383_977.JPEG,617,lab coat
train/n03630383/n03630383_302.JPEG,617,lab coat
train/n03630383/n03630383_1180.JPEG,617,lab coat
train/n03630383/n03630383_1958.JPEG,617,lab coat
train/n03630383/n03630383_1141.JPEG,617,lab coat
train/n03630383/n03630383_10821.JPEG,617,lab coat
train/n03633091/n03633091_17977.JPEG,618,ladle
train/n03633091/n03633091_5856.JPEG,618,ladle
train/n03633091/n03633091_15553.JPEG,618,ladle
train/n03633091/n03633091_15662.JPEG,618,ladle
train/n03633091/n03633091_17674.JPEG,618,ladle
train/n03633091/n03633091_12289.JPEG,618,ladle
train/n03633091/n03633091_22995.JPEG,618,ladle
train/n03633091/n03633091_14936.JPEG,618,ladle
train/n03633091/n03633091_19846.JPEG,618,ladle
train/n03633091/n03633091_14836.JPEG,618,ladle
train/n03633091/n03633091_24289.JPEG,618,ladle
train/n03633091/n03633091_15878.JPEG,618,ladle
train/n03633091/n03633091_16949.JPEG,618,ladle
train/n03633091/n03633091_2332.JPEG,618,ladle
train/n03633091/n03633091_13431.JPEG,618,ladle
train/n03633091/n03633091_16916.JPEG,618,ladle
train/n03637318/n03637318_7964.JPEG,619,lampshade
train/n03637318/n03637318_11379.JPEG,619,lampshade
train/n03637318/n03637318_7613.JPEG,619,lampshade
train/n03637318/n03637318_35303.JPEG,619,lampshade
train/n03637318/n03637318_9264.JPEG,619,lampshade
train/n03637318/n03637318_57766.JPEG,619,lampshade
train/n03637318/n03637318_9608.JPEG,619,lampshade
train/n03637318/n03637318_16368.JPEG,619,lampshade
train/n03637318/n03637318_26874.JPEG,619,lampshade
train/n03637318/n03637318_74.JPEG,619,lampshade
train/n03637318/n03637318_19166.JPEG,619,lampshade
train/n03637318/n03637318_1725.JPEG,619,lampshade
train/n03637318/n03637318_18362.JPEG,619,lampshade
train/n03637318/n03637318_9921.JPEG,619,lampshade
train/n03637318/n03637318_22700.JPEG,619,lampshade
train/n03637318/n03637318_12197.JPEG,619,lampshade
train/n03642806/n03642806_6720.JPEG,620,laptop computer
train/n03642806/n03642806_20591.JPEG,620,laptop computer
train/n03642806/n03642806_19272.JPEG,620,laptop computer
train/n03642806/n03642806_8017.JPEG,620,laptop computer
train/n03642806/n03642806_22616.JPEG,620,laptop computer
train/n03642806/n03642806_13506.JPEG,620,laptop computer
train/n03642806/n03642806_18476.JPEG,620,laptop computer
train/n03642806/n03642806_13733.JPEG,620,laptop computer
train/n03642806/n03642806_15385.JPEG,620,laptop computer
train/n03642806/n03642806_24804.JPEG,620,laptop computer
train/n03642806/n03642806_3705.JPEG,620,laptop computer
train/n03642806/n03642806_30565.JPEG,620,laptop computer
train/n03642806/n03642806_7892.JPEG,620,laptop computer
train/n03642806/n03642806_23810.JPEG,620,laptop computer
train/n03642806/n03642806_18938.JPEG,620,laptop computer
train/n03642806/n03642806_16305.JPEG,620,laptop computer
train/n03649909/n03649909_17141.JPEG,621,lawn mower
train/n03649909/n03649909_501.JPEG,621,lawn mower
train/n03649909/n03649909_22033.JPEG,621,lawn mower
train/n03649909/n03649909_13782.JPEG,621,lawn mower
train/n03649909/n03649909_22285.JPEG,621,lawn mower
train/n03649909/n03649909_1787.JPEG,621,lawn mower
train/n03649909/n03649909_1427.JPEG,621,lawn mower
train/n03649909/n03649909_13565.JPEG,621,lawn mower
train/n03649909/n03649909_4846.JPEG,621,lawn mower
train/n03649909/n03649909_1783.JPEG,621,lawn mower
train/n03649909/n03649909_5420.JPEG,621,lawn mower
train/n03649909/n03649909_9432.JPEG,621,lawn mower
train/n03649909/n03649909_23895.JPEG,621,lawn mower
train/n03649909/n03649909_14754.JPEG,621,lawn mower
train/n03649909/n03649909_3580.JPEG,621,lawn mower
train/n03649909/n03649909_568.JPEG,621,lawn mower
train/n03657121/n03657121_6412.JPEG,622,lens cap
train/n03657121/n03657121_13002.JPEG,622,lens cap
train/n03657121/n03657121_19749.JPEG,622,lens cap
train/n03657121/n03657121_20432.JPEG,622,lens cap
train/n03657121/n03657121_10881.JPEG,622,lens cap
train/n03657121/n03657121_3365.JPEG,622,lens cap
train/n03657121/n03657121_12660.JPEG,622,lens cap
train/n03657121/n03657121_15161.JPEG,622,lens cap
train/n03657121/n03657121_723.JPEG,622,lens cap
train/n03657121/n03657121_20780.JPEG,622,lens cap
train/n03657121/n03657121_16189.JPEG,622,lens cap
train/n03657121/n03657121_6073.JPEG,622,lens cap
train/n03657121/n03657121_35482.JPEG,622,lens cap
train/n03657121/n03657121_18769.JPEG,622,lens cap
train/n03657121/n03657121_898.JPEG,622,lens cap
train/n03657121/n03657121_14744.JPEG,622,lens cap
train/n03658185/n03658185_12073.JPEG,623,letter opener
train/n03658185/n03658185_787.JPEG,623,letter opener
train/n03658185/n03658185_4537.JPEG,623,letter opener
train/n03658185/n03658185_10697.JPEG,623,letter opener
train/n03658185/n03658185_15651.JPEG,623,letter opener
train/n03658185/n03658185_7264.JPEG,623,letter opener
train/n03658185/n03658185_2621.JPEG,623,letter opener
train/n03658185/n03658185_3610.JPEG,623,letter opener
train/n03658185/n03658185_8845.JPEG,623,letter opener
train/n03658185/n03658185_1234.JPEG,623,letter opener
train/n03658185/n03658185_1642.JPEG,623,letter opener
train/n03658185/n03658185_6169.JPEG,623,letter opener
train/n03658185/n03658185_2788.JPEG,623,letter opener
train/n03658185/n03658185_16789.JPEG,623,letter opener
train/n03658185/n03658185_19620.JPEG,623,letter opener
train/n03658185/n03658185_18869.JPEG,623,letter opener
train/n03661043/n03661043_7610.JPEG,624,library
train/n03661043/n03661043_17417.JPEG,624,library
train/n03661043/n03661043_22420.JPEG,624,library
train/n03661043/n03661043_21916.JPEG,624,library
train/n03661043/n03661043_5482.JPEG,624,library
train/n03661043/n03661043_18272.JPEG,624,library
train/n03661043/n03661043_12794.JPEG,624,library
train/n03661043/n03661043_19042.JPEG,624,library
train/n03661043/n03661043_11886.JPEG,624,library
train/n03661043/n03661043_445.JPEG,624,library
train/n03661043/n03661043_16303.JPEG,624,library
train/n03661043/n03661043_18705.JPEG,624,library
train/n03661043/n03661043_20712.JPEG,624,library
train/n03661043/n03661043_1039.JPEG,624,library
train/n03661043/n03661043_2237.JPEG,624,library
train/n03661043/n03661043_5653.JPEG,624,library
train/n03662601/n03662601_26558.JPEG,625,lifeboat
train/n03662601/n03662601_11924.JPEG,625,lifeboat
train/n03662601/n03662601_7177.JPEG,625,lifeboat
train/n03662601/n03662601_18100.JPEG,625,lifeboat
train/n03662601/n03662601_20103.JPEG,625,lifeboat
train/n03662601/n03662601_21346.JPEG,625,lifeboat
train/n03662601/n03662601_30569.JPEG,625,lifeboat
train/n03662601/n03662601_3720.JPEG,625,lifeboat
train/n03662601/n03662601_5118.JPEG,625,lifeboat
train/n03662601/n03662601_2726.JPEG,625,lifeboat
train/n03662601/n03662601_9879.JPEG,625,lifeboat
train/n03662601/n03662601_23675.JPEG,625,lifeboat
train/n03662601/n03662601_9974.JPEG,625,lifeboat
train/n03662601/n03662601_33002.JPEG,625,lifeboat
train/n03662601/n03662601_4787.JPEG,625,lifeboat
train/n03662601/n03662601_32125.JPEG,625,lifeboat
train/n03666591/n03666591_6813.JPEG,626,lighter
train/n03666591/n03666591_15472.JPEG,626,lighter
train/n03666591/n03666591_62222.JPEG,626,lighter
train/n03666591/n03666591_13836.JPEG,626,lighter
train/n03666591/n03666591_17921.JPEG,626,lighter
train/n03666591/n03666591_52838.JPEG,626,lighter
train/n03666591/n03666591_26494.JPEG,626,lighter
train/n03666591/n03666591_3184.JPEG,626,lighter
train/n03666591/n03666591_34073.JPEG,626,lighter
train/n03666591/n03666591_10049.JPEG,626,lighter
train/n03666591/n03666591_41016.JPEG,626,lighter
train/n03666591/n03666591_10197.JPEG,626,lighter
train/n03666591/n03666591_16149.JPEG,626,lighter
train/n03666591/n03666591_9429.JPEG,626,lighter
train/n03666591/n03666591_21409.JPEG,626,lighter
train/n03666591/n03666591_14959.JPEG,626,lighter
train/n03670208/n03670208_3775.JPEG,627,limousine
train/n03670208/n03670208_14979.JPEG,627,limousine
train/n03670208/n03670208_7752.JPEG,627,limousine
train/n03670208/n03670208_28608.JPEG,627,limousine
train/n03670208/n03670208_53043.JPEG,627,limousine
train/n03670208/n03670208_22986.JPEG,627,limousine
train/n03670208/n03670208_55278.JPEG,627,limousine
train/n03670208/n03670208_24289.JPEG,627,limousine
train/n03670208/n03670208_3578.JPEG,627,limousine
train/n03670208/n03670208_6225.JPEG,627,limousine
train/n03670208/n03670208_10304.JPEG,627,limousine
train/n03670208/n03670208_10874.JPEG,627,limousine
train/n03670208/n03670208_14862.JPEG,627,limousine
train/n03670208/n03670208_52749.JPEG,627,limousine
train/n03670208/n03670208_16523.JPEG,627,limousine
train/n03670208/n03670208_28338.JPEG,627,limousine
train/n03673027/n03673027_14850.JPEG,628,ocean liner
train/n03673027/n03673027_2561.JPEG,628,ocean liner
train/n03673027/n03673027_50197.JPEG,628,ocean liner
train/n03673027/n03673027_5788.JPEG,628,ocean liner
train/n03673027/n03673027_20767.JPEG,628,ocean liner
train/n03673027/n03673027_30573.JPEG,628,ocean liner
train/n03673027/n03673027_31752.JPEG,628,ocean liner
train/n03673027/n03673027_636.JPEG,628,ocean liner
train/n03673027/n03673027_15581.JPEG,628,ocean liner
train/n03673027/n03673027_7476.JPEG,628,ocean liner
train/n03673027/n03673027_15745.JPEG,628,ocean liner
train/n03673027/n03673027_2763.JPEG,628,ocean liner
train/n03673027/n03673027_17961.JPEG,628,ocean liner
train/n03673027/n03673027_23183.JPEG,628,ocean liner
train/n03673027/n03673027_28307.JPEG,628,ocean liner
train/n03673027/n03673027_35567.JPEG,628,ocean liner
train/n03676483/n03676483_33208.JPEG,629,lipstick
train/n03676483/n03676483_2285.JPEG,629,lipstick
train/n03676483/n03676483_21603.JPEG,629,lipstick
train/n03676483/n03676483_25783.JPEG,629,lipstick
train/n03676483/n03676483_12246.JPEG,629,lipstick
train/n03676483/n03676483_19237.JPEG,629,lipstick
train/n03676483/n03676483_12719.JPEG,629,lipstick
train/n03676483/n03676483_11752.JPEG,629,lipstick
train/n03676483/n03676483_10987.JPEG,629,lipstick
train/n03676483/n03676483_2582.JPEG,629,lipstick
train/n03676483/n03676483_6797.JPEG,629,lipstick
train/n03676483/n03676483_33403.JPEG,629,lipstick
train/n03676483/n03676483_40903.JPEG,629,lipstick
train/n03676483/n03676483_41249.JPEG,629,lipstick
train/n03676483/n03676483_2680.JPEG,629,lipstick
train/n03676483/n03676483_34324.JPEG,629,lipstick
train/n03680355/n03680355_12692.JPEG,630,slip-on shoe
train/n03680355/n03680355_25242.JPEG,630,slip-on shoe
train/n03680355/n03680355_12759.JPEG,630,slip-on shoe
train/n03680355/n03680355_8987.JPEG,630,slip-on shoe
train/n03680355/n03680355_14289.JPEG,630,slip-on shoe
train/n03680355/n03680355_20760.JPEG,630,slip-on shoe
train/n03680355/n03680355_24192.JPEG,630,slip-on shoe
train/n03680355/n03680355_9027.JPEG,630,slip-on shoe
train/n03680355/n03680355_17301.JPEG,630,slip-on shoe
train/n03680355/n03680355_6700.JPEG,630,slip-on shoe
train/n03680355/n03680355_4481.JPEG,630,slip-on shoe
train/n03680355/n03680355_3281.JPEG,630,slip-on shoe
train/n03680355/n03680355_8438.JPEG,630,slip-on shoe
train/n03680355/n03680355_5431.JPEG,630,slip-on shoe
train/n03680355/n03680355_17336.JPEG,630,slip-on shoe
train/n03680355/n03680355_18410.JPEG,630,slip-on shoe
train/n03690938/n03690938_9906.JPEG,631,lotion
train/n03690938/n03690938_521.JPEG,631,lotion
train/n03690938/n03690938_497.JPEG,631,lotion
train/n03690938/n03690938_10293.JPEG,631,lotion
train/n03690938/n03690938_25.JPEG,631,lotion
train/n03690938/n03690938_888.JPEG,631,lotion
train/n03690938/n03690938_7436.JPEG,631,lotion
train/n03690938/n03690938_5603.JPEG,631,lotion
train/n03690938/n03690938_9214.JPEG,631,lotion
train/n03690938/n03690938_12909.JPEG,631,lotion
train/n03690938/n03690938_21369.JPEG,631,lotion
train/n03690938/n03690938_12699.JPEG,631,lotion
train/n03690938/n03690938_128.JPEG,631,lotion
train/n03690938/n03690938_1207.JPEG,631,lotion
train/n03690938/n03690938_719.JPEG,631,lotion
train/n03690938/n03690938_15676.JPEG,631,lotion
train/n03691459/n03691459_45116.JPEG,632,music speaker
train/n03691459/n03691459_37520.JPEG,632,music speaker
train/n03691459/n03691459_8768.JPEG,632,music speaker
train/n03691459/n03691459_40430.JPEG,632,music speaker
train/n03691459/n03691459_62876.JPEG,632,music speaker
train/n03691459/n03691459_37885.JPEG,632,music speaker
train/n03691459/n03691459_1360.JPEG,632,music speaker
train/n03691459/n03691459_13025.JPEG,632,music speaker
train/n03691459/n03691459_16281.JPEG,632,music speaker
train/n03691459/n03691459_73620.JPEG,632,music speaker
train/n03691459/n03691459_29090.JPEG,632,music speaker
train/n03691459/n03691459_59183.JPEG,632,music speaker
train/n03691459/n03691459_48845.JPEG,632,music speaker
train/n03691459/n03691459_20533.JPEG,632,music speaker
train/n03691459/n03691459_56558.JPEG,632,music speaker
train/n03691459/n03691459_48310.JPEG,632,music speaker
train/n03692522/n03692522_11823.JPEG,633,loupe magnifying glass
train/n03692522/n03692522_15183.JPEG,633,loupe magnifying glass
train/n03692522/n03692522_3940.JPEG,633,loupe magnifying glass
train/n03692522/n03692522_4120.JPEG,633,loupe magnifying glass
train/n03692522/n03692522_2990.JPEG,633,loupe magnifying glass
train/n03692522/n03692522_12697.JPEG,633,loupe magnifying glass
train/n03692522/n03692522_303.JPEG,633,loupe magnifying glass
train/n03692522/n03692522_6068.JPEG,633,loupe magnifying glass
train/n03692522/n03692522_13310.JPEG,633,loupe magnifying glass
train/n03692522/n03692522_15414.JPEG,633,loupe magnifying glass
train/n03692522/n03692522_4613.JPEG,633,loupe magnifying glass
train/n03692522/n03692522_16413.JPEG,633,loupe magnifying glass
train/n03692522/n03692522_21563.JPEG,633,loupe magnifying glass
train/n03692522/n03692522_6621.JPEG,633,loupe magnifying glass
train/n03692522/n03692522_7202.JPEG,633,loupe magnifying glass
train/n03692522/n03692522_1604.JPEG,633,loupe magnifying glass
train/n03697007/n03697007_24514.JPEG,634,sawmill
train/n03697007/n03697007_20245.JPEG,634,sawmill
train/n03697007/n03697007_12882.JPEG,634,sawmill
train/n03697007/n03697007_43509.JPEG,634,sawmill
train/n03697007/n03697007_15196.JPEG,634,sawmill
train/n03697007/n03697007_13604.JPEG,634,sawmill
train/n03697007/n03697007_22140.JPEG,634,sawmill
train/n03697007/n03697007_11848.JPEG,634,sawmill
train/n03697007/n03697007_2639.JPEG,634,sawmill
train/n03697007/n03697007_12102.JPEG,634,sawmill
train/n03697007/n03697007_5855.JPEG,634,sawmill
train/n03697007/n03697007_10651.JPEG,634,sawmill
train/n03697007/n03697007_436.JPEG,634,sawmill
train/n03697007/n03697007_18767.JPEG,634,sawmill
train/n03697007/n03697007_31299.JPEG,634,sawmill
train/n03697007/n03697007_848.JPEG,634,sawmill
train/n03706229/n03706229_11114.JPEG,635,magnetic compass
train/n03706229/n03706229_5183.JPEG,635,magnetic compass
train/n03706229/n03706229_7210.JPEG,635,magnetic compass
train/n03706229/n03706229_2530.JPEG,635,magnetic compass
train/n03706229/n03706229_2424.JPEG,635,magnetic compass
train/n03706229/n03706229_2059.JPEG,635,magnetic compass
train/n03706229/n03706229_2271.JPEG,635,magnetic compass
train/n03706229/n03706229_8081.JPEG,635,magnetic compass
train/n03706229/n03706229_253.JPEG,635,magnetic compass
train/n03706229/n03706229_1862.JPEG,635,magnetic compass
train/n03706229/n03706229_271.JPEG,635,magnetic compass
train/n03706229/n03706229_12695.JPEG,635,magnetic compass
train/n03706229/n03706229_3395.JPEG,635,magnetic compass
train/n03706229/n03706229_2134.JPEG,635,magnetic compass
train/n03706229/n03706229_1314.JPEG,635,magnetic compass
train/n03706229/n03706229_1388.JPEG,635,magnetic compass
train/n03709823/n03709823_866.JPEG,636,messenger bag
train/n03709823/n03709823_5438.JPEG,636,messenger bag
train/n03709823/n03709823_491.JPEG,636,messenger bag
train/n03709823/n03709823_23381.JPEG,636,messenger bag
train/n03709823/n03709823_9899.JPEG,636,messenger bag
train/n03709823/n03709823_9038.JPEG,636,messenger bag
train/n03709823/n03709823_17774.JPEG,636,messenger bag
train/n03709823/n03709823_3313.JPEG,636,messenger bag
train/n03709823/n03709823_13241.JPEG,636,messenger bag
train/n03709823/n03709823_13948.JPEG,636,messenger bag
train/n03709823/n03709823_17702.JPEG,636,messenger bag
train/n03709823/n03709823_11319.JPEG,636,messenger bag
train/n03709823/n03709823_18097.JPEG,636,messenger bag
train/n03709823/n03709823_5428.JPEG,636,messenger bag
train/n03709823/n03709823_8532.JPEG,636,messenger bag
train/n03709823/n03709823_10722.JPEG,636,messenger bag
train/n03710193/n03710193_4314.JPEG,637,mailbox
train/n03710193/n03710193_1378.JPEG,637,mailbox
train/n03710193/n03710193_1336.JPEG,637,mailbox
train/n03710193/n03710193_14281.JPEG,637,mailbox
train/n03710193/n03710193_8490.JPEG,637,mailbox
train/n03710193/n03710193_9689.JPEG,637,mailbox
train/n03710193/n03710193_778.JPEG,637,mailbox
train/n03710193/n03710193_38124.JPEG,637,mailbox
train/n03710193/n03710193_22654.JPEG,637,mailbox
train/n03710193/n03710193_19200.JPEG,637,mailbox
train/n03710193/n03710193_3823.JPEG,637,mailbox
train/n03710193/n03710193_38690.JPEG,637,mailbox
train/n03710193/n03710193_2401.JPEG,637,mailbox
train/n03710193/n03710193_15826.JPEG,637,mailbox
train/n03710193/n03710193_22689.JPEG,637,mailbox
train/n03710193/n03710193_5715.JPEG,637,mailbox
train/n03710637/n03710637_14930.JPEG,638,tights
train/n03710637/n03710637_362.JPEG,638,tights
train/n03710637/n03710637_8826.JPEG,638,tights
train/n03710637/n03710637_1651.JPEG,638,tights
train/n03710637/n03710637_5017.JPEG,638,tights
train/n03710637/n03710637_7841.JPEG,638,tights
train/n03710637/n03710637_4740.JPEG,638,tights
train/n03710637/n03710637_3064.JPEG,638,tights
train/n03710637/n03710637_8030.JPEG,638,tights
train/n03710637/n03710637_1043.JPEG,638,tights
train/n03710637/n03710637_1198.JPEG,638,tights
train/n03710637/n03710637_12867.JPEG,638,tights
train/n03710637/n03710637_12654.JPEG,638,tights
train/n03710637/n03710637_12584.JPEG,638,tights
train/n03710637/n03710637_13302.JPEG,638,tights
train/n03710637/n03710637_9390.JPEG,638,tights
train/n03710721/n03710721_12301.JPEG,639,one-piece bathing suit
train/n03710721/n03710721_589.JPEG,639,one-piece bathing suit
train/n03710721/n03710721_7097.JPEG,639,one-piece bathing suit
train/n03710721/n03710721_28548.JPEG,639,one-piece bathing suit
train/n03710721/n03710721_8442.JPEG,639,one-piece bathing suit
train/n03710721/n03710721_3967.JPEG,639,one-piece bathing suit
train/n03710721/n03710721_6477.JPEG,639,one-piece bathing suit
train/n03710721/n03710721_3774.JPEG,639,one-piece bathing suit
train/n03710721/n03710721_12756.JPEG,639,one-piece bathing suit
train/n03710721/n03710721_3668.JPEG,639,one-piece bathing suit
train/n03710721/n03710721_24958.JPEG,639,one-piece bathing suit
train/n03710721/n03710721_29542.JPEG,639,one-piece bathing suit
train/n03710721/n03710721_3085.JPEG,639,one-piece bathing suit
train/n03710721/n03710721_1124.JPEG,639,one-piece bathing suit
train/n03710721/n03710721_15419.JPEG,639,one-piece bathing suit
train/n03710721/n03710721_6244.JPEG,639,one-piece bathing suit
train/n03717622/n03717622_4951.JPEG,640,manhole cover
train/n03717622/n03717622_2574.JPEG,640,manhole cover
train/n03717622/n03717622_7164.JPEG,640,manhole cover
train/n03717622/n03717622_9108.JPEG,640,manhole cover
train/n03717622/n03717622_9185.JPEG,640,manhole cover
train/n03717622/n03717622_5676.JPEG,640,manhole cover
train/n03717622/n03717622_6950.JPEG,640,manhole cover
train/n03717622/n03717622_5007.JPEG,640,manhole cover
train/n03717622/n03717622_7103.JPEG,640,manhole cover
train/n03717622/n03717622_7432.JPEG,640,manhole cover
train/n03717622/n03717622_5478.JPEG,640,manhole cover
train/n03717622/n03717622_13241.JPEG,640,manhole cover
train/n03717622/n03717622_2865.JPEG,640,manhole cover
train/n03717622/n03717622_1441.JPEG,640,manhole cover
train/n03717622/n03717622_1308.JPEG,640,manhole cover
train/n03717622/n03717622_7416.JPEG,640,manhole cover
train/n03720891/n03720891_605.JPEG,641,maraca
train/n03720891/n03720891_720.JPEG,641,maraca
train/n03720891/n03720891_35454.JPEG,641,maraca
train/n03720891/n03720891_8529.JPEG,641,maraca
train/n03720891/n03720891_8010.JPEG,641,maraca
train/n03720891/n03720891_13810.JPEG,641,maraca
train/n03720891/n03720891_21135.JPEG,641,maraca
train/n03720891/n03720891_12094.JPEG,641,maraca
train/n03720891/n03720891_1316.JPEG,641,maraca
train/n03720891/n03720891_11686.JPEG,641,maraca
train/n03720891/n03720891_19327.JPEG,641,maraca
train/n03720891/n03720891_15590.JPEG,641,maraca
train/n03720891/n03720891_18384.JPEG,641,maraca
train/n03720891/n03720891_7416.JPEG,641,maraca
train/n03720891/n03720891_5007.JPEG,641,maraca
train/n03720891/n03720891_4058.JPEG,641,maraca
train/n03721384/n03721384_9045.JPEG,642,marimba
train/n03721384/n03721384_6363.JPEG,642,marimba
train/n03721384/n03721384_5844.JPEG,642,marimba
train/n03721384/n03721384_21440.JPEG,642,marimba
train/n03721384/n03721384_20780.JPEG,642,marimba
train/n03721384/n03721384_28280.JPEG,642,marimba
train/n03721384/n03721384_26688.JPEG,642,marimba
train/n03721384/n03721384_26751.JPEG,642,marimba
train/n03721384/n03721384_4110.JPEG,642,marimba
train/n03721384/n03721384_21512.JPEG,642,marimba
train/n03721384/n03721384_567.JPEG,642,marimba
train/n03721384/n03721384_2433.JPEG,642,marimba
train/n03721384/n03721384_16301.JPEG,642,marimba
train/n03721384/n03721384_6187.JPEG,642,marimba
train/n03721384/n03721384_12173.JPEG,642,marimba
train/n03721384/n03721384_19501.JPEG,642,marimba
train/n03724870/n03724870_12191.JPEG,643,mask
train/n03724870/n03724870_1589.JPEG,643,mask
train/n03724870/n03724870_14887.JPEG,643,mask
train/n03724870/n03724870_21266.JPEG,643,mask
train/n03724870/n03724870_10831.JPEG,643,mask
train/n03724870/n03724870_19459.JPEG,643,mask
train/n03724870/n03724870_10424.JPEG,643,mask
train/n03724870/n03724870_19224.JPEG,643,mask
train/n03724870/n03724870_14254.JPEG,643,mask
train/n03724870/n03724870_19878.JPEG,643,mask
train/n03724870/n03724870_13524.JPEG,643,mask
train/n03724870/n03724870_12360.JPEG,643,mask
train/n03724870/n03724870_7484.JPEG,643,mask
train/n03724870/n03724870_3230.JPEG,643,mask
train/n03724870/n03724870_23205.JPEG,643,mask
train/n03724870/n03724870_48090.JPEG,643,mask
train/n03729826/n03729826_40356.JPEG,644,matchstick
train/n03729826/n03729826_2974.JPEG,644,matchstick
train/n03729826/n03729826_5718.JPEG,644,matchstick
train/n03729826/n03729826_37686.JPEG,644,matchstick
train/n03729826/n03729826_20920.JPEG,644,matchstick
train/n03729826/n03729826_518.JPEG,644,matchstick
train/n03729826/n03729826_43281.JPEG,644,matchstick
train/n03729826/n03729826_947.JPEG,644,matchstick
train/n03729826/n03729826_15910.JPEG,644,matchstick
train/n03729826/n03729826_7668.JPEG,644,matchstick
train/n03729826/n03729826_7988.JPEG,644,matchstick
train/n03729826/n03729826_14189.JPEG,644,matchstick
train/n03729826/n03729826_42182.JPEG,644,matchstick
train/n03729826/n03729826_11503.JPEG,644,matchstick
train/n03729826/n03729826_24447.JPEG,644,matchstick
train/n03729826/n03729826_6040.JPEG,644,matchstick
train/n03733131/n03733131_8794.JPEG,645,maypole
train/n03733131/n03733131_21684.JPEG,645,maypole
train/n03733131/n03733131_6921.JPEG,645,maypole
train/n03733131/n03733131_6318.JPEG,645,maypole
train/n03733131/n03733131_22791.JPEG,645,maypole
train/n03733131/n03733131_14126.JPEG,645,maypole
train/n03733131/n03733131_8109.JPEG,645,maypole
train/n03733131/n03733131_3988.JPEG,645,maypole
train/n03733131/n03733131_22773.JPEG,645,maypole
train/n03733131/n03733131_1234.JPEG,645,maypole
train/n03733131/n03733131_6841.JPEG,645,maypole
train/n03733131/n03733131_5018.JPEG,645,maypole
train/n03733131/n03733131_15797.JPEG,645,maypole
train/n03733131/n03733131_17227.JPEG,645,maypole
train/n03733131/n03733131_4171.JPEG,645,maypole
train/n03733131/n03733131_16506.JPEG,645,maypole
train/n03733281/n03733281_25214.JPEG,646,maze
train/n03733281/n03733281_17499.JPEG,646,maze
train/n03733281/n03733281_20084.JPEG,646,maze
train/n03733281/n03733281_18326.JPEG,646,maze
train/n03733281/n03733281_23811.JPEG,646,maze
train/n03733281/n03733281_25421.JPEG,646,maze
train/n03733281/n03733281_18478.JPEG,646,maze
train/n03733281/n03733281_10149.JPEG,646,maze
train/n03733281/n03733281_1294.JPEG,646,maze
train/n03733281/n03733281_55655.JPEG,646,maze
train/n03733281/n03733281_9634.JPEG,646,maze
train/n03733281/n03733281_25646.JPEG,646,maze
train/n03733281/n03733281_8525.JPEG,646,maze
train/n03733281/n03733281_762.JPEG,646,maze
train/n03733281/n03733281_19465.JPEG,646,maze
train/n03733281/n03733281_2210.JPEG,646,maze
train/n03733805/n03733805_6878.JPEG,647,measuring cup
train/n03733805/n03733805_14529.JPEG,647,measuring cup
train/n03733805/n03733805_1294.JPEG,647,measuring cup
train/n03733805/n03733805_1566.JPEG,647,measuring cup
train/n03733805/n03733805_2235.JPEG,647,measuring cup
train/n03733805/n03733805_15606.JPEG,647,measuring cup
train/n03733805/n03733805_17817.JPEG,647,measuring cup
train/n03733805/n03733805_2031.JPEG,647,measuring cup
train/n03733805/n03733805_9494.JPEG,647,measuring cup
train/n03733805/n03733805_9266.JPEG,647,measuring cup
train/n03733805/n03733805_13020.JPEG,647,measuring cup
train/n03733805/n03733805_10866.JPEG,647,measuring cup
train/n03733805/n03733805_8431.JPEG,647,measuring cup
train/n03733805/n03733805_12689.JPEG,647,measuring cup
train/n03733805/n03733805_10768.JPEG,647,measuring cup
train/n03733805/n03733805_36976.JPEG,647,measuring cup
train/n03742115/n03742115_11853.JPEG,648,medicine cabinet
train/n03742115/n03742115_221.JPEG,648,medicine cabinet
train/n03742115/n03742115_1443.JPEG,648,medicine cabinet
train/n03742115/n03742115_11240.JPEG,648,medicine cabinet
train/n03742115/n03742115_1129.JPEG,648,medicine cabinet
train/n03742115/n03742115_9110.JPEG,648,medicine cabinet
train/n03742115/n03742115_7539.JPEG,648,medicine cabinet
train/n03742115/n03742115_19465.JPEG,648,medicine cabinet
train/n03742115/n03742115_10088.JPEG,648,medicine cabinet
train/n03742115/n03742115_4939.JPEG,648,medicine cabinet
train/n03742115/n03742115_9212.JPEG,648,medicine cabinet
train/n03742115/n03742115_34052.JPEG,648,medicine cabinet
train/n03742115/n03742115_3173.JPEG,648,medicine cabinet
train/n03742115/n03742115_4385.JPEG,648,medicine cabinet
train/n03742115/n03742115_15083.JPEG,648,medicine cabinet
train/n03742115/n03742115_15533.JPEG,648,medicine cabinet
train/n03743016/n03743016_21977.JPEG,649,megalith
train/n03743016/n03743016_24448.JPEG,649,megalith
train/n03743016/n03743016_9792.JPEG,649,megalith
train/n03743016/n03743016_29895.JPEG,649,megalith
train/n03743016/n03743016_16273.JPEG,649,megalith
train/n03743016/n03743016_5735.JPEG,649,megalith
train/n03743016/n03743016_4158.JPEG,649,megalith
train/n03743016/n03743016_12656.JPEG,649,megalith
train/n03743016/n03743016_24497.JPEG,649,megalith
train/n03743016/n03743016_12048.JPEG,649,megalith
train/n03743016/n03743016_441.JPEG,649,megalith
train/n03743016/n03743016_11724.JPEG,649,megalith
train/n03743016/n03743016_14451.JPEG,649,megalith
train/n03743016/n03743016_1251.JPEG,649,megalith
train/n03743016/n03743016_4006.JPEG,649,megalith
train/n03743016/n03743016_3016.JPEG,649,megalith
train/n03759954/n03759954_24138.JPEG,650,microphone
train/n03759954/n03759954_9778.JPEG,650,microphone
train/n03759954/n03759954_20161.JPEG,650,microphone
train/n03759954/n03759954_3158.JPEG,650,microphone
train/n03759954/n03759954_20304.JPEG,650,microphone
train/n03759954/n03759954_19780.JPEG,650,microphone
train/n03759954/n03759954_1809.JPEG,650,microphone
train/n03759954/n03759954_21154.JPEG,650,microphone
train/n03759954/n03759954_14618.JPEG,650,microphone
train/n03759954/n03759954_12036.JPEG,650,microphone
train/n03759954/n03759954_19783.JPEG,650,microphone
train/n03759954/n03759954_7504.JPEG,650,microphone
train/n03759954/n03759954_7938.JPEG,650,microphone
train/n03759954/n03759954_17410.JPEG,650,microphone
train/n03759954/n03759954_9147.JPEG,650,microphone
train/n03759954/n03759954_24998.JPEG,650,microphone
train/n03761084/n03761084_12818.JPEG,651,microwave oven
train/n03761084/n03761084_37616.JPEG,651,microwave oven
train/n03761084/n03761084_14800.JPEG,651,microwave oven
train/n03761084/n03761084_3690.JPEG,651,microwave oven
train/n03761084/n03761084_7623.JPEG,651,microwave oven
train/n03761084/n03761084_2658.JPEG,651,microwave oven
train/n03761084/n03761084_35447.JPEG,651,microwave oven
train/n03761084/n03761084_46165.JPEG,651,microwave oven
train/n03761084/n03761084_3091.JPEG,651,microwave oven
train/n03761084/n03761084_6218.JPEG,651,microwave oven
train/n03761084/n03761084_48508.JPEG,651,microwave oven
train/n03761084/n03761084_11548.JPEG,651,microwave oven
train/n03761084/n03761084_2635.JPEG,651,microwave oven
train/n03761084/n03761084_4955.JPEG,651,microwave oven
train/n03761084/n03761084_13586.JPEG,651,microwave oven
train/n03761084/n03761084_36973.JPEG,651,microwave oven
train/n03763968/n03763968_4907.JPEG,652,military uniform
train/n03763968/n03763968_2842.JPEG,652,military uniform
train/n03763968/n03763968_5373.JPEG,652,military uniform
train/n03763968/n03763968_2195.JPEG,652,military uniform
train/n03763968/n03763968_1449.JPEG,652,military uniform
train/n03763968/n03763968_3971.JPEG,652,military uniform
train/n03763968/n03763968_2041.JPEG,652,military uniform
train/n03763968/n03763968_3727.JPEG,652,military uniform
train/n03763968/n03763968_1904.JPEG,652,military uniform
train/n03763968/n03763968_2732.JPEG,652,military uniform
train/n03763968/n03763968_2169.JPEG,652,military uniform
train/n03763968/n03763968_2841.JPEG,652,military uniform
train/n03763968/n03763968_7209.JPEG,652,military uniform
train/n03763968/n03763968_12710.JPEG,652,military uniform
train/n03763968/n03763968_998.JPEG,652,military uniform
train/n03763968/n03763968_3285.JPEG,652,military uniform
train/n03764736/n03764736_10844.JPEG,653,milk can
train/n03764736/n03764736_1537.JPEG,653,milk can
train/n03764736/n03764736_4581.JPEG,653,milk can
train/n03764736/n03764736_916.JPEG,653,milk can
train/n03764736/n03764736_10111.JPEG,653,milk can
train/n03764736/n03764736_7006.JPEG,653,milk can
train/n03764736/n03764736_11587.JPEG,653,milk can
train/n03764736/n03764736_812.JPEG,653,milk can
train/n03764736/n03764736_1187.JPEG,653,milk can
train/n03764736/n03764736_5613.JPEG,653,milk can
train/n03764736/n03764736_4053.JPEG,653,milk can
train/n03764736/n03764736_10628.JPEG,653,milk can
train/n03764736/n03764736_10926.JPEG,653,milk can
train/n03764736/n03764736_2051.JPEG,653,milk can
train/n03764736/n03764736_11395.JPEG,653,milk can
train/n03764736/n03764736_1884.JPEG,653,milk can
train/n03769881/n03769881_4291.JPEG,654,minibus
train/n03769881/n03769881_4110.JPEG,654,minibus
train/n03769881/n03769881_1887.JPEG,654,minibus
train/n03769881/n03769881_2164.JPEG,654,minibus
train/n03769881/n03769881_3448.JPEG,654,minibus
train/n03769881/n03769881_3404.JPEG,654,minibus
train/n03769881/n03769881_7646.JPEG,654,minibus
train/n03769881/n03769881_11501.JPEG,654,minibus
train/n03769881/n03769881_7466.JPEG,654,minibus
train/n03769881/n03769881_4163.JPEG,654,minibus
train/n03769881/n03769881_14522.JPEG,654,minibus
train/n03769881/n03769881_2463.JPEG,654,minibus
train/n03769881/n03769881_3517.JPEG,654,minibus
train/n03769881/n03769881_1195.JPEG,654,minibus
train/n03769881/n03769881_3103.JPEG,654,minibus
train/n03769881/n03769881_7122.JPEG,654,minibus
train/n03770439/n03770439_19375.JPEG,655,miniskirt
train/n03770439/n03770439_13194.JPEG,655,miniskirt
train/n03770439/n03770439_7335.JPEG,655,miniskirt
train/n03770439/n03770439_35679.JPEG,655,miniskirt
train/n03770439/n03770439_15238.JPEG,655,miniskirt
train/n03770439/n03770439_14412.JPEG,655,miniskirt
train/n03770439/n03770439_9487.JPEG,655,miniskirt
train/n03770439/n03770439_6989.JPEG,655,miniskirt
train/n03770439/n03770439_2507.JPEG,655,miniskirt
train/n03770439/n03770439_9670.JPEG,655,miniskirt
train/n03770439/n03770439_16696.JPEG,655,miniskirt
train/n03770439/n03770439_3134.JPEG,655,miniskirt
train/n03770439/n03770439_11691.JPEG,655,miniskirt
train/n03770439/n03770439_12544.JPEG,655,miniskirt
train/n03770439/n03770439_10778.JPEG,655,miniskirt
train/n03770439/n03770439_11495.JPEG,655,miniskirt
train/n03770679/n03770679_30862.JPEG,656,minivan
train/n03770679/n03770679_1257.JPEG,656,minivan
train/n03770679/n03770679_27672.JPEG,656,minivan
train/n03770679/n03770679_536.JPEG,656,minivan
train/n03770679/n03770679_21593.JPEG,656,minivan
train/n03770679/n03770679_19310.JPEG,656,minivan
train/n03770679/n03770679_5338.JPEG,656,minivan
train/n03770679/n03770679_12568.JPEG,656,minivan
train/n03770679/n03770679_360.JPEG,656,minivan
train/n03770679/n03770679_10573.JPEG,656,minivan
train/n03770679/n03770679_11001.JPEG,656,minivan
train/n03770679/n03770679_2448.JPEG,656,minivan
train/n03770679/n03770679_10104.JPEG,656,minivan
train/n03770679/n03770679_15163.JPEG,656,minivan
train/n03770679/n03770679_29172.JPEG,656,minivan
train/n03770679/n03770679_3500.JPEG,656,minivan
train/n03773504/n03773504_7132.JPEG,657,missile
train/n03773504/n03773504_2971.JPEG,657,missile
train/n03773504/n03773504_2540.JPEG,657,missile
train/n03773504/n03773504_10111.JPEG,657,missile
train/n03773504/n03773504_12516.JPEG,657,missile
train/n03773504/n03773504_10172.JPEG,657,missile
train/n03773504/n03773504_448.JPEG,657,missile
train/n03773504/n03773504_3167.JPEG,657,missile
train/n03773504/n03773504_1781.JPEG,657,missile
train/n03773504/n03773504_954.JPEG,657,missile
train/n03773504/n03773504_14117.JPEG,657,missile
train/n03773504/n03773504_11222.JPEG,657,missile
train/n03773504/n03773504_8848.JPEG,657,missile
train/n03773504/n03773504_8026.JPEG,657,missile
train/n03773504/n03773504_27971.JPEG,657,missile
train/n03773504/n03773504_11964.JPEG,657,missile
train/n03775071/n03775071_26603.JPEG,658,mitten
train/n03775071/n03775071_10074.JPEG,658,mitten
train/n03775071/n03775071_15452.JPEG,658,mitten
train/n03775071/n03775071_5309.JPEG,658,mitten
train/n03775071/n03775071_7341.JPEG,658,mitten
train/n03775071/n03775071_10969.JPEG,658,mitten
train/n03775071/n03775071_10613.JPEG,658,mitten
train/n03775071/n03775071_4366.JPEG,658,mitten
train/n03775071/n03775071_16730.JPEG,658,mitten
train/n03775071/n03775071_17771.JPEG,658,mitten
train/n03775071/n03775071_8018.JPEG,658,mitten
train/n03775071/n03775071_15858.JPEG,658,mitten
train/n03775071/n03775071_5858.JPEG,658,mitten
train/n03775071/n03775071_15533.JPEG,658,mitten
train/n03775071/n03775071_26123.JPEG,658,mitten
train/n03775071/n03775071_12107.JPEG,658,mitten
train/n03775546/n03775546_20531.JPEG,659,mixing bowl
train/n03775546/n03775546_13720.JPEG,659,mixing bowl
train/n03775546/n03775546_971.JPEG,659,mixing bowl
train/n03775546/n03775546_2571.JPEG,659,mixing bowl
train/n03775546/n03775546_128.JPEG,659,mixing bowl
train/n03775546/n03775546_4340.JPEG,659,mixing bowl
train/n03775546/n03775546_3550.JPEG,659,mixing bowl
train/n03775546/n03775546_17151.JPEG,659,mixing bowl
train/n03775546/n03775546_18994.JPEG,659,mixing bowl
train/n03775546/n03775546_9952.JPEG,659,mixing bowl
train/n03775546/n03775546_7331.JPEG,659,mixing bowl
train/n03775546/n03775546_4358.JPEG,659,mixing bowl
train/n03775546/n03775546_8911.JPEG,659,mixing bowl
train/n03775546/n03775546_9511.JPEG,659,mixing bowl
train/n03775546/n03775546_3051.JPEG,659,mixing bowl
train/n03775546/n03775546_3161.JPEG,659,mixing bowl
train/n03776460/n03776460_16732.JPEG,660,mobile home
train/n03776460/n03776460_6007.JPEG,660,mobile home
train/n03776460/n03776460_2305.JPEG,660,mobile home
train/n03776460/n03776460_21944.JPEG,660,mobile home
train/n03776460/n03776460_21211.JPEG,660,mobile home
train/n03776460/n03776460_5971.JPEG,660,mobile home
train/n03776460/n03776460_10401.JPEG,660,mobile home
train/n03776460/n03776460_9620.JPEG,660,mobile home
train/n03776460/n03776460_20293.JPEG,660,mobile home
train/n03776460/n03776460_1603.JPEG,660,mobile home
train/n03776460/n03776460_14691.JPEG,660,mobile home
train/n03776460/n03776460_1788.JPEG,660,mobile home
train/n03776460/n03776460_19584.JPEG,660,mobile home
train/n03776460/n03776460_18029.JPEG,660,mobile home
train/n03776460/n03776460_17074.JPEG,660,mobile home
train/n03776460/n03776460_21328.JPEG,660,mobile home
train/n03777568/n03777568_1900.JPEG,661,ford model t
train/n03777568/n03777568_1921.JPEG,661,ford model t
train/n03777568/n03777568_3199.JPEG,661,ford model t
train/n03777568/n03777568_4022.JPEG,661,ford model t
train/n03777568/n03777568_14437.JPEG,661,ford model t
train/n03777568/n03777568_14004.JPEG,661,ford model t
train/n03777568/n03777568_7695.JPEG,661,ford model t
train/n03777568/n03777568_14389.JPEG,661,ford model t
train/n03777568/n03777568_2638.JPEG,661,ford model t
train/n03777568/n03777568_8747.JPEG,661,ford model t
train/n03777568/n03777568_5643.JPEG,661,ford model t
train/n03777568/n03777568_9607.JPEG,661,ford model t
train/n03777568/n03777568_7881.JPEG,661,ford model t
train/n03777568/n03777568_16228.JPEG,661,ford model t
train/n03777568/n03777568_8820.JPEG,661,ford model t
train/n03777568/n03777568_4295.JPEG,661,ford model t
train/n03777754/n03777754_1145.JPEG,662,modem
train/n03777754/n03777754_1547.JPEG,662,modem
train/n03777754/n03777754_13177.JPEG,662,modem
train/n03777754/n03777754_8008.JPEG,662,modem
train/n03777754/n03777754_6544.JPEG,662,modem
train/n03777754/n03777754_10718.JPEG,662,modem
train/n03777754/n03777754_7836.JPEG,662,modem
train/n03777754/n03777754_4809.JPEG,662,modem
train/n03777754/n03777754_1779.JPEG,662,modem
train/n03777754/n03777754_5940.JPEG,662,modem
train/n03777754/n03777754_3337.JPEG,662,modem
train/n03777754/n03777754_12185.JPEG,662,modem
train/n03777754/n03777754_3346.JPEG,662,modem
train/n03777754/n03777754_7140.JPEG,662,modem
train/n03777754/n03777754_1818.JPEG,662,modem
train/n03777754/n03777754_21002.JPEG,662,modem
train/n03781244/n03781244_5549.JPEG,663,monastery
train/n03781244/n03781244_61470.JPEG,663,monastery
train/n03781244/n03781244_7952.JPEG,663,monastery
train/n03781244/n03781244_6340.JPEG,663,monastery
train/n03781244/n03781244_708.JPEG,663,monastery
train/n03781244/n03781244_20414.JPEG,663,monastery
train/n03781244/n03781244_5541.JPEG,663,monastery
train/n03781244/n03781244_13395.JPEG,663,monastery
train/n03781244/n03781244_26691.JPEG,663,monastery
train/n03781244/n03781244_7845.JPEG,663,monastery
train/n03781244/n03781244_8854.JPEG,663,monastery
train/n03781244/n03781244_6352.JPEG,663,monastery
train/n03781244/n03781244_71376.JPEG,663,monastery
train/n03781244/n03781244_2254.JPEG,663,monastery
train/n03781244/n03781244_60949.JPEG,663,monastery
train/n03781244/n03781244_2261.JPEG,663,monastery
train/n03782006/n03782006_5569.JPEG,664,monitor
train/n03782006/n03782006_13892.JPEG,664,monitor
train/n03782006/n03782006_6997.JPEG,664,monitor
train/n03782006/n03782006_38698.JPEG,664,monitor
train/n03782006/n03782006_15200.JPEG,664,monitor
train/n03782006/n03782006_9815.JPEG,664,monitor
train/n03782006/n03782006_4297.JPEG,664,monitor
train/n03782006/n03782006_751.JPEG,664,monitor
train/n03782006/n03782006_7859.JPEG,664,monitor
train/n03782006/n03782006_3655.JPEG,664,monitor
train/n03782006/n03782006_8939.JPEG,664,monitor
train/n03782006/n03782006_44085.JPEG,664,monitor
train/n03782006/n03782006_1967.JPEG,664,monitor
train/n03782006/n03782006_14546.JPEG,664,monitor
train/n03782006/n03782006_5478.JPEG,664,monitor
train/n03782006/n03782006_34944.JPEG,664,monitor
train/n03785016/n03785016_9116.JPEG,665,moped
train/n03785016/n03785016_3701.JPEG,665,moped
train/n03785016/n03785016_22613.JPEG,665,moped
train/n03785016/n03785016_20400.JPEG,665,moped
train/n03785016/n03785016_4867.JPEG,665,moped
train/n03785016/n03785016_9113.JPEG,665,moped
train/n03785016/n03785016_13793.JPEG,665,moped
train/n03785016/n03785016_1647.JPEG,665,moped
train/n03785016/n03785016_18495.JPEG,665,moped
train/n03785016/n03785016_14777.JPEG,665,moped
train/n03785016/n03785016_10258.JPEG,665,moped
train/n03785016/n03785016_6282.JPEG,665,moped
train/n03785016/n03785016_6024.JPEG,665,moped
train/n03785016/n03785016_22260.JPEG,665,moped
train/n03785016/n03785016_38568.JPEG,665,moped
train/n03785016/n03785016_8868.JPEG,665,moped
train/n03786901/n03786901_11940.JPEG,666,mortar and pestle
train/n03786901/n03786901_5696.JPEG,666,mortar and pestle
train/n03786901/n03786901_3481.JPEG,666,mortar and pestle
train/n03786901/n03786901_10915.JPEG,666,mortar and pestle
train/n03786901/n03786901_13801.JPEG,666,mortar and pestle
train/n03786901/n03786901_1708.JPEG,666,mortar and pestle
train/n03786901/n03786901_8515.JPEG,666,mortar and pestle
train/n03786901/n03786901_9083.JPEG,666,mortar and pestle
train/n03786901/n03786901_2000.JPEG,666,mortar and pestle
train/n03786901/n03786901_12801.JPEG,666,mortar and pestle
train/n03786901/n03786901_16404.JPEG,666,mortar and pestle
train/n03786901/n03786901_4350.JPEG,666,mortar and pestle
train/n03786901/n03786901_9130.JPEG,666,mortar and pestle
train/n03786901/n03786901_11286.JPEG,666,mortar and pestle
train/n03786901/n03786901_10911.JPEG,666,mortar and pestle
train/n03786901/n03786901_14376.JPEG,666,mortar and pestle
train/n03787032/n03787032_9843.JPEG,667,graduation cap
train/n03787032/n03787032_4712.JPEG,667,graduation cap
train/n03787032/n03787032_6452.JPEG,667,graduation cap
train/n03787032/n03787032_13538.JPEG,667,graduation cap
train/n03787032/n03787032_3319.JPEG,667,graduation cap
train/n03787032/n03787032_11075.JPEG,667,graduation cap
train/n03787032/n03787032_4010.JPEG,667,graduation cap
train/n03787032/n03787032_1924.JPEG,667,graduation cap
train/n03787032/n03787032_7122.JPEG,667,graduation cap
train/n03787032/n03787032_1941.JPEG,667,graduation cap
train/n03787032/n03787032_1966.JPEG,667,graduation cap
train/n03787032/n03787032_4071.JPEG,667,graduation cap
train/n03787032/n03787032_10590.JPEG,667,graduation cap
train/n03787032/n03787032_14228.JPEG,667,graduation cap
train/n03787032/n03787032_1463.JPEG,667,graduation cap
train/n03787032/n03787032_2479.JPEG,667,graduation cap
train/n03788195/n03788195_17087.JPEG,668,mosque
train/n03788195/n03788195_19192.JPEG,668,mosque
train/n03788195/n03788195_4332.JPEG,668,mosque
train/n03788195/n03788195_44338.JPEG,668,mosque
train/n03788195/n03788195_43517.JPEG,668,mosque
train/n03788195/n03788195_2369.JPEG,668,mosque
train/n03788195/n03788195_15977.JPEG,668,mosque
train/n03788195/n03788195_24987.JPEG,668,mosque
train/n03788195/n03788195_7488.JPEG,668,mosque
train/n03788195/n03788195_13004.JPEG,668,mosque
train/n03788195/n03788195_11799.JPEG,668,mosque
train/n03788195/n03788195_9268.JPEG,668,mosque
train/n03788195/n03788195_2960.JPEG,668,mosque
train/n03788195/n03788195_59141.JPEG,668,mosque
train/n03788195/n03788195_11048.JPEG,668,mosque
train/n03788195/n03788195_922.JPEG,668,mosque
train/n03788365/n03788365_6456.JPEG,669,mosquito net
train/n03788365/n03788365_355.JPEG,669,mosquito net
train/n03788365/n03788365_20021.JPEG,669,mosquito net
train/n03788365/n03788365_11782.JPEG,669,mosquito net
train/n03788365/n03788365_867.JPEG,669,mosquito net
train/n03788365/n03788365_11083.JPEG,669,mosquito net
train/n03788365/n03788365_2905.JPEG,669,mosquito net
train/n03788365/n03788365_1279.JPEG,669,mosquito net
train/n03788365/n03788365_7441.JPEG,669,mosquito net
train/n03788365/n03788365_9573.JPEG,669,mosquito net
train/n03788365/n03788365_621.JPEG,669,mosquito net
train/n03788365/n03788365_7520.JPEG,669,mosquito net
train/n03788365/n03788365_11890.JPEG,669,mosquito net
train/n03788365/n03788365_1919.JPEG,669,mosquito net
train/n03788365/n03788365_9390.JPEG,669,mosquito net
train/n03788365/n03788365_673.JPEG,669,mosquito net
train/n03791053/n03791053_2151.JPEG,670,vespa
train/n03791053/n03791053_12133.JPEG,670,vespa
train/n03791053/n03791053_17934.JPEG,670,vespa
train/n03791053/n03791053_15877.JPEG,670,vespa
train/n03791053/n03791053_3574.JPEG,670,vespa
train/n03791053/n03791053_3172.JPEG,670,vespa
train/n03791053/n03791053_30414.JPEG,670,vespa
train/n03791053/n03791053_6213.JPEG,670,vespa
train/n03791053/n03791053_10419.JPEG,670,vespa
train/n03791053/n03791053_36430.JPEG,670,vespa
train/n03791053/n03791053_13658.JPEG,670,vespa
train/n03791053/n03791053_7250.JPEG,670,vespa
train/n03791053/n03791053_9050.JPEG,670,vespa
train/n03791053/n03791053_27258.JPEG,670,vespa
train/n03791053/n03791053_15316.JPEG,670,vespa
train/n03791053/n03791053_3783.JPEG,670,vespa
train/n03792782/n03792782_70708.JPEG,671,mountain bike
train/n03792782/n03792782_14616.JPEG,671,mountain bike
train/n03792782/n03792782_5034.JPEG,671,mountain bike
train/n03792782/n03792782_70690.JPEG,671,mountain bike
train/n03792782/n03792782_3955.JPEG,671,mountain bike
train/n03792782/n03792782_1954.JPEG,671,mountain bike
train/n03792782/n03792782_1851.JPEG,671,mountain bike
train/n03792782/n03792782_17502.JPEG,671,mountain bike
train/n03792782/n03792782_2628.JPEG,671,mountain bike
train/n03792782/n03792782_68319.JPEG,671,mountain bike
train/n03792782/n03792782_2057.JPEG,671,mountain bike
train/n03792782/n03792782_35200.JPEG,671,mountain bike
train/n03792782/n03792782_1400.JPEG,671,mountain bike
train/n03792782/n03792782_56348.JPEG,671,mountain bike
train/n03792782/n03792782_7638.JPEG,671,mountain bike
train/n03792782/n03792782_10408.JPEG,671,mountain bike
train/n03792972/n03792972_1960.JPEG,672,tent
train/n03792972/n03792972_5678.JPEG,672,tent
train/n03792972/n03792972_13665.JPEG,672,tent
train/n03792972/n03792972_7671.JPEG,672,tent
train/n03792972/n03792972_5367.JPEG,672,tent
train/n03792972/n03792972_8375.JPEG,672,tent
train/n03792972/n03792972_8875.JPEG,672,tent
train/n03792972/n03792972_11237.JPEG,672,tent
train/n03792972/n03792972_2912.JPEG,672,tent
train/n03792972/n03792972_2024.JPEG,672,tent
train/n03792972/n03792972_8763.JPEG,672,tent
train/n03792972/n03792972_7468.JPEG,672,tent
train/n03792972/n03792972_7984.JPEG,672,tent
train/n03792972/n03792972_7607.JPEG,672,tent
train/n03792972/n03792972_9156.JPEG,672,tent
train/n03792972/n03792972_5349.JPEG,672,tent
train/n03793489/n03793489_54852.JPEG,673,computer mouse
train/n03793489/n03793489_54226.JPEG,673,computer mouse
train/n03793489/n03793489_12013.JPEG,673,computer mouse
train/n03793489/n03793489_9692.JPEG,673,computer mouse
train/n03793489/n03793489_3070.JPEG,673,computer mouse
train/n03793489/n03793489_33191.JPEG,673,computer mouse
train/n03793489/n03793489_10980.JPEG,673,computer mouse
train/n03793489/n03793489_10881.JPEG,673,computer mouse
train/n03793489/n03793489_10036.JPEG,673,computer mouse
train/n03793489/n03793489_7848.JPEG,673,computer mouse
train/n03793489/n03793489_36324.JPEG,673,computer mouse
train/n03793489/n03793489_8038.JPEG,673,computer mouse
train/n03793489/n03793489_24015.JPEG,673,computer mouse
train/n03793489/n03793489_6881.JPEG,673,computer mouse
train/n03793489/n03793489_5748.JPEG,673,computer mouse
train/n03793489/n03793489_6694.JPEG,673,computer mouse
train/n03794056/n03794056_9743.JPEG,674,mousetrap
train/n03794056/n03794056_10557.JPEG,674,mousetrap
train/n03794056/n03794056_9909.JPEG,674,mousetrap
train/n03794056/n03794056_6679.JPEG,674,mousetrap
train/n03794056/n03794056_5589.JPEG,674,mousetrap
train/n03794056/n03794056_9646.JPEG,674,mousetrap
train/n03794056/n03794056_17748.JPEG,674,mousetrap
train/n03794056/n03794056_30539.JPEG,674,mousetrap
train/n03794056/n03794056_30426.JPEG,674,mousetrap
train/n03794056/n03794056_3119.JPEG,674,mousetrap
train/n03794056/n03794056_27401.JPEG,674,mousetrap
train/n03794056/n03794056_21208.JPEG,674,mousetrap
train/n03794056/n03794056_9257.JPEG,674,mousetrap
train/n03794056/n03794056_13366.JPEG,674,mousetrap
train/n03794056/n03794056_2625.JPEG,674,mousetrap
train/n03794056/n03794056_8701.JPEG,674,mousetrap
train/n03796401/n03796401_17616.JPEG,675,moving van
train/n03796401/n03796401_10451.JPEG,675,moving van
train/n03796401/n03796401_21483.JPEG,675,moving van
train/n03796401/n03796401_9446.JPEG,675,moving van
train/n03796401/n03796401_23550.JPEG,675,moving van
train/n03796401/n03796401_18997.JPEG,675,moving van
train/n03796401/n03796401_7556.JPEG,675,moving van
train/n03796401/n03796401_323.JPEG,675,moving van
train/n03796401/n03796401_378.JPEG,675,moving van
train/n03796401/n03796401_7177.JPEG,675,moving van
train/n03796401/n03796401_10276.JPEG,675,moving van
train/n03796401/n03796401_1477.JPEG,675,moving van
train/n03796401/n03796401_7563.JPEG,675,moving van
train/n03796401/n03796401_4899.JPEG,675,moving van
train/n03796401/n03796401_7527.JPEG,675,moving van
train/n03796401/n03796401_7922.JPEG,675,moving van
train/n03803284/n03803284_23341.JPEG,676,muzzle
train/n03803284/n03803284_11703.JPEG,676,muzzle
train/n03803284/n03803284_10577.JPEG,676,muzzle
train/n03803284/n03803284_1002.JPEG,676,muzzle
train/n03803284/n03803284_12943.JPEG,676,muzzle
train/n03803284/n03803284_8889.JPEG,676,muzzle
train/n03803284/n03803284_14045.JPEG,676,muzzle
train/n03803284/n03803284_9440.JPEG,676,muzzle
train/n03803284/n03803284_2502.JPEG,676,muzzle
train/n03803284/n03803284_18741.JPEG,676,muzzle
train/n03803284/n03803284_2760.JPEG,676,muzzle
train/n03803284/n03803284_9141.JPEG,676,muzzle
train/n03803284/n03803284_21239.JPEG,676,muzzle
train/n03803284/n03803284_4763.JPEG,676,muzzle
train/n03803284/n03803284_12865.JPEG,676,muzzle
train/n03803284/n03803284_25744.JPEG,676,muzzle
train/n03804744/n03804744_8426.JPEG,677,metal nail
train/n03804744/n03804744_4327.JPEG,677,metal nail
train/n03804744/n03804744_19264.JPEG,677,metal nail
train/n03804744/n03804744_26634.JPEG,677,metal nail
train/n03804744/n03804744_3298.JPEG,677,metal nail
train/n03804744/n03804744_4349.JPEG,677,metal nail
train/n03804744/n03804744_108.JPEG,677,metal nail
train/n03804744/n03804744_8966.JPEG,677,metal nail
train/n03804744/n03804744_11489.JPEG,677,metal nail
train/n03804744/n03804744_9580.JPEG,677,metal nail
train/n03804744/n03804744_1485.JPEG,677,metal nail
train/n03804744/n03804744_1011.JPEG,677,metal nail
train/n03804744/n03804744_32247.JPEG,677,metal nail
train/n03804744/n03804744_8840.JPEG,677,metal nail
train/n03804744/n03804744_29995.JPEG,677,metal nail
train/n03804744/n03804744_38072.JPEG,677,metal nail
train/n03814639/n03814639_6975.JPEG,678,neck brace
train/n03814639/n03814639_9256.JPEG,678,neck brace
train/n03814639/n03814639_4139.JPEG,678,neck brace
train/n03814639/n03814639_3664.JPEG,678,neck brace
train/n03814639/n03814639_17802.JPEG,678,neck brace
train/n03814639/n03814639_7487.JPEG,678,neck brace
train/n03814639/n03814639_1392.JPEG,678,neck brace
train/n03814639/n03814639_4968.JPEG,678,neck brace
train/n03814639/n03814639_5306.JPEG,678,neck brace
train/n03814639/n03814639_18481.JPEG,678,neck brace
train/n03814639/n03814639_5382.JPEG,678,neck brace
train/n03814639/n03814639_628.JPEG,678,neck brace
train/n03814639/n03814639_1041.JPEG,678,neck brace
train/n03814639/n03814639_4951.JPEG,678,neck brace
train/n03814639/n03814639_6674.JPEG,678,neck brace
train/n03814639/n03814639_10188.JPEG,678,neck brace
train/n03814906/n03814906_10994.JPEG,679,necklace
train/n03814906/n03814906_6911.JPEG,679,necklace
train/n03814906/n03814906_15851.JPEG,679,necklace
train/n03814906/n03814906_52361.JPEG,679,necklace
train/n03814906/n03814906_33558.JPEG,679,necklace
train/n03814906/n03814906_3318.JPEG,679,necklace
train/n03814906/n03814906_5103.JPEG,679,necklace
train/n03814906/n03814906_20631.JPEG,679,necklace
train/n03814906/n03814906_39305.JPEG,679,necklace
train/n03814906/n03814906_26037.JPEG,679,necklace
train/n03814906/n03814906_4534.JPEG,679,necklace
train/n03814906/n03814906_2386.JPEG,679,necklace
train/n03814906/n03814906_33584.JPEG,679,necklace
train/n03814906/n03814906_31495.JPEG,679,necklace
train/n03814906/n03814906_56169.JPEG,679,necklace
train/n03814906/n03814906_83084.JPEG,679,necklace
train/n03825788/n03825788_12637.JPEG,680,baby pacifier
train/n03825788/n03825788_3467.JPEG,680,baby pacifier
train/n03825788/n03825788_2367.JPEG,680,baby pacifier
train/n03825788/n03825788_13690.JPEG,680,baby pacifier
train/n03825788/n03825788_45657.JPEG,680,baby pacifier
train/n03825788/n03825788_4010.JPEG,680,baby pacifier
train/n03825788/n03825788_55508.JPEG,680,baby pacifier
train/n03825788/n03825788_3027.JPEG,680,baby pacifier
train/n03825788/n03825788_26697.JPEG,680,baby pacifier
train/n03825788/n03825788_10200.JPEG,680,baby pacifier
train/n03825788/n03825788_49060.JPEG,680,baby pacifier
train/n03825788/n03825788_10850.JPEG,680,baby pacifier
train/n03825788/n03825788_12199.JPEG,680,baby pacifier
train/n03825788/n03825788_45469.JPEG,680,baby pacifier
train/n03825788/n03825788_49468.JPEG,680,baby pacifier
train/n03825788/n03825788_24950.JPEG,680,baby pacifier
train/n03832673/n03832673_1065.JPEG,681,notebook computer
train/n03832673/n03832673_12429.JPEG,681,notebook computer
train/n03832673/n03832673_3747.JPEG,681,notebook computer
train/n03832673/n03832673_4169.JPEG,681,notebook computer
train/n03832673/n03832673_16488.JPEG,681,notebook computer
train/n03832673/n03832673_11114.JPEG,681,notebook computer
train/n03832673/n03832673_23085.JPEG,681,notebook computer
train/n03832673/n03832673_12997.JPEG,681,notebook computer
train/n03832673/n03832673_13963.JPEG,681,notebook computer
train/n03832673/n03832673_15156.JPEG,681,notebook computer
train/n03832673/n03832673_15453.JPEG,681,notebook computer
train/n03832673/n03832673_13253.JPEG,681,notebook computer
train/n03832673/n03832673_15306.JPEG,681,notebook computer
train/n03832673/n03832673_19406.JPEG,681,notebook computer
train/n03832673/n03832673_13364.JPEG,681,notebook computer
train/n03832673/n03832673_12606.JPEG,681,notebook computer
train/n03837869/n03837869_9619.JPEG,682,obelisk
train/n03837869/n03837869_9618.JPEG,682,obelisk
train/n03837869/n03837869_892.JPEG,682,obelisk
train/n03837869/n03837869_5600.JPEG,682,obelisk
train/n03837869/n03837869_6966.JPEG,682,obelisk
train/n03837869/n03837869_8969.JPEG,682,obelisk
train/n03837869/n03837869_1396.JPEG,682,obelisk
train/n03837869/n03837869_9778.JPEG,682,obelisk
train/n03837869/n03837869_2100.JPEG,682,obelisk
train/n03837869/n03837869_2513.JPEG,682,obelisk
train/n03837869/n03837869_6909.JPEG,682,obelisk
train/n03837869/n03837869_2855.JPEG,682,obelisk
train/n03837869/n03837869_2096.JPEG,682,obelisk
train/n03837869/n03837869_2348.JPEG,682,obelisk
train/n03837869/n03837869_7441.JPEG,682,obelisk
train/n03837869/n03837869_10014.JPEG,682,obelisk
train/n03838899/n03838899_29225.JPEG,683,oboe
train/n03838899/n03838899_31648.JPEG,683,oboe
train/n03838899/n03838899_17138.JPEG,683,oboe
train/n03838899/n03838899_33156.JPEG,683,oboe
train/n03838899/n03838899_891.JPEG,683,oboe
train/n03838899/n03838899_27678.JPEG,683,oboe
train/n03838899/n03838899_32031.JPEG,683,oboe
train/n03838899/n03838899_16540.JPEG,683,oboe
train/n03838899/n03838899_27271.JPEG,683,oboe
train/n03838899/n03838899_30446.JPEG,683,oboe
train/n03838899/n03838899_32216.JPEG,683,oboe
train/n03838899/n03838899_14609.JPEG,683,oboe
train/n03838899/n03838899_32510.JPEG,683,oboe
train/n03838899/n03838899_45535.JPEG,683,oboe
train/n03838899/n03838899_3582.JPEG,683,oboe
train/n03838899/n03838899_14317.JPEG,683,oboe
train/n03840681/n03840681_10736.JPEG,684,ocarina
train/n03840681/n03840681_5429.JPEG,684,ocarina
train/n03840681/n03840681_11572.JPEG,684,ocarina
train/n03840681/n03840681_15329.JPEG,684,ocarina
train/n03840681/n03840681_9833.JPEG,684,ocarina
train/n03840681/n03840681_7379.JPEG,684,ocarina
train/n03840681/n03840681_8833.JPEG,684,ocarina
train/n03840681/n03840681_17631.JPEG,684,ocarina
train/n03840681/n03840681_18191.JPEG,684,ocarina
train/n03840681/n03840681_11692.JPEG,684,ocarina
train/n03840681/n03840681_7018.JPEG,684,ocarina
train/n03840681/n03840681_13999.JPEG,684,ocarina
train/n03840681/n03840681_14729.JPEG,684,ocarina
train/n03840681/n03840681_443.JPEG,684,ocarina
train/n03840681/n03840681_14641.JPEG,684,ocarina
train/n03840681/n03840681_41485.JPEG,684,ocarina
train/n03841143/n03841143_13277.JPEG,685,odometer
train/n03841143/n03841143_5831.JPEG,685,odometer
train/n03841143/n03841143_12430.JPEG,685,odometer
train/n03841143/n03841143_1417.JPEG,685,odometer
train/n03841143/n03841143_14645.JPEG,685,odometer
train/n03841143/n03841143_6657.JPEG,685,odometer
train/n03841143/n03841143_8650.JPEG,685,odometer
train/n03841143/n03841143_2427.JPEG,685,odometer
train/n03841143/n03841143_3287.JPEG,685,odometer
train/n03841143/n03841143_3181.JPEG,685,odometer
train/n03841143/n03841143_15486.JPEG,685,odometer
train/n03841143/n03841143_16543.JPEG,685,odometer
train/n03841143/n03841143_8426.JPEG,685,odometer
train/n03841143/n03841143_9998.JPEG,685,odometer
train/n03841143/n03841143_10851.JPEG,685,odometer
train/n03841143/n03841143_27879.JPEG,685,odometer
train/n03843555/n03843555_8986.JPEG,686,oil filter
train/n03843555/n03843555_2955.JPEG,686,oil filter
train/n03843555/n03843555_16568.JPEG,686,oil filter
train/n03843555/n03843555_18587.JPEG,686,oil filter
train/n03843555/n03843555_2652.JPEG,686,oil filter
train/n03843555/n03843555_1052.JPEG,686,oil filter
train/n03843555/n03843555_1722.JPEG,686,oil filter
train/n03843555/n03843555_13364.JPEG,686,oil filter
train/n03843555/n03843555_1875.JPEG,686,oil filter
train/n03843555/n03843555_2680.JPEG,686,oil filter
train/n03843555/n03843555_6215.JPEG,686,oil filter
train/n03843555/n03843555_5042.JPEG,686,oil filter
train/n03843555/n03843555_16375.JPEG,686,oil filter
train/n03843555/n03843555_11174.JPEG,686,oil filter
train/n03843555/n03843555_21011.JPEG,686,oil filter
train/n03843555/n03843555_4901.JPEG,686,oil filter
train/n03854065/n03854065_12633.JPEG,687,pipe organ
train/n03854065/n03854065_48826.JPEG,687,pipe organ
train/n03854065/n03854065_70427.JPEG,687,pipe organ
train/n03854065/n03854065_6617.JPEG,687,pipe organ
train/n03854065/n03854065_11904.JPEG,687,pipe organ
train/n03854065/n03854065_31523.JPEG,687,pipe organ
train/n03854065/n03854065_4270.JPEG,687,pipe organ
train/n03854065/n03854065_39391.JPEG,687,pipe organ
train/n03854065/n03854065_4730.JPEG,687,pipe organ
train/n03854065/n03854065_4071.JPEG,687,pipe organ
train/n03854065/n03854065_11044.JPEG,687,pipe organ
train/n03854065/n03854065_3849.JPEG,687,pipe organ
train/n03854065/n03854065_57016.JPEG,687,pipe organ
train/n03854065/n03854065_8694.JPEG,687,pipe organ
train/n03854065/n03854065_14739.JPEG,687,pipe organ
train/n03854065/n03854065_15088.JPEG,687,pipe organ
train/n03857828/n03857828_4774.JPEG,688,oscilloscope
train/n03857828/n03857828_60710.JPEG,688,oscilloscope
train/n03857828/n03857828_47863.JPEG,688,oscilloscope
train/n03857828/n03857828_48131.JPEG,688,oscilloscope
train/n03857828/n03857828_10041.JPEG,688,oscilloscope
train/n03857828/n03857828_59342.JPEG,688,oscilloscope
train/n03857828/n03857828_65294.JPEG,688,oscilloscope
train/n03857828/n03857828_70439.JPEG,688,oscilloscope
train/n03857828/n03857828_64063.JPEG,688,oscilloscope
train/n03857828/n03857828_41594.JPEG,688,oscilloscope
train/n03857828/n03857828_443.JPEG,688,oscilloscope
train/n03857828/n03857828_27512.JPEG,688,oscilloscope
train/n03857828/n03857828_18071.JPEG,688,oscilloscope
train/n03857828/n03857828_29162.JPEG,688,oscilloscope
train/n03857828/n03857828_42380.JPEG,688,oscilloscope
train/n03857828/n03857828_61217.JPEG,688,oscilloscope
train/n03866082/n03866082_4947.JPEG,689,overskirt
train/n03866082/n03866082_10601.JPEG,689,overskirt
train/n03866082/n03866082_8637.JPEG,689,overskirt
train/n03866082/n03866082_6164.JPEG,689,overskirt
train/n03866082/n03866082_11281.JPEG,689,overskirt
train/n03866082/n03866082_2508.JPEG,689,overskirt
train/n03866082/n03866082_44.JPEG,689,overskirt
train/n03866082/n03866082_971.JPEG,689,overskirt
train/n03866082/n03866082_5672.JPEG,689,overskirt
train/n03866082/n03866082_9374.JPEG,689,overskirt
train/n03866082/n03866082_10750.JPEG,689,overskirt
train/n03866082/n03866082_3402.JPEG,689,overskirt
train/n03866082/n03866082_8182.JPEG,689,overskirt
train/n03866082/n03866082_27.JPEG,689,overskirt
train/n03866082/n03866082_4420.JPEG,689,overskirt
train/n03866082/n03866082_3427.JPEG,689,overskirt
train/n03868242/n03868242_8352.JPEG,690,bullock cart
train/n03868242/n03868242_7473.JPEG,690,bullock cart
train/n03868242/n03868242_1995.JPEG,690,bullock cart
train/n03868242/n03868242_5802.JPEG,690,bullock cart
train/n03868242/n03868242_14195.JPEG,690,bullock cart
train/n03868242/n03868242_9578.JPEG,690,bullock cart
train/n03868242/n03868242_2094.JPEG,690,bullock cart
train/n03868242/n03868242_10837.JPEG,690,bullock cart
train/n03868242/n03868242_8306.JPEG,690,bullock cart
train/n03868242/n03868242_2814.JPEG,690,bullock cart
train/n03868242/n03868242_8425.JPEG,690,bullock cart
train/n03868242/n03868242_3498.JPEG,690,bullock cart
train/n03868242/n03868242_436.JPEG,690,bullock cart
train/n03868242/n03868242_3573.JPEG,690,bullock cart
train/n03868242/n03868242_1366.JPEG,690,bullock cart
train/n03868242/n03868242_2954.JPEG,690,bullock cart
train/n03868863/n03868863_11754.JPEG,691,oxygen mask
train/n03868863/n03868863_12894.JPEG,691,oxygen mask
train/n03868863/n03868863_11773.JPEG,691,oxygen mask
train/n03868863/n03868863_5983.JPEG,691,oxygen mask
train/n03868863/n03868863_1402.JPEG,691,oxygen mask
train/n03868863/n03868863_1587.JPEG,691,oxygen mask
train/n03868863/n03868863_10523.JPEG,691,oxygen mask
train/n03868863/n03868863_16959.JPEG,691,oxygen mask
train/n03868863/n03868863_12246.JPEG,691,oxygen mask
train/n03868863/n03868863_4052.JPEG,691,oxygen mask
train/n03868863/n03868863_8595.JPEG,691,oxygen mask
train/n03868863/n03868863_6147.JPEG,691,oxygen mask
train/n03868863/n03868863_316.JPEG,691,oxygen mask
train/n03868863/n03868863_11486.JPEG,691,oxygen mask
train/n03868863/n03868863_6814.JPEG,691,oxygen mask
train/n03868863/n03868863_3040.JPEG,691,oxygen mask
train/n03871628/n03871628_9232.JPEG,692,product packet / packaging
train/n03871628/n03871628_8071.JPEG,692,product packet / packaging
train/n03871628/n03871628_10751.JPEG,692,product packet / packaging
train/n03871628/n03871628_13990.JPEG,692,product packet / packaging
train/n03871628/n03871628_1728.JPEG,692,product packet / packaging
train/n03871628/n03871628_26823.JPEG,692,product packet / packaging
train/n03871628/n03871628_7296.JPEG,692,product packet / packaging
train/n03871628/n03871628_3844.JPEG,692,product packet / packaging
train/n03871628/n03871628_2739.JPEG,692,product packet / packaging
train/n03871628/n03871628_412.JPEG,692,product packet / packaging
train/n03871628/n03871628_13978.JPEG,692,product packet / packaging
train/n03871628/n03871628_8717.JPEG,692,product packet / packaging
train/n03871628/n03871628_9.JPEG,692,product packet / packaging
train/n03871628/n03871628_6133.JPEG,692,product packet / packaging
train/n03871628/n03871628_7942.JPEG,692,product packet / packaging
train/n03871628/n03871628_15360.JPEG,692,product packet / packaging
train/n03873416/n03873416_15584.JPEG,693,paddle
train/n03873416/n03873416_30883.JPEG,693,paddle
train/n03873416/n03873416_13265.JPEG,693,paddle
train/n03873416/n03873416_15894.JPEG,693,paddle
train/n03873416/n03873416_67506.JPEG,693,paddle
train/n03873416/n03873416_44076.JPEG,693,paddle
train/n03873416/n03873416_18162.JPEG,693,paddle
train/n03873416/n03873416_19954.JPEG,693,paddle
train/n03873416/n03873416_38652.JPEG,693,paddle
train/n03873416/n03873416_1602.JPEG,693,paddle
train/n03873416/n03873416_22394.JPEG,693,paddle
train/n03873416/n03873416_9392.JPEG,693,paddle
train/n03873416/n03873416_8558.JPEG,693,paddle
train/n03873416/n03873416_6260.JPEG,693,paddle
train/n03873416/n03873416_5607.JPEG,693,paddle
train/n03873416/n03873416_19743.JPEG,693,paddle
train/n03874293/n03874293_9292.JPEG,694,paddle wheel
train/n03874293/n03874293_2720.JPEG,694,paddle wheel
train/n03874293/n03874293_245.JPEG,694,paddle wheel
train/n03874293/n03874293_8944.JPEG,694,paddle wheel
train/n03874293/n03874293_13213.JPEG,694,paddle wheel
train/n03874293/n03874293_8190.JPEG,694,paddle wheel
train/n03874293/n03874293_866.JPEG,694,paddle wheel
train/n03874293/n03874293_25017.JPEG,694,paddle wheel
train/n03874293/n03874293_7920.JPEG,694,paddle wheel
train/n03874293/n03874293_3633.JPEG,694,paddle wheel
train/n03874293/n03874293_1469.JPEG,694,paddle wheel
train/n03874293/n03874293_10966.JPEG,694,paddle wheel
train/n03874293/n03874293_11362.JPEG,694,paddle wheel
train/n03874293/n03874293_6904.JPEG,694,paddle wheel
train/n03874293/n03874293_10156.JPEG,694,paddle wheel
train/n03874293/n03874293_6352.JPEG,694,paddle wheel
train/n03874599/n03874599_3500.JPEG,695,padlock
train/n03874599/n03874599_11582.JPEG,695,padlock
train/n03874599/n03874599_618.JPEG,695,padlock
train/n03874599/n03874599_14750.JPEG,695,padlock
train/n03874599/n03874599_4350.JPEG,695,padlock
train/n03874599/n03874599_5034.JPEG,695,padlock
train/n03874599/n03874599_11037.JPEG,695,padlock
train/n03874599/n03874599_1820.JPEG,695,padlock
train/n03874599/n03874599_6457.JPEG,695,padlock
train/n03874599/n03874599_5728.JPEG,695,padlock
train/n03874599/n03874599_14783.JPEG,695,padlock
train/n03874599/n03874599_5596.JPEG,695,padlock
train/n03874599/n03874599_409.JPEG,695,padlock
train/n03874599/n03874599_4228.JPEG,695,padlock
train/n03874599/n03874599_14605.JPEG,695,padlock
train/n03874599/n03874599_8230.JPEG,695,padlock
train/n03876231/n03876231_11771.JPEG,696,paintbrush
train/n03876231/n03876231_5795.JPEG,696,paintbrush
train/n03876231/n03876231_9647.JPEG,696,paintbrush
train/n03876231/n03876231_16250.JPEG,696,paintbrush
train/n03876231/n03876231_6744.JPEG,696,paintbrush
train/n03876231/n03876231_8827.JPEG,696,paintbrush
train/n03876231/n03876231_9670.JPEG,696,paintbrush
train/n03876231/n03876231_4037.JPEG,696,paintbrush
train/n03876231/n03876231_8211.JPEG,696,paintbrush
train/n03876231/n03876231_15261.JPEG,696,paintbrush
train/n03876231/n03876231_6273.JPEG,696,paintbrush
train/n03876231/n03876231_7472.JPEG,696,paintbrush
train/n03876231/n03876231_14557.JPEG,696,paintbrush
train/n03876231/n03876231_16008.JPEG,696,paintbrush
train/n03876231/n03876231_28576.JPEG,696,paintbrush
train/n03876231/n03876231_4209.JPEG,696,paintbrush
train/n03877472/n03877472_16990.JPEG,697,pajamas
train/n03877472/n03877472_2920.JPEG,697,pajamas
train/n03877472/n03877472_5630.JPEG,697,pajamas
train/n03877472/n03877472_16787.JPEG,697,pajamas
train/n03877472/n03877472_14836.JPEG,697,pajamas
train/n03877472/n03877472_6120.JPEG,697,pajamas
train/n03877472/n03877472_45260.JPEG,697,pajamas
train/n03877472/n03877472_3394.JPEG,697,pajamas
train/n03877472/n03877472_17031.JPEG,697,pajamas
train/n03877472/n03877472_18054.JPEG,697,pajamas
train/n03877472/n03877472_13202.JPEG,697,pajamas
train/n03877472/n03877472_24919.JPEG,697,pajamas
train/n03877472/n03877472_34748.JPEG,697,pajamas
train/n03877472/n03877472_8459.JPEG,697,pajamas
train/n03877472/n03877472_7086.JPEG,697,pajamas
train/n03877472/n03877472_22353.JPEG,697,pajamas
train/n03877845/n03877845_11491.JPEG,698,palace
train/n03877845/n03877845_15064.JPEG,698,palace
train/n03877845/n03877845_13956.JPEG,698,palace
train/n03877845/n03877845_2320.JPEG,698,palace
train/n03877845/n03877845_16673.JPEG,698,palace
train/n03877845/n03877845_3457.JPEG,698,palace
train/n03877845/n03877845_19944.JPEG,698,palace
train/n03877845/n03877845_2915.JPEG,698,palace
train/n03877845/n03877845_2216.JPEG,698,palace
train/n03877845/n03877845_6243.JPEG,698,palace
train/n03877845/n03877845_10959.JPEG,698,palace
train/n03877845/n03877845_9739.JPEG,698,palace
train/n03877845/n03877845_13636.JPEG,698,palace
train/n03877845/n03877845_9689.JPEG,698,palace
train/n03877845/n03877845_13046.JPEG,698,palace
train/n03877845/n03877845_17326.JPEG,698,palace
train/n03884397/n03884397_14430.JPEG,699,pan flute
train/n03884397/n03884397_18025.JPEG,699,pan flute
train/n03884397/n03884397_15351.JPEG,699,pan flute
train/n03884397/n03884397_29207.JPEG,699,pan flute
train/n03884397/n03884397_13308.JPEG,699,pan flute
train/n03884397/n03884397_14850.JPEG,699,pan flute
train/n03884397/n03884397_29558.JPEG,699,pan flute
train/n03884397/n03884397_5924.JPEG,699,pan flute
train/n03884397/n03884397_2843.JPEG,699,pan flute
train/n03884397/n03884397_19936.JPEG,699,pan flute
train/n03884397/n03884397_7707.JPEG,699,pan flute
train/n03884397/n03884397_21047.JPEG,699,pan flute
train/n03884397/n03884397_21934.JPEG,699,pan flute
train/n03884397/n03884397_29487.JPEG,699,pan flute
train/n03884397/n03884397_15929.JPEG,699,pan flute
train/n03884397/n03884397_14237.JPEG,699,pan flute
train/n03887697/n03887697_7085.JPEG,700,paper towel
train/n03887697/n03887697_19004.JPEG,700,paper towel
train/n03887697/n03887697_1690.JPEG,700,paper towel
train/n03887697/n03887697_15723.JPEG,700,paper towel
train/n03887697/n03887697_5815.JPEG,700,paper towel
train/n03887697/n03887697_1840.JPEG,700,paper towel
train/n03887697/n03887697_18234.JPEG,700,paper towel
train/n03887697/n03887697_993.JPEG,700,paper towel
train/n03887697/n03887697_7846.JPEG,700,paper towel
train/n03887697/n03887697_2094.JPEG,700,paper towel
train/n03887697/n03887697_7721.JPEG,700,paper towel
train/n03887697/n03887697_8661.JPEG,700,paper towel
train/n03887697/n03887697_9680.JPEG,700,paper towel
train/n03887697/n03887697_4813.JPEG,700,paper towel
train/n03887697/n03887697_11880.JPEG,700,paper towel
train/n03887697/n03887697_5778.JPEG,700,paper towel
train/n03888257/n03888257_22114.JPEG,701,parachute
train/n03888257/n03888257_59412.JPEG,701,parachute
train/n03888257/n03888257_43813.JPEG,701,parachute
train/n03888257/n03888257_32703.JPEG,701,parachute
train/n03888257/n03888257_9650.JPEG,701,parachute
train/n03888257/n03888257_9858.JPEG,701,parachute
train/n03888257/n03888257_12694.JPEG,701,parachute
train/n03888257/n03888257_32970.JPEG,701,parachute
train/n03888257/n03888257_17004.JPEG,701,parachute
train/n03888257/n03888257_14859.JPEG,701,parachute
train/n03888257/n03888257_36371.JPEG,701,parachute
train/n03888257/n03888257_22949.JPEG,701,parachute
train/n03888257/n03888257_23069.JPEG,701,parachute
train/n03888257/n03888257_36265.JPEG,701,parachute
train/n03888257/n03888257_18716.JPEG,701,parachute
train/n03888257/n03888257_50367.JPEG,701,parachute
train/n03888605/n03888605_30963.JPEG,702,parallel bars
train/n03888605/n03888605_6388.JPEG,702,parallel bars
train/n03888605/n03888605_718.JPEG,702,parallel bars
train/n03888605/n03888605_29262.JPEG,702,parallel bars
train/n03888605/n03888605_13212.JPEG,702,parallel bars
train/n03888605/n03888605_10734.JPEG,702,parallel bars
train/n03888605/n03888605_6508.JPEG,702,parallel bars
train/n03888605/n03888605_3140.JPEG,702,parallel bars
train/n03888605/n03888605_14935.JPEG,702,parallel bars
train/n03888605/n03888605_10452.JPEG,702,parallel bars
train/n03888605/n03888605_6016.JPEG,702,parallel bars
train/n03888605/n03888605_29521.JPEG,702,parallel bars
train/n03888605/n03888605_1714.JPEG,702,parallel bars
train/n03888605/n03888605_8867.JPEG,702,parallel bars
train/n03888605/n03888605_3913.JPEG,702,parallel bars
train/n03888605/n03888605_6906.JPEG,702,parallel bars
train/n03891251/n03891251_1565.JPEG,703,park bench
train/n03891251/n03891251_2294.JPEG,703,park bench
train/n03891251/n03891251_1373.JPEG,703,park bench
train/n03891251/n03891251_2801.JPEG,703,park bench
train/n03891251/n03891251_1601.JPEG,703,park bench
train/n03891251/n03891251_5385.JPEG,703,park bench
train/n03891251/n03891251_3574.JPEG,703,park bench
train/n03891251/n03891251_2098.JPEG,703,park bench
train/n03891251/n03891251_6129.JPEG,703,park bench
train/n03891251/n03891251_834.JPEG,703,park bench
train/n03891251/n03891251_3310.JPEG,703,park bench
train/n03891251/n03891251_1441.JPEG,703,park bench
train/n03891251/n03891251_4244.JPEG,703,park bench
train/n03891251/n03891251_388.JPEG,703,park bench
train/n03891251/n03891251_6196.JPEG,703,park bench
train/n03891251/n03891251_6772.JPEG,703,park bench
train/n03891332/n03891332_1091.JPEG,704,parking meter
train/n03891332/n03891332_6552.JPEG,704,parking meter
train/n03891332/n03891332_4928.JPEG,704,parking meter
train/n03891332/n03891332_2541.JPEG,704,parking meter
train/n03891332/n03891332_1668.JPEG,704,parking meter
train/n03891332/n03891332_5936.JPEG,704,parking meter
train/n03891332/n03891332_6062.JPEG,704,parking meter
train/n03891332/n03891332_5633.JPEG,704,parking meter
train/n03891332/n03891332_7677.JPEG,704,parking meter
train/n03891332/n03891332_2691.JPEG,704,parking meter
train/n03891332/n03891332_6521.JPEG,704,parking meter
train/n03891332/n03891332_6037.JPEG,704,parking meter
train/n03891332/n03891332_5859.JPEG,704,parking meter
train/n03891332/n03891332_1062.JPEG,704,parking meter
train/n03891332/n03891332_4737.JPEG,704,parking meter
train/n03891332/n03891332_571.JPEG,704,parking meter
train/n03895866/n03895866_50818.JPEG,705,railroad car
train/n03895866/n03895866_45462.JPEG,705,railroad car
train/n03895866/n03895866_2735.JPEG,705,railroad car
train/n03895866/n03895866_138366.JPEG,705,railroad car
train/n03895866/n03895866_3655.JPEG,705,railroad car
train/n03895866/n03895866_65957.JPEG,705,railroad car
train/n03895866/n03895866_63298.JPEG,705,railroad car
train/n03895866/n03895866_8606.JPEG,705,railroad car
train/n03895866/n03895866_2617.JPEG,705,railroad car
train/n03895866/n03895866_55178.JPEG,705,railroad car
train/n03895866/n03895866_65510.JPEG,705,railroad car
train/n03895866/n03895866_65760.JPEG,705,railroad car
train/n03895866/n03895866_128001.JPEG,705,railroad car
train/n03895866/n03895866_21190.JPEG,705,railroad car
train/n03895866/n03895866_52929.JPEG,705,railroad car
train/n03895866/n03895866_19685.JPEG,705,railroad car
train/n03899768/n03899768_28343.JPEG,706,patio
train/n03899768/n03899768_88400.JPEG,706,patio
train/n03899768/n03899768_51064.JPEG,706,patio
train/n03899768/n03899768_12716.JPEG,706,patio
train/n03899768/n03899768_5337.JPEG,706,patio
train/n03899768/n03899768_49727.JPEG,706,patio
train/n03899768/n03899768_40610.JPEG,706,patio
train/n03899768/n03899768_44016.JPEG,706,patio
train/n03899768/n03899768_8307.JPEG,706,patio
train/n03899768/n03899768_7116.JPEG,706,patio
train/n03899768/n03899768_414.JPEG,706,patio
train/n03899768/n03899768_35809.JPEG,706,patio
train/n03899768/n03899768_6914.JPEG,706,patio
train/n03899768/n03899768_72998.JPEG,706,patio
train/n03899768/n03899768_23826.JPEG,706,patio
train/n03899768/n03899768_28153.JPEG,706,patio
train/n03902125/n03902125_5089.JPEG,707,payphone
train/n03902125/n03902125_13096.JPEG,707,payphone
train/n03902125/n03902125_16711.JPEG,707,payphone
train/n03902125/n03902125_26197.JPEG,707,payphone
train/n03902125/n03902125_18917.JPEG,707,payphone
train/n03902125/n03902125_15353.JPEG,707,payphone
train/n03902125/n03902125_18872.JPEG,707,payphone
train/n03902125/n03902125_20645.JPEG,707,payphone
train/n03902125/n03902125_381.JPEG,707,payphone
train/n03902125/n03902125_26072.JPEG,707,payphone
train/n03902125/n03902125_8755.JPEG,707,payphone
train/n03902125/n03902125_2292.JPEG,707,payphone
train/n03902125/n03902125_16693.JPEG,707,payphone
train/n03902125/n03902125_637.JPEG,707,payphone
train/n03902125/n03902125_5573.JPEG,707,payphone
train/n03902125/n03902125_3036.JPEG,707,payphone
train/n03903868/n03903868_88949.JPEG,708,pedestal
train/n03903868/n03903868_33616.JPEG,708,pedestal
train/n03903868/n03903868_58802.JPEG,708,pedestal
train/n03903868/n03903868_1053.JPEG,708,pedestal
train/n03903868/n03903868_53846.JPEG,708,pedestal
train/n03903868/n03903868_28511.JPEG,708,pedestal
train/n03903868/n03903868_33738.JPEG,708,pedestal
train/n03903868/n03903868_43706.JPEG,708,pedestal
train/n03903868/n03903868_34647.JPEG,708,pedestal
train/n03903868/n03903868_8487.JPEG,708,pedestal
train/n03903868/n03903868_12464.JPEG,708,pedestal
train/n03903868/n03903868_28752.JPEG,708,pedestal
train/n03903868/n03903868_29407.JPEG,708,pedestal
train/n03903868/n03903868_33702.JPEG,708,pedestal
train/n03903868/n03903868_13734.JPEG,708,pedestal
train/n03903868/n03903868_94003.JPEG,708,pedestal
train/n03908618/n03908618_17621.JPEG,709,pencil case
train/n03908618/n03908618_10375.JPEG,709,pencil case
train/n03908618/n03908618_9034.JPEG,709,pencil case
train/n03908618/n03908618_28374.JPEG,709,pencil case
train/n03908618/n03908618_1414.JPEG,709,pencil case
train/n03908618/n03908618_6509.JPEG,709,pencil case
train/n03908618/n03908618_256.JPEG,709,pencil case
train/n03908618/n03908618_26764.JPEG,709,pencil case
train/n03908618/n03908618_4580.JPEG,709,pencil case
train/n03908618/n03908618_9720.JPEG,709,pencil case
train/n03908618/n03908618_9225.JPEG,709,pencil case
train/n03908618/n03908618_15505.JPEG,709,pencil case
train/n03908618/n03908618_5215.JPEG,709,pencil case
train/n03908618/n03908618_14527.JPEG,709,pencil case
train/n03908618/n03908618_14337.JPEG,709,pencil case
train/n03908618/n03908618_25662.JPEG,709,pencil case
train/n03908714/n03908714_4768.JPEG,710,pencil sharpener
train/n03908714/n03908714_14336.JPEG,710,pencil sharpener
train/n03908714/n03908714_2259.JPEG,710,pencil sharpener
train/n03908714/n03908714_1101.JPEG,710,pencil sharpener
train/n03908714/n03908714_1434.JPEG,710,pencil sharpener
train/n03908714/n03908714_4861.JPEG,710,pencil sharpener
train/n03908714/n03908714_10852.JPEG,710,pencil sharpener
train/n03908714/n03908714_11347.JPEG,710,pencil sharpener
train/n03908714/n03908714_9132.JPEG,710,pencil sharpener
train/n03908714/n03908714_14469.JPEG,710,pencil sharpener
train/n03908714/n03908714_2454.JPEG,710,pencil sharpener
train/n03908714/n03908714_4724.JPEG,710,pencil sharpener
train/n03908714/n03908714_926.JPEG,710,pencil sharpener
train/n03908714/n03908714_14588.JPEG,710,pencil sharpener
train/n03908714/n03908714_7835.JPEG,710,pencil sharpener
train/n03908714/n03908714_2043.JPEG,710,pencil sharpener
train/n03916031/n03916031_4091.JPEG,711,perfume
train/n03916031/n03916031_19949.JPEG,711,perfume
train/n03916031/n03916031_20152.JPEG,711,perfume
train/n03916031/n03916031_13713.JPEG,711,perfume
train/n03916031/n03916031_48148.JPEG,711,perfume
train/n03916031/n03916031_29173.JPEG,711,perfume
train/n03916031/n03916031_34113.JPEG,711,perfume
train/n03916031/n03916031_18969.JPEG,711,perfume
train/n03916031/n03916031_4194.JPEG,711,perfume
train/n03916031/n03916031_3933.JPEG,711,perfume
train/n03916031/n03916031_9320.JPEG,711,perfume
train/n03916031/n03916031_57466.JPEG,711,perfume
train/n03916031/n03916031_17270.JPEG,711,perfume
train/n03916031/n03916031_40843.JPEG,711,perfume
train/n03916031/n03916031_24350.JPEG,711,perfume
train/n03916031/n03916031_11095.JPEG,711,perfume
train/n03920288/n03920288_3531.JPEG,712,Petri dish
train/n03920288/n03920288_3952.JPEG,712,Petri dish
train/n03920288/n03920288_114.JPEG,712,Petri dish
train/n03920288/n03920288_606.JPEG,712,Petri dish
train/n03920288/n03920288_2985.JPEG,712,Petri dish
train/n03920288/n03920288_2065.JPEG,712,Petri dish
train/n03920288/n03920288_1556.JPEG,712,Petri dish
train/n03920288/n03920288_923.JPEG,712,Petri dish
train/n03920288/n03920288_2765.JPEG,712,Petri dish
train/n03920288/n03920288_1979.JPEG,712,Petri dish
train/n03920288/n03920288_2845.JPEG,712,Petri dish
train/n03920288/n03920288_8778.JPEG,712,Petri dish
train/n03920288/n03920288_1913.JPEG,712,Petri dish
train/n03920288/n03920288_4557.JPEG,712,Petri dish
train/n03920288/n03920288_3797.JPEG,712,Petri dish
train/n03920288/n03920288_1771.JPEG,712,Petri dish
train/n03924679/n03924679_1742.JPEG,713,photocopier
train/n03924679/n03924679_11362.JPEG,713,photocopier
train/n03924679/n03924679_4774.JPEG,713,photocopier
train/n03924679/n03924679_1677.JPEG,713,photocopier
train/n03924679/n03924679_16977.JPEG,713,photocopier
train/n03924679/n03924679_10153.JPEG,713,photocopier
train/n03924679/n03924679_10723.JPEG,713,photocopier
train/n03924679/n03924679_6737.JPEG,713,photocopier
train/n03924679/n03924679_19216.JPEG,713,photocopier
train/n03924679/n03924679_17779.JPEG,713,photocopier
train/n03924679/n03924679_19589.JPEG,713,photocopier
train/n03924679/n03924679_5968.JPEG,713,photocopier
train/n03924679/n03924679_15911.JPEG,713,photocopier
train/n03924679/n03924679_7012.JPEG,713,photocopier
train/n03924679/n03924679_7651.JPEG,713,photocopier
train/n03924679/n03924679_10628.JPEG,713,photocopier
train/n03929660/n03929660_22284.JPEG,714,plectrum
train/n03929660/n03929660_19797.JPEG,714,plectrum
train/n03929660/n03929660_8718.JPEG,714,plectrum
train/n03929660/n03929660_21479.JPEG,714,plectrum
train/n03929660/n03929660_617.JPEG,714,plectrum
train/n03929660/n03929660_5729.JPEG,714,plectrum
train/n03929660/n03929660_5966.JPEG,714,plectrum
train/n03929660/n03929660_21472.JPEG,714,plectrum
train/n03929660/n03929660_5324.JPEG,714,plectrum
train/n03929660/n03929660_8605.JPEG,714,plectrum
train/n03929660/n03929660_9202.JPEG,714,plectrum
train/n03929660/n03929660_16509.JPEG,714,plectrum
train/n03929660/n03929660_18447.JPEG,714,plectrum
train/n03929660/n03929660_54618.JPEG,714,plectrum
train/n03929660/n03929660_4928.JPEG,714,plectrum
train/n03929660/n03929660_1229.JPEG,714,plectrum
train/n03929855/n03929855_2341.JPEG,715,Pickelhaube
train/n03929855/n03929855_300.JPEG,715,Pickelhaube
train/n03929855/n03929855_1908.JPEG,715,Pickelhaube
train/n03929855/n03929855_6552.JPEG,715,Pickelhaube
train/n03929855/n03929855_2946.JPEG,715,Pickelhaube
train/n03929855/n03929855_4655.JPEG,715,Pickelhaube
train/n03929855/n03929855_6022.JPEG,715,Pickelhaube
train/n03929855/n03929855_1118.JPEG,715,Pickelhaube
train/n03929855/n03929855_79.JPEG,715,Pickelhaube
train/n03929855/n03929855_1552.JPEG,715,Pickelhaube
train/n03929855/n03929855_6790.JPEG,715,Pickelhaube
train/n03929855/n03929855_6516.JPEG,715,Pickelhaube
train/n03929855/n03929855_2423.JPEG,715,Pickelhaube
train/n03929855/n03929855_3883.JPEG,715,Pickelhaube
train/n03929855/n03929855_9063.JPEG,715,Pickelhaube
train/n03929855/n03929855_5651.JPEG,715,Pickelhaube
train/n03930313/n03930313_2620.JPEG,716,picket fence
train/n03930313/n03930313_4009.JPEG,716,picket fence
train/n03930313/n03930313_10503.JPEG,716,picket fence
train/n03930313/n03930313_2186.JPEG,716,picket fence
train/n03930313/n03930313_12078.JPEG,716,picket fence
train/n03930313/n03930313_1643.JPEG,716,picket fence
train/n03930313/n03930313_16055.JPEG,716,picket fence
train/n03930313/n03930313_11283.JPEG,716,picket fence
train/n03930313/n03930313_4752.JPEG,716,picket fence
train/n03930313/n03930313_11930.JPEG,716,picket fence
train/n03930313/n03930313_18838.JPEG,716,picket fence
train/n03930313/n03930313_19250.JPEG,716,picket fence
train/n03930313/n03930313_7745.JPEG,716,picket fence
train/n03930313/n03930313_14390.JPEG,716,picket fence
train/n03930313/n03930313_4819.JPEG,716,picket fence
train/n03930313/n03930313_17205.JPEG,716,picket fence
train/n03930630/n03930630_10337.JPEG,717,pickup truck
train/n03930630/n03930630_14946.JPEG,717,pickup truck
train/n03930630/n03930630_14207.JPEG,717,pickup truck
train/n03930630/n03930630_5974.JPEG,717,pickup truck
train/n03930630/n03930630_4563.JPEG,717,pickup truck
train/n03930630/n03930630_13048.JPEG,717,pickup truck
train/n03930630/n03930630_120.JPEG,717,pickup truck
train/n03930630/n03930630_17773.JPEG,717,pickup truck
train/n03930630/n03930630_23746.JPEG,717,pickup truck
train/n03930630/n03930630_5314.JPEG,717,pickup truck
train/n03930630/n03930630_3674.JPEG,717,pickup truck
train/n03930630/n03930630_1936.JPEG,717,pickup truck
train/n03930630/n03930630_5205.JPEG,717,pickup truck
train/n03930630/n03930630_2433.JPEG,717,pickup truck
train/n03930630/n03930630_7301.JPEG,717,pickup truck
train/n03930630/n03930630_6391.JPEG,717,pickup truck
train/n03933933/n03933933_26549.JPEG,718,pier
train/n03933933/n03933933_17681.JPEG,718,pier
train/n03933933/n03933933_21906.JPEG,718,pier
train/n03933933/n03933933_8877.JPEG,718,pier
train/n03933933/n03933933_22593.JPEG,718,pier
train/n03933933/n03933933_14179.JPEG,718,pier
train/n03933933/n03933933_17344.JPEG,718,pier
train/n03933933/n03933933_16672.JPEG,718,pier
train/n03933933/n03933933_8595.JPEG,718,pier
train/n03933933/n03933933_10500.JPEG,718,pier
train/n03933933/n03933933_5603.JPEG,718,pier
train/n03933933/n03933933_15805.JPEG,718,pier
train/n03933933/n03933933_17544.JPEG,718,pier
train/n03933933/n03933933_3665.JPEG,718,pier
train/n03933933/n03933933_83329.JPEG,718,pier
train/n03933933/n03933933_4937.JPEG,718,pier
train/n03935335/n03935335_33539.JPEG,719,piggy bank
train/n03935335/n03935335_591.JPEG,719,piggy bank
train/n03935335/n03935335_13320.JPEG,719,piggy bank
train/n03935335/n03935335_4655.JPEG,719,piggy bank
train/n03935335/n03935335_1335.JPEG,719,piggy bank
train/n03935335/n03935335_4182.JPEG,719,piggy bank
train/n03935335/n03935335_9661.JPEG,719,piggy bank
train/n03935335/n03935335_16607.JPEG,719,piggy bank
train/n03935335/n03935335_2609.JPEG,719,piggy bank
train/n03935335/n03935335_2239.JPEG,719,piggy bank
train/n03935335/n03935335_8263.JPEG,719,piggy bank
train/n03935335/n03935335_1474.JPEG,719,piggy bank
train/n03935335/n03935335_16213.JPEG,719,piggy bank
train/n03935335/n03935335_14132.JPEG,719,piggy bank
train/n03935335/n03935335_14200.JPEG,719,piggy bank
train/n03935335/n03935335_16415.JPEG,719,piggy bank
train/n03937543/n03937543_9432.JPEG,720,pill bottle
train/n03937543/n03937543_2882.JPEG,720,pill bottle
train/n03937543/n03937543_485.JPEG,720,pill bottle
train/n03937543/n03937543_4561.JPEG,720,pill bottle
train/n03937543/n03937543_929.JPEG,720,pill bottle
train/n03937543/n03937543_7893.JPEG,720,pill bottle
train/n03937543/n03937543_337.JPEG,720,pill bottle
train/n03937543/n03937543_10406.JPEG,720,pill bottle
train/n03937543/n03937543_658.JPEG,720,pill bottle
train/n03937543/n03937543_2926.JPEG,720,pill bottle
train/n03937543/n03937543_2209.JPEG,720,pill bottle
train/n03937543/n03937543_3385.JPEG,720,pill bottle
train/n03937543/n03937543_1713.JPEG,720,pill bottle
train/n03937543/n03937543_11322.JPEG,720,pill bottle
train/n03937543/n03937543_2790.JPEG,720,pill bottle
train/n03937543/n03937543_3168.JPEG,720,pill bottle
train/n03938244/n03938244_17626.JPEG,721,pillow
train/n03938244/n03938244_16589.JPEG,721,pillow
train/n03938244/n03938244_25057.JPEG,721,pillow
train/n03938244/n03938244_19637.JPEG,721,pillow
train/n03938244/n03938244_20915.JPEG,721,pillow
train/n03938244/n03938244_16807.JPEG,721,pillow
train/n03938244/n03938244_1604.JPEG,721,pillow
train/n03938244/n03938244_17430.JPEG,721,pillow
train/n03938244/n03938244_14174.JPEG,721,pillow
train/n03938244/n03938244_4786.JPEG,721,pillow
train/n03938244/n03938244_22565.JPEG,721,pillow
train/n03938244/n03938244_11713.JPEG,721,pillow
train/n03938244/n03938244_16463.JPEG,721,pillow
train/n03938244/n03938244_2959.JPEG,721,pillow
train/n03938244/n03938244_19861.JPEG,721,pillow
train/n03938244/n03938244_3150.JPEG,721,pillow
train/n03942813/n03942813_15164.JPEG,722,ping-pong ball
train/n03942813/n03942813_11711.JPEG,722,ping-pong ball
train/n03942813/n03942813_5685.JPEG,722,ping-pong ball
train/n03942813/n03942813_6180.JPEG,722,ping-pong ball
train/n03942813/n03942813_6960.JPEG,722,ping-pong ball
train/n03942813/n03942813_10493.JPEG,722,ping-pong ball
train/n03942813/n03942813_7449.JPEG,722,ping-pong ball
train/n03942813/n03942813_8809.JPEG,722,ping-pong ball
train/n03942813/n03942813_11675.JPEG,722,ping-pong ball
train/n03942813/n03942813_9169.JPEG,722,ping-pong ball
train/n03942813/n03942813_7000.JPEG,722,ping-pong ball
train/n03942813/n03942813_10869.JPEG,722,ping-pong ball
train/n03942813/n03942813_6062.JPEG,722,ping-pong ball
train/n03942813/n03942813_7389.JPEG,722,ping-pong ball
train/n03942813/n03942813_4224.JPEG,722,ping-pong ball
train/n03942813/n03942813_10533.JPEG,722,ping-pong ball
train/n03944341/n03944341_9980.JPEG,723,pinwheel
train/n03944341/n03944341_8732.JPEG,723,pinwheel
train/n03944341/n03944341_8740.JPEG,723,pinwheel
train/n03944341/n03944341_10281.JPEG,723,pinwheel
train/n03944341/n03944341_8091.JPEG,723,pinwheel
train/n03944341/n03944341_8314.JPEG,723,pinwheel
train/n03944341/n03944341_9808.JPEG,723,pinwheel
train/n03944341/n03944341_6469.JPEG,723,pinwheel
train/n03944341/n03944341_9054.JPEG,723,pinwheel
train/n03944341/n03944341_8299.JPEG,723,pinwheel
train/n03944341/n03944341_6806.JPEG,723,pinwheel
train/n03944341/n03944341_5683.JPEG,723,pinwheel
train/n03944341/n03944341_13645.JPEG,723,pinwheel
train/n03944341/n03944341_7183.JPEG,723,pinwheel
train/n03944341/n03944341_7704.JPEG,723,pinwheel
train/n03944341/n03944341_28775.JPEG,723,pinwheel
train/n03947888/n03947888_5751.JPEG,724,pirate ship
train/n03947888/n03947888_15432.JPEG,724,pirate ship
train/n03947888/n03947888_30744.JPEG,724,pirate ship
train/n03947888/n03947888_13315.JPEG,724,pirate ship
train/n03947888/n03947888_5766.JPEG,724,pirate ship
train/n03947888/n03947888_27605.JPEG,724,pirate ship
train/n03947888/n03947888_6675.JPEG,724,pirate ship
train/n03947888/n03947888_23256.JPEG,724,pirate ship
train/n03947888/n03947888_7547.JPEG,724,pirate ship
train/n03947888/n03947888_21935.JPEG,724,pirate ship
train/n03947888/n03947888_10195.JPEG,724,pirate ship
train/n03947888/n03947888_4401.JPEG,724,pirate ship
train/n03947888/n03947888_680.JPEG,724,pirate ship
train/n03947888/n03947888_10028.JPEG,724,pirate ship
train/n03947888/n03947888_18299.JPEG,724,pirate ship
train/n03947888/n03947888_7096.JPEG,724,pirate ship
train/n03950228/n03950228_3669.JPEG,725,drink pitcher
train/n03950228/n03950228_18529.JPEG,725,drink pitcher
train/n03950228/n03950228_6392.JPEG,725,drink pitcher
train/n03950228/n03950228_19712.JPEG,725,drink pitcher
train/n03950228/n03950228_7941.JPEG,725,drink pitcher
train/n03950228/n03950228_16053.JPEG,725,drink pitcher
train/n03950228/n03950228_16600.JPEG,725,drink pitcher
train/n03950228/n03950228_16376.JPEG,725,drink pitcher
train/n03950228/n03950228_10887.JPEG,725,drink pitcher
train/n03950228/n03950228_19121.JPEG,725,drink pitcher
train/n03950228/n03950228_17187.JPEG,725,drink pitcher
train/n03950228/n03950228_4137.JPEG,725,drink pitcher
train/n03950228/n03950228_20607.JPEG,725,drink pitcher
train/n03950228/n03950228_31284.JPEG,725,drink pitcher
train/n03950228/n03950228_16199.JPEG,725,drink pitcher
train/n03950228/n03950228_22083.JPEG,725,drink pitcher
train/n03954731/n03954731_24257.JPEG,726,block plane
train/n03954731/n03954731_5010.JPEG,726,block plane
train/n03954731/n03954731_49810.JPEG,726,block plane
train/n03954731/n03954731_51783.JPEG,726,block plane
train/n03954731/n03954731_52597.JPEG,726,block plane
train/n03954731/n03954731_8851.JPEG,726,block plane
train/n03954731/n03954731_52129.JPEG,726,block plane
train/n03954731/n03954731_4823.JPEG,726,block plane
train/n03954731/n03954731_4449.JPEG,726,block plane
train/n03954731/n03954731_18261.JPEG,726,block plane
train/n03954731/n03954731_5635.JPEG,726,block plane
train/n03954731/n03954731_8455.JPEG,726,block plane
train/n03954731/n03954731_8145.JPEG,726,block plane
train/n03954731/n03954731_37138.JPEG,726,block plane
train/n03954731/n03954731_4203.JPEG,726,block plane
train/n03954731/n03954731_12955.JPEG,726,block plane
train/n03956157/n03956157_13834.JPEG,727,planetarium
train/n03956157/n03956157_5434.JPEG,727,planetarium
train/n03956157/n03956157_7082.JPEG,727,planetarium
train/n03956157/n03956157_34352.JPEG,727,planetarium
train/n03956157/n03956157_12182.JPEG,727,planetarium
train/n03956157/n03956157_308.JPEG,727,planetarium
train/n03956157/n03956157_30417.JPEG,727,planetarium
train/n03956157/n03956157_15013.JPEG,727,planetarium
train/n03956157/n03956157_14199.JPEG,727,planetarium
train/n03956157/n03956157_1475.JPEG,727,planetarium
train/n03956157/n03956157_13852.JPEG,727,planetarium
train/n03956157/n03956157_33152.JPEG,727,planetarium
train/n03956157/n03956157_26139.JPEG,727,planetarium
train/n03956157/n03956157_12639.JPEG,727,planetarium
train/n03956157/n03956157_34268.JPEG,727,planetarium
train/n03956157/n03956157_10300.JPEG,727,planetarium
train/n03958227/n03958227_7564.JPEG,728,plastic bag
train/n03958227/n03958227_2538.JPEG,728,plastic bag
train/n03958227/n03958227_3375.JPEG,728,plastic bag
train/n03958227/n03958227_12534.JPEG,728,plastic bag
train/n03958227/n03958227_4936.JPEG,728,plastic bag
train/n03958227/n03958227_1339.JPEG,728,plastic bag
train/n03958227/n03958227_12341.JPEG,728,plastic bag
train/n03958227/n03958227_6362.JPEG,728,plastic bag
train/n03958227/n03958227_9620.JPEG,728,plastic bag
train/n03958227/n03958227_5779.JPEG,728,plastic bag
train/n03958227/n03958227_8135.JPEG,728,plastic bag
train/n03958227/n03958227_7815.JPEG,728,plastic bag
train/n03958227/n03958227_6942.JPEG,728,plastic bag
train/n03958227/n03958227_5233.JPEG,728,plastic bag
train/n03958227/n03958227_1109.JPEG,728,plastic bag
train/n03958227/n03958227_4607.JPEG,728,plastic bag
train/n03961711/n03961711_8828.JPEG,729,plate rack
train/n03961711/n03961711_22535.JPEG,729,plate rack
train/n03961711/n03961711_10677.JPEG,729,plate rack
train/n03961711/n03961711_20466.JPEG,729,plate rack
train/n03961711/n03961711_11408.JPEG,729,plate rack
train/n03961711/n03961711_1372.JPEG,729,plate rack
train/n03961711/n03961711_16953.JPEG,729,plate rack
train/n03961711/n03961711_12245.JPEG,729,plate rack
train/n03961711/n03961711_8985.JPEG,729,plate rack
train/n03961711/n03961711_4578.JPEG,729,plate rack
train/n03961711/n03961711_7413.JPEG,729,plate rack
train/n03961711/n03961711_4289.JPEG,729,plate rack
train/n03961711/n03961711_1872.JPEG,729,plate rack
train/n03961711/n03961711_9717.JPEG,729,plate rack
train/n03961711/n03961711_4649.JPEG,729,plate rack
train/n03961711/n03961711_1092.JPEG,729,plate rack
train/n03967562/n03967562_44747.JPEG,730,farm plow
train/n03967562/n03967562_20611.JPEG,730,farm plow
train/n03967562/n03967562_44184.JPEG,730,farm plow
train/n03967562/n03967562_18582.JPEG,730,farm plow
train/n03967562/n03967562_23293.JPEG,730,farm plow
train/n03967562/n03967562_8944.JPEG,730,farm plow
train/n03967562/n03967562_45530.JPEG,730,farm plow
train/n03967562/n03967562_25389.JPEG,730,farm plow
train/n03967562/n03967562_8872.JPEG,730,farm plow
train/n03967562/n03967562_31156.JPEG,730,farm plow
train/n03967562/n03967562_22495.JPEG,730,farm plow
train/n03967562/n03967562_51066.JPEG,730,farm plow
train/n03967562/n03967562_46118.JPEG,730,farm plow
train/n03967562/n03967562_9166.JPEG,730,farm plow
train/n03967562/n03967562_27963.JPEG,730,farm plow
train/n03967562/n03967562_9297.JPEG,730,farm plow
train/n03970156/n03970156_17317.JPEG,731,plunger
train/n03970156/n03970156_2865.JPEG,731,plunger
train/n03970156/n03970156_10416.JPEG,731,plunger
train/n03970156/n03970156_21235.JPEG,731,plunger
train/n03970156/n03970156_10720.JPEG,731,plunger
train/n03970156/n03970156_26005.JPEG,731,plunger
train/n03970156/n03970156_35619.JPEG,731,plunger
train/n03970156/n03970156_20132.JPEG,731,plunger
train/n03970156/n03970156_38182.JPEG,731,plunger
train/n03970156/n03970156_4009.JPEG,731,plunger
train/n03970156/n03970156_32407.JPEG,731,plunger
train/n03970156/n03970156_13297.JPEG,731,plunger
train/n03970156/n03970156_12963.JPEG,731,plunger
train/n03970156/n03970156_1360.JPEG,731,plunger
train/n03970156/n03970156_29254.JPEG,731,plunger
train/n03970156/n03970156_2660.JPEG,731,plunger
train/n03976467/n03976467_90.JPEG,732,Polaroid camera
train/n03976467/n03976467_265.JPEG,732,Polaroid camera
train/n03976467/n03976467_21061.JPEG,732,Polaroid camera
train/n03976467/n03976467_12416.JPEG,732,Polaroid camera
train/n03976467/n03976467_13112.JPEG,732,Polaroid camera
train/n03976467/n03976467_9422.JPEG,732,Polaroid camera
train/n03976467/n03976467_2483.JPEG,732,Polaroid camera
train/n03976467/n03976467_7695.JPEG,732,Polaroid camera
train/n03976467/n03976467_1222.JPEG,732,Polaroid camera
train/n03976467/n03976467_23420.JPEG,732,Polaroid camera
train/n03976467/n03976467_1457.JPEG,732,Polaroid camera
train/n03976467/n03976467_8449.JPEG,732,Polaroid camera
train/n03976467/n03976467_7170.JPEG,732,Polaroid camera
train/n03976467/n03976467_6208.JPEG,732,Polaroid camera
train/n03976467/n03976467_7604.JPEG,732,Polaroid camera
train/n03976467/n03976467_247.JPEG,732,Polaroid camera
train/n03976657/n03976657_17268.JPEG,733,pole
train/n03976657/n03976657_36903.JPEG,733,pole
train/n03976657/n03976657_13747.JPEG,733,pole
train/n03976657/n03976657_21052.JPEG,733,pole
train/n03976657/n03976657_7456.JPEG,733,pole
train/n03976657/n03976657_20897.JPEG,733,pole
train/n03976657/n03976657_22317.JPEG,733,pole
train/n03976657/n03976657_8350.JPEG,733,pole
train/n03976657/n03976657_6163.JPEG,733,pole
train/n03976657/n03976657_21797.JPEG,733,pole
train/n03976657/n03976657_10865.JPEG,733,pole
train/n03976657/n03976657_60247.JPEG,733,pole
train/n03976657/n03976657_23989.JPEG,733,pole
train/n03976657/n03976657_24657.JPEG,733,pole
train/n03976657/n03976657_25960.JPEG,733,pole
train/n03976657/n03976657_41267.JPEG,733,pole
train/n03977966/n03977966_90144.JPEG,734,police van
train/n03977966/n03977966_40706.JPEG,734,police van
train/n03977966/n03977966_41788.JPEG,734,police van
train/n03977966/n03977966_11273.JPEG,734,police van
train/n03977966/n03977966_48794.JPEG,734,police van
train/n03977966/n03977966_60624.JPEG,734,police van
train/n03977966/n03977966_47795.JPEG,734,police van
train/n03977966/n03977966_4352.JPEG,734,police van
train/n03977966/n03977966_47195.JPEG,734,police van
train/n03977966/n03977966_71505.JPEG,734,police van
train/n03977966/n03977966_40781.JPEG,734,police van
train/n03977966/n03977966_34955.JPEG,734,police van
train/n03977966/n03977966_63847.JPEG,734,police van
train/n03977966/n03977966_47520.JPEG,734,police van
train/n03977966/n03977966_36581.JPEG,734,police van
train/n03977966/n03977966_35037.JPEG,734,police van
train/n03980874/n03980874_6016.JPEG,735,poncho
train/n03980874/n03980874_1462.JPEG,735,poncho
train/n03980874/n03980874_790.JPEG,735,poncho
train/n03980874/n03980874_1512.JPEG,735,poncho
train/n03980874/n03980874_16612.JPEG,735,poncho
train/n03980874/n03980874_2661.JPEG,735,poncho
train/n03980874/n03980874_5956.JPEG,735,poncho
train/n03980874/n03980874_3972.JPEG,735,poncho
train/n03980874/n03980874_5376.JPEG,735,poncho
train/n03980874/n03980874_1604.JPEG,735,poncho
train/n03980874/n03980874_20057.JPEG,735,poncho
train/n03980874/n03980874_10714.JPEG,735,poncho
train/n03980874/n03980874_3385.JPEG,735,poncho
train/n03980874/n03980874_18130.JPEG,735,poncho
train/n03980874/n03980874_6744.JPEG,735,poncho
train/n03980874/n03980874_3725.JPEG,735,poncho
train/n03982430/n03982430_24236.JPEG,736,pool table
train/n03982430/n03982430_28139.JPEG,736,pool table
train/n03982430/n03982430_22749.JPEG,736,pool table
train/n03982430/n03982430_15827.JPEG,736,pool table
train/n03982430/n03982430_696.JPEG,736,pool table
train/n03982430/n03982430_26452.JPEG,736,pool table
train/n03982430/n03982430_31606.JPEG,736,pool table
train/n03982430/n03982430_35619.JPEG,736,pool table
train/n03982430/n03982430_31407.JPEG,736,pool table
train/n03982430/n03982430_8669.JPEG,736,pool table
train/n03982430/n03982430_151.JPEG,736,pool table
train/n03982430/n03982430_5118.JPEG,736,pool table
train/n03982430/n03982430_27618.JPEG,736,pool table
train/n03982430/n03982430_1539.JPEG,736,pool table
train/n03982430/n03982430_38609.JPEG,736,pool table
train/n03982430/n03982430_26431.JPEG,736,pool table
train/n03983396/n03983396_3393.JPEG,737,soda bottle
train/n03983396/n03983396_289.JPEG,737,soda bottle
train/n03983396/n03983396_4066.JPEG,737,soda bottle
train/n03983396/n03983396_3880.JPEG,737,soda bottle
train/n03983396/n03983396_4295.JPEG,737,soda bottle
train/n03983396/n03983396_4667.JPEG,737,soda bottle
train/n03983396/n03983396_11597.JPEG,737,soda bottle
train/n03983396/n03983396_123.JPEG,737,soda bottle
train/n03983396/n03983396_10298.JPEG,737,soda bottle
train/n03983396/n03983396_12726.JPEG,737,soda bottle
train/n03983396/n03983396_5413.JPEG,737,soda bottle
train/n03983396/n03983396_10418.JPEG,737,soda bottle
train/n03983396/n03983396_225.JPEG,737,soda bottle
train/n03983396/n03983396_6517.JPEG,737,soda bottle
train/n03983396/n03983396_10177.JPEG,737,soda bottle
train/n03983396/n03983396_4319.JPEG,737,soda bottle
train/n03991062/n03991062_22847.JPEG,738,plant pot
train/n03991062/n03991062_18438.JPEG,738,plant pot
train/n03991062/n03991062_4172.JPEG,738,plant pot
train/n03991062/n03991062_15641.JPEG,738,plant pot
train/n03991062/n03991062_1462.JPEG,738,plant pot
train/n03991062/n03991062_25905.JPEG,738,plant pot
train/n03991062/n03991062_5960.JPEG,738,plant pot
train/n03991062/n03991062_7037.JPEG,738,plant pot
train/n03991062/n03991062_29649.JPEG,738,plant pot
train/n03991062/n03991062_8047.JPEG,738,plant pot
train/n03991062/n03991062_16739.JPEG,738,plant pot
train/n03991062/n03991062_23726.JPEG,738,plant pot
train/n03991062/n03991062_3915.JPEG,738,plant pot
train/n03991062/n03991062_544.JPEG,738,plant pot
train/n03991062/n03991062_12310.JPEG,738,plant pot
train/n03991062/n03991062_3944.JPEG,738,plant pot
train/n03992509/n03992509_11064.JPEG,739,potter's wheel
train/n03992509/n03992509_6763.JPEG,739,potter's wheel
train/n03992509/n03992509_6032.JPEG,739,potter's wheel
train/n03992509/n03992509_9114.JPEG,739,potter's wheel
train/n03992509/n03992509_11783.JPEG,739,potter's wheel
train/n03992509/n03992509_4501.JPEG,739,potter's wheel
train/n03992509/n03992509_11958.JPEG,739,potter's wheel
train/n03992509/n03992509_3276.JPEG,739,potter's wheel
train/n03992509/n03992509_12674.JPEG,739,potter's wheel
train/n03992509/n03992509_593.JPEG,739,potter's wheel
train/n03992509/n03992509_6039.JPEG,739,potter's wheel
train/n03992509/n03992509_10938.JPEG,739,potter's wheel
train/n03992509/n03992509_1441.JPEG,739,potter's wheel
train/n03992509/n03992509_6699.JPEG,739,potter's wheel
train/n03992509/n03992509_3208.JPEG,739,potter's wheel
train/n03992509/n03992509_6223.JPEG,739,potter's wheel
train/n03995372/n03995372_13289.JPEG,740,power drill
train/n03995372/n03995372_4807.JPEG,740,power drill
train/n03995372/n03995372_11667.JPEG,740,power drill
train/n03995372/n03995372_283.JPEG,740,power drill
train/n03995372/n03995372_18133.JPEG,740,power drill
train/n03995372/n03995372_9707.JPEG,740,power drill
train/n03995372/n03995372_5595.JPEG,740,power drill
train/n03995372/n03995372_5462.JPEG,740,power drill
train/n03995372/n03995372_7545.JPEG,740,power drill
train/n03995372/n03995372_556.JPEG,740,power drill
train/n03995372/n03995372_10110.JPEG,740,power drill
train/n03995372/n03995372_7724.JPEG,740,power drill
train/n03995372/n03995372_15614.JPEG,740,power drill
train/n03995372/n03995372_11973.JPEG,740,power drill
train/n03995372/n03995372_10879.JPEG,740,power drill
train/n03995372/n03995372_9188.JPEG,740,power drill
train/n03998194/n03998194_2667.JPEG,741,prayer rug
train/n03998194/n03998194_7249.JPEG,741,prayer rug
train/n03998194/n03998194_9309.JPEG,741,prayer rug
train/n03998194/n03998194_73.JPEG,741,prayer rug
train/n03998194/n03998194_7348.JPEG,741,prayer rug
train/n03998194/n03998194_8699.JPEG,741,prayer rug
train/n03998194/n03998194_8623.JPEG,741,prayer rug
train/n03998194/n03998194_2114.JPEG,741,prayer rug
train/n03998194/n03998194_10191.JPEG,741,prayer rug
train/n03998194/n03998194_7224.JPEG,741,prayer rug
train/n03998194/n03998194_11189.JPEG,741,prayer rug
train/n03998194/n03998194_5863.JPEG,741,prayer rug
train/n03998194/n03998194_12450.JPEG,741,prayer rug
train/n03998194/n03998194_2899.JPEG,741,prayer rug
train/n03998194/n03998194_9035.JPEG,741,prayer rug
train/n03998194/n03998194_10010.JPEG,741,prayer rug
train/n04004767/n04004767_1333.JPEG,742,printer
train/n04004767/n04004767_7235.JPEG,742,printer
train/n04004767/n04004767_655.JPEG,742,printer
train/n04004767/n04004767_13664.JPEG,742,printer
train/n04004767/n04004767_3544.JPEG,742,printer
train/n04004767/n04004767_6447.JPEG,742,printer
train/n04004767/n04004767_5485.JPEG,742,printer
train/n04004767/n04004767_13222.JPEG,742,printer
train/n04004767/n04004767_13330.JPEG,742,printer
train/n04004767/n04004767_3305.JPEG,742,printer
train/n04004767/n04004767_12742.JPEG,742,printer
train/n04004767/n04004767_13098.JPEG,742,printer
train/n04004767/n04004767_724.JPEG,742,printer
train/n04004767/n04004767_3783.JPEG,742,printer
train/n04004767/n04004767_6852.JPEG,742,printer
train/n04004767/n04004767_13827.JPEG,742,printer
train/n04005630/n04005630_154023.JPEG,743,prison
train/n04005630/n04005630_5769.JPEG,743,prison
train/n04005630/n04005630_90996.JPEG,743,prison
train/n04005630/n04005630_124810.JPEG,743,prison
train/n04005630/n04005630_1528.JPEG,743,prison
train/n04005630/n04005630_49452.JPEG,743,prison
train/n04005630/n04005630_19351.JPEG,743,prison
train/n04005630/n04005630_6981.JPEG,743,prison
train/n04005630/n04005630_49262.JPEG,743,prison
train/n04005630/n04005630_53129.JPEG,743,prison
train/n04005630/n04005630_54514.JPEG,743,prison
train/n04005630/n04005630_34034.JPEG,743,prison
train/n04005630/n04005630_131558.JPEG,743,prison
train/n04005630/n04005630_49077.JPEG,743,prison
train/n04005630/n04005630_50365.JPEG,743,prison
train/n04005630/n04005630_35315.JPEG,743,prison
train/n04008634/n04008634_3234.JPEG,744,missile
train/n04008634/n04008634_31245.JPEG,744,missile
train/n04008634/n04008634_9091.JPEG,744,missile
train/n04008634/n04008634_24927.JPEG,744,missile
train/n04008634/n04008634_6342.JPEG,744,missile
train/n04008634/n04008634_20424.JPEG,744,missile
train/n04008634/n04008634_1637.JPEG,744,missile
train/n04008634/n04008634_3759.JPEG,744,missile
train/n04008634/n04008634_15963.JPEG,744,missile
train/n04008634/n04008634_3164.JPEG,744,missile
train/n04008634/n04008634_16303.JPEG,744,missile
train/n04008634/n04008634_43972.JPEG,744,missile
train/n04008634/n04008634_2930.JPEG,744,missile
train/n04008634/n04008634_20709.JPEG,744,missile
train/n04008634/n04008634_17321.JPEG,744,missile
train/n04008634/n04008634_41753.JPEG,744,missile
train/n04009552/n04009552_17259.JPEG,745,projector
train/n04009552/n04009552_4283.JPEG,745,projector
train/n04009552/n04009552_16986.JPEG,745,projector
train/n04009552/n04009552_15639.JPEG,745,projector
train/n04009552/n04009552_15069.JPEG,745,projector
train/n04009552/n04009552_15473.JPEG,745,projector
train/n04009552/n04009552_8947.JPEG,745,projector
train/n04009552/n04009552_9172.JPEG,745,projector
train/n04009552/n04009552_4554.JPEG,745,projector
train/n04009552/n04009552_5027.JPEG,745,projector
train/n04009552/n04009552_2608.JPEG,745,projector
train/n04009552/n04009552_15685.JPEG,745,projector
train/n04009552/n04009552_7392.JPEG,745,projector
train/n04009552/n04009552_15319.JPEG,745,projector
train/n04009552/n04009552_17053.JPEG,745,projector
train/n04009552/n04009552_17691.JPEG,745,projector
train/n04019541/n04019541_41200.JPEG,746,hockey puck
train/n04019541/n04019541_57170.JPEG,746,hockey puck
train/n04019541/n04019541_27529.JPEG,746,hockey puck
train/n04019541/n04019541_57956.JPEG,746,hockey puck
train/n04019541/n04019541_64336.JPEG,746,hockey puck
train/n04019541/n04019541_19165.JPEG,746,hockey puck
train/n04019541/n04019541_23927.JPEG,746,hockey puck
train/n04019541/n04019541_23847.JPEG,746,hockey puck
train/n04019541/n04019541_4673.JPEG,746,hockey puck
train/n04019541/n04019541_13044.JPEG,746,hockey puck
train/n04019541/n04019541_24829.JPEG,746,hockey puck
train/n04019541/n04019541_1276.JPEG,746,hockey puck
train/n04019541/n04019541_30852.JPEG,746,hockey puck
train/n04019541/n04019541_20868.JPEG,746,hockey puck
train/n04019541/n04019541_63092.JPEG,746,hockey puck
train/n04019541/n04019541_35277.JPEG,746,hockey puck
train/n04023962/n04023962_14304.JPEG,747,punching bag
train/n04023962/n04023962_11216.JPEG,747,punching bag
train/n04023962/n04023962_3683.JPEG,747,punching bag
train/n04023962/n04023962_9811.JPEG,747,punching bag
train/n04023962/n04023962_6677.JPEG,747,punching bag
train/n04023962/n04023962_47290.JPEG,747,punching bag
train/n04023962/n04023962_40544.JPEG,747,punching bag
train/n04023962/n04023962_16030.JPEG,747,punching bag
train/n04023962/n04023962_2676.JPEG,747,punching bag
train/n04023962/n04023962_30840.JPEG,747,punching bag
train/n04023962/n04023962_28059.JPEG,747,punching bag
train/n04023962/n04023962_12793.JPEG,747,punching bag
train/n04023962/n04023962_6026.JPEG,747,punching bag
train/n04023962/n04023962_36826.JPEG,747,punching bag
train/n04023962/n04023962_8370.JPEG,747,punching bag
train/n04023962/n04023962_6069.JPEG,747,punching bag
train/n04026417/n04026417_24197.JPEG,748,purse
train/n04026417/n04026417_43933.JPEG,748,purse
train/n04026417/n04026417_48070.JPEG,748,purse
train/n04026417/n04026417_41952.JPEG,748,purse
train/n04026417/n04026417_2311.JPEG,748,purse
train/n04026417/n04026417_31138.JPEG,748,purse
train/n04026417/n04026417_28520.JPEG,748,purse
train/n04026417/n04026417_74300.JPEG,748,purse
train/n04026417/n04026417_5694.JPEG,748,purse
train/n04026417/n04026417_18480.JPEG,748,purse
train/n04026417/n04026417_13399.JPEG,748,purse
train/n04026417/n04026417_23566.JPEG,748,purse
train/n04026417/n04026417_101927.JPEG,748,purse
train/n04026417/n04026417_37554.JPEG,748,purse
train/n04026417/n04026417_2814.JPEG,748,purse
train/n04026417/n04026417_46198.JPEG,748,purse
train/n04033901/n04033901_21392.JPEG,749,quill
train/n04033901/n04033901_30661.JPEG,749,quill
train/n04033901/n04033901_34653.JPEG,749,quill
train/n04033901/n04033901_30651.JPEG,749,quill
train/n04033901/n04033901_17493.JPEG,749,quill
train/n04033901/n04033901_9249.JPEG,749,quill
train/n04033901/n04033901_28908.JPEG,749,quill
train/n04033901/n04033901_26381.JPEG,749,quill
train/n04033901/n04033901_6959.JPEG,749,quill
train/n04033901/n04033901_34123.JPEG,749,quill
train/n04033901/n04033901_6699.JPEG,749,quill
train/n04033901/n04033901_7076.JPEG,749,quill
train/n04033901/n04033901_1619.JPEG,749,quill
train/n04033901/n04033901_41638.JPEG,749,quill
train/n04033901/n04033901_3977.JPEG,749,quill
train/n04033901/n04033901_42349.JPEG,749,quill
train/n04033995/n04033995_15756.JPEG,750,quilt
train/n04033995/n04033995_49803.JPEG,750,quilt
train/n04033995/n04033995_44037.JPEG,750,quilt
train/n04033995/n04033995_20200.JPEG,750,quilt
train/n04033995/n04033995_9174.JPEG,750,quilt
train/n04033995/n04033995_4397.JPEG,750,quilt
train/n04033995/n04033995_31452.JPEG,750,quilt
train/n04033995/n04033995_14978.JPEG,750,quilt
train/n04033995/n04033995_37591.JPEG,750,quilt
train/n04033995/n04033995_11081.JPEG,750,quilt
train/n04033995/n04033995_10599.JPEG,750,quilt
train/n04033995/n04033995_14404.JPEG,750,quilt
train/n04033995/n04033995_7104.JPEG,750,quilt
train/n04033995/n04033995_13323.JPEG,750,quilt
train/n04033995/n04033995_25251.JPEG,750,quilt
train/n04033995/n04033995_38609.JPEG,750,quilt
train/n04037443/n04037443_12063.JPEG,751,race car
train/n04037443/n04037443_22741.JPEG,751,race car
train/n04037443/n04037443_41124.JPEG,751,race car
train/n04037443/n04037443_5976.JPEG,751,race car
train/n04037443/n04037443_21602.JPEG,751,race car
train/n04037443/n04037443_10789.JPEG,751,race car
train/n04037443/n04037443_37685.JPEG,751,race car
train/n04037443/n04037443_25543.JPEG,751,race car
train/n04037443/n04037443_666.JPEG,751,race car
train/n04037443/n04037443_34059.JPEG,751,race car
train/n04037443/n04037443_758.JPEG,751,race car
train/n04037443/n04037443_3158.JPEG,751,race car
train/n04037443/n04037443_35482.JPEG,751,race car
train/n04037443/n04037443_7956.JPEG,751,race car
train/n04037443/n04037443_11462.JPEG,751,race car
train/n04037443/n04037443_43694.JPEG,751,race car
train/n04039381/n04039381_44222.JPEG,752,racket
train/n04039381/n04039381_8790.JPEG,752,racket
train/n04039381/n04039381_4248.JPEG,752,racket
train/n04039381/n04039381_8395.JPEG,752,racket
train/n04039381/n04039381_11350.JPEG,752,racket
train/n04039381/n04039381_14464.JPEG,752,racket
train/n04039381/n04039381_10809.JPEG,752,racket
train/n04039381/n04039381_1146.JPEG,752,racket
train/n04039381/n04039381_5119.JPEG,752,racket
train/n04039381/n04039381_15254.JPEG,752,racket
train/n04039381/n04039381_8194.JPEG,752,racket
train/n04039381/n04039381_115.JPEG,752,racket
train/n04039381/n04039381_42527.JPEG,752,racket
train/n04039381/n04039381_46405.JPEG,752,racket
train/n04039381/n04039381_18734.JPEG,752,racket
train/n04039381/n04039381_10600.JPEG,752,racket
train/n04040759/n04040759_6740.JPEG,753,radiator
train/n04040759/n04040759_5289.JPEG,753,radiator
train/n04040759/n04040759_639.JPEG,753,radiator
train/n04040759/n04040759_40646.JPEG,753,radiator
train/n04040759/n04040759_8775.JPEG,753,radiator
train/n04040759/n04040759_10760.JPEG,753,radiator
train/n04040759/n04040759_5262.JPEG,753,radiator
train/n04040759/n04040759_16434.JPEG,753,radiator
train/n04040759/n04040759_9213.JPEG,753,radiator
train/n04040759/n04040759_14503.JPEG,753,radiator
train/n04040759/n04040759_14603.JPEG,753,radiator
train/n04040759/n04040759_2129.JPEG,753,radiator
train/n04040759/n04040759_14493.JPEG,753,radiator
train/n04040759/n04040759_16121.JPEG,753,radiator
train/n04040759/n04040759_1586.JPEG,753,radiator
train/n04040759/n04040759_6582.JPEG,753,radiator
train/n04041544/n04041544_47292.JPEG,754,radio
train/n04041544/n04041544_33058.JPEG,754,radio
train/n04041544/n04041544_14023.JPEG,754,radio
train/n04041544/n04041544_22363.JPEG,754,radio
train/n04041544/n04041544_3738.JPEG,754,radio
train/n04041544/n04041544_11012.JPEG,754,radio
train/n04041544/n04041544_13188.JPEG,754,radio
train/n04041544/n04041544_22242.JPEG,754,radio
train/n04041544/n04041544_18137.JPEG,754,radio
train/n04041544/n04041544_37148.JPEG,754,radio
train/n04041544/n04041544_43597.JPEG,754,radio
train/n04041544/n04041544_2911.JPEG,754,radio
train/n04041544/n04041544_39080.JPEG,754,radio
train/n04041544/n04041544_56102.JPEG,754,radio
train/n04041544/n04041544_42345.JPEG,754,radio
train/n04041544/n04041544_40259.JPEG,754,radio
train/n04044716/n04044716_11159.JPEG,755,radio telescope
train/n04044716/n04044716_8097.JPEG,755,radio telescope
train/n04044716/n04044716_7225.JPEG,755,radio telescope
train/n04044716/n04044716_14231.JPEG,755,radio telescope
train/n04044716/n04044716_3628.JPEG,755,radio telescope
train/n04044716/n04044716_14805.JPEG,755,radio telescope
train/n04044716/n04044716_7457.JPEG,755,radio telescope
train/n04044716/n04044716_10175.JPEG,755,radio telescope
train/n04044716/n04044716_7141.JPEG,755,radio telescope
train/n04044716/n04044716_6049.JPEG,755,radio telescope
train/n04044716/n04044716_14607.JPEG,755,radio telescope
train/n04044716/n04044716_6042.JPEG,755,radio telescope
train/n04044716/n04044716_11767.JPEG,755,radio telescope
train/n04044716/n04044716_12420.JPEG,755,radio telescope
train/n04044716/n04044716_9260.JPEG,755,radio telescope
train/n04044716/n04044716_8479.JPEG,755,radio telescope
train/n04049303/n04049303_1679.JPEG,756,rain barrel
train/n04049303/n04049303_7436.JPEG,756,rain barrel
train/n04049303/n04049303_11899.JPEG,756,rain barrel
train/n04049303/n04049303_9657.JPEG,756,rain barrel
train/n04049303/n04049303_7483.JPEG,756,rain barrel
train/n04049303/n04049303_5619.JPEG,756,rain barrel
train/n04049303/n04049303_9734.JPEG,756,rain barrel
train/n04049303/n04049303_8786.JPEG,756,rain barrel
train/n04049303/n04049303_3487.JPEG,756,rain barrel
train/n04049303/n04049303_9823.JPEG,756,rain barrel
train/n04049303/n04049303_9217.JPEG,756,rain barrel
train/n04049303/n04049303_239.JPEG,756,rain barrel
train/n04049303/n04049303_10500.JPEG,756,rain barrel
train/n04049303/n04049303_9618.JPEG,756,rain barrel
train/n04049303/n04049303_8980.JPEG,756,rain barrel
train/n04049303/n04049303_8157.JPEG,756,rain barrel
train/n04065272/n04065272_5248.JPEG,757,recreational vehicle
train/n04065272/n04065272_12887.JPEG,757,recreational vehicle
train/n04065272/n04065272_3446.JPEG,757,recreational vehicle
train/n04065272/n04065272_50164.JPEG,757,recreational vehicle
train/n04065272/n04065272_1174.JPEG,757,recreational vehicle
train/n04065272/n04065272_28471.JPEG,757,recreational vehicle
train/n04065272/n04065272_31977.JPEG,757,recreational vehicle
train/n04065272/n04065272_14076.JPEG,757,recreational vehicle
train/n04065272/n04065272_355.JPEG,757,recreational vehicle
train/n04065272/n04065272_8478.JPEG,757,recreational vehicle
train/n04065272/n04065272_12600.JPEG,757,recreational vehicle
train/n04065272/n04065272_10331.JPEG,757,recreational vehicle
train/n04065272/n04065272_44631.JPEG,757,recreational vehicle
train/n04065272/n04065272_12543.JPEG,757,recreational vehicle
train/n04065272/n04065272_18171.JPEG,757,recreational vehicle
train/n04065272/n04065272_14833.JPEG,757,recreational vehicle
train/n04067472/n04067472_6516.JPEG,758,fishing casting reel
train/n04067472/n04067472_14776.JPEG,758,fishing casting reel
train/n04067472/n04067472_10939.JPEG,758,fishing casting reel
train/n04067472/n04067472_3195.JPEG,758,fishing casting reel
train/n04067472/n04067472_13570.JPEG,758,fishing casting reel
train/n04067472/n04067472_13427.JPEG,758,fishing casting reel
train/n04067472/n04067472_87.JPEG,758,fishing casting reel
train/n04067472/n04067472_10781.JPEG,758,fishing casting reel
train/n04067472/n04067472_19366.JPEG,758,fishing casting reel
train/n04067472/n04067472_5980.JPEG,758,fishing casting reel
train/n04067472/n04067472_7785.JPEG,758,fishing casting reel
train/n04067472/n04067472_23613.JPEG,758,fishing casting reel
train/n04067472/n04067472_20726.JPEG,758,fishing casting reel
train/n04067472/n04067472_625.JPEG,758,fishing casting reel
train/n04067472/n04067472_9376.JPEG,758,fishing casting reel
train/n04067472/n04067472_5966.JPEG,758,fishing casting reel
train/n04069434/n04069434_4758.JPEG,759,reflex camera
train/n04069434/n04069434_461.JPEG,759,reflex camera
train/n04069434/n04069434_6454.JPEG,759,reflex camera
train/n04069434/n04069434_93.JPEG,759,reflex camera
train/n04069434/n04069434_15326.JPEG,759,reflex camera
train/n04069434/n04069434_4504.JPEG,759,reflex camera
train/n04069434/n04069434_11696.JPEG,759,reflex camera
train/n04069434/n04069434_148.JPEG,759,reflex camera
train/n04069434/n04069434_13160.JPEG,759,reflex camera
train/n04069434/n04069434_7938.JPEG,759,reflex camera
train/n04069434/n04069434_514.JPEG,759,reflex camera
train/n04069434/n04069434_8640.JPEG,759,reflex camera
train/n04069434/n04069434_3895.JPEG,759,reflex camera
train/n04069434/n04069434_8659.JPEG,759,reflex camera
train/n04069434/n04069434_1960.JPEG,759,reflex camera
train/n04069434/n04069434_7218.JPEG,759,reflex camera
train/n04070727/n04070727_4255.JPEG,760,refrigerator
train/n04070727/n04070727_12129.JPEG,760,refrigerator
train/n04070727/n04070727_27582.JPEG,760,refrigerator
train/n04070727/n04070727_29512.JPEG,760,refrigerator
train/n04070727/n04070727_4861.JPEG,760,refrigerator
train/n04070727/n04070727_40079.JPEG,760,refrigerator
train/n04070727/n04070727_13429.JPEG,760,refrigerator
train/n04070727/n04070727_4912.JPEG,760,refrigerator
train/n04070727/n04070727_3982.JPEG,760,refrigerator
train/n04070727/n04070727_33561.JPEG,760,refrigerator
train/n04070727/n04070727_1646.JPEG,760,refrigerator
train/n04070727/n04070727_39274.JPEG,760,refrigerator
train/n04070727/n04070727_10818.JPEG,760,refrigerator
train/n04070727/n04070727_41634.JPEG,760,refrigerator
train/n04070727/n04070727_16041.JPEG,760,refrigerator
train/n04070727/n04070727_29785.JPEG,760,refrigerator
train/n04074963/n04074963_7044.JPEG,761,remote control
train/n04074963/n04074963_5596.JPEG,761,remote control
train/n04074963/n04074963_4778.JPEG,761,remote control
train/n04074963/n04074963_39931.JPEG,761,remote control
train/n04074963/n04074963_653.JPEG,761,remote control
train/n04074963/n04074963_26912.JPEG,761,remote control
train/n04074963/n04074963_7394.JPEG,761,remote control
train/n04074963/n04074963_20735.JPEG,761,remote control
train/n04074963/n04074963_6231.JPEG,761,remote control
train/n04074963/n04074963_9283.JPEG,761,remote control
train/n04074963/n04074963_33821.JPEG,761,remote control
train/n04074963/n04074963_10282.JPEG,761,remote control
train/n04074963/n04074963_9614.JPEG,761,remote control
train/n04074963/n04074963_38344.JPEG,761,remote control
train/n04074963/n04074963_21372.JPEG,761,remote control
train/n04074963/n04074963_16858.JPEG,761,remote control
train/n04081281/n04081281_130665.JPEG,762,restaurant
train/n04081281/n04081281_89965.JPEG,762,restaurant
train/n04081281/n04081281_8500.JPEG,762,restaurant
train/n04081281/n04081281_128744.JPEG,762,restaurant
train/n04081281/n04081281_15685.JPEG,762,restaurant
train/n04081281/n04081281_15119.JPEG,762,restaurant
train/n04081281/n04081281_9118.JPEG,762,restaurant
train/n04081281/n04081281_96194.JPEG,762,restaurant
train/n04081281/n04081281_131201.JPEG,762,restaurant
train/n04081281/n04081281_5904.JPEG,762,restaurant
train/n04081281/n04081281_17188.JPEG,762,restaurant
train/n04081281/n04081281_24677.JPEG,762,restaurant
train/n04081281/n04081281_82151.JPEG,762,restaurant
train/n04081281/n04081281_14668.JPEG,762,restaurant
train/n04081281/n04081281_27322.JPEG,762,restaurant
train/n04081281/n04081281_46649.JPEG,762,restaurant
train/n04086273/n04086273_6054.JPEG,763,revolver
train/n04086273/n04086273_19317.JPEG,763,revolver
train/n04086273/n04086273_12291.JPEG,763,revolver
train/n04086273/n04086273_10690.JPEG,763,revolver
train/n04086273/n04086273_45180.JPEG,763,revolver
train/n04086273/n04086273_7455.JPEG,763,revolver
train/n04086273/n04086273_11706.JPEG,763,revolver
train/n04086273/n04086273_31449.JPEG,763,revolver
train/n04086273/n04086273_7412.JPEG,763,revolver
train/n04086273/n04086273_19304.JPEG,763,revolver
train/n04086273/n04086273_23586.JPEG,763,revolver
train/n04086273/n04086273_2716.JPEG,763,revolver
train/n04086273/n04086273_342.JPEG,763,revolver
train/n04086273/n04086273_32074.JPEG,763,revolver
train/n04086273/n04086273_9268.JPEG,763,revolver
train/n04086273/n04086273_36739.JPEG,763,revolver
train/n04090263/n04090263_4531.JPEG,764,rifle
train/n04090263/n04090263_2763.JPEG,764,rifle
train/n04090263/n04090263_5174.JPEG,764,rifle
train/n04090263/n04090263_7463.JPEG,764,rifle
train/n04090263/n04090263_7381.JPEG,764,rifle
train/n04090263/n04090263_536.JPEG,764,rifle
train/n04090263/n04090263_10214.JPEG,764,rifle
train/n04090263/n04090263_30497.JPEG,764,rifle
train/n04090263/n04090263_25027.JPEG,764,rifle
train/n04090263/n04090263_3694.JPEG,764,rifle
train/n04090263/n04090263_10002.JPEG,764,rifle
train/n04090263/n04090263_3285.JPEG,764,rifle
train/n04090263/n04090263_3903.JPEG,764,rifle
train/n04090263/n04090263_9668.JPEG,764,rifle
train/n04090263/n04090263_840.JPEG,764,rifle
train/n04090263/n04090263_12302.JPEG,764,rifle
train/n04099969/n04099969_7207.JPEG,765,rocking chair
train/n04099969/n04099969_15767.JPEG,765,rocking chair
train/n04099969/n04099969_2902.JPEG,765,rocking chair
train/n04099969/n04099969_2419.JPEG,765,rocking chair
train/n04099969/n04099969_1885.JPEG,765,rocking chair
train/n04099969/n04099969_1652.JPEG,765,rocking chair
train/n04099969/n04099969_1792.JPEG,765,rocking chair
train/n04099969/n04099969_14345.JPEG,765,rocking chair
train/n04099969/n04099969_58443.JPEG,765,rocking chair
train/n04099969/n04099969_8922.JPEG,765,rocking chair
train/n04099969/n04099969_7714.JPEG,765,rocking chair
train/n04099969/n04099969_2632.JPEG,765,rocking chair
train/n04099969/n04099969_19229.JPEG,765,rocking chair
train/n04099969/n04099969_14111.JPEG,765,rocking chair
train/n04099969/n04099969_20980.JPEG,765,rocking chair
train/n04099969/n04099969_4725.JPEG,765,rocking chair
train/n04111531/n04111531_19274.JPEG,766,rotisserie
train/n04111531/n04111531_7067.JPEG,766,rotisserie
train/n04111531/n04111531_10420.JPEG,766,rotisserie
train/n04111531/n04111531_136.JPEG,766,rotisserie
train/n04111531/n04111531_8069.JPEG,766,rotisserie
train/n04111531/n04111531_4918.JPEG,766,rotisserie
train/n04111531/n04111531_9338.JPEG,766,rotisserie
train/n04111531/n04111531_6094.JPEG,766,rotisserie
train/n04111531/n04111531_10403.JPEG,766,rotisserie
train/n04111531/n04111531_891.JPEG,766,rotisserie
train/n04111531/n04111531_20823.JPEG,766,rotisserie
train/n04111531/n04111531_8673.JPEG,766,rotisserie
train/n04111531/n04111531_7168.JPEG,766,rotisserie
train/n04111531/n04111531_10290.JPEG,766,rotisserie
train/n04111531/n04111531_2758.JPEG,766,rotisserie
train/n04111531/n04111531_5020.JPEG,766,rotisserie
train/n04116512/n04116512_23453.JPEG,767,eraser
train/n04116512/n04116512_90534.JPEG,767,eraser
train/n04116512/n04116512_43021.JPEG,767,eraser
train/n04116512/n04116512_1178.JPEG,767,eraser
train/n04116512/n04116512_2674.JPEG,767,eraser
train/n04116512/n04116512_1854.JPEG,767,eraser
train/n04116512/n04116512_3487.JPEG,767,eraser
train/n04116512/n04116512_2288.JPEG,767,eraser
train/n04116512/n04116512_55140.JPEG,767,eraser
train/n04116512/n04116512_75417.JPEG,767,eraser
train/n04116512/n04116512_9825.JPEG,767,eraser
train/n04116512/n04116512_13584.JPEG,767,eraser
train/n04116512/n04116512_58077.JPEG,767,eraser
train/n04116512/n04116512_9061.JPEG,767,eraser
train/n04116512/n04116512_17446.JPEG,767,eraser
train/n04116512/n04116512_8386.JPEG,767,eraser
train/n04118538/n04118538_9257.JPEG,768,rugby ball
train/n04118538/n04118538_7439.JPEG,768,rugby ball
train/n04118538/n04118538_6330.JPEG,768,rugby ball
train/n04118538/n04118538_13488.JPEG,768,rugby ball
train/n04118538/n04118538_22229.JPEG,768,rugby ball
train/n04118538/n04118538_1847.JPEG,768,rugby ball
train/n04118538/n04118538_9301.JPEG,768,rugby ball
train/n04118538/n04118538_705.JPEG,768,rugby ball
train/n04118538/n04118538_965.JPEG,768,rugby ball
train/n04118538/n04118538_2597.JPEG,768,rugby ball
train/n04118538/n04118538_1298.JPEG,768,rugby ball
train/n04118538/n04118538_18882.JPEG,768,rugby ball
train/n04118538/n04118538_23104.JPEG,768,rugby ball
train/n04118538/n04118538_15134.JPEG,768,rugby ball
train/n04118538/n04118538_9010.JPEG,768,rugby ball
train/n04118538/n04118538_1231.JPEG,768,rugby ball
train/n04118776/n04118776_15487.JPEG,769,ruler measuring stick
train/n04118776/n04118776_7783.JPEG,769,ruler measuring stick
train/n04118776/n04118776_20345.JPEG,769,ruler measuring stick
train/n04118776/n04118776_16924.JPEG,769,ruler measuring stick
train/n04118776/n04118776_41430.JPEG,769,ruler measuring stick
train/n04118776/n04118776_52472.JPEG,769,ruler measuring stick
train/n04118776/n04118776_3899.JPEG,769,ruler measuring stick
train/n04118776/n04118776_70364.JPEG,769,ruler measuring stick
train/n04118776/n04118776_69090.JPEG,769,ruler measuring stick
train/n04118776/n04118776_49012.JPEG,769,ruler measuring stick
train/n04118776/n04118776_13131.JPEG,769,ruler measuring stick
train/n04118776/n04118776_59547.JPEG,769,ruler measuring stick
train/n04118776/n04118776_12604.JPEG,769,ruler measuring stick
train/n04118776/n04118776_2048.JPEG,769,ruler measuring stick
train/n04118776/n04118776_6211.JPEG,769,ruler measuring stick
train/n04118776/n04118776_17095.JPEG,769,ruler measuring stick
train/n04120489/n04120489_6587.JPEG,770,sneaker
train/n04120489/n04120489_4576.JPEG,770,sneaker
train/n04120489/n04120489_3193.JPEG,770,sneaker
train/n04120489/n04120489_6337.JPEG,770,sneaker
train/n04120489/n04120489_5595.JPEG,770,sneaker
train/n04120489/n04120489_11173.JPEG,770,sneaker
train/n04120489/n04120489_4024.JPEG,770,sneaker
train/n04120489/n04120489_3416.JPEG,770,sneaker
train/n04120489/n04120489_5375.JPEG,770,sneaker
train/n04120489/n04120489_4887.JPEG,770,sneaker
train/n04120489/n04120489_6690.JPEG,770,sneaker
train/n04120489/n04120489_4426.JPEG,770,sneaker
train/n04120489/n04120489_1084.JPEG,770,sneaker
train/n04120489/n04120489_7124.JPEG,770,sneaker
train/n04120489/n04120489_14773.JPEG,770,sneaker
train/n04120489/n04120489_2236.JPEG,770,sneaker
train/n04125021/n04125021_18044.JPEG,771,safe
train/n04125021/n04125021_605.JPEG,771,safe
train/n04125021/n04125021_16626.JPEG,771,safe
train/n04125021/n04125021_15952.JPEG,771,safe
train/n04125021/n04125021_1637.JPEG,771,safe
train/n04125021/n04125021_16980.JPEG,771,safe
train/n04125021/n04125021_27499.JPEG,771,safe
train/n04125021/n04125021_7657.JPEG,771,safe
train/n04125021/n04125021_223.JPEG,771,safe
train/n04125021/n04125021_19583.JPEG,771,safe
train/n04125021/n04125021_11627.JPEG,771,safe
train/n04125021/n04125021_21659.JPEG,771,safe
train/n04125021/n04125021_13233.JPEG,771,safe
train/n04125021/n04125021_15173.JPEG,771,safe
train/n04125021/n04125021_4026.JPEG,771,safe
train/n04125021/n04125021_27975.JPEG,771,safe
train/n04127249/n04127249_10227.JPEG,772,safety pin
train/n04127249/n04127249_2015.JPEG,772,safety pin
train/n04127249/n04127249_7988.JPEG,772,safety pin
train/n04127249/n04127249_4353.JPEG,772,safety pin
train/n04127249/n04127249_10421.JPEG,772,safety pin
train/n04127249/n04127249_7594.JPEG,772,safety pin
train/n04127249/n04127249_3903.JPEG,772,safety pin
train/n04127249/n04127249_1886.JPEG,772,safety pin
train/n04127249/n04127249_3507.JPEG,772,safety pin
train/n04127249/n04127249_5516.JPEG,772,safety pin
train/n04127249/n04127249_8544.JPEG,772,safety pin
train/n04127249/n04127249_4636.JPEG,772,safety pin
train/n04127249/n04127249_10159.JPEG,772,safety pin
train/n04127249/n04127249_8563.JPEG,772,safety pin
train/n04127249/n04127249_27079.JPEG,772,safety pin
train/n04127249/n04127249_9913.JPEG,772,safety pin
train/n04131690/n04131690_11153.JPEG,773,salt shaker
train/n04131690/n04131690_6422.JPEG,773,salt shaker
train/n04131690/n04131690_6316.JPEG,773,salt shaker
train/n04131690/n04131690_2218.JPEG,773,salt shaker
train/n04131690/n04131690_17295.JPEG,773,salt shaker
train/n04131690/n04131690_6485.JPEG,773,salt shaker
train/n04131690/n04131690_12773.JPEG,773,salt shaker
train/n04131690/n04131690_15058.JPEG,773,salt shaker
train/n04131690/n04131690_17076.JPEG,773,salt shaker
train/n04131690/n04131690_3545.JPEG,773,salt shaker
train/n04131690/n04131690_16082.JPEG,773,salt shaker
train/n04131690/n04131690_7448.JPEG,773,salt shaker
train/n04131690/n04131690_4966.JPEG,773,salt shaker
train/n04131690/n04131690_235.JPEG,773,salt shaker
train/n04131690/n04131690_13580.JPEG,773,salt shaker
train/n04131690/n04131690_5620.JPEG,773,salt shaker
train/n04133789/n04133789_13944.JPEG,774,sandal
train/n04133789/n04133789_8846.JPEG,774,sandal
train/n04133789/n04133789_2470.JPEG,774,sandal
train/n04133789/n04133789_5605.JPEG,774,sandal
train/n04133789/n04133789_45251.JPEG,774,sandal
train/n04133789/n04133789_45332.JPEG,774,sandal
train/n04133789/n04133789_2106.JPEG,774,sandal
train/n04133789/n04133789_2769.JPEG,774,sandal
train/n04133789/n04133789_16531.JPEG,774,sandal
train/n04133789/n04133789_16007.JPEG,774,sandal
train/n04133789/n04133789_6649.JPEG,774,sandal
train/n04133789/n04133789_819.JPEG,774,sandal
train/n04133789/n04133789_11168.JPEG,774,sandal
train/n04133789/n04133789_2306.JPEG,774,sandal
train/n04133789/n04133789_12320.JPEG,774,sandal
train/n04133789/n04133789_7117.JPEG,774,sandal
train/n04136333/n04136333_11512.JPEG,775,sarong
train/n04136333/n04136333_12564.JPEG,775,sarong
train/n04136333/n04136333_13897.JPEG,775,sarong
train/n04136333/n04136333_14781.JPEG,775,sarong
train/n04136333/n04136333_2403.JPEG,775,sarong
train/n04136333/n04136333_10773.JPEG,775,sarong
train/n04136333/n04136333_13573.JPEG,775,sarong
train/n04136333/n04136333_8325.JPEG,775,sarong
train/n04136333/n04136333_13745.JPEG,775,sarong
train/n04136333/n04136333_18543.JPEG,775,sarong
train/n04136333/n04136333_5776.JPEG,775,sarong
train/n04136333/n04136333_23697.JPEG,775,sarong
train/n04136333/n04136333_22413.JPEG,775,sarong
train/n04136333/n04136333_5505.JPEG,775,sarong
train/n04136333/n04136333_11378.JPEG,775,sarong
train/n04136333/n04136333_13382.JPEG,775,sarong
train/n04141076/n04141076_41467.JPEG,776,saxophone
train/n04141076/n04141076_33578.JPEG,776,saxophone
train/n04141076/n04141076_46363.JPEG,776,saxophone
train/n04141076/n04141076_45523.JPEG,776,saxophone
train/n04141076/n04141076_75886.JPEG,776,saxophone
train/n04141076/n04141076_32756.JPEG,776,saxophone
train/n04141076/n04141076_55344.JPEG,776,saxophone
train/n04141076/n04141076_72169.JPEG,776,saxophone
train/n04141076/n04141076_38528.JPEG,776,saxophone
train/n04141076/n04141076_46065.JPEG,776,saxophone
train/n04141076/n04141076_84468.JPEG,776,saxophone
train/n04141076/n04141076_48300.JPEG,776,saxophone
train/n04141076/n04141076_46531.JPEG,776,saxophone
train/n04141076/n04141076_34727.JPEG,776,saxophone
train/n04141076/n04141076_38206.JPEG,776,saxophone
train/n04141076/n04141076_42852.JPEG,776,saxophone
train/n04141327/n04141327_9295.JPEG,777,scabbard
train/n04141327/n04141327_4568.JPEG,777,scabbard
train/n04141327/n04141327_9457.JPEG,777,scabbard
train/n04141327/n04141327_7417.JPEG,777,scabbard
train/n04141327/n04141327_3176.JPEG,777,scabbard
train/n04141327/n04141327_7019.JPEG,777,scabbard
train/n04141327/n04141327_5434.JPEG,777,scabbard
train/n04141327/n04141327_17981.JPEG,777,scabbard
train/n04141327/n04141327_14607.JPEG,777,scabbard
train/n04141327/n04141327_18701.JPEG,777,scabbard
train/n04141327/n04141327_4041.JPEG,777,scabbard
train/n04141327/n04141327_8268.JPEG,777,scabbard
train/n04141327/n04141327_443.JPEG,777,scabbard
train/n04141327/n04141327_5818.JPEG,777,scabbard
train/n04141327/n04141327_4375.JPEG,777,scabbard
train/n04141327/n04141327_6627.JPEG,777,scabbard
train/n04141975/n04141975_2583.JPEG,778,weighing scale
train/n04141975/n04141975_62664.JPEG,778,weighing scale
train/n04141975/n04141975_25392.JPEG,778,weighing scale
train/n04141975/n04141975_24663.JPEG,778,weighing scale
train/n04141975/n04141975_30088.JPEG,778,weighing scale
train/n04141975/n04141975_48829.JPEG,778,weighing scale
train/n04141975/n04141975_16454.JPEG,778,weighing scale
train/n04141975/n04141975_698.JPEG,778,weighing scale
train/n04141975/n04141975_2366.JPEG,778,weighing scale
train/n04141975/n04141975_19670.JPEG,778,weighing scale
train/n04141975/n04141975_40367.JPEG,778,weighing scale
train/n04141975/n04141975_12775.JPEG,778,weighing scale
train/n04141975/n04141975_20175.JPEG,778,weighing scale
train/n04141975/n04141975_20685.JPEG,778,weighing scale
train/n04141975/n04141975_12441.JPEG,778,weighing scale
train/n04141975/n04141975_40205.JPEG,778,weighing scale
train/n04146614/n04146614_6690.JPEG,779,school bus
train/n04146614/n04146614_15818.JPEG,779,school bus
train/n04146614/n04146614_9892.JPEG,779,school bus
train/n04146614/n04146614_6827.JPEG,779,school bus
train/n04146614/n04146614_8642.JPEG,779,school bus
train/n04146614/n04146614_1713.JPEG,779,school bus
train/n04146614/n04146614_2322.JPEG,779,school bus
train/n04146614/n04146614_16832.JPEG,779,school bus
train/n04146614/n04146614_4853.JPEG,779,school bus
train/n04146614/n04146614_1585.JPEG,779,school bus
train/n04146614/n04146614_9784.JPEG,779,school bus
train/n04146614/n04146614_1626.JPEG,779,school bus
train/n04146614/n04146614_13678.JPEG,779,school bus
train/n04146614/n04146614_6408.JPEG,779,school bus
train/n04146614/n04146614_5227.JPEG,779,school bus
train/n04146614/n04146614_3941.JPEG,779,school bus
train/n04147183/n04147183_13482.JPEG,780,schooner
train/n04147183/n04147183_2263.JPEG,780,schooner
train/n04147183/n04147183_6595.JPEG,780,schooner
train/n04147183/n04147183_43166.JPEG,780,schooner
train/n04147183/n04147183_3246.JPEG,780,schooner
train/n04147183/n04147183_15893.JPEG,780,schooner
train/n04147183/n04147183_8787.JPEG,780,schooner
train/n04147183/n04147183_2318.JPEG,780,schooner
train/n04147183/n04147183_36765.JPEG,780,schooner
train/n04147183/n04147183_6636.JPEG,780,schooner
train/n04147183/n04147183_44037.JPEG,780,schooner
train/n04147183/n04147183_10058.JPEG,780,schooner
train/n04147183/n04147183_6676.JPEG,780,schooner
train/n04147183/n04147183_19243.JPEG,780,schooner
train/n04147183/n04147183_1624.JPEG,780,schooner
train/n04147183/n04147183_11345.JPEG,780,schooner
train/n04149813/n04149813_9097.JPEG,781,scoreboard
train/n04149813/n04149813_1550.JPEG,781,scoreboard
train/n04149813/n04149813_2583.JPEG,781,scoreboard
train/n04149813/n04149813_6468.JPEG,781,scoreboard
train/n04149813/n04149813_9076.JPEG,781,scoreboard
train/n04149813/n04149813_8832.JPEG,781,scoreboard
train/n04149813/n04149813_11254.JPEG,781,scoreboard
train/n04149813/n04149813_548.JPEG,781,scoreboard
train/n04149813/n04149813_16749.JPEG,781,scoreboard
train/n04149813/n04149813_6218.JPEG,781,scoreboard
train/n04149813/n04149813_6210.JPEG,781,scoreboard
train/n04149813/n04149813_7261.JPEG,781,scoreboard
train/n04149813/n04149813_2667.JPEG,781,scoreboard
train/n04149813/n04149813_3326.JPEG,781,scoreboard
train/n04149813/n04149813_133.JPEG,781,scoreboard
train/n04149813/n04149813_2390.JPEG,781,scoreboard
train/n04152593/n04152593_70281.JPEG,782,CRT monitor
train/n04152593/n04152593_11659.JPEG,782,CRT monitor
train/n04152593/n04152593_38564.JPEG,782,CRT monitor
train/n04152593/n04152593_6912.JPEG,782,CRT monitor
train/n04152593/n04152593_37508.JPEG,782,CRT monitor
train/n04152593/n04152593_44987.JPEG,782,CRT monitor
train/n04152593/n04152593_2969.JPEG,782,CRT monitor
train/n04152593/n04152593_36114.JPEG,782,CRT monitor
train/n04152593/n04152593_7383.JPEG,782,CRT monitor
train/n04152593/n04152593_24223.JPEG,782,CRT monitor
train/n04152593/n04152593_36116.JPEG,782,CRT monitor
train/n04152593/n04152593_16096.JPEG,782,CRT monitor
train/n04152593/n04152593_3500.JPEG,782,CRT monitor
train/n04152593/n04152593_6667.JPEG,782,CRT monitor
train/n04152593/n04152593_1039.JPEG,782,CRT monitor
train/n04152593/n04152593_44319.JPEG,782,CRT monitor
train/n04153751/n04153751_2966.JPEG,783,screw
train/n04153751/n04153751_10780.JPEG,783,screw
train/n04153751/n04153751_11064.JPEG,783,screw
train/n04153751/n04153751_7145.JPEG,783,screw
train/n04153751/n04153751_12584.JPEG,783,screw
train/n04153751/n04153751_35553.JPEG,783,screw
train/n04153751/n04153751_5418.JPEG,783,screw
train/n04153751/n04153751_7397.JPEG,783,screw
train/n04153751/n04153751_8105.JPEG,783,screw
train/n04153751/n04153751_21348.JPEG,783,screw
train/n04153751/n04153751_22788.JPEG,783,screw
train/n04153751/n04153751_1506.JPEG,783,screw
train/n04153751/n04153751_8387.JPEG,783,screw
train/n04153751/n04153751_9433.JPEG,783,screw
train/n04153751/n04153751_8380.JPEG,783,screw
train/n04153751/n04153751_960.JPEG,783,screw
train/n04154565/n04154565_12677.JPEG,784,screwdriver
train/n04154565/n04154565_167.JPEG,784,screwdriver
train/n04154565/n04154565_2994.JPEG,784,screwdriver
train/n04154565/n04154565_4469.JPEG,784,screwdriver
train/n04154565/n04154565_31951.JPEG,784,screwdriver
train/n04154565/n04154565_13250.JPEG,784,screwdriver
train/n04154565/n04154565_20149.JPEG,784,screwdriver
train/n04154565/n04154565_12993.JPEG,784,screwdriver
train/n04154565/n04154565_16807.JPEG,784,screwdriver
train/n04154565/n04154565_12735.JPEG,784,screwdriver
train/n04154565/n04154565_5811.JPEG,784,screwdriver
train/n04154565/n04154565_1659.JPEG,784,screwdriver
train/n04154565/n04154565_14957.JPEG,784,screwdriver
train/n04154565/n04154565_6152.JPEG,784,screwdriver
train/n04154565/n04154565_20746.JPEG,784,screwdriver
train/n04154565/n04154565_24451.JPEG,784,screwdriver
train/n04162706/n04162706_37902.JPEG,785,seat belt
train/n04162706/n04162706_34811.JPEG,785,seat belt
train/n04162706/n04162706_18772.JPEG,785,seat belt
train/n04162706/n04162706_31183.JPEG,785,seat belt
train/n04162706/n04162706_27.JPEG,785,seat belt
train/n04162706/n04162706_9899.JPEG,785,seat belt
train/n04162706/n04162706_10507.JPEG,785,seat belt
train/n04162706/n04162706_17115.JPEG,785,seat belt
train/n04162706/n04162706_3520.JPEG,785,seat belt
train/n04162706/n04162706_45070.JPEG,785,seat belt
train/n04162706/n04162706_16779.JPEG,785,seat belt
train/n04162706/n04162706_18246.JPEG,785,seat belt
train/n04162706/n04162706_42920.JPEG,785,seat belt
train/n04162706/n04162706_43181.JPEG,785,seat belt
train/n04162706/n04162706_21955.JPEG,785,seat belt
train/n04162706/n04162706_20487.JPEG,785,seat belt
train/n04179913/n04179913_12131.JPEG,786,sewing machine
train/n04179913/n04179913_11892.JPEG,786,sewing machine
train/n04179913/n04179913_14665.JPEG,786,sewing machine
train/n04179913/n04179913_8257.JPEG,786,sewing machine
train/n04179913/n04179913_222.JPEG,786,sewing machine
train/n04179913/n04179913_14866.JPEG,786,sewing machine
train/n04179913/n04179913_12678.JPEG,786,sewing machine
train/n04179913/n04179913_15593.JPEG,786,sewing machine
train/n04179913/n04179913_14561.JPEG,786,sewing machine
train/n04179913/n04179913_15225.JPEG,786,sewing machine
train/n04179913/n04179913_9592.JPEG,786,sewing machine
train/n04179913/n04179913_16110.JPEG,786,sewing machine
train/n04179913/n04179913_11503.JPEG,786,sewing machine
train/n04179913/n04179913_14335.JPEG,786,sewing machine
train/n04179913/n04179913_11647.JPEG,786,sewing machine
train/n04179913/n04179913_16531.JPEG,786,sewing machine
train/n04192698/n04192698_14004.JPEG,787,shield
train/n04192698/n04192698_29815.JPEG,787,shield
train/n04192698/n04192698_20749.JPEG,787,shield
train/n04192698/n04192698_39793.JPEG,787,shield
train/n04192698/n04192698_50817.JPEG,787,shield
train/n04192698/n04192698_17409.JPEG,787,shield
train/n04192698/n04192698_54719.JPEG,787,shield
train/n04192698/n04192698_32938.JPEG,787,shield
train/n04192698/n04192698_52374.JPEG,787,shield
train/n04192698/n04192698_1784.JPEG,787,shield
train/n04192698/n04192698_42506.JPEG,787,shield
train/n04192698/n04192698_6738.JPEG,787,shield
train/n04192698/n04192698_21301.JPEG,787,shield
train/n04192698/n04192698_9779.JPEG,787,shield
train/n04192698/n04192698_20493.JPEG,787,shield
train/n04192698/n04192698_13411.JPEG,787,shield
train/n04200800/n04200800_5955.JPEG,788,shoe store
train/n04200800/n04200800_9384.JPEG,788,shoe store
train/n04200800/n04200800_17080.JPEG,788,shoe store
train/n04200800/n04200800_22994.JPEG,788,shoe store
train/n04200800/n04200800_6743.JPEG,788,shoe store
train/n04200800/n04200800_2878.JPEG,788,shoe store
train/n04200800/n04200800_31166.JPEG,788,shoe store
train/n04200800/n04200800_3599.JPEG,788,shoe store
train/n04200800/n04200800_13669.JPEG,788,shoe store
train/n04200800/n04200800_19113.JPEG,788,shoe store
train/n04200800/n04200800_19174.JPEG,788,shoe store
train/n04200800/n04200800_11201.JPEG,788,shoe store
train/n04200800/n04200800_24256.JPEG,788,shoe store
train/n04200800/n04200800_9898.JPEG,788,shoe store
train/n04200800/n04200800_22086.JPEG,788,shoe store
train/n04200800/n04200800_24479.JPEG,788,shoe store
train/n04201297/n04201297_9834.JPEG,789,shoji screen / room divider
train/n04201297/n04201297_1972.JPEG,789,shoji screen / room divider
train/n04201297/n04201297_6175.JPEG,789,shoji screen / room divider
train/n04201297/n04201297_8147.JPEG,789,shoji screen / room divider
train/n04201297/n04201297_1406.JPEG,789,shoji screen / room divider
train/n04201297/n04201297_10557.JPEG,789,shoji screen / room divider
train/n04201297/n04201297_3736.JPEG,789,shoji screen / room divider
train/n04201297/n04201297_9243.JPEG,789,shoji screen / room divider
train/n04201297/n04201297_10526.JPEG,789,shoji screen / room divider
train/n04201297/n04201297_2862.JPEG,789,shoji screen / room divider
train/n04201297/n04201297_11992.JPEG,789,shoji screen / room divider
train/n04201297/n04201297_10705.JPEG,789,shoji screen / room divider
train/n04201297/n04201297_386.JPEG,789,shoji screen / room divider
train/n04201297/n04201297_4741.JPEG,789,shoji screen / room divider
train/n04201297/n04201297_11651.JPEG,789,shoji screen / room divider
train/n04201297/n04201297_3465.JPEG,789,shoji screen / room divider
train/n04204238/n04204238_5007.JPEG,790,shopping basket
train/n04204238/n04204238_5078.JPEG,790,shopping basket
train/n04204238/n04204238_6889.JPEG,790,shopping basket
train/n04204238/n04204238_2633.JPEG,790,shopping basket
train/n04204238/n04204238_788.JPEG,790,shopping basket
train/n04204238/n04204238_2896.JPEG,790,shopping basket
train/n04204238/n04204238_9766.JPEG,790,shopping basket
train/n04204238/n04204238_1069.JPEG,790,shopping basket
train/n04204238/n04204238_8745.JPEG,790,shopping basket
train/n04204238/n04204238_5408.JPEG,790,shopping basket
train/n04204238/n04204238_11163.JPEG,790,shopping basket
train/n04204238/n04204238_5100.JPEG,790,shopping basket
train/n04204238/n04204238_10232.JPEG,790,shopping basket
train/n04204238/n04204238_2798.JPEG,790,shopping basket
train/n04204238/n04204238_9412.JPEG,790,shopping basket
train/n04204238/n04204238_986.JPEG,790,shopping basket
train/n04204347/n04204347_13012.JPEG,791,shopping cart
train/n04204347/n04204347_1218.JPEG,791,shopping cart
train/n04204347/n04204347_10741.JPEG,791,shopping cart
train/n04204347/n04204347_2445.JPEG,791,shopping cart
train/n04204347/n04204347_6792.JPEG,791,shopping cart
train/n04204347/n04204347_5478.JPEG,791,shopping cart
train/n04204347/n04204347_4894.JPEG,791,shopping cart
train/n04204347/n04204347_1484.JPEG,791,shopping cart
train/n04204347/n04204347_6633.JPEG,791,shopping cart
train/n04204347/n04204347_3246.JPEG,791,shopping cart
train/n04204347/n04204347_2493.JPEG,791,shopping cart
train/n04204347/n04204347_3077.JPEG,791,shopping cart
train/n04204347/n04204347_4790.JPEG,791,shopping cart
train/n04204347/n04204347_13002.JPEG,791,shopping cart
train/n04204347/n04204347_5885.JPEG,791,shopping cart
train/n04204347/n04204347_553.JPEG,791,shopping cart
train/n04208210/n04208210_11515.JPEG,792,shovel
train/n04208210/n04208210_42432.JPEG,792,shovel
train/n04208210/n04208210_30386.JPEG,792,shovel
train/n04208210/n04208210_7923.JPEG,792,shovel
train/n04208210/n04208210_7927.JPEG,792,shovel
train/n04208210/n04208210_7253.JPEG,792,shovel
train/n04208210/n04208210_44803.JPEG,792,shovel
train/n04208210/n04208210_28386.JPEG,792,shovel
train/n04208210/n04208210_5995.JPEG,792,shovel
train/n04208210/n04208210_1323.JPEG,792,shovel
train/n04208210/n04208210_48895.JPEG,792,shovel
train/n04208210/n04208210_14624.JPEG,792,shovel
train/n04208210/n04208210_11972.JPEG,792,shovel
train/n04208210/n04208210_8530.JPEG,792,shovel
train/n04208210/n04208210_42377.JPEG,792,shovel
train/n04208210/n04208210_5668.JPEG,792,shovel
train/n04209133/n04209133_1064.JPEG,793,shower cap
train/n04209133/n04209133_5015.JPEG,793,shower cap
train/n04209133/n04209133_7654.JPEG,793,shower cap
train/n04209133/n04209133_11197.JPEG,793,shower cap
train/n04209133/n04209133_1775.JPEG,793,shower cap
train/n04209133/n04209133_3778.JPEG,793,shower cap
train/n04209133/n04209133_5417.JPEG,793,shower cap
train/n04209133/n04209133_5908.JPEG,793,shower cap
train/n04209133/n04209133_435.JPEG,793,shower cap
train/n04209133/n04209133_13098.JPEG,793,shower cap
train/n04209133/n04209133_10302.JPEG,793,shower cap
train/n04209133/n04209133_740.JPEG,793,shower cap
train/n04209133/n04209133_12653.JPEG,793,shower cap
train/n04209133/n04209133_9131.JPEG,793,shower cap
train/n04209133/n04209133_7626.JPEG,793,shower cap
train/n04209133/n04209133_8804.JPEG,793,shower cap
train/n04209239/n04209239_12778.JPEG,794,shower curtain
train/n04209239/n04209239_12020.JPEG,794,shower curtain
train/n04209239/n04209239_6519.JPEG,794,shower curtain
train/n04209239/n04209239_7800.JPEG,794,shower curtain
train/n04209239/n04209239_8347.JPEG,794,shower curtain
train/n04209239/n04209239_6333.JPEG,794,shower curtain
train/n04209239/n04209239_832.JPEG,794,shower curtain
train/n04209239/n04209239_8778.JPEG,794,shower curtain
train/n04209239/n04209239_10800.JPEG,794,shower curtain
train/n04209239/n04209239_7530.JPEG,794,shower curtain
train/n04209239/n04209239_6147.JPEG,794,shower curtain
train/n04209239/n04209239_7677.JPEG,794,shower curtain
train/n04209239/n04209239_1443.JPEG,794,shower curtain
train/n04209239/n04209239_10271.JPEG,794,shower curtain
train/n04209239/n04209239_378.JPEG,794,shower curtain
train/n04209239/n04209239_3988.JPEG,794,shower curtain
train/n04228054/n04228054_5614.JPEG,795,ski
train/n04228054/n04228054_5408.JPEG,795,ski
train/n04228054/n04228054_26530.JPEG,795,ski
train/n04228054/n04228054_2783.JPEG,795,ski
train/n04228054/n04228054_4791.JPEG,795,ski
train/n04228054/n04228054_12032.JPEG,795,ski
train/n04228054/n04228054_34111.JPEG,795,ski
train/n04228054/n04228054_757.JPEG,795,ski
train/n04228054/n04228054_3239.JPEG,795,ski
train/n04228054/n04228054_9528.JPEG,795,ski
train/n04228054/n04228054_13342.JPEG,795,ski
train/n04228054/n04228054_14366.JPEG,795,ski
train/n04228054/n04228054_20604.JPEG,795,ski
train/n04228054/n04228054_30200.JPEG,795,ski
train/n04228054/n04228054_20962.JPEG,795,ski
train/n04228054/n04228054_11535.JPEG,795,ski
train/n04229816/n04229816_1946.JPEG,796,balaclava ski mask
train/n04229816/n04229816_2324.JPEG,796,balaclava ski mask
train/n04229816/n04229816_9873.JPEG,796,balaclava ski mask
train/n04229816/n04229816_13117.JPEG,796,balaclava ski mask
train/n04229816/n04229816_7678.JPEG,796,balaclava ski mask
train/n04229816/n04229816_8432.JPEG,796,balaclava ski mask
train/n04229816/n04229816_2381.JPEG,796,balaclava ski mask
train/n04229816/n04229816_10855.JPEG,796,balaclava ski mask
train/n04229816/n04229816_8212.JPEG,796,balaclava ski mask
train/n04229816/n04229816_1713.JPEG,796,balaclava ski mask
train/n04229816/n04229816_2683.JPEG,796,balaclava ski mask
train/n04229816/n04229816_2383.JPEG,796,balaclava ski mask
train/n04229816/n04229816_5350.JPEG,796,balaclava ski mask
train/n04229816/n04229816_8768.JPEG,796,balaclava ski mask
train/n04229816/n04229816_9664.JPEG,796,balaclava ski mask
train/n04229816/n04229816_3601.JPEG,796,balaclava ski mask
train/n04235860/n04235860_17386.JPEG,797,sleeping bag
train/n04235860/n04235860_801.JPEG,797,sleeping bag
train/n04235860/n04235860_932.JPEG,797,sleeping bag
train/n04235860/n04235860_16550.JPEG,797,sleeping bag
train/n04235860/n04235860_1216.JPEG,797,sleeping bag
train/n04235860/n04235860_3270.JPEG,797,sleeping bag
train/n04235860/n04235860_4843.JPEG,797,sleeping bag
train/n04235860/n04235860_5054.JPEG,797,sleeping bag
train/n04235860/n04235860_8753.JPEG,797,sleeping bag
train/n04235860/n04235860_487.JPEG,797,sleeping bag
train/n04235860/n04235860_3333.JPEG,797,sleeping bag
train/n04235860/n04235860_6707.JPEG,797,sleeping bag
train/n04235860/n04235860_2576.JPEG,797,sleeping bag
train/n04235860/n04235860_8631.JPEG,797,sleeping bag
train/n04235860/n04235860_17906.JPEG,797,sleeping bag
train/n04235860/n04235860_13197.JPEG,797,sleeping bag
train/n04238763/n04238763_12698.JPEG,798,slide rule
train/n04238763/n04238763_12015.JPEG,798,slide rule
train/n04238763/n04238763_3300.JPEG,798,slide rule
train/n04238763/n04238763_3101.JPEG,798,slide rule
train/n04238763/n04238763_2322.JPEG,798,slide rule
train/n04238763/n04238763_4257.JPEG,798,slide rule
train/n04238763/n04238763_3917.JPEG,798,slide rule
train/n04238763/n04238763_28334.JPEG,798,slide rule
train/n04238763/n04238763_27350.JPEG,798,slide rule
train/n04238763/n04238763_3173.JPEG,798,slide rule
train/n04238763/n04238763_12946.JPEG,798,slide rule
train/n04238763/n04238763_710.JPEG,798,slide rule
train/n04238763/n04238763_4723.JPEG,798,slide rule
train/n04238763/n04238763_19944.JPEG,798,slide rule
train/n04238763/n04238763_27966.JPEG,798,slide rule
train/n04238763/n04238763_12727.JPEG,798,slide rule
train/n04239074/n04239074_9251.JPEG,799,sliding door
train/n04239074/n04239074_3410.JPEG,799,sliding door
train/n04239074/n04239074_9282.JPEG,799,sliding door
train/n04239074/n04239074_11112.JPEG,799,sliding door
train/n04239074/n04239074_4263.JPEG,799,sliding door
train/n04239074/n04239074_27119.JPEG,799,sliding door
train/n04239074/n04239074_9238.JPEG,799,sliding door
train/n04239074/n04239074_2931.JPEG,799,sliding door
train/n04239074/n04239074_262.JPEG,799,sliding door
train/n04239074/n04239074_27207.JPEG,799,sliding door
train/n04239074/n04239074_7346.JPEG,799,sliding door
train/n04239074/n04239074_4788.JPEG,799,sliding door
train/n04239074/n04239074_10735.JPEG,799,sliding door
train/n04239074/n04239074_28710.JPEG,799,sliding door
train/n04239074/n04239074_15334.JPEG,799,sliding door
train/n04239074/n04239074_6328.JPEG,799,sliding door
train/n04243546/n04243546_728.JPEG,800,slot machine
train/n04243546/n04243546_12476.JPEG,800,slot machine
train/n04243546/n04243546_28435.JPEG,800,slot machine
train/n04243546/n04243546_5781.JPEG,800,slot machine
train/n04243546/n04243546_4312.JPEG,800,slot machine
train/n04243546/n04243546_12393.JPEG,800,slot machine
train/n04243546/n04243546_16917.JPEG,800,slot machine
train/n04243546/n04243546_4622.JPEG,800,slot machine
train/n04243546/n04243546_2899.JPEG,800,slot machine
train/n04243546/n04243546_13724.JPEG,800,slot machine
train/n04243546/n04243546_11022.JPEG,800,slot machine
train/n04243546/n04243546_20117.JPEG,800,slot machine
train/n04243546/n04243546_21234.JPEG,800,slot machine
train/n04243546/n04243546_29485.JPEG,800,slot machine
train/n04243546/n04243546_12010.JPEG,800,slot machine
train/n04243546/n04243546_5434.JPEG,800,slot machine
train/n04251144/n04251144_1739.JPEG,801,snorkel
train/n04251144/n04251144_46293.JPEG,801,snorkel
train/n04251144/n04251144_9965.JPEG,801,snorkel
train/n04251144/n04251144_11688.JPEG,801,snorkel
train/n04251144/n04251144_15659.JPEG,801,snorkel
train/n04251144/n04251144_46.JPEG,801,snorkel
train/n04251144/n04251144_6700.JPEG,801,snorkel
train/n04251144/n04251144_14099.JPEG,801,snorkel
train/n04251144/n04251144_22182.JPEG,801,snorkel
train/n04251144/n04251144_25670.JPEG,801,snorkel
train/n04251144/n04251144_9537.JPEG,801,snorkel
train/n04251144/n04251144_2517.JPEG,801,snorkel
train/n04251144/n04251144_1191.JPEG,801,snorkel
train/n04251144/n04251144_17444.JPEG,801,snorkel
train/n04251144/n04251144_1650.JPEG,801,snorkel
train/n04251144/n04251144_10766.JPEG,801,snorkel
train/n04252077/n04252077_9240.JPEG,802,snowmobile
train/n04252077/n04252077_6498.JPEG,802,snowmobile
train/n04252077/n04252077_4555.JPEG,802,snowmobile
train/n04252077/n04252077_7914.JPEG,802,snowmobile
train/n04252077/n04252077_5428.JPEG,802,snowmobile
train/n04252077/n04252077_2830.JPEG,802,snowmobile
train/n04252077/n04252077_7372.JPEG,802,snowmobile
train/n04252077/n04252077_6022.JPEG,802,snowmobile
train/n04252077/n04252077_2837.JPEG,802,snowmobile
train/n04252077/n04252077_9007.JPEG,802,snowmobile
train/n04252077/n04252077_7461.JPEG,802,snowmobile
train/n04252077/n04252077_249.JPEG,802,snowmobile
train/n04252077/n04252077_4716.JPEG,802,snowmobile
train/n04252077/n04252077_2817.JPEG,802,snowmobile
train/n04252077/n04252077_1451.JPEG,802,snowmobile
train/n04252077/n04252077_8200.JPEG,802,snowmobile
train/n04252225/n04252225_19083.JPEG,803,snowplow
train/n04252225/n04252225_28009.JPEG,803,snowplow
train/n04252225/n04252225_11959.JPEG,803,snowplow
train/n04252225/n04252225_14208.JPEG,803,snowplow
train/n04252225/n04252225_16989.JPEG,803,snowplow
train/n04252225/n04252225_25627.JPEG,803,snowplow
train/n04252225/n04252225_14014.JPEG,803,snowplow
train/n04252225/n04252225_11928.JPEG,803,snowplow
train/n04252225/n04252225_4124.JPEG,803,snowplow
train/n04252225/n04252225_6884.JPEG,803,snowplow
train/n04252225/n04252225_17932.JPEG,803,snowplow
train/n04252225/n04252225_3602.JPEG,803,snowplow
train/n04252225/n04252225_26460.JPEG,803,snowplow
train/n04252225/n04252225_16594.JPEG,803,snowplow
train/n04252225/n04252225_3622.JPEG,803,snowplow
train/n04252225/n04252225_15340.JPEG,803,snowplow
train/n04254120/n04254120_1901.JPEG,804,soap dispenser
train/n04254120/n04254120_1768.JPEG,804,soap dispenser
train/n04254120/n04254120_6916.JPEG,804,soap dispenser
train/n04254120/n04254120_3328.JPEG,804,soap dispenser
train/n04254120/n04254120_3487.JPEG,804,soap dispenser
train/n04254120/n04254120_263.JPEG,804,soap dispenser
train/n04254120/n04254120_1166.JPEG,804,soap dispenser
train/n04254120/n04254120_2486.JPEG,804,soap dispenser
train/n04254120/n04254120_2666.JPEG,804,soap dispenser
train/n04254120/n04254120_1956.JPEG,804,soap dispenser
train/n04254120/n04254120_3010.JPEG,804,soap dispenser
train/n04254120/n04254120_2420.JPEG,804,soap dispenser
train/n04254120/n04254120_2945.JPEG,804,soap dispenser
train/n04254120/n04254120_1799.JPEG,804,soap dispenser
train/n04254120/n04254120_4631.JPEG,804,soap dispenser
train/n04254120/n04254120_1832.JPEG,804,soap dispenser
train/n04254680/n04254680_5214.JPEG,805,soccer ball
train/n04254680/n04254680_8397.JPEG,805,soccer ball
train/n04254680/n04254680_1864.JPEG,805,soccer ball
train/n04254680/n04254680_820.JPEG,805,soccer ball
train/n04254680/n04254680_2413.JPEG,805,soccer ball
train/n04254680/n04254680_7381.JPEG,805,soccer ball
train/n04254680/n04254680_5387.JPEG,805,soccer ball
train/n04254680/n04254680_1559.JPEG,805,soccer ball
train/n04254680/n04254680_5454.JPEG,805,soccer ball
train/n04254680/n04254680_183.JPEG,805,soccer ball
train/n04254680/n04254680_9058.JPEG,805,soccer ball
train/n04254680/n04254680_2793.JPEG,805,soccer ball
train/n04254680/n04254680_7469.JPEG,805,soccer ball
train/n04254680/n04254680_8619.JPEG,805,soccer ball
train/n04254680/n04254680_13114.JPEG,805,soccer ball
train/n04254680/n04254680_1253.JPEG,805,soccer ball
train/n04254777/n04254777_6818.JPEG,806,sock
train/n04254777/n04254777_15965.JPEG,806,sock
train/n04254777/n04254777_19409.JPEG,806,sock
train/n04254777/n04254777_36565.JPEG,806,sock
train/n04254777/n04254777_18544.JPEG,806,sock
train/n04254777/n04254777_3972.JPEG,806,sock
train/n04254777/n04254777_2236.JPEG,806,sock
train/n04254777/n04254777_17291.JPEG,806,sock
train/n04254777/n04254777_3911.JPEG,806,sock
train/n04254777/n04254777_10100.JPEG,806,sock
train/n04254777/n04254777_3973.JPEG,806,sock
train/n04254777/n04254777_20256.JPEG,806,sock
train/n04254777/n04254777_489.JPEG,806,sock
train/n04254777/n04254777_13415.JPEG,806,sock
train/n04254777/n04254777_8229.JPEG,806,sock
train/n04254777/n04254777_45888.JPEG,806,sock
train/n04258138/n04258138_981.JPEG,807,solar thermal collector
train/n04258138/n04258138_5836.JPEG,807,solar thermal collector
train/n04258138/n04258138_17149.JPEG,807,solar thermal collector
train/n04258138/n04258138_3736.JPEG,807,solar thermal collector
train/n04258138/n04258138_5009.JPEG,807,solar thermal collector
train/n04258138/n04258138_13268.JPEG,807,solar thermal collector
train/n04258138/n04258138_16859.JPEG,807,solar thermal collector
train/n04258138/n04258138_4294.JPEG,807,solar thermal collector
train/n04258138/n04258138_3279.JPEG,807,solar thermal collector
train/n04258138/n04258138_243.JPEG,807,solar thermal collector
train/n04258138/n04258138_5043.JPEG,807,solar thermal collector
train/n04258138/n04258138_3014.JPEG,807,solar thermal collector
train/n04258138/n04258138_12923.JPEG,807,solar thermal collector
train/n04258138/n04258138_1831.JPEG,807,solar thermal collector
train/n04258138/n04258138_940.JPEG,807,solar thermal collector
train/n04258138/n04258138_1206.JPEG,807,solar thermal collector
train/n04259630/n04259630_16046.JPEG,808,sombrero
train/n04259630/n04259630_15432.JPEG,808,sombrero
train/n04259630/n04259630_2629.JPEG,808,sombrero
train/n04259630/n04259630_21163.JPEG,808,sombrero
train/n04259630/n04259630_23047.JPEG,808,sombrero
train/n04259630/n04259630_7696.JPEG,808,sombrero
train/n04259630/n04259630_9.JPEG,808,sombrero
train/n04259630/n04259630_7580.JPEG,808,sombrero
train/n04259630/n04259630_6532.JPEG,808,sombrero
train/n04259630/n04259630_12706.JPEG,808,sombrero
train/n04259630/n04259630_15120.JPEG,808,sombrero
train/n04259630/n04259630_20575.JPEG,808,sombrero
train/n04259630/n04259630_10234.JPEG,808,sombrero
train/n04259630/n04259630_7564.JPEG,808,sombrero
train/n04259630/n04259630_15383.JPEG,808,sombrero
train/n04259630/n04259630_15716.JPEG,808,sombrero
train/n04263257/n04263257_8510.JPEG,809,soup bowl
train/n04263257/n04263257_4969.JPEG,809,soup bowl
train/n04263257/n04263257_11501.JPEG,809,soup bowl
train/n04263257/n04263257_1934.JPEG,809,soup bowl
train/n04263257/n04263257_3884.JPEG,809,soup bowl
train/n04263257/n04263257_7095.JPEG,809,soup bowl
train/n04263257/n04263257_16522.JPEG,809,soup bowl
train/n04263257/n04263257_3635.JPEG,809,soup bowl
train/n04263257/n04263257_8964.JPEG,809,soup bowl
train/n04263257/n04263257_8665.JPEG,809,soup bowl
train/n04263257/n04263257_2801.JPEG,809,soup bowl
train/n04263257/n04263257_15444.JPEG,809,soup bowl
train/n04263257/n04263257_15407.JPEG,809,soup bowl
train/n04263257/n04263257_8404.JPEG,809,soup bowl
train/n04263257/n04263257_3097.JPEG,809,soup bowl
train/n04263257/n04263257_2425.JPEG,809,soup bowl
train/n04264628/n04264628_5448.JPEG,810,keyboard space bar
train/n04264628/n04264628_34618.JPEG,810,keyboard space bar
train/n04264628/n04264628_22828.JPEG,810,keyboard space bar
train/n04264628/n04264628_23095.JPEG,810,keyboard space bar
train/n04264628/n04264628_1363.JPEG,810,keyboard space bar
train/n04264628/n04264628_19896.JPEG,810,keyboard space bar
train/n04264628/n04264628_19490.JPEG,810,keyboard space bar
train/n04264628/n04264628_10125.JPEG,810,keyboard space bar
train/n04264628/n04264628_15870.JPEG,810,keyboard space bar
train/n04264628/n04264628_5914.JPEG,810,keyboard space bar
train/n04264628/n04264628_13567.JPEG,810,keyboard space bar
train/n04264628/n04264628_9130.JPEG,810,keyboard space bar
train/n04264628/n04264628_26020.JPEG,810,keyboard space bar
train/n04264628/n04264628_36987.JPEG,810,keyboard space bar
train/n04264628/n04264628_3017.JPEG,810,keyboard space bar
train/n04264628/n04264628_1548.JPEG,810,keyboard space bar
train/n04265275/n04265275_13288.JPEG,811,space heater
train/n04265275/n04265275_13029.JPEG,811,space heater
train/n04265275/n04265275_123.JPEG,811,space heater
train/n04265275/n04265275_8885.JPEG,811,space heater
train/n04265275/n04265275_1253.JPEG,811,space heater
train/n04265275/n04265275_116.JPEG,811,space heater
train/n04265275/n04265275_331.JPEG,811,space heater
train/n04265275/n04265275_4789.JPEG,811,space heater
train/n04265275/n04265275_4919.JPEG,811,space heater
train/n04265275/n04265275_599.JPEG,811,space heater
train/n04265275/n04265275_13413.JPEG,811,space heater
train/n04265275/n04265275_693.JPEG,811,space heater
train/n04265275/n04265275_2619.JPEG,811,space heater
train/n04265275/n04265275_4697.JPEG,811,space heater
train/n04265275/n04265275_76.JPEG,811,space heater
train/n04265275/n04265275_568.JPEG,811,space heater
train/n04266014/n04266014_699.JPEG,812,space shuttle
train/n04266014/n04266014_11181.JPEG,812,space shuttle
train/n04266014/n04266014_7233.JPEG,812,space shuttle
train/n04266014/n04266014_2884.JPEG,812,space shuttle
train/n04266014/n04266014_3852.JPEG,812,space shuttle
train/n04266014/n04266014_3441.JPEG,812,space shuttle
train/n04266014/n04266014_5424.JPEG,812,space shuttle
train/n04266014/n04266014_2517.JPEG,812,space shuttle
train/n04266014/n04266014_5811.JPEG,812,space shuttle
train/n04266014/n04266014_10037.JPEG,812,space shuttle
train/n04266014/n04266014_16858.JPEG,812,space shuttle
train/n04266014/n04266014_3082.JPEG,812,space shuttle
train/n04266014/n04266014_3859.JPEG,812,space shuttle
train/n04266014/n04266014_2269.JPEG,812,space shuttle
train/n04266014/n04266014_416.JPEG,812,space shuttle
train/n04266014/n04266014_14832.JPEG,812,space shuttle
train/n04270147/n04270147_4917.JPEG,813,spatula
train/n04270147/n04270147_8480.JPEG,813,spatula
train/n04270147/n04270147_3366.JPEG,813,spatula
train/n04270147/n04270147_484.JPEG,813,spatula
train/n04270147/n04270147_3848.JPEG,813,spatula
train/n04270147/n04270147_14606.JPEG,813,spatula
train/n04270147/n04270147_9803.JPEG,813,spatula
train/n04270147/n04270147_672.JPEG,813,spatula
train/n04270147/n04270147_9119.JPEG,813,spatula
train/n04270147/n04270147_18307.JPEG,813,spatula
train/n04270147/n04270147_2588.JPEG,813,spatula
train/n04270147/n04270147_9424.JPEG,813,spatula
train/n04270147/n04270147_1916.JPEG,813,spatula
train/n04270147/n04270147_5120.JPEG,813,spatula
train/n04270147/n04270147_3512.JPEG,813,spatula
train/n04270147/n04270147_5551.JPEG,813,spatula
train/n04273569/n04273569_23918.JPEG,814,motorboat
train/n04273569/n04273569_28270.JPEG,814,motorboat
train/n04273569/n04273569_31669.JPEG,814,motorboat
train/n04273569/n04273569_15998.JPEG,814,motorboat
train/n04273569/n04273569_2109.JPEG,814,motorboat
train/n04273569/n04273569_1388.JPEG,814,motorboat
train/n04273569/n04273569_3493.JPEG,814,motorboat
train/n04273569/n04273569_11940.JPEG,814,motorboat
train/n04273569/n04273569_4851.JPEG,814,motorboat
train/n04273569/n04273569_7053.JPEG,814,motorboat
train/n04273569/n04273569_9498.JPEG,814,motorboat
train/n04273569/n04273569_16274.JPEG,814,motorboat
train/n04273569/n04273569_17455.JPEG,814,motorboat
train/n04273569/n04273569_511.JPEG,814,motorboat
train/n04273569/n04273569_3897.JPEG,814,motorboat
train/n04273569/n04273569_9693.JPEG,814,motorboat
train/n04275548/n04275548_9247.JPEG,815,spider web
train/n04275548/n04275548_12969.JPEG,815,spider web
train/n04275548/n04275548_8645.JPEG,815,spider web
train/n04275548/n04275548_4614.JPEG,815,spider web
train/n04275548/n04275548_14980.JPEG,815,spider web
train/n04275548/n04275548_7059.JPEG,815,spider web
train/n04275548/n04275548_6163.JPEG,815,spider web
train/n04275548/n04275548_460.JPEG,815,spider web
train/n04275548/n04275548_8963.JPEG,815,spider web
train/n04275548/n04275548_11757.JPEG,815,spider web
train/n04275548/n04275548_13283.JPEG,815,spider web
train/n04275548/n04275548_10544.JPEG,815,spider web
train/n04275548/n04275548_4009.JPEG,815,spider web
train/n04275548/n04275548_1578.JPEG,815,spider web
train/n04275548/n04275548_12499.JPEG,815,spider web
train/n04275548/n04275548_9645.JPEG,815,spider web
train/n04277352/n04277352_9638.JPEG,816,spindle
train/n04277352/n04277352_982.JPEG,816,spindle
train/n04277352/n04277352_10112.JPEG,816,spindle
train/n04277352/n04277352_22681.JPEG,816,spindle
train/n04277352/n04277352_18595.JPEG,816,spindle
train/n04277352/n04277352_12609.JPEG,816,spindle
train/n04277352/n04277352_6732.JPEG,816,spindle
train/n04277352/n04277352_10262.JPEG,816,spindle
train/n04277352/n04277352_10070.JPEG,816,spindle
train/n04277352/n04277352_11260.JPEG,816,spindle
train/n04277352/n04277352_7039.JPEG,816,spindle
train/n04277352/n04277352_11006.JPEG,816,spindle
train/n04277352/n04277352_6454.JPEG,816,spindle
train/n04277352/n04277352_2341.JPEG,816,spindle
train/n04277352/n04277352_10851.JPEG,816,spindle
train/n04277352/n04277352_6835.JPEG,816,spindle
train/n04285008/n04285008_11452.JPEG,817,sports car
train/n04285008/n04285008_15049.JPEG,817,sports car
train/n04285008/n04285008_4770.JPEG,817,sports car
train/n04285008/n04285008_6554.JPEG,817,sports car
train/n04285008/n04285008_2650.JPEG,817,sports car
train/n04285008/n04285008_3038.JPEG,817,sports car
train/n04285008/n04285008_7965.JPEG,817,sports car
train/n04285008/n04285008_8699.JPEG,817,sports car
train/n04285008/n04285008_10804.JPEG,817,sports car
train/n04285008/n04285008_4556.JPEG,817,sports car
train/n04285008/n04285008_27.JPEG,817,sports car
train/n04285008/n04285008_5251.JPEG,817,sports car
train/n04285008/n04285008_4124.JPEG,817,sports car
train/n04285008/n04285008_1614.JPEG,817,sports car
train/n04285008/n04285008_11794.JPEG,817,sports car
train/n04285008/n04285008_10706.JPEG,817,sports car
train/n04286575/n04286575_21186.JPEG,818,spotlight
train/n04286575/n04286575_37066.JPEG,818,spotlight
train/n04286575/n04286575_38531.JPEG,818,spotlight
train/n04286575/n04286575_7832.JPEG,818,spotlight
train/n04286575/n04286575_48350.JPEG,818,spotlight
train/n04286575/n04286575_13024.JPEG,818,spotlight
train/n04286575/n04286575_807.JPEG,818,spotlight
train/n04286575/n04286575_18726.JPEG,818,spotlight
train/n04286575/n04286575_938.JPEG,818,spotlight
train/n04286575/n04286575_30276.JPEG,818,spotlight
train/n04286575/n04286575_15170.JPEG,818,spotlight
train/n04286575/n04286575_2430.JPEG,818,spotlight
train/n04286575/n04286575_50933.JPEG,818,spotlight
train/n04286575/n04286575_9061.JPEG,818,spotlight
train/n04286575/n04286575_6278.JPEG,818,spotlight
train/n04286575/n04286575_61629.JPEG,818,spotlight
train/n04296562/n04296562_35208.JPEG,819,stage
train/n04296562/n04296562_50356.JPEG,819,stage
train/n04296562/n04296562_10185.JPEG,819,stage
train/n04296562/n04296562_12883.JPEG,819,stage
train/n04296562/n04296562_28938.JPEG,819,stage
train/n04296562/n04296562_17223.JPEG,819,stage
train/n04296562/n04296562_50822.JPEG,819,stage
train/n04296562/n04296562_29605.JPEG,819,stage
train/n04296562/n04296562_15258.JPEG,819,stage
train/n04296562/n04296562_28348.JPEG,819,stage
train/n04296562/n04296562_18597.JPEG,819,stage
train/n04296562/n04296562_94044.JPEG,819,stage
train/n04296562/n04296562_51682.JPEG,819,stage
train/n04296562/n04296562_52904.JPEG,819,stage
train/n04296562/n04296562_51720.JPEG,819,stage
train/n04296562/n04296562_9785.JPEG,819,stage
train/n04310018/n04310018_15648.JPEG,820,steam locomotive
train/n04310018/n04310018_21411.JPEG,820,steam locomotive
train/n04310018/n04310018_10539.JPEG,820,steam locomotive
train/n04310018/n04310018_1191.JPEG,820,steam locomotive
train/n04310018/n04310018_18685.JPEG,820,steam locomotive
train/n04310018/n04310018_1125.JPEG,820,steam locomotive
train/n04310018/n04310018_5895.JPEG,820,steam locomotive
train/n04310018/n04310018_9816.JPEG,820,steam locomotive
train/n04310018/n04310018_21644.JPEG,820,steam locomotive
train/n04310018/n04310018_3433.JPEG,820,steam locomotive
train/n04310018/n04310018_3544.JPEG,820,steam locomotive
train/n04310018/n04310018_8564.JPEG,820,steam locomotive
train/n04310018/n04310018_5302.JPEG,820,steam locomotive
train/n04310018/n04310018_18778.JPEG,820,steam locomotive
train/n04310018/n04310018_12346.JPEG,820,steam locomotive
train/n04310018/n04310018_454.JPEG,820,steam locomotive
train/n04311004/n04311004_3964.JPEG,821,through arch bridge
train/n04311004/n04311004_1025.JPEG,821,through arch bridge
train/n04311004/n04311004_7335.JPEG,821,through arch bridge
train/n04311004/n04311004_2396.JPEG,821,through arch bridge
train/n04311004/n04311004_2530.JPEG,821,through arch bridge
train/n04311004/n04311004_390.JPEG,821,through arch bridge
train/n04311004/n04311004_3822.JPEG,821,through arch bridge
train/n04311004/n04311004_2565.JPEG,821,through arch bridge
train/n04311004/n04311004_3568.JPEG,821,through arch bridge
train/n04311004/n04311004_3895.JPEG,821,through arch bridge
train/n04311004/n04311004_5455.JPEG,821,through arch bridge
train/n04311004/n04311004_3244.JPEG,821,through arch bridge
train/n04311004/n04311004_3455.JPEG,821,through arch bridge
train/n04311004/n04311004_2651.JPEG,821,through arch bridge
train/n04311004/n04311004_2879.JPEG,821,through arch bridge
train/n04311004/n04311004_1153.JPEG,821,through arch bridge
train/n04311174/n04311174_4594.JPEG,822,steel drum
train/n04311174/n04311174_4284.JPEG,822,steel drum
train/n04311174/n04311174_5941.JPEG,822,steel drum
train/n04311174/n04311174_8938.JPEG,822,steel drum
train/n04311174/n04311174_11344.JPEG,822,steel drum
train/n04311174/n04311174_4610.JPEG,822,steel drum
train/n04311174/n04311174_4374.JPEG,822,steel drum
train/n04311174/n04311174_1771.JPEG,822,steel drum
train/n04311174/n04311174_993.JPEG,822,steel drum
train/n04311174/n04311174_1512.JPEG,822,steel drum
train/n04311174/n04311174_1490.JPEG,822,steel drum
train/n04311174/n04311174_1089.JPEG,822,steel drum
train/n04311174/n04311174_15092.JPEG,822,steel drum
train/n04311174/n04311174_8919.JPEG,822,steel drum
train/n04311174/n04311174_8181.JPEG,822,steel drum
train/n04311174/n04311174_10397.JPEG,822,steel drum
train/n04317175/n04317175_10921.JPEG,823,stethoscope
train/n04317175/n04317175_4533.JPEG,823,stethoscope
train/n04317175/n04317175_11891.JPEG,823,stethoscope
train/n04317175/n04317175_1534.JPEG,823,stethoscope
train/n04317175/n04317175_3398.JPEG,823,stethoscope
train/n04317175/n04317175_15155.JPEG,823,stethoscope
train/n04317175/n04317175_6542.JPEG,823,stethoscope
train/n04317175/n04317175_11018.JPEG,823,stethoscope
train/n04317175/n04317175_4648.JPEG,823,stethoscope
train/n04317175/n04317175_9034.JPEG,823,stethoscope
train/n04317175/n04317175_2387.JPEG,823,stethoscope
train/n04317175/n04317175_5031.JPEG,823,stethoscope
train/n04317175/n04317175_12036.JPEG,823,stethoscope
train/n04317175/n04317175_6095.JPEG,823,stethoscope
train/n04317175/n04317175_18581.JPEG,823,stethoscope
train/n04317175/n04317175_2194.JPEG,823,stethoscope
train/n04325704/n04325704_20443.JPEG,824,scarf
train/n04325704/n04325704_7213.JPEG,824,scarf
train/n04325704/n04325704_5965.JPEG,824,scarf
train/n04325704/n04325704_11617.JPEG,824,scarf
train/n04325704/n04325704_7966.JPEG,824,scarf
train/n04325704/n04325704_11177.JPEG,824,scarf
train/n04325704/n04325704_2424.JPEG,824,scarf
train/n04325704/n04325704_3475.JPEG,824,scarf
train/n04325704/n04325704_3131.JPEG,824,scarf
train/n04325704/n04325704_3933.JPEG,824,scarf
train/n04325704/n04325704_12571.JPEG,824,scarf
train/n04325704/n04325704_21847.JPEG,824,scarf
train/n04325704/n04325704_6535.JPEG,824,scarf
train/n04325704/n04325704_16558.JPEG,824,scarf
train/n04325704/n04325704_9949.JPEG,824,scarf
train/n04325704/n04325704_24907.JPEG,824,scarf
train/n04326547/n04326547_7717.JPEG,825,stone wall
train/n04326547/n04326547_3051.JPEG,825,stone wall
train/n04326547/n04326547_20423.JPEG,825,stone wall
train/n04326547/n04326547_15916.JPEG,825,stone wall
train/n04326547/n04326547_9369.JPEG,825,stone wall
train/n04326547/n04326547_5234.JPEG,825,stone wall
train/n04326547/n04326547_10457.JPEG,825,stone wall
train/n04326547/n04326547_1364.JPEG,825,stone wall
train/n04326547/n04326547_11276.JPEG,825,stone wall
train/n04326547/n04326547_12039.JPEG,825,stone wall
train/n04326547/n04326547_14071.JPEG,825,stone wall
train/n04326547/n04326547_757.JPEG,825,stone wall
train/n04326547/n04326547_5978.JPEG,825,stone wall
train/n04326547/n04326547_10246.JPEG,825,stone wall
train/n04326547/n04326547_23710.JPEG,825,stone wall
train/n04326547/n04326547_9931.JPEG,825,stone wall
train/n04328186/n04328186_11058.JPEG,826,stopwatch
train/n04328186/n04328186_20597.JPEG,826,stopwatch
train/n04328186/n04328186_423.JPEG,826,stopwatch
train/n04328186/n04328186_4295.JPEG,826,stopwatch
train/n04328186/n04328186_6608.JPEG,826,stopwatch
train/n04328186/n04328186_3486.JPEG,826,stopwatch
train/n04328186/n04328186_10411.JPEG,826,stopwatch
train/n04328186/n04328186_9183.JPEG,826,stopwatch
train/n04328186/n04328186_9265.JPEG,826,stopwatch
train/n04328186/n04328186_25088.JPEG,826,stopwatch
train/n04328186/n04328186_2264.JPEG,826,stopwatch
train/n04328186/n04328186_7769.JPEG,826,stopwatch
train/n04328186/n04328186_40397.JPEG,826,stopwatch
train/n04328186/n04328186_56.JPEG,826,stopwatch
train/n04328186/n04328186_17200.JPEG,826,stopwatch
train/n04328186/n04328186_14525.JPEG,826,stopwatch
train/n04330267/n04330267_286.JPEG,827,stove
train/n04330267/n04330267_1191.JPEG,827,stove
train/n04330267/n04330267_16444.JPEG,827,stove
train/n04330267/n04330267_10112.JPEG,827,stove
train/n04330267/n04330267_4702.JPEG,827,stove
train/n04330267/n04330267_20368.JPEG,827,stove
train/n04330267/n04330267_8720.JPEG,827,stove
train/n04330267/n04330267_4254.JPEG,827,stove
train/n04330267/n04330267_17953.JPEG,827,stove
train/n04330267/n04330267_5313.JPEG,827,stove
train/n04330267/n04330267_910.JPEG,827,stove
train/n04330267/n04330267_19340.JPEG,827,stove
train/n04330267/n04330267_9145.JPEG,827,stove
train/n04330267/n04330267_20782.JPEG,827,stove
train/n04330267/n04330267_14748.JPEG,827,stove
train/n04330267/n04330267_10529.JPEG,827,stove
train/n04332243/n04332243_37074.JPEG,828,strainer
train/n04332243/n04332243_3356.JPEG,828,strainer
train/n04332243/n04332243_14400.JPEG,828,strainer
train/n04332243/n04332243_12733.JPEG,828,strainer
train/n04332243/n04332243_30932.JPEG,828,strainer
train/n04332243/n04332243_21096.JPEG,828,strainer
train/n04332243/n04332243_13366.JPEG,828,strainer
train/n04332243/n04332243_39935.JPEG,828,strainer
train/n04332243/n04332243_4133.JPEG,828,strainer
train/n04332243/n04332243_4893.JPEG,828,strainer
train/n04332243/n04332243_10228.JPEG,828,strainer
train/n04332243/n04332243_18135.JPEG,828,strainer
train/n04332243/n04332243_18340.JPEG,828,strainer
train/n04332243/n04332243_33540.JPEG,828,strainer
train/n04332243/n04332243_28702.JPEG,828,strainer
train/n04332243/n04332243_3620.JPEG,828,strainer
train/n04335435/n04335435_23263.JPEG,829,tram
train/n04335435/n04335435_9778.JPEG,829,tram
train/n04335435/n04335435_10571.JPEG,829,tram
train/n04335435/n04335435_8161.JPEG,829,tram
train/n04335435/n04335435_2583.JPEG,829,tram
train/n04335435/n04335435_13353.JPEG,829,tram
train/n04335435/n04335435_24108.JPEG,829,tram
train/n04335435/n04335435_4301.JPEG,829,tram
train/n04335435/n04335435_22162.JPEG,829,tram
train/n04335435/n04335435_282.JPEG,829,tram
train/n04335435/n04335435_41941.JPEG,829,tram
train/n04335435/n04335435_18783.JPEG,829,tram
train/n04335435/n04335435_126719.JPEG,829,tram
train/n04335435/n04335435_25407.JPEG,829,tram
train/n04335435/n04335435_850.JPEG,829,tram
train/n04335435/n04335435_1959.JPEG,829,tram
train/n04336792/n04336792_16527.JPEG,830,stretcher
train/n04336792/n04336792_13277.JPEG,830,stretcher
train/n04336792/n04336792_10719.JPEG,830,stretcher
train/n04336792/n04336792_647.JPEG,830,stretcher
train/n04336792/n04336792_9918.JPEG,830,stretcher
train/n04336792/n04336792_7146.JPEG,830,stretcher
train/n04336792/n04336792_18718.JPEG,830,stretcher
train/n04336792/n04336792_15609.JPEG,830,stretcher
train/n04336792/n04336792_15088.JPEG,830,stretcher
train/n04336792/n04336792_4044.JPEG,830,stretcher
train/n04336792/n04336792_5999.JPEG,830,stretcher
train/n04336792/n04336792_3981.JPEG,830,stretcher
train/n04336792/n04336792_10766.JPEG,830,stretcher
train/n04336792/n04336792_6865.JPEG,830,stretcher
train/n04336792/n04336792_9748.JPEG,830,stretcher
train/n04336792/n04336792_9150.JPEG,830,stretcher
train/n04344873/n04344873_15931.JPEG,831,couch
train/n04344873/n04344873_6055.JPEG,831,couch
train/n04344873/n04344873_5200.JPEG,831,couch
train/n04344873/n04344873_10733.JPEG,831,couch
train/n04344873/n04344873_857.JPEG,831,couch
train/n04344873/n04344873_3948.JPEG,831,couch
train/n04344873/n04344873_5264.JPEG,831,couch
train/n04344873/n04344873_14548.JPEG,831,couch
train/n04344873/n04344873_5792.JPEG,831,couch
train/n04344873/n04344873_2488.JPEG,831,couch
train/n04344873/n04344873_6638.JPEG,831,couch
train/n04344873/n04344873_44387.JPEG,831,couch
train/n04344873/n04344873_5724.JPEG,831,couch
train/n04344873/n04344873_12863.JPEG,831,couch
train/n04344873/n04344873_29526.JPEG,831,couch
train/n04344873/n04344873_5867.JPEG,831,couch
train/n04346328/n04346328_11045.JPEG,832,stupa
train/n04346328/n04346328_17019.JPEG,832,stupa
train/n04346328/n04346328_13990.JPEG,832,stupa
train/n04346328/n04346328_15660.JPEG,832,stupa
train/n04346328/n04346328_8284.JPEG,832,stupa
train/n04346328/n04346328_15511.JPEG,832,stupa
train/n04346328/n04346328_6509.JPEG,832,stupa
train/n04346328/n04346328_11147.JPEG,832,stupa
train/n04346328/n04346328_438.JPEG,832,stupa
train/n04346328/n04346328_684.JPEG,832,stupa
train/n04346328/n04346328_22951.JPEG,832,stupa
train/n04346328/n04346328_8288.JPEG,832,stupa
train/n04346328/n04346328_13697.JPEG,832,stupa
train/n04346328/n04346328_16002.JPEG,832,stupa
train/n04346328/n04346328_3174.JPEG,832,stupa
train/n04346328/n04346328_15468.JPEG,832,stupa
train/n04347754/n04347754_36097.JPEG,833,submarine
train/n04347754/n04347754_42958.JPEG,833,submarine
train/n04347754/n04347754_12006.JPEG,833,submarine
train/n04347754/n04347754_21208.JPEG,833,submarine
train/n04347754/n04347754_76434.JPEG,833,submarine
train/n04347754/n04347754_68571.JPEG,833,submarine
train/n04347754/n04347754_51431.JPEG,833,submarine
train/n04347754/n04347754_10985.JPEG,833,submarine
train/n04347754/n04347754_6796.JPEG,833,submarine
train/n04347754/n04347754_96570.JPEG,833,submarine
train/n04347754/n04347754_79756.JPEG,833,submarine
train/n04347754/n04347754_45619.JPEG,833,submarine
train/n04347754/n04347754_265.JPEG,833,submarine
train/n04347754/n04347754_44595.JPEG,833,submarine
train/n04347754/n04347754_9836.JPEG,833,submarine
train/n04347754/n04347754_36626.JPEG,833,submarine
train/n04350905/n04350905_99971.JPEG,834,suit
train/n04350905/n04350905_20977.JPEG,834,suit
train/n04350905/n04350905_13659.JPEG,834,suit
train/n04350905/n04350905_3986.JPEG,834,suit
train/n04350905/n04350905_76997.JPEG,834,suit
train/n04350905/n04350905_14737.JPEG,834,suit
train/n04350905/n04350905_10815.JPEG,834,suit
train/n04350905/n04350905_2755.JPEG,834,suit
train/n04350905/n04350905_49200.JPEG,834,suit
train/n04350905/n04350905_23846.JPEG,834,suit
train/n04350905/n04350905_4060.JPEG,834,suit
train/n04350905/n04350905_45661.JPEG,834,suit
train/n04350905/n04350905_22304.JPEG,834,suit
train/n04350905/n04350905_56563.JPEG,834,suit
train/n04350905/n04350905_11737.JPEG,834,suit
train/n04350905/n04350905_66467.JPEG,834,suit
train/n04355338/n04355338_46.JPEG,835,sundial
train/n04355338/n04355338_8002.JPEG,835,sundial
train/n04355338/n04355338_22524.JPEG,835,sundial
train/n04355338/n04355338_9971.JPEG,835,sundial
train/n04355338/n04355338_21667.JPEG,835,sundial
train/n04355338/n04355338_12538.JPEG,835,sundial
train/n04355338/n04355338_2495.JPEG,835,sundial
train/n04355338/n04355338_16420.JPEG,835,sundial
train/n04355338/n04355338_3039.JPEG,835,sundial
train/n04355338/n04355338_9504.JPEG,835,sundial
train/n04355338/n04355338_19266.JPEG,835,sundial
train/n04355338/n04355338_12189.JPEG,835,sundial
train/n04355338/n04355338_198.JPEG,835,sundial
train/n04355338/n04355338_5929.JPEG,835,sundial
train/n04355338/n04355338_16638.JPEG,835,sundial
train/n04355338/n04355338_12267.JPEG,835,sundial
train/n04355933/n04355933_910.JPEG,836,sunglasses
train/n04355933/n04355933_595.JPEG,836,sunglasses
train/n04355933/n04355933_6173.JPEG,836,sunglasses
train/n04355933/n04355933_12219.JPEG,836,sunglasses
train/n04355933/n04355933_8415.JPEG,836,sunglasses
train/n04355933/n04355933_37.JPEG,836,sunglasses
train/n04355933/n04355933_812.JPEG,836,sunglasses
train/n04355933/n04355933_6223.JPEG,836,sunglasses
train/n04355933/n04355933_1110.JPEG,836,sunglasses
train/n04355933/n04355933_2737.JPEG,836,sunglasses
train/n04355933/n04355933_1934.JPEG,836,sunglasses
train/n04355933/n04355933_12268.JPEG,836,sunglasses
train/n04355933/n04355933_16891.JPEG,836,sunglasses
train/n04355933/n04355933_6541.JPEG,836,sunglasses
train/n04355933/n04355933_5938.JPEG,836,sunglasses
train/n04355933/n04355933_5344.JPEG,836,sunglasses
train/n04356056/n04356056_10115.JPEG,837,sunglasses
train/n04356056/n04356056_4065.JPEG,837,sunglasses
train/n04356056/n04356056_60114.JPEG,837,sunglasses
train/n04356056/n04356056_7632.JPEG,837,sunglasses
train/n04356056/n04356056_8084.JPEG,837,sunglasses
train/n04356056/n04356056_39901.JPEG,837,sunglasses
train/n04356056/n04356056_5086.JPEG,837,sunglasses
train/n04356056/n04356056_8111.JPEG,837,sunglasses
train/n04356056/n04356056_4298.JPEG,837,sunglasses
train/n04356056/n04356056_25859.JPEG,837,sunglasses
train/n04356056/n04356056_6001.JPEG,837,sunglasses
train/n04356056/n04356056_6969.JPEG,837,sunglasses
train/n04356056/n04356056_9701.JPEG,837,sunglasses
train/n04356056/n04356056_53445.JPEG,837,sunglasses
train/n04356056/n04356056_1788.JPEG,837,sunglasses
train/n04356056/n04356056_33602.JPEG,837,sunglasses
train/n04357314/n04357314_4124.JPEG,838,sunscreen
train/n04357314/n04357314_6362.JPEG,838,sunscreen
train/n04357314/n04357314_2079.JPEG,838,sunscreen
train/n04357314/n04357314_12010.JPEG,838,sunscreen
train/n04357314/n04357314_2043.JPEG,838,sunscreen
train/n04357314/n04357314_1495.JPEG,838,sunscreen
train/n04357314/n04357314_9741.JPEG,838,sunscreen
train/n04357314/n04357314_13722.JPEG,838,sunscreen
train/n04357314/n04357314_13997.JPEG,838,sunscreen
train/n04357314/n04357314_10296.JPEG,838,sunscreen
train/n04357314/n04357314_10019.JPEG,838,sunscreen
train/n04357314/n04357314_14049.JPEG,838,sunscreen
train/n04357314/n04357314_19690.JPEG,838,sunscreen
train/n04357314/n04357314_14097.JPEG,838,sunscreen
train/n04357314/n04357314_2376.JPEG,838,sunscreen
train/n04357314/n04357314_8738.JPEG,838,sunscreen
train/n04366367/n04366367_27803.JPEG,839,suspension bridge
train/n04366367/n04366367_5185.JPEG,839,suspension bridge
train/n04366367/n04366367_3978.JPEG,839,suspension bridge
train/n04366367/n04366367_9921.JPEG,839,suspension bridge
train/n04366367/n04366367_7655.JPEG,839,suspension bridge
train/n04366367/n04366367_5729.JPEG,839,suspension bridge
train/n04366367/n04366367_30354.JPEG,839,suspension bridge
train/n04366367/n04366367_1849.JPEG,839,suspension bridge
train/n04366367/n04366367_12039.JPEG,839,suspension bridge
train/n04366367/n04366367_615.JPEG,839,suspension bridge
train/n04366367/n04366367_5077.JPEG,839,suspension bridge
train/n04366367/n04366367_8198.JPEG,839,suspension bridge
train/n04366367/n04366367_436.JPEG,839,suspension bridge
train/n04366367/n04366367_1062.JPEG,839,suspension bridge
train/n04366367/n04366367_8722.JPEG,839,suspension bridge
train/n04366367/n04366367_9509.JPEG,839,suspension bridge
train/n04367480/n04367480_6684.JPEG,840,mop
train/n04367480/n04367480_11301.JPEG,840,mop
train/n04367480/n04367480_16536.JPEG,840,mop
train/n04367480/n04367480_528.JPEG,840,mop
train/n04367480/n04367480_2853.JPEG,840,mop
train/n04367480/n04367480_23154.JPEG,840,mop
train/n04367480/n04367480_185.JPEG,840,mop
train/n04367480/n04367480_9232.JPEG,840,mop
train/n04367480/n04367480_2189.JPEG,840,mop
train/n04367480/n04367480_17491.JPEG,840,mop
train/n04367480/n04367480_26403.JPEG,840,mop
train/n04367480/n04367480_18060.JPEG,840,mop
train/n04367480/n04367480_26807.JPEG,840,mop
train/n04367480/n04367480_762.JPEG,840,mop
train/n04367480/n04367480_5697.JPEG,840,mop
train/n04367480/n04367480_23676.JPEG,840,mop
train/n04370456/n04370456_1153.JPEG,841,sweatshirt
train/n04370456/n04370456_8130.JPEG,841,sweatshirt
train/n04370456/n04370456_9387.JPEG,841,sweatshirt
train/n04370456/n04370456_1870.JPEG,841,sweatshirt
train/n04370456/n04370456_4412.JPEG,841,sweatshirt
train/n04370456/n04370456_7975.JPEG,841,sweatshirt
train/n04370456/n04370456_25506.JPEG,841,sweatshirt
train/n04370456/n04370456_5165.JPEG,841,sweatshirt
train/n04370456/n04370456_650.JPEG,841,sweatshirt
train/n04370456/n04370456_8205.JPEG,841,sweatshirt
train/n04370456/n04370456_16830.JPEG,841,sweatshirt
train/n04370456/n04370456_11538.JPEG,841,sweatshirt
train/n04370456/n04370456_2693.JPEG,841,sweatshirt
train/n04370456/n04370456_9949.JPEG,841,sweatshirt
train/n04370456/n04370456_11649.JPEG,841,sweatshirt
train/n04370456/n04370456_16478.JPEG,841,sweatshirt
train/n04371430/n04371430_684.JPEG,842,swim trunks / shorts
train/n04371430/n04371430_7068.JPEG,842,swim trunks / shorts
train/n04371430/n04371430_14276.JPEG,842,swim trunks / shorts
train/n04371430/n04371430_8728.JPEG,842,swim trunks / shorts
train/n04371430/n04371430_7408.JPEG,842,swim trunks / shorts
train/n04371430/n04371430_3613.JPEG,842,swim trunks / shorts
train/n04371430/n04371430_9760.JPEG,842,swim trunks / shorts
train/n04371430/n04371430_1285.JPEG,842,swim trunks / shorts
train/n04371430/n04371430_9670.JPEG,842,swim trunks / shorts
train/n04371430/n04371430_3279.JPEG,842,swim trunks / shorts
train/n04371430/n04371430_23018.JPEG,842,swim trunks / shorts
train/n04371430/n04371430_2704.JPEG,842,swim trunks / shorts
train/n04371430/n04371430_6881.JPEG,842,swim trunks / shorts
train/n04371430/n04371430_9195.JPEG,842,swim trunks / shorts
train/n04371430/n04371430_6884.JPEG,842,swim trunks / shorts
train/n04371430/n04371430_15669.JPEG,842,swim trunks / shorts
train/n04371774/n04371774_7192.JPEG,843,swing
train/n04371774/n04371774_14881.JPEG,843,swing
train/n04371774/n04371774_12204.JPEG,843,swing
train/n04371774/n04371774_13971.JPEG,843,swing
train/n04371774/n04371774_4605.JPEG,843,swing
train/n04371774/n04371774_2800.JPEG,843,swing
train/n04371774/n04371774_13893.JPEG,843,swing
train/n04371774/n04371774_4541.JPEG,843,swing
train/n04371774/n04371774_15202.JPEG,843,swing
train/n04371774/n04371774_9618.JPEG,843,swing
train/n04371774/n04371774_25244.JPEG,843,swing
train/n04371774/n04371774_323.JPEG,843,swing
train/n04371774/n04371774_2003.JPEG,843,swing
train/n04371774/n04371774_12095.JPEG,843,swing
train/n04371774/n04371774_14359.JPEG,843,swing
train/n04371774/n04371774_6203.JPEG,843,swing
train/n04372370/n04372370_14577.JPEG,844,electrical switch
train/n04372370/n04372370_35883.JPEG,844,electrical switch
train/n04372370/n04372370_3451.JPEG,844,electrical switch
train/n04372370/n04372370_53907.JPEG,844,electrical switch
train/n04372370/n04372370_5692.JPEG,844,electrical switch
train/n04372370/n04372370_39025.JPEG,844,electrical switch
train/n04372370/n04372370_28968.JPEG,844,electrical switch
train/n04372370/n04372370_20838.JPEG,844,electrical switch
train/n04372370/n04372370_4307.JPEG,844,electrical switch
train/n04372370/n04372370_43526.JPEG,844,electrical switch
train/n04372370/n04372370_35488.JPEG,844,electrical switch
train/n04372370/n04372370_25024.JPEG,844,electrical switch
train/n04372370/n04372370_28035.JPEG,844,electrical switch
train/n04372370/n04372370_28347.JPEG,844,electrical switch
train/n04372370/n04372370_24275.JPEG,844,electrical switch
train/n04372370/n04372370_6192.JPEG,844,electrical switch
train/n04376876/n04376876_4812.JPEG,845,syringe
train/n04376876/n04376876_7431.JPEG,845,syringe
train/n04376876/n04376876_14448.JPEG,845,syringe
train/n04376876/n04376876_7726.JPEG,845,syringe
train/n04376876/n04376876_11048.JPEG,845,syringe
train/n04376876/n04376876_13726.JPEG,845,syringe
train/n04376876/n04376876_1113.JPEG,845,syringe
train/n04376876/n04376876_19210.JPEG,845,syringe
train/n04376876/n04376876_11964.JPEG,845,syringe
train/n04376876/n04376876_9665.JPEG,845,syringe
train/n04376876/n04376876_14751.JPEG,845,syringe
train/n04376876/n04376876_4152.JPEG,845,syringe
train/n04376876/n04376876_18295.JPEG,845,syringe
train/n04376876/n04376876_22326.JPEG,845,syringe
train/n04376876/n04376876_12663.JPEG,845,syringe
train/n04376876/n04376876_657.JPEG,845,syringe
train/n04380533/n04380533_2192.JPEG,846,table lamp
train/n04380533/n04380533_4560.JPEG,846,table lamp
train/n04380533/n04380533_28605.JPEG,846,table lamp
train/n04380533/n04380533_593.JPEG,846,table lamp
train/n04380533/n04380533_6003.JPEG,846,table lamp
train/n04380533/n04380533_729.JPEG,846,table lamp
train/n04380533/n04380533_8387.JPEG,846,table lamp
train/n04380533/n04380533_888.JPEG,846,table lamp
train/n04380533/n04380533_624.JPEG,846,table lamp
train/n04380533/n04380533_4424.JPEG,846,table lamp
train/n04380533/n04380533_2507.JPEG,846,table lamp
train/n04380533/n04380533_7779.JPEG,846,table lamp
train/n04380533/n04380533_4573.JPEG,846,table lamp
train/n04380533/n04380533_139.JPEG,846,table lamp
train/n04380533/n04380533_4182.JPEG,846,table lamp
train/n04380533/n04380533_1942.JPEG,846,table lamp
train/n04389033/n04389033_26887.JPEG,847,tank
train/n04389033/n04389033_32995.JPEG,847,tank
train/n04389033/n04389033_20198.JPEG,847,tank
train/n04389033/n04389033_59508.JPEG,847,tank
train/n04389033/n04389033_2334.JPEG,847,tank
train/n04389033/n04389033_4105.JPEG,847,tank
train/n04389033/n04389033_18335.JPEG,847,tank
train/n04389033/n04389033_14900.JPEG,847,tank
train/n04389033/n04389033_29813.JPEG,847,tank
train/n04389033/n04389033_26785.JPEG,847,tank
train/n04389033/n04389033_21560.JPEG,847,tank
train/n04389033/n04389033_26990.JPEG,847,tank
train/n04389033/n04389033_1092.JPEG,847,tank
train/n04389033/n04389033_47946.JPEG,847,tank
train/n04389033/n04389033_32965.JPEG,847,tank
train/n04389033/n04389033_20134.JPEG,847,tank
train/n04392985/n04392985_3453.JPEG,848,tape player
train/n04392985/n04392985_13583.JPEG,848,tape player
train/n04392985/n04392985_7425.JPEG,848,tape player
train/n04392985/n04392985_5316.JPEG,848,tape player
train/n04392985/n04392985_9539.JPEG,848,tape player
train/n04392985/n04392985_4706.JPEG,848,tape player
train/n04392985/n04392985_8032.JPEG,848,tape player
train/n04392985/n04392985_9058.JPEG,848,tape player
train/n04392985/n04392985_4281.JPEG,848,tape player
train/n04392985/n04392985_4183.JPEG,848,tape player
train/n04392985/n04392985_14432.JPEG,848,tape player
train/n04392985/n04392985_21714.JPEG,848,tape player
train/n04392985/n04392985_661.JPEG,848,tape player
train/n04392985/n04392985_9321.JPEG,848,tape player
train/n04392985/n04392985_8308.JPEG,848,tape player
train/n04392985/n04392985_5998.JPEG,848,tape player
train/n04398044/n04398044_15376.JPEG,849,teapot
train/n04398044/n04398044_21474.JPEG,849,teapot
train/n04398044/n04398044_8965.JPEG,849,teapot
train/n04398044/n04398044_33474.JPEG,849,teapot
train/n04398044/n04398044_13170.JPEG,849,teapot
train/n04398044/n04398044_2593.JPEG,849,teapot
train/n04398044/n04398044_25656.JPEG,849,teapot
train/n04398044/n04398044_5194.JPEG,849,teapot
train/n04398044/n04398044_4811.JPEG,849,teapot
train/n04398044/n04398044_13812.JPEG,849,teapot
train/n04398044/n04398044_5265.JPEG,849,teapot
train/n04398044/n04398044_4470.JPEG,849,teapot
train/n04398044/n04398044_34982.JPEG,849,teapot
train/n04398044/n04398044_18450.JPEG,849,teapot
train/n04398044/n04398044_11512.JPEG,849,teapot
train/n04398044/n04398044_6777.JPEG,849,teapot
train/n04399382/n04399382_31535.JPEG,850,teddy bear
train/n04399382/n04399382_5229.JPEG,850,teddy bear
train/n04399382/n04399382_5329.JPEG,850,teddy bear
train/n04399382/n04399382_33612.JPEG,850,teddy bear
train/n04399382/n04399382_25629.JPEG,850,teddy bear
train/n04399382/n04399382_1571.JPEG,850,teddy bear
train/n04399382/n04399382_5602.JPEG,850,teddy bear
train/n04399382/n04399382_33572.JPEG,850,teddy bear
train/n04399382/n04399382_5613.JPEG,850,teddy bear
train/n04399382/n04399382_26429.JPEG,850,teddy bear
train/n04399382/n04399382_25138.JPEG,850,teddy bear
train/n04399382/n04399382_7003.JPEG,850,teddy bear
train/n04399382/n04399382_29785.JPEG,850,teddy bear
train/n04399382/n04399382_9997.JPEG,850,teddy bear
train/n04399382/n04399382_13879.JPEG,850,teddy bear
train/n04399382/n04399382_27844.JPEG,850,teddy bear
train/n04404412/n04404412_7852.JPEG,851,television
train/n04404412/n04404412_27106.JPEG,851,television
train/n04404412/n04404412_22422.JPEG,851,television
train/n04404412/n04404412_13608.JPEG,851,television
train/n04404412/n04404412_406.JPEG,851,television
train/n04404412/n04404412_10023.JPEG,851,television
train/n04404412/n04404412_2302.JPEG,851,television
train/n04404412/n04404412_34124.JPEG,851,television
train/n04404412/n04404412_2921.JPEG,851,television
train/n04404412/n04404412_19678.JPEG,851,television
train/n04404412/n04404412_2919.JPEG,851,television
train/n04404412/n04404412_32525.JPEG,851,television
train/n04404412/n04404412_24813.JPEG,851,television
train/n04404412/n04404412_49684.JPEG,851,television
train/n04404412/n04404412_30374.JPEG,851,television
train/n04404412/n04404412_9279.JPEG,851,television
train/n04409515/n04409515_19603.JPEG,852,tennis ball
train/n04409515/n04409515_1362.JPEG,852,tennis ball
train/n04409515/n04409515_6097.JPEG,852,tennis ball
train/n04409515/n04409515_7446.JPEG,852,tennis ball
train/n04409515/n04409515_13240.JPEG,852,tennis ball
train/n04409515/n04409515_7157.JPEG,852,tennis ball
train/n04409515/n04409515_15795.JPEG,852,tennis ball
train/n04409515/n04409515_5719.JPEG,852,tennis ball
train/n04409515/n04409515_7537.JPEG,852,tennis ball
train/n04409515/n04409515_737.JPEG,852,tennis ball
train/n04409515/n04409515_8776.JPEG,852,tennis ball
train/n04409515/n04409515_13943.JPEG,852,tennis ball
train/n04409515/n04409515_1177.JPEG,852,tennis ball
train/n04409515/n04409515_10445.JPEG,852,tennis ball
train/n04409515/n04409515_6116.JPEG,852,tennis ball
train/n04409515/n04409515_1829.JPEG,852,tennis ball
train/n04417672/n04417672_8955.JPEG,853,thatched roof
train/n04417672/n04417672_6177.JPEG,853,thatched roof
train/n04417672/n04417672_9442.JPEG,853,thatched roof
train/n04417672/n04417672_5304.JPEG,853,thatched roof
train/n04417672/n04417672_9214.JPEG,853,thatched roof
train/n04417672/n04417672_11127.JPEG,853,thatched roof
train/n04417672/n04417672_2656.JPEG,853,thatched roof
train/n04417672/n04417672_127.JPEG,853,thatched roof
train/n04417672/n04417672_3158.JPEG,853,thatched roof
train/n04417672/n04417672_2795.JPEG,853,thatched roof
train/n04417672/n04417672_10153.JPEG,853,thatched roof
train/n04417672/n04417672_13738.JPEG,853,thatched roof
train/n04417672/n04417672_373.JPEG,853,thatched roof
train/n04417672/n04417672_750.JPEG,853,thatched roof
train/n04417672/n04417672_35.JPEG,853,thatched roof
train/n04417672/n04417672_11567.JPEG,853,thatched roof
train/n04418357/n04418357_15350.JPEG,854,front curtain
train/n04418357/n04418357_15663.JPEG,854,front curtain
train/n04418357/n04418357_1368.JPEG,854,front curtain
train/n04418357/n04418357_10530.JPEG,854,front curtain
train/n04418357/n04418357_2317.JPEG,854,front curtain
train/n04418357/n04418357_18402.JPEG,854,front curtain
train/n04418357/n04418357_13140.JPEG,854,front curtain
train/n04418357/n04418357_12528.JPEG,854,front curtain
train/n04418357/n04418357_42778.JPEG,854,front curtain
train/n04418357/n04418357_11898.JPEG,854,front curtain
train/n04418357/n04418357_8292.JPEG,854,front curtain
train/n04418357/n04418357_16163.JPEG,854,front curtain
train/n04418357/n04418357_11432.JPEG,854,front curtain
train/n04418357/n04418357_9732.JPEG,854,front curtain
train/n04418357/n04418357_5270.JPEG,854,front curtain
train/n04418357/n04418357_2579.JPEG,854,front curtain
train/n04423845/n04423845_4141.JPEG,855,thimble
train/n04423845/n04423845_22643.JPEG,855,thimble
train/n04423845/n04423845_2495.JPEG,855,thimble
train/n04423845/n04423845_28234.JPEG,855,thimble
train/n04423845/n04423845_22261.JPEG,855,thimble
train/n04423845/n04423845_245.JPEG,855,thimble
train/n04423845/n04423845_2123.JPEG,855,thimble
train/n04423845/n04423845_23406.JPEG,855,thimble
train/n04423845/n04423845_10633.JPEG,855,thimble
train/n04423845/n04423845_33641.JPEG,855,thimble
train/n04423845/n04423845_8095.JPEG,855,thimble
train/n04423845/n04423845_10412.JPEG,855,thimble
train/n04423845/n04423845_10046.JPEG,855,thimble
train/n04423845/n04423845_24355.JPEG,855,thimble
train/n04423845/n04423845_30866.JPEG,855,thimble
train/n04423845/n04423845_20748.JPEG,855,thimble
train/n04428191/n04428191_13422.JPEG,856,threshing machine
train/n04428191/n04428191_36851.JPEG,856,threshing machine
train/n04428191/n04428191_14648.JPEG,856,threshing machine
train/n04428191/n04428191_12627.JPEG,856,threshing machine
train/n04428191/n04428191_4419.JPEG,856,threshing machine
train/n04428191/n04428191_13663.JPEG,856,threshing machine
train/n04428191/n04428191_34180.JPEG,856,threshing machine
train/n04428191/n04428191_7890.JPEG,856,threshing machine
train/n04428191/n04428191_8080.JPEG,856,threshing machine
train/n04428191/n04428191_19396.JPEG,856,threshing machine
train/n04428191/n04428191_16925.JPEG,856,threshing machine
train/n04428191/n04428191_5522.JPEG,856,threshing machine
train/n04428191/n04428191_20030.JPEG,856,threshing machine
train/n04428191/n04428191_7953.JPEG,856,threshing machine
train/n04428191/n04428191_38169.JPEG,856,threshing machine
train/n04428191/n04428191_13902.JPEG,856,threshing machine
train/n04429376/n04429376_25177.JPEG,857,throne
train/n04429376/n04429376_20906.JPEG,857,throne
train/n04429376/n04429376_353.JPEG,857,throne
train/n04429376/n04429376_17464.JPEG,857,throne
train/n04429376/n04429376_9691.JPEG,857,throne
train/n04429376/n04429376_11002.JPEG,857,throne
train/n04429376/n04429376_21668.JPEG,857,throne
train/n04429376/n04429376_14237.JPEG,857,throne
train/n04429376/n04429376_30436.JPEG,857,throne
train/n04429376/n04429376_2511.JPEG,857,throne
train/n04429376/n04429376_6308.JPEG,857,throne
train/n04429376/n04429376_14272.JPEG,857,throne
train/n04429376/n04429376_9026.JPEG,857,throne
train/n04429376/n04429376_17705.JPEG,857,throne
train/n04429376/n04429376_15771.JPEG,857,throne
train/n04429376/n04429376_13779.JPEG,857,throne
train/n04435653/n04435653_8976.JPEG,858,tile roof
train/n04435653/n04435653_8405.JPEG,858,tile roof
train/n04435653/n04435653_572.JPEG,858,tile roof
train/n04435653/n04435653_2271.JPEG,858,tile roof
train/n04435653/n04435653_9563.JPEG,858,tile roof
train/n04435653/n04435653_4367.JPEG,858,tile roof
train/n04435653/n04435653_8761.JPEG,858,tile roof
train/n04435653/n04435653_6493.JPEG,858,tile roof
train/n04435653/n04435653_3361.JPEG,858,tile roof
train/n04435653/n04435653_3230.JPEG,858,tile roof
train/n04435653/n04435653_10246.JPEG,858,tile roof
train/n04435653/n04435653_67.JPEG,858,tile roof
train/n04435653/n04435653_10202.JPEG,858,tile roof
train/n04435653/n04435653_11231.JPEG,858,tile roof
train/n04435653/n04435653_11680.JPEG,858,tile roof
train/n04435653/n04435653_449.JPEG,858,tile roof
train/n04442312/n04442312_1436.JPEG,859,toaster
train/n04442312/n04442312_18166.JPEG,859,toaster
train/n04442312/n04442312_6934.JPEG,859,toaster
train/n04442312/n04442312_13834.JPEG,859,toaster
train/n04442312/n04442312_27277.JPEG,859,toaster
train/n04442312/n04442312_12178.JPEG,859,toaster
train/n04442312/n04442312_866.JPEG,859,toaster
train/n04442312/n04442312_10638.JPEG,859,toaster
train/n04442312/n04442312_29086.JPEG,859,toaster
train/n04442312/n04442312_9997.JPEG,859,toaster
train/n04442312/n04442312_4366.JPEG,859,toaster
train/n04442312/n04442312_16620.JPEG,859,toaster
train/n04442312/n04442312_25104.JPEG,859,toaster
train/n04442312/n04442312_12002.JPEG,859,toaster
train/n04442312/n04442312_23465.JPEG,859,toaster
train/n04442312/n04442312_22345.JPEG,859,toaster
train/n04443257/n04443257_13593.JPEG,860,tobacco shop
train/n04443257/n04443257_12171.JPEG,860,tobacco shop
train/n04443257/n04443257_50194.JPEG,860,tobacco shop
train/n04443257/n04443257_649.JPEG,860,tobacco shop
train/n04443257/n04443257_16406.JPEG,860,tobacco shop
train/n04443257/n04443257_26689.JPEG,860,tobacco shop
train/n04443257/n04443257_11013.JPEG,860,tobacco shop
train/n04443257/n04443257_17305.JPEG,860,tobacco shop
train/n04443257/n04443257_4783.JPEG,860,tobacco shop
train/n04443257/n04443257_18711.JPEG,860,tobacco shop
train/n04443257/n04443257_2035.JPEG,860,tobacco shop
train/n04443257/n04443257_8911.JPEG,860,tobacco shop
train/n04443257/n04443257_18847.JPEG,860,tobacco shop
train/n04443257/n04443257_40522.JPEG,860,tobacco shop
train/n04443257/n04443257_9685.JPEG,860,tobacco shop
train/n04443257/n04443257_15379.JPEG,860,tobacco shop
train/n04447861/n04447861_124.JPEG,861,toilet seat
train/n04447861/n04447861_17665.JPEG,861,toilet seat
train/n04447861/n04447861_1610.JPEG,861,toilet seat
train/n04447861/n04447861_2872.JPEG,861,toilet seat
train/n04447861/n04447861_7242.JPEG,861,toilet seat
train/n04447861/n04447861_2753.JPEG,861,toilet seat
train/n04447861/n04447861_19671.JPEG,861,toilet seat
train/n04447861/n04447861_3878.JPEG,861,toilet seat
train/n04447861/n04447861_4489.JPEG,861,toilet seat
train/n04447861/n04447861_1186.JPEG,861,toilet seat
train/n04447861/n04447861_1861.JPEG,861,toilet seat
train/n04447861/n04447861_4103.JPEG,861,toilet seat
train/n04447861/n04447861_576.JPEG,861,toilet seat
train/n04447861/n04447861_19035.JPEG,861,toilet seat
train/n04447861/n04447861_3525.JPEG,861,toilet seat
train/n04447861/n04447861_4966.JPEG,861,toilet seat
train/n04456115/n04456115_32651.JPEG,862,torch
train/n04456115/n04456115_3075.JPEG,862,torch
train/n04456115/n04456115_52881.JPEG,862,torch
train/n04456115/n04456115_13207.JPEG,862,torch
train/n04456115/n04456115_12488.JPEG,862,torch
train/n04456115/n04456115_20678.JPEG,862,torch
train/n04456115/n04456115_53715.JPEG,862,torch
train/n04456115/n04456115_44170.JPEG,862,torch
train/n04456115/n04456115_5761.JPEG,862,torch
train/n04456115/n04456115_6314.JPEG,862,torch
train/n04456115/n04456115_28616.JPEG,862,torch
train/n04456115/n04456115_19932.JPEG,862,torch
train/n04456115/n04456115_40081.JPEG,862,torch
train/n04456115/n04456115_3662.JPEG,862,torch
train/n04456115/n04456115_59186.JPEG,862,torch
train/n04456115/n04456115_55548.JPEG,862,torch
train/n04458633/n04458633_327.JPEG,863,totem pole
train/n04458633/n04458633_29128.JPEG,863,totem pole
train/n04458633/n04458633_1223.JPEG,863,totem pole
train/n04458633/n04458633_10611.JPEG,863,totem pole
train/n04458633/n04458633_556.JPEG,863,totem pole
train/n04458633/n04458633_23777.JPEG,863,totem pole
train/n04458633/n04458633_8864.JPEG,863,totem pole
train/n04458633/n04458633_16892.JPEG,863,totem pole
train/n04458633/n04458633_6966.JPEG,863,totem pole
train/n04458633/n04458633_9326.JPEG,863,totem pole
train/n04458633/n04458633_1540.JPEG,863,totem pole
train/n04458633/n04458633_12810.JPEG,863,totem pole
train/n04458633/n04458633_10309.JPEG,863,totem pole
train/n04458633/n04458633_6415.JPEG,863,totem pole
train/n04458633/n04458633_2458.JPEG,863,totem pole
train/n04458633/n04458633_6801.JPEG,863,totem pole
train/n04461696/n04461696_15199.JPEG,864,tow truck
train/n04461696/n04461696_21169.JPEG,864,tow truck
train/n04461696/n04461696_1596.JPEG,864,tow truck
train/n04461696/n04461696_22531.JPEG,864,tow truck
train/n04461696/n04461696_11763.JPEG,864,tow truck
train/n04461696/n04461696_23190.JPEG,864,tow truck
train/n04461696/n04461696_12227.JPEG,864,tow truck
train/n04461696/n04461696_8007.JPEG,864,tow truck
train/n04461696/n04461696_10270.JPEG,864,tow truck
train/n04461696/n04461696_3476.JPEG,864,tow truck
train/n04461696/n04461696_8516.JPEG,864,tow truck
train/n04461696/n04461696_4557.JPEG,864,tow truck
train/n04461696/n04461696_14292.JPEG,864,tow truck
train/n04461696/n04461696_5958.JPEG,864,tow truck
train/n04461696/n04461696_9109.JPEG,864,tow truck
train/n04461696/n04461696_3817.JPEG,864,tow truck
train/n04462240/n04462240_4679.JPEG,865,toy store
train/n04462240/n04462240_19758.JPEG,865,toy store
train/n04462240/n04462240_8565.JPEG,865,toy store
train/n04462240/n04462240_5733.JPEG,865,toy store
train/n04462240/n04462240_17417.JPEG,865,toy store
train/n04462240/n04462240_3783.JPEG,865,toy store
train/n04462240/n04462240_18286.JPEG,865,toy store
train/n04462240/n04462240_11849.JPEG,865,toy store
train/n04462240/n04462240_11852.JPEG,865,toy store
train/n04462240/n04462240_5280.JPEG,865,toy store
train/n04462240/n04462240_12922.JPEG,865,toy store
train/n04462240/n04462240_15909.JPEG,865,toy store
train/n04462240/n04462240_7575.JPEG,865,toy store
train/n04462240/n04462240_10443.JPEG,865,toy store
train/n04462240/n04462240_12047.JPEG,865,toy store
train/n04462240/n04462240_13451.JPEG,865,toy store
train/n04465501/n04465501_2206.JPEG,866,tractor
train/n04465501/n04465501_7117.JPEG,866,tractor
train/n04465501/n04465501_1585.JPEG,866,tractor
train/n04465501/n04465501_11019.JPEG,866,tractor
train/n04465501/n04465501_10982.JPEG,866,tractor
train/n04465501/n04465501_309.JPEG,866,tractor
train/n04465501/n04465501_14464.JPEG,866,tractor
train/n04465501/n04465501_1385.JPEG,866,tractor
train/n04465501/n04465501_4780.JPEG,866,tractor
train/n04465501/n04465501_5296.JPEG,866,tractor
train/n04465501/n04465501_4842.JPEG,866,tractor
train/n04465501/n04465501_17095.JPEG,866,tractor
train/n04465501/n04465501_2470.JPEG,866,tractor
train/n04465501/n04465501_13149.JPEG,866,tractor
train/n04465501/n04465501_9550.JPEG,866,tractor
train/n04465501/n04465501_2941.JPEG,866,tractor
train/n04467665/n04467665_13328.JPEG,867,semi-trailer truck
train/n04467665/n04467665_22731.JPEG,867,semi-trailer truck
train/n04467665/n04467665_13825.JPEG,867,semi-trailer truck
train/n04467665/n04467665_33328.JPEG,867,semi-trailer truck
train/n04467665/n04467665_69667.JPEG,867,semi-trailer truck
train/n04467665/n04467665_43850.JPEG,867,semi-trailer truck
train/n04467665/n04467665_59509.JPEG,867,semi-trailer truck
train/n04467665/n04467665_48621.JPEG,867,semi-trailer truck
train/n04467665/n04467665_1425.JPEG,867,semi-trailer truck
train/n04467665/n04467665_42482.JPEG,867,semi-trailer truck
train/n04467665/n04467665_65573.JPEG,867,semi-trailer truck
train/n04467665/n04467665_32113.JPEG,867,semi-trailer truck
train/n04467665/n04467665_43178.JPEG,867,semi-trailer truck
train/n04467665/n04467665_66587.JPEG,867,semi-trailer truck
train/n04467665/n04467665_26974.JPEG,867,semi-trailer truck
train/n04467665/n04467665_23731.JPEG,867,semi-trailer truck
train/n04476259/n04476259_18279.JPEG,868,tray
train/n04476259/n04476259_54188.JPEG,868,tray
train/n04476259/n04476259_322.JPEG,868,tray
train/n04476259/n04476259_4432.JPEG,868,tray
train/n04476259/n04476259_4424.JPEG,868,tray
train/n04476259/n04476259_9387.JPEG,868,tray
train/n04476259/n04476259_20262.JPEG,868,tray
train/n04476259/n04476259_73032.JPEG,868,tray
train/n04476259/n04476259_2925.JPEG,868,tray
train/n04476259/n04476259_34765.JPEG,868,tray
train/n04476259/n04476259_7442.JPEG,868,tray
train/n04476259/n04476259_16322.JPEG,868,tray
train/n04476259/n04476259_21355.JPEG,868,tray
train/n04476259/n04476259_11635.JPEG,868,tray
train/n04476259/n04476259_13028.JPEG,868,tray
train/n04476259/n04476259_25217.JPEG,868,tray
train/n04479046/n04479046_6219.JPEG,869,trench coat
train/n04479046/n04479046_3392.JPEG,869,trench coat
train/n04479046/n04479046_7533.JPEG,869,trench coat
train/n04479046/n04479046_31226.JPEG,869,trench coat
train/n04479046/n04479046_2279.JPEG,869,trench coat
train/n04479046/n04479046_7133.JPEG,869,trench coat
train/n04479046/n04479046_11082.JPEG,869,trench coat
train/n04479046/n04479046_1925.JPEG,869,trench coat
train/n04479046/n04479046_11433.JPEG,869,trench coat
train/n04479046/n04479046_1802.JPEG,869,trench coat
train/n04479046/n04479046_6338.JPEG,869,trench coat
train/n04479046/n04479046_12140.JPEG,869,trench coat
train/n04479046/n04479046_4543.JPEG,869,trench coat
train/n04479046/n04479046_7073.JPEG,869,trench coat
train/n04479046/n04479046_10177.JPEG,869,trench coat
train/n04479046/n04479046_3398.JPEG,869,trench coat
train/n04482393/n04482393_18782.JPEG,870,tricycle
train/n04482393/n04482393_28897.JPEG,870,tricycle
train/n04482393/n04482393_5782.JPEG,870,tricycle
train/n04482393/n04482393_12813.JPEG,870,tricycle
train/n04482393/n04482393_36887.JPEG,870,tricycle
train/n04482393/n04482393_7364.JPEG,870,tricycle
train/n04482393/n04482393_3524.JPEG,870,tricycle
train/n04482393/n04482393_16846.JPEG,870,tricycle
train/n04482393/n04482393_27337.JPEG,870,tricycle
train/n04482393/n04482393_5314.JPEG,870,tricycle
train/n04482393/n04482393_1480.JPEG,870,tricycle
train/n04482393/n04482393_3999.JPEG,870,tricycle
train/n04482393/n04482393_18435.JPEG,870,tricycle
train/n04482393/n04482393_6142.JPEG,870,tricycle
train/n04482393/n04482393_13244.JPEG,870,tricycle
train/n04482393/n04482393_22677.JPEG,870,tricycle
train/n04483307/n04483307_10212.JPEG,871,trimaran
train/n04483307/n04483307_1282.JPEG,871,trimaran
train/n04483307/n04483307_10543.JPEG,871,trimaran
train/n04483307/n04483307_8820.JPEG,871,trimaran
train/n04483307/n04483307_10808.JPEG,871,trimaran
train/n04483307/n04483307_12668.JPEG,871,trimaran
train/n04483307/n04483307_10509.JPEG,871,trimaran
train/n04483307/n04483307_9482.JPEG,871,trimaran
train/n04483307/n04483307_6101.JPEG,871,trimaran
train/n04483307/n04483307_10416.JPEG,871,trimaran
train/n04483307/n04483307_9831.JPEG,871,trimaran
train/n04483307/n04483307_11195.JPEG,871,trimaran
train/n04483307/n04483307_2983.JPEG,871,trimaran
train/n04483307/n04483307_7459.JPEG,871,trimaran
train/n04483307/n04483307_17760.JPEG,871,trimaran
train/n04483307/n04483307_5996.JPEG,871,trimaran
train/n04485082/n04485082_6033.JPEG,872,tripod
train/n04485082/n04485082_15593.JPEG,872,tripod
train/n04485082/n04485082_794.JPEG,872,tripod
train/n04485082/n04485082_2234.JPEG,872,tripod
train/n04485082/n04485082_299.JPEG,872,tripod
train/n04485082/n04485082_18177.JPEG,872,tripod
train/n04485082/n04485082_7406.JPEG,872,tripod
train/n04485082/n04485082_13798.JPEG,872,tripod
train/n04485082/n04485082_4557.JPEG,872,tripod
train/n04485082/n04485082_13790.JPEG,872,tripod
train/n04485082/n04485082_4667.JPEG,872,tripod
train/n04485082/n04485082_5742.JPEG,872,tripod
train/n04485082/n04485082_2136.JPEG,872,tripod
train/n04485082/n04485082_6317.JPEG,872,tripod
train/n04485082/n04485082_49590.JPEG,872,tripod
train/n04485082/n04485082_3073.JPEG,872,tripod
train/n04486054/n04486054_11900.JPEG,873,triumphal arch
train/n04486054/n04486054_5741.JPEG,873,triumphal arch
train/n04486054/n04486054_5779.JPEG,873,triumphal arch
train/n04486054/n04486054_224.JPEG,873,triumphal arch
train/n04486054/n04486054_5393.JPEG,873,triumphal arch
train/n04486054/n04486054_1326.JPEG,873,triumphal arch
train/n04486054/n04486054_9860.JPEG,873,triumphal arch
train/n04486054/n04486054_709.JPEG,873,triumphal arch
train/n04486054/n04486054_9980.JPEG,873,triumphal arch
train/n04486054/n04486054_26568.JPEG,873,triumphal arch
train/n04486054/n04486054_4060.JPEG,873,triumphal arch
train/n04486054/n04486054_11189.JPEG,873,triumphal arch
train/n04486054/n04486054_1068.JPEG,873,triumphal arch
train/n04486054/n04486054_572.JPEG,873,triumphal arch
train/n04486054/n04486054_1747.JPEG,873,triumphal arch
train/n04486054/n04486054_5617.JPEG,873,triumphal arch
train/n04487081/n04487081_6303.JPEG,874,trolleybus
train/n04487081/n04487081_8996.JPEG,874,trolleybus
train/n04487081/n04487081_1631.JPEG,874,trolleybus
train/n04487081/n04487081_19682.JPEG,874,trolleybus
train/n04487081/n04487081_1713.JPEG,874,trolleybus
train/n04487081/n04487081_38338.JPEG,874,trolleybus
train/n04487081/n04487081_21297.JPEG,874,trolleybus
train/n04487081/n04487081_35577.JPEG,874,trolleybus
train/n04487081/n04487081_13086.JPEG,874,trolleybus
train/n04487081/n04487081_16778.JPEG,874,trolleybus
train/n04487081/n04487081_1291.JPEG,874,trolleybus
train/n04487081/n04487081_13551.JPEG,874,trolleybus
train/n04487081/n04487081_13808.JPEG,874,trolleybus
train/n04487081/n04487081_39774.JPEG,874,trolleybus
train/n04487081/n04487081_37421.JPEG,874,trolleybus
train/n04487081/n04487081_7810.JPEG,874,trolleybus
train/n04487394/n04487394_16166.JPEG,875,trombone
train/n04487394/n04487394_19150.JPEG,875,trombone
train/n04487394/n04487394_28899.JPEG,875,trombone
train/n04487394/n04487394_16638.JPEG,875,trombone
train/n04487394/n04487394_24067.JPEG,875,trombone
train/n04487394/n04487394_15765.JPEG,875,trombone
train/n04487394/n04487394_17225.JPEG,875,trombone
train/n04487394/n04487394_10135.JPEG,875,trombone
train/n04487394/n04487394_39044.JPEG,875,trombone
train/n04487394/n04487394_6113.JPEG,875,trombone
train/n04487394/n04487394_18427.JPEG,875,trombone
train/n04487394/n04487394_29794.JPEG,875,trombone
train/n04487394/n04487394_19726.JPEG,875,trombone
train/n04487394/n04487394_25794.JPEG,875,trombone
train/n04487394/n04487394_18897.JPEG,875,trombone
train/n04487394/n04487394_14608.JPEG,875,trombone
train/n04493381/n04493381_29618.JPEG,876,hot tub
train/n04493381/n04493381_15723.JPEG,876,hot tub
train/n04493381/n04493381_61843.JPEG,876,hot tub
train/n04493381/n04493381_18272.JPEG,876,hot tub
train/n04493381/n04493381_18715.JPEG,876,hot tub
train/n04493381/n04493381_26177.JPEG,876,hot tub
train/n04493381/n04493381_33898.JPEG,876,hot tub
train/n04493381/n04493381_26744.JPEG,876,hot tub
train/n04493381/n04493381_13615.JPEG,876,hot tub
train/n04493381/n04493381_16797.JPEG,876,hot tub
train/n04493381/n04493381_9403.JPEG,876,hot tub
train/n04493381/n04493381_38066.JPEG,876,hot tub
train/n04493381/n04493381_9091.JPEG,876,hot tub
train/n04493381/n04493381_21725.JPEG,876,hot tub
train/n04493381/n04493381_2567.JPEG,876,hot tub
train/n04493381/n04493381_27454.JPEG,876,hot tub
train/n04501370/n04501370_923.JPEG,877,turnstile
train/n04501370/n04501370_2142.JPEG,877,turnstile
train/n04501370/n04501370_12067.JPEG,877,turnstile
train/n04501370/n04501370_5570.JPEG,877,turnstile
train/n04501370/n04501370_910.JPEG,877,turnstile
train/n04501370/n04501370_2370.JPEG,877,turnstile
train/n04501370/n04501370_14192.JPEG,877,turnstile
train/n04501370/n04501370_22337.JPEG,877,turnstile
train/n04501370/n04501370_16252.JPEG,877,turnstile
train/n04501370/n04501370_2987.JPEG,877,turnstile
train/n04501370/n04501370_1392.JPEG,877,turnstile
train/n04501370/n04501370_11721.JPEG,877,turnstile
train/n04501370/n04501370_2102.JPEG,877,turnstile
train/n04501370/n04501370_15374.JPEG,877,turnstile
train/n04501370/n04501370_10091.JPEG,877,turnstile
train/n04501370/n04501370_1253.JPEG,877,turnstile
train/n04505470/n04505470_4363.JPEG,878,typewriter keyboard
train/n04505470/n04505470_10558.JPEG,878,typewriter keyboard
train/n04505470/n04505470_4878.JPEG,878,typewriter keyboard
train/n04505470/n04505470_4704.JPEG,878,typewriter keyboard
train/n04505470/n04505470_1334.JPEG,878,typewriter keyboard
train/n04505470/n04505470_8104.JPEG,878,typewriter keyboard
train/n04505470/n04505470_1118.JPEG,878,typewriter keyboard
train/n04505470/n04505470_612.JPEG,878,typewriter keyboard
train/n04505470/n04505470_3507.JPEG,878,typewriter keyboard
train/n04505470/n04505470_4540.JPEG,878,typewriter keyboard
train/n04505470/n04505470_2099.JPEG,878,typewriter keyboard
train/n04505470/n04505470_4750.JPEG,878,typewriter keyboard
train/n04505470/n04505470_4897.JPEG,878,typewriter keyboard
train/n04505470/n04505470_10545.JPEG,878,typewriter keyboard
train/n04505470/n04505470_179.JPEG,878,typewriter keyboard
train/n04505470/n04505470_4889.JPEG,878,typewriter keyboard
train/n04507155/n04507155_2688.JPEG,879,umbrella
train/n04507155/n04507155_17993.JPEG,879,umbrella
train/n04507155/n04507155_3113.JPEG,879,umbrella
train/n04507155/n04507155_15687.JPEG,879,umbrella
train/n04507155/n04507155_1135.JPEG,879,umbrella
train/n04507155/n04507155_8696.JPEG,879,umbrella
train/n04507155/n04507155_6113.JPEG,879,umbrella
train/n04507155/n04507155_14011.JPEG,879,umbrella
train/n04507155/n04507155_19415.JPEG,879,umbrella
train/n04507155/n04507155_5582.JPEG,879,umbrella
train/n04507155/n04507155_12634.JPEG,879,umbrella
train/n04507155/n04507155_4858.JPEG,879,umbrella
train/n04507155/n04507155_11895.JPEG,879,umbrella
train/n04507155/n04507155_7901.JPEG,879,umbrella
train/n04507155/n04507155_15453.JPEG,879,umbrella
train/n04507155/n04507155_17395.JPEG,879,umbrella
train/n04509417/n04509417_4112.JPEG,880,unicycle
train/n04509417/n04509417_1197.JPEG,880,unicycle
train/n04509417/n04509417_1284.JPEG,880,unicycle
train/n04509417/n04509417_9860.JPEG,880,unicycle
train/n04509417/n04509417_9604.JPEG,880,unicycle
train/n04509417/n04509417_6433.JPEG,880,unicycle
train/n04509417/n04509417_12650.JPEG,880,unicycle
train/n04509417/n04509417_2650.JPEG,880,unicycle
train/n04509417/n04509417_6319.JPEG,880,unicycle
train/n04509417/n04509417_1220.JPEG,880,unicycle
train/n04509417/n04509417_4927.JPEG,880,unicycle
train/n04509417/n04509417_2093.JPEG,880,unicycle
train/n04509417/n04509417_4146.JPEG,880,unicycle
train/n04509417/n04509417_110.JPEG,880,unicycle
train/n04509417/n04509417_3898.JPEG,880,unicycle
train/n04509417/n04509417_6727.JPEG,880,unicycle
train/n04515003/n04515003_29998.JPEG,881,upright piano
train/n04515003/n04515003_4411.JPEG,881,upright piano
train/n04515003/n04515003_6696.JPEG,881,upright piano
train/n04515003/n04515003_16363.JPEG,881,upright piano
train/n04515003/n04515003_18504.JPEG,881,upright piano
train/n04515003/n04515003_1541.JPEG,881,upright piano
train/n04515003/n04515003_38085.JPEG,881,upright piano
train/n04515003/n04515003_5550.JPEG,881,upright piano
train/n04515003/n04515003_15806.JPEG,881,upright piano
train/n04515003/n04515003_6297.JPEG,881,upright piano
train/n04515003/n04515003_840.JPEG,881,upright piano
train/n04515003/n04515003_6431.JPEG,881,upright piano
train/n04515003/n04515003_15874.JPEG,881,upright piano
train/n04515003/n04515003_38117.JPEG,881,upright piano
train/n04515003/n04515003_6921.JPEG,881,upright piano
train/n04515003/n04515003_8588.JPEG,881,upright piano
train/n04517823/n04517823_5743.JPEG,882,vacuum cleaner
train/n04517823/n04517823_25418.JPEG,882,vacuum cleaner
train/n04517823/n04517823_23575.JPEG,882,vacuum cleaner
train/n04517823/n04517823_12105.JPEG,882,vacuum cleaner
train/n04517823/n04517823_27685.JPEG,882,vacuum cleaner
train/n04517823/n04517823_9540.JPEG,882,vacuum cleaner
train/n04517823/n04517823_2869.JPEG,882,vacuum cleaner
train/n04517823/n04517823_43157.JPEG,882,vacuum cleaner
train/n04517823/n04517823_23103.JPEG,882,vacuum cleaner
train/n04517823/n04517823_2021.JPEG,882,vacuum cleaner
train/n04517823/n04517823_21023.JPEG,882,vacuum cleaner
train/n04517823/n04517823_3015.JPEG,882,vacuum cleaner
train/n04517823/n04517823_6791.JPEG,882,vacuum cleaner
train/n04517823/n04517823_16179.JPEG,882,vacuum cleaner
train/n04517823/n04517823_25242.JPEG,882,vacuum cleaner
train/n04517823/n04517823_40525.JPEG,882,vacuum cleaner
train/n04522168/n04522168_44262.JPEG,883,vase
train/n04522168/n04522168_20856.JPEG,883,vase
train/n04522168/n04522168_55269.JPEG,883,vase
train/n04522168/n04522168_7319.JPEG,883,vase
train/n04522168/n04522168_11159.JPEG,883,vase
train/n04522168/n04522168_49024.JPEG,883,vase
train/n04522168/n04522168_41123.JPEG,883,vase
train/n04522168/n04522168_1796.JPEG,883,vase
train/n04522168/n04522168_20933.JPEG,883,vase
train/n04522168/n04522168_3920.JPEG,883,vase
train/n04522168/n04522168_13319.JPEG,883,vase
train/n04522168/n04522168_35344.JPEG,883,vase
train/n04522168/n04522168_35414.JPEG,883,vase
train/n04522168/n04522168_29311.JPEG,883,vase
train/n04522168/n04522168_41309.JPEG,883,vase
train/n04522168/n04522168_50724.JPEG,883,vase
train/n04523525/n04523525_58593.JPEG,884,vaulted or arched ceiling
train/n04523525/n04523525_38078.JPEG,884,vaulted or arched ceiling
train/n04523525/n04523525_11950.JPEG,884,vaulted or arched ceiling
train/n04523525/n04523525_6585.JPEG,884,vaulted or arched ceiling
train/n04523525/n04523525_7189.JPEG,884,vaulted or arched ceiling
train/n04523525/n04523525_7211.JPEG,884,vaulted or arched ceiling
train/n04523525/n04523525_6194.JPEG,884,vaulted or arched ceiling
train/n04523525/n04523525_17561.JPEG,884,vaulted or arched ceiling
train/n04523525/n04523525_38716.JPEG,884,vaulted or arched ceiling
train/n04523525/n04523525_35665.JPEG,884,vaulted or arched ceiling
train/n04523525/n04523525_19038.JPEG,884,vaulted or arched ceiling
train/n04523525/n04523525_13703.JPEG,884,vaulted or arched ceiling
train/n04523525/n04523525_721.JPEG,884,vaulted or arched ceiling
train/n04523525/n04523525_486.JPEG,884,vaulted or arched ceiling
train/n04523525/n04523525_6325.JPEG,884,vaulted or arched ceiling
train/n04523525/n04523525_10382.JPEG,884,vaulted or arched ceiling
train/n04525038/n04525038_43163.JPEG,885,velvet fabric
train/n04525038/n04525038_1438.JPEG,885,velvet fabric
train/n04525038/n04525038_7502.JPEG,885,velvet fabric
train/n04525038/n04525038_10805.JPEG,885,velvet fabric
train/n04525038/n04525038_62554.JPEG,885,velvet fabric
train/n04525038/n04525038_12583.JPEG,885,velvet fabric
train/n04525038/n04525038_52319.JPEG,885,velvet fabric
train/n04525038/n04525038_10348.JPEG,885,velvet fabric
train/n04525038/n04525038_39430.JPEG,885,velvet fabric
train/n04525038/n04525038_1202.JPEG,885,velvet fabric
train/n04525038/n04525038_12377.JPEG,885,velvet fabric
train/n04525038/n04525038_32406.JPEG,885,velvet fabric
train/n04525038/n04525038_5586.JPEG,885,velvet fabric
train/n04525038/n04525038_6292.JPEG,885,velvet fabric
train/n04525038/n04525038_44562.JPEG,885,velvet fabric
train/n04525038/n04525038_25585.JPEG,885,velvet fabric
train/n04525305/n04525305_11986.JPEG,886,vending machine
train/n04525305/n04525305_17446.JPEG,886,vending machine
train/n04525305/n04525305_9719.JPEG,886,vending machine
train/n04525305/n04525305_14117.JPEG,886,vending machine
train/n04525305/n04525305_3475.JPEG,886,vending machine
train/n04525305/n04525305_7469.JPEG,886,vending machine
train/n04525305/n04525305_10644.JPEG,886,vending machine
train/n04525305/n04525305_4176.JPEG,886,vending machine
train/n04525305/n04525305_7203.JPEG,886,vending machine
train/n04525305/n04525305_4789.JPEG,886,vending machine
train/n04525305/n04525305_19522.JPEG,886,vending machine
train/n04525305/n04525305_3930.JPEG,886,vending machine
train/n04525305/n04525305_8371.JPEG,886,vending machine
train/n04525305/n04525305_10529.JPEG,886,vending machine
train/n04525305/n04525305_10814.JPEG,886,vending machine
train/n04525305/n04525305_995.JPEG,886,vending machine
train/n04532106/n04532106_9925.JPEG,887,vestment
train/n04532106/n04532106_85.JPEG,887,vestment
train/n04532106/n04532106_1176.JPEG,887,vestment
train/n04532106/n04532106_3734.JPEG,887,vestment
train/n04532106/n04532106_7629.JPEG,887,vestment
train/n04532106/n04532106_11675.JPEG,887,vestment
train/n04532106/n04532106_23796.JPEG,887,vestment
train/n04532106/n04532106_3567.JPEG,887,vestment
train/n04532106/n04532106_942.JPEG,887,vestment
train/n04532106/n04532106_8175.JPEG,887,vestment
train/n04532106/n04532106_10785.JPEG,887,vestment
train/n04532106/n04532106_6434.JPEG,887,vestment
train/n04532106/n04532106_11655.JPEG,887,vestment
train/n04532106/n04532106_7974.JPEG,887,vestment
train/n04532106/n04532106_3591.JPEG,887,vestment
train/n04532106/n04532106_1493.JPEG,887,vestment
train/n04532670/n04532670_13583.JPEG,888,viaduct
train/n04532670/n04532670_34917.JPEG,888,viaduct
train/n04532670/n04532670_6196.JPEG,888,viaduct
train/n04532670/n04532670_13623.JPEG,888,viaduct
train/n04532670/n04532670_16417.JPEG,888,viaduct
train/n04532670/n04532670_11089.JPEG,888,viaduct
train/n04532670/n04532670_7067.JPEG,888,viaduct
train/n04532670/n04532670_3027.JPEG,888,viaduct
train/n04532670/n04532670_13253.JPEG,888,viaduct
train/n04532670/n04532670_6433.JPEG,888,viaduct
train/n04532670/n04532670_20812.JPEG,888,viaduct
train/n04532670/n04532670_12727.JPEG,888,viaduct
train/n04532670/n04532670_4221.JPEG,888,viaduct
train/n04532670/n04532670_13074.JPEG,888,viaduct
train/n04532670/n04532670_4040.JPEG,888,viaduct
train/n04532670/n04532670_17128.JPEG,888,viaduct
train/n04536866/n04536866_2249.JPEG,889,violin
train/n04536866/n04536866_15441.JPEG,889,violin
train/n04536866/n04536866_3484.JPEG,889,violin
train/n04536866/n04536866_20368.JPEG,889,violin
train/n04536866/n04536866_40493.JPEG,889,violin
train/n04536866/n04536866_9422.JPEG,889,violin
train/n04536866/n04536866_18261.JPEG,889,violin
train/n04536866/n04536866_23908.JPEG,889,violin
train/n04536866/n04536866_7781.JPEG,889,violin
train/n04536866/n04536866_1569.JPEG,889,violin
train/n04536866/n04536866_5241.JPEG,889,violin
train/n04536866/n04536866_18898.JPEG,889,violin
train/n04536866/n04536866_5792.JPEG,889,violin
train/n04536866/n04536866_9128.JPEG,889,violin
train/n04536866/n04536866_1641.JPEG,889,violin
train/n04536866/n04536866_2273.JPEG,889,violin
train/n04540053/n04540053_11984.JPEG,890,volleyball
train/n04540053/n04540053_15661.JPEG,890,volleyball
train/n04540053/n04540053_4812.JPEG,890,volleyball
train/n04540053/n04540053_28512.JPEG,890,volleyball
train/n04540053/n04540053_11972.JPEG,890,volleyball
train/n04540053/n04540053_7448.JPEG,890,volleyball
train/n04540053/n04540053_15354.JPEG,890,volleyball
train/n04540053/n04540053_1085.JPEG,890,volleyball
train/n04540053/n04540053_4673.JPEG,890,volleyball
train/n04540053/n04540053_5100.JPEG,890,volleyball
train/n04540053/n04540053_8779.JPEG,890,volleyball
train/n04540053/n04540053_6112.JPEG,890,volleyball
train/n04540053/n04540053_5138.JPEG,890,volleyball
train/n04540053/n04540053_11819.JPEG,890,volleyball
train/n04540053/n04540053_429.JPEG,890,volleyball
train/n04540053/n04540053_15998.JPEG,890,volleyball
train/n04542943/n04542943_2676.JPEG,891,waffle iron
train/n04542943/n04542943_2525.JPEG,891,waffle iron
train/n04542943/n04542943_9047.JPEG,891,waffle iron
train/n04542943/n04542943_2846.JPEG,891,waffle iron
train/n04542943/n04542943_3750.JPEG,891,waffle iron
train/n04542943/n04542943_13175.JPEG,891,waffle iron
train/n04542943/n04542943_5829.JPEG,891,waffle iron
train/n04542943/n04542943_4979.JPEG,891,waffle iron
train/n04542943/n04542943_410.JPEG,891,waffle iron
train/n04542943/n04542943_6339.JPEG,891,waffle iron
train/n04542943/n04542943_8418.JPEG,891,waffle iron
train/n04542943/n04542943_6876.JPEG,891,waffle iron
train/n04542943/n04542943_10828.JPEG,891,waffle iron
train/n04542943/n04542943_2640.JPEG,891,waffle iron
train/n04542943/n04542943_8957.JPEG,891,waffle iron
train/n04542943/n04542943_431.JPEG,891,waffle iron
train/n04548280/n04548280_9533.JPEG,892,wall clock
train/n04548280/n04548280_9700.JPEG,892,wall clock
train/n04548280/n04548280_6989.JPEG,892,wall clock
train/n04548280/n04548280_1036.JPEG,892,wall clock
train/n04548280/n04548280_8777.JPEG,892,wall clock
train/n04548280/n04548280_4592.JPEG,892,wall clock
train/n04548280/n04548280_1081.JPEG,892,wall clock
train/n04548280/n04548280_584.JPEG,892,wall clock
train/n04548280/n04548280_22640.JPEG,892,wall clock
train/n04548280/n04548280_2356.JPEG,892,wall clock
train/n04548280/n04548280_2490.JPEG,892,wall clock
train/n04548280/n04548280_2962.JPEG,892,wall clock
train/n04548280/n04548280_8106.JPEG,892,wall clock
train/n04548280/n04548280_8429.JPEG,892,wall clock
train/n04548280/n04548280_8337.JPEG,892,wall clock
train/n04548280/n04548280_10291.JPEG,892,wall clock
train/n04548362/n04548362_8552.JPEG,893,wallet
train/n04548362/n04548362_36622.JPEG,893,wallet
train/n04548362/n04548362_30079.JPEG,893,wallet
train/n04548362/n04548362_29214.JPEG,893,wallet
train/n04548362/n04548362_35.JPEG,893,wallet
train/n04548362/n04548362_14466.JPEG,893,wallet
train/n04548362/n04548362_73146.JPEG,893,wallet
train/n04548362/n04548362_38541.JPEG,893,wallet
train/n04548362/n04548362_22489.JPEG,893,wallet
train/n04548362/n04548362_5782.JPEG,893,wallet
train/n04548362/n04548362_17082.JPEG,893,wallet
train/n04548362/n04548362_38769.JPEG,893,wallet
train/n04548362/n04548362_19062.JPEG,893,wallet
train/n04548362/n04548362_42682.JPEG,893,wallet
train/n04548362/n04548362_17338.JPEG,893,wallet
train/n04548362/n04548362_19598.JPEG,893,wallet
train/n04550184/n04550184_47328.JPEG,894,wardrobe
train/n04550184/n04550184_12248.JPEG,894,wardrobe
train/n04550184/n04550184_72842.JPEG,894,wardrobe
train/n04550184/n04550184_62364.JPEG,894,wardrobe
train/n04550184/n04550184_45186.JPEG,894,wardrobe
train/n04550184/n04550184_57884.JPEG,894,wardrobe
train/n04550184/n04550184_21750.JPEG,894,wardrobe
train/n04550184/n04550184_29653.JPEG,894,wardrobe
train/n04550184/n04550184_16999.JPEG,894,wardrobe
train/n04550184/n04550184_24292.JPEG,894,wardrobe
train/n04550184/n04550184_2176.JPEG,894,wardrobe
train/n04550184/n04550184_4101.JPEG,894,wardrobe
train/n04550184/n04550184_28968.JPEG,894,wardrobe
train/n04550184/n04550184_30169.JPEG,894,wardrobe
train/n04550184/n04550184_50505.JPEG,894,wardrobe
train/n04550184/n04550184_69238.JPEG,894,wardrobe
train/n04552348/n04552348_8757.JPEG,895,military aircraft
train/n04552348/n04552348_25765.JPEG,895,military aircraft
train/n04552348/n04552348_15833.JPEG,895,military aircraft
train/n04552348/n04552348_135.JPEG,895,military aircraft
train/n04552348/n04552348_25835.JPEG,895,military aircraft
train/n04552348/n04552348_12498.JPEG,895,military aircraft
train/n04552348/n04552348_2789.JPEG,895,military aircraft
train/n04552348/n04552348_3066.JPEG,895,military aircraft
train/n04552348/n04552348_20834.JPEG,895,military aircraft
train/n04552348/n04552348_13203.JPEG,895,military aircraft
train/n04552348/n04552348_27216.JPEG,895,military aircraft
train/n04552348/n04552348_5209.JPEG,895,military aircraft
train/n04552348/n04552348_21289.JPEG,895,military aircraft
train/n04552348/n04552348_24897.JPEG,895,military aircraft
train/n04552348/n04552348_13492.JPEG,895,military aircraft
train/n04552348/n04552348_22645.JPEG,895,military aircraft
train/n04553703/n04553703_30608.JPEG,896,sink
train/n04553703/n04553703_15723.JPEG,896,sink
train/n04553703/n04553703_11636.JPEG,896,sink
train/n04553703/n04553703_11278.JPEG,896,sink
train/n04553703/n04553703_23287.JPEG,896,sink
train/n04553703/n04553703_2338.JPEG,896,sink
train/n04553703/n04553703_2026.JPEG,896,sink
train/n04553703/n04553703_7645.JPEG,896,sink
train/n04553703/n04553703_48626.JPEG,896,sink
train/n04553703/n04553703_45018.JPEG,896,sink
train/n04553703/n04553703_24558.JPEG,896,sink
train/n04553703/n04553703_23214.JPEG,896,sink
train/n04553703/n04553703_9756.JPEG,896,sink
train/n04553703/n04553703_19483.JPEG,896,sink
train/n04553703/n04553703_44090.JPEG,896,sink
train/n04553703/n04553703_27077.JPEG,896,sink
train/n04554684/n04554684_40893.JPEG,897,washing machine
train/n04554684/n04554684_4827.JPEG,897,washing machine
train/n04554684/n04554684_16773.JPEG,897,washing machine
train/n04554684/n04554684_6242.JPEG,897,washing machine
train/n04554684/n04554684_62142.JPEG,897,washing machine
train/n04554684/n04554684_8800.JPEG,897,washing machine
train/n04554684/n04554684_48686.JPEG,897,washing machine
train/n04554684/n04554684_7610.JPEG,897,washing machine
train/n04554684/n04554684_12582.JPEG,897,washing machine
train/n04554684/n04554684_23392.JPEG,897,washing machine
train/n04554684/n04554684_56949.JPEG,897,washing machine
train/n04554684/n04554684_8072.JPEG,897,washing machine
train/n04554684/n04554684_9449.JPEG,897,washing machine
train/n04554684/n04554684_42468.JPEG,897,washing machine
train/n04554684/n04554684_44275.JPEG,897,washing machine
train/n04554684/n04554684_3334.JPEG,897,washing machine
train/n04557648/n04557648_9974.JPEG,898,water bottle
train/n04557648/n04557648_3667.JPEG,898,water bottle
train/n04557648/n04557648_3507.JPEG,898,water bottle
train/n04557648/n04557648_3362.JPEG,898,water bottle
train/n04557648/n04557648_2005.JPEG,898,water bottle
train/n04557648/n04557648_900.JPEG,898,water bottle
train/n04557648/n04557648_12039.JPEG,898,water bottle
train/n04557648/n04557648_2355.JPEG,898,water bottle
train/n04557648/n04557648_1360.JPEG,898,water bottle
train/n04557648/n04557648_6283.JPEG,898,water bottle
train/n04557648/n04557648_6010.JPEG,898,water bottle
train/n04557648/n04557648_3450.JPEG,898,water bottle
train/n04557648/n04557648_4009.JPEG,898,water bottle
train/n04557648/n04557648_1719.JPEG,898,water bottle
train/n04557648/n04557648_4539.JPEG,898,water bottle
train/n04557648/n04557648_1938.JPEG,898,water bottle
train/n04560804/n04560804_9878.JPEG,899,water jug
train/n04560804/n04560804_6020.JPEG,899,water jug
train/n04560804/n04560804_3158.JPEG,899,water jug
train/n04560804/n04560804_1354.JPEG,899,water jug
train/n04560804/n04560804_5511.JPEG,899,water jug
train/n04560804/n04560804_15414.JPEG,899,water jug
train/n04560804/n04560804_15536.JPEG,899,water jug
train/n04560804/n04560804_2435.JPEG,899,water jug
train/n04560804/n04560804_2065.JPEG,899,water jug
train/n04560804/n04560804_6335.JPEG,899,water jug
train/n04560804/n04560804_15400.JPEG,899,water jug
train/n04560804/n04560804_347.JPEG,899,water jug
train/n04560804/n04560804_2521.JPEG,899,water jug
train/n04560804/n04560804_13216.JPEG,899,water jug
train/n04560804/n04560804_15941.JPEG,899,water jug
train/n04560804/n04560804_15332.JPEG,899,water jug
train/n04562935/n04562935_9083.JPEG,900,water tower
train/n04562935/n04562935_14654.JPEG,900,water tower
train/n04562935/n04562935_13988.JPEG,900,water tower
train/n04562935/n04562935_3113.JPEG,900,water tower
train/n04562935/n04562935_11717.JPEG,900,water tower
train/n04562935/n04562935_166.JPEG,900,water tower
train/n04562935/n04562935_4226.JPEG,900,water tower
train/n04562935/n04562935_6088.JPEG,900,water tower
train/n04562935/n04562935_15305.JPEG,900,water tower
train/n04562935/n04562935_10972.JPEG,900,water tower
train/n04562935/n04562935_11877.JPEG,900,water tower
train/n04562935/n04562935_443.JPEG,900,water tower
train/n04562935/n04562935_9310.JPEG,900,water tower
train/n04562935/n04562935_1108.JPEG,900,water tower
train/n04562935/n04562935_5355.JPEG,900,water tower
train/n04562935/n04562935_2702.JPEG,900,water tower
train/n04579145/n04579145_6416.JPEG,901,whiskey jug
train/n04579145/n04579145_1229.JPEG,901,whiskey jug
train/n04579145/n04579145_5546.JPEG,901,whiskey jug
train/n04579145/n04579145_2083.JPEG,901,whiskey jug
train/n04579145/n04579145_6673.JPEG,901,whiskey jug
train/n04579145/n04579145_1038.JPEG,901,whiskey jug
train/n04579145/n04579145_3253.JPEG,901,whiskey jug
train/n04579145/n04579145_6587.JPEG,901,whiskey jug
train/n04579145/n04579145_7763.JPEG,901,whiskey jug
train/n04579145/n04579145_1387.JPEG,901,whiskey jug
train/n04579145/n04579145_4060.JPEG,901,whiskey jug
train/n04579145/n04579145_2691.JPEG,901,whiskey jug
train/n04579145/n04579145_4130.JPEG,901,whiskey jug
train/n04579145/n04579145_4102.JPEG,901,whiskey jug
train/n04579145/n04579145_3356.JPEG,901,whiskey jug
train/n04579145/n04579145_2613.JPEG,901,whiskey jug
train/n04579432/n04579432_4126.JPEG,902,whistle
train/n04579432/n04579432_32011.JPEG,902,whistle
train/n04579432/n04579432_34025.JPEG,902,whistle
train/n04579432/n04579432_27324.JPEG,902,whistle
train/n04579432/n04579432_1682.JPEG,902,whistle
train/n04579432/n04579432_20692.JPEG,902,whistle
train/n04579432/n04579432_20538.JPEG,902,whistle
train/n04579432/n04579432_22498.JPEG,902,whistle
train/n04579432/n04579432_3210.JPEG,902,whistle
train/n04579432/n04579432_6589.JPEG,902,whistle
train/n04579432/n04579432_22165.JPEG,902,whistle
train/n04579432/n04579432_33955.JPEG,902,whistle
train/n04579432/n04579432_20708.JPEG,902,whistle
train/n04579432/n04579432_6696.JPEG,902,whistle
train/n04579432/n04579432_10403.JPEG,902,whistle
train/n04579432/n04579432_18814.JPEG,902,whistle
train/n04584207/n04584207_19608.JPEG,903,hair wig
train/n04584207/n04584207_2716.JPEG,903,hair wig
train/n04584207/n04584207_11728.JPEG,903,hair wig
train/n04584207/n04584207_13318.JPEG,903,hair wig
train/n04584207/n04584207_11120.JPEG,903,hair wig
train/n04584207/n04584207_23340.JPEG,903,hair wig
train/n04584207/n04584207_23014.JPEG,903,hair wig
train/n04584207/n04584207_1602.JPEG,903,hair wig
train/n04584207/n04584207_21509.JPEG,903,hair wig
train/n04584207/n04584207_916.JPEG,903,hair wig
train/n04584207/n04584207_10949.JPEG,903,hair wig
train/n04584207/n04584207_17817.JPEG,903,hair wig
train/n04584207/n04584207_3968.JPEG,903,hair wig
train/n04584207/n04584207_9357.JPEG,903,hair wig
train/n04584207/n04584207_11203.JPEG,903,hair wig
train/n04584207/n04584207_27635.JPEG,903,hair wig
train/n04589890/n04589890_5129.JPEG,904,window screen
train/n04589890/n04589890_8083.JPEG,904,window screen
train/n04589890/n04589890_17773.JPEG,904,window screen
train/n04589890/n04589890_430.JPEG,904,window screen
train/n04589890/n04589890_360.JPEG,904,window screen
train/n04589890/n04589890_9046.JPEG,904,window screen
train/n04589890/n04589890_1113.JPEG,904,window screen
train/n04589890/n04589890_6731.JPEG,904,window screen
train/n04589890/n04589890_1506.JPEG,904,window screen
train/n04589890/n04589890_5693.JPEG,904,window screen
train/n04589890/n04589890_8074.JPEG,904,window screen
train/n04589890/n04589890_2264.JPEG,904,window screen
train/n04589890/n04589890_973.JPEG,904,window screen
train/n04589890/n04589890_4067.JPEG,904,window screen
train/n04589890/n04589890_11483.JPEG,904,window screen
train/n04589890/n04589890_2065.JPEG,904,window screen
train/n04590129/n04590129_26459.JPEG,905,window shade
train/n04590129/n04590129_2228.JPEG,905,window shade
train/n04590129/n04590129_1698.JPEG,905,window shade
train/n04590129/n04590129_15904.JPEG,905,window shade
train/n04590129/n04590129_6038.JPEG,905,window shade
train/n04590129/n04590129_22812.JPEG,905,window shade
train/n04590129/n04590129_9266.JPEG,905,window shade
train/n04590129/n04590129_1595.JPEG,905,window shade
train/n04590129/n04590129_29079.JPEG,905,window shade
train/n04590129/n04590129_1194.JPEG,905,window shade
train/n04590129/n04590129_6338.JPEG,905,window shade
train/n04590129/n04590129_25482.JPEG,905,window shade
train/n04590129/n04590129_18668.JPEG,905,window shade
train/n04590129/n04590129_1429.JPEG,905,window shade
train/n04590129/n04590129_12877.JPEG,905,window shade
train/n04590129/n04590129_14261.JPEG,905,window shade
train/n04591157/n04591157_7956.JPEG,906,Windsor tie
train/n04591157/n04591157_6773.JPEG,906,Windsor tie
train/n04591157/n04591157_65.JPEG,906,Windsor tie
train/n04591157/n04591157_1252.JPEG,906,Windsor tie
train/n04591157/n04591157_1442.JPEG,906,Windsor tie
train/n04591157/n04591157_1367.JPEG,906,Windsor tie
train/n04591157/n04591157_4912.JPEG,906,Windsor tie
train/n04591157/n04591157_4462.JPEG,906,Windsor tie
train/n04591157/n04591157_8438.JPEG,906,Windsor tie
train/n04591157/n04591157_1903.JPEG,906,Windsor tie
train/n04591157/n04591157_5187.JPEG,906,Windsor tie
train/n04591157/n04591157_1234.JPEG,906,Windsor tie
train/n04591157/n04591157_7269.JPEG,906,Windsor tie
train/n04591157/n04591157_3142.JPEG,906,Windsor tie
train/n04591157/n04591157_1192.JPEG,906,Windsor tie
train/n04591157/n04591157_1265.JPEG,906,Windsor tie
train/n04591713/n04591713_1015.JPEG,907,wine bottle
train/n04591713/n04591713_6860.JPEG,907,wine bottle
train/n04591713/n04591713_3982.JPEG,907,wine bottle
train/n04591713/n04591713_5250.JPEG,907,wine bottle
train/n04591713/n04591713_4832.JPEG,907,wine bottle
train/n04591713/n04591713_3348.JPEG,907,wine bottle
train/n04591713/n04591713_718.JPEG,907,wine bottle
train/n04591713/n04591713_6442.JPEG,907,wine bottle
train/n04591713/n04591713_2150.JPEG,907,wine bottle
train/n04591713/n04591713_1164.JPEG,907,wine bottle
train/n04591713/n04591713_6846.JPEG,907,wine bottle
train/n04591713/n04591713_4806.JPEG,907,wine bottle
train/n04591713/n04591713_360.JPEG,907,wine bottle
train/n04591713/n04591713_549.JPEG,907,wine bottle
train/n04591713/n04591713_4529.JPEG,907,wine bottle
train/n04591713/n04591713_7124.JPEG,907,wine bottle
train/n04592741/n04592741_16876.JPEG,908,airplane wing
train/n04592741/n04592741_671.JPEG,908,airplane wing
train/n04592741/n04592741_12997.JPEG,908,airplane wing
train/n04592741/n04592741_24363.JPEG,908,airplane wing
train/n04592741/n04592741_15013.JPEG,908,airplane wing
train/n04592741/n04592741_16877.JPEG,908,airplane wing
train/n04592741/n04592741_4470.JPEG,908,airplane wing
train/n04592741/n04592741_7130.JPEG,908,airplane wing
train/n04592741/n04592741_6559.JPEG,908,airplane wing
train/n04592741/n04592741_6692.JPEG,908,airplane wing
train/n04592741/n04592741_1230.JPEG,908,airplane wing
train/n04592741/n04592741_883.JPEG,908,airplane wing
train/n04592741/n04592741_18719.JPEG,908,airplane wing
train/n04592741/n04592741_6227.JPEG,908,airplane wing
train/n04592741/n04592741_11810.JPEG,908,airplane wing
train/n04592741/n04592741_1241.JPEG,908,airplane wing
train/n04596742/n04596742_1856.JPEG,909,wok
train/n04596742/n04596742_9187.JPEG,909,wok
train/n04596742/n04596742_29132.JPEG,909,wok
train/n04596742/n04596742_8033.JPEG,909,wok
train/n04596742/n04596742_35806.JPEG,909,wok
train/n04596742/n04596742_7541.JPEG,909,wok
train/n04596742/n04596742_13494.JPEG,909,wok
train/n04596742/n04596742_43869.JPEG,909,wok
train/n04596742/n04596742_43262.JPEG,909,wok
train/n04596742/n04596742_17890.JPEG,909,wok
train/n04596742/n04596742_5131.JPEG,909,wok
train/n04596742/n04596742_3320.JPEG,909,wok
train/n04596742/n04596742_3615.JPEG,909,wok
train/n04596742/n04596742_2017.JPEG,909,wok
train/n04596742/n04596742_18686.JPEG,909,wok
train/n04596742/n04596742_14016.JPEG,909,wok
train/n04597913/n04597913_8648.JPEG,910,wooden spoon
train/n04597913/n04597913_3579.JPEG,910,wooden spoon
train/n04597913/n04597913_712.JPEG,910,wooden spoon
train/n04597913/n04597913_4181.JPEG,910,wooden spoon
train/n04597913/n04597913_6288.JPEG,910,wooden spoon
train/n04597913/n04597913_6817.JPEG,910,wooden spoon
train/n04597913/n04597913_862.JPEG,910,wooden spoon
train/n04597913/n04597913_3273.JPEG,910,wooden spoon
train/n04597913/n04597913_1654.JPEG,910,wooden spoon
train/n04597913/n04597913_1128.JPEG,910,wooden spoon
train/n04597913/n04597913_3222.JPEG,910,wooden spoon
train/n04597913/n04597913_9016.JPEG,910,wooden spoon
train/n04597913/n04597913_5036.JPEG,910,wooden spoon
train/n04597913/n04597913_798.JPEG,910,wooden spoon
train/n04597913/n04597913_3846.JPEG,910,wooden spoon
train/n04597913/n04597913_1125.JPEG,910,wooden spoon
train/n04599235/n04599235_7441.JPEG,911,wool
train/n04599235/n04599235_5144.JPEG,911,wool
train/n04599235/n04599235_25126.JPEG,911,wool
train/n04599235/n04599235_27449.JPEG,911,wool
train/n04599235/n04599235_15488.JPEG,911,wool
train/n04599235/n04599235_14645.JPEG,911,wool
train/n04599235/n04599235_13070.JPEG,911,wool
train/n04599235/n04599235_83034.JPEG,911,wool
train/n04599235/n04599235_2546.JPEG,911,wool
train/n04599235/n04599235_22024.JPEG,911,wool
train/n04599235/n04599235_22586.JPEG,911,wool
train/n04599235/n04599235_26317.JPEG,911,wool
train/n04599235/n04599235_3094.JPEG,911,wool
train/n04599235/n04599235_19643.JPEG,911,wool
train/n04599235/n04599235_10435.JPEG,911,wool
train/n04599235/n04599235_19914.JPEG,911,wool
train/n04604644/n04604644_2148.JPEG,912,split-rail fence
train/n04604644/n04604644_12248.JPEG,912,split-rail fence
train/n04604644/n04604644_6834.JPEG,912,split-rail fence
train/n04604644/n04604644_10679.JPEG,912,split-rail fence
train/n04604644/n04604644_3865.JPEG,912,split-rail fence
train/n04604644/n04604644_11115.JPEG,912,split-rail fence
train/n04604644/n04604644_2019.JPEG,912,split-rail fence
train/n04604644/n04604644_15284.JPEG,912,split-rail fence
train/n04604644/n04604644_13661.JPEG,912,split-rail fence
train/n04604644/n04604644_2385.JPEG,912,split-rail fence
train/n04604644/n04604644_921.JPEG,912,split-rail fence
train/n04604644/n04604644_2489.JPEG,912,split-rail fence
train/n04604644/n04604644_12356.JPEG,912,split-rail fence
train/n04604644/n04604644_23364.JPEG,912,split-rail fence
train/n04604644/n04604644_18872.JPEG,912,split-rail fence
train/n04604644/n04604644_8338.JPEG,912,split-rail fence
train/n04606251/n04606251_21502.JPEG,913,shipwreck
train/n04606251/n04606251_13292.JPEG,913,shipwreck
train/n04606251/n04606251_2473.JPEG,913,shipwreck
train/n04606251/n04606251_17847.JPEG,913,shipwreck
train/n04606251/n04606251_11323.JPEG,913,shipwreck
train/n04606251/n04606251_10052.JPEG,913,shipwreck
train/n04606251/n04606251_14667.JPEG,913,shipwreck
train/n04606251/n04606251_4012.JPEG,913,shipwreck
train/n04606251/n04606251_63856.JPEG,913,shipwreck
train/n04606251/n04606251_23352.JPEG,913,shipwreck
train/n04606251/n04606251_13272.JPEG,913,shipwreck
train/n04606251/n04606251_11357.JPEG,913,shipwreck
train/n04606251/n04606251_15733.JPEG,913,shipwreck
train/n04606251/n04606251_6627.JPEG,913,shipwreck
train/n04606251/n04606251_1897.JPEG,913,shipwreck
train/n04606251/n04606251_7253.JPEG,913,shipwreck
train/n04612504/n04612504_20706.JPEG,914,sailboat
train/n04612504/n04612504_3904.JPEG,914,sailboat
train/n04612504/n04612504_7790.JPEG,914,sailboat
train/n04612504/n04612504_17653.JPEG,914,sailboat
train/n04612504/n04612504_20586.JPEG,914,sailboat
train/n04612504/n04612504_13999.JPEG,914,sailboat
train/n04612504/n04612504_15794.JPEG,914,sailboat
train/n04612504/n04612504_5232.JPEG,914,sailboat
train/n04612504/n04612504_1683.JPEG,914,sailboat
train/n04612504/n04612504_2479.JPEG,914,sailboat
train/n04612504/n04612504_17849.JPEG,914,sailboat
train/n04612504/n04612504_31842.JPEG,914,sailboat
train/n04612504/n04612504_7558.JPEG,914,sailboat
train/n04612504/n04612504_392.JPEG,914,sailboat
train/n04612504/n04612504_7534.JPEG,914,sailboat
train/n04612504/n04612504_8346.JPEG,914,sailboat
train/n04613696/n04613696_11354.JPEG,915,yurt
train/n04613696/n04613696_12656.JPEG,915,yurt
train/n04613696/n04613696_2425.JPEG,915,yurt
train/n04613696/n04613696_2675.JPEG,915,yurt
train/n04613696/n04613696_2884.JPEG,915,yurt
train/n04613696/n04613696_3425.JPEG,915,yurt
train/n04613696/n04613696_7797.JPEG,915,yurt
train/n04613696/n04613696_1127.JPEG,915,yurt
train/n04613696/n04613696_15597.JPEG,915,yurt
train/n04613696/n04613696_19625.JPEG,915,yurt
train/n04613696/n04613696_7755.JPEG,915,yurt
train/n04613696/n04613696_5272.JPEG,915,yurt
train/n04613696/n04613696_3352.JPEG,915,yurt
train/n04613696/n04613696_1579.JPEG,915,yurt
train/n04613696/n04613696_1559.JPEG,915,yurt
train/n04613696/n04613696_5794.JPEG,915,yurt
train/n06359193/n06359193_34582.JPEG,916,website
train/n06359193/n06359193_34683.JPEG,916,website
train/n06359193/n06359193_9749.JPEG,916,website
train/n06359193/n06359193_12036.JPEG,916,website
train/n06359193/n06359193_64509.JPEG,916,website
train/n06359193/n06359193_2171.JPEG,916,website
train/n06359193/n06359193_32624.JPEG,916,website
train/n06359193/n06359193_19788.JPEG,916,website
train/n06359193/n06359193_67915.JPEG,916,website
train/n06359193/n06359193_8079.JPEG,916,website
train/n06359193/n06359193_5697.JPEG,916,website
train/n06359193/n06359193_13924.JPEG,916,website
train/n06359193/n06359193_88475.JPEG,916,website
train/n06359193/n06359193_82910.JPEG,916,website
train/n06359193/n06359193_58192.JPEG,916,website
train/n06359193/n06359193_5683.JPEG,916,website
train/n06596364/n06596364_28484.JPEG,917,comic book
train/n06596364/n06596364_7439.JPEG,917,comic book
train/n06596364/n06596364_3062.JPEG,917,comic book
train/n06596364/n06596364_12594.JPEG,917,comic book
train/n06596364/n06596364_1171.JPEG,917,comic book
train/n06596364/n06596364_9004.JPEG,917,comic book
train/n06596364/n06596364_6347.JPEG,917,comic book
train/n06596364/n06596364_1931.JPEG,917,comic book
train/n06596364/n06596364_9140.JPEG,917,comic book
train/n06596364/n06596364_14606.JPEG,917,comic book
train/n06596364/n06596364_1370.JPEG,917,comic book
train/n06596364/n06596364_13097.JPEG,917,comic book
train/n06596364/n06596364_19729.JPEG,917,comic book
train/n06596364/n06596364_58942.JPEG,917,comic book
train/n06596364/n06596364_11607.JPEG,917,comic book
train/n06596364/n06596364_7040.JPEG,917,comic book
train/n06785654/n06785654_14722.JPEG,918,crossword
train/n06785654/n06785654_447.JPEG,918,crossword
train/n06785654/n06785654_6410.JPEG,918,crossword
train/n06785654/n06785654_12470.JPEG,918,crossword
train/n06785654/n06785654_6029.JPEG,918,crossword
train/n06785654/n06785654_9449.JPEG,918,crossword
train/n06785654/n06785654_13152.JPEG,918,crossword
train/n06785654/n06785654_4692.JPEG,918,crossword
train/n06785654/n06785654_17028.JPEG,918,crossword
train/n06785654/n06785654_6208.JPEG,918,crossword
train/n06785654/n06785654_11953.JPEG,918,crossword
train/n06785654/n06785654_13312.JPEG,918,crossword
train/n06785654/n06785654_4912.JPEG,918,crossword
train/n06785654/n06785654_6945.JPEG,918,crossword
train/n06785654/n06785654_17343.JPEG,918,crossword
train/n06785654/n06785654_11282.JPEG,918,crossword
train/n06794110/n06794110_97.JPEG,919,traffic or street sign
train/n06794110/n06794110_10.JPEG,919,traffic or street sign
train/n06794110/n06794110_1775.JPEG,919,traffic or street sign
train/n06794110/n06794110_6021.JPEG,919,traffic or street sign
train/n06794110/n06794110_4635.JPEG,919,traffic or street sign
train/n06794110/n06794110_1480.JPEG,919,traffic or street sign
train/n06794110/n06794110_2290.JPEG,919,traffic or street sign
train/n06794110/n06794110_6924.JPEG,919,traffic or street sign
train/n06794110/n06794110_1546.JPEG,919,traffic or street sign
train/n06794110/n06794110_5983.JPEG,919,traffic or street sign
train/n06794110/n06794110_1695.JPEG,919,traffic or street sign
train/n06794110/n06794110_4275.JPEG,919,traffic or street sign
train/n06794110/n06794110_6547.JPEG,919,traffic or street sign
train/n06794110/n06794110_1660.JPEG,919,traffic or street sign
train/n06794110/n06794110_3097.JPEG,919,traffic or street sign
train/n06794110/n06794110_4486.JPEG,919,traffic or street sign
train/n06874185/n06874185_4017.JPEG,920,traffic light
train/n06874185/n06874185_31708.JPEG,920,traffic light
train/n06874185/n06874185_22064.JPEG,920,traffic light
train/n06874185/n06874185_85743.JPEG,920,traffic light
train/n06874185/n06874185_14157.JPEG,920,traffic light
train/n06874185/n06874185_13704.JPEG,920,traffic light
train/n06874185/n06874185_30193.JPEG,920,traffic light
train/n06874185/n06874185_5556.JPEG,920,traffic light
train/n06874185/n06874185_11599.JPEG,920,traffic light
train/n06874185/n06874185_24593.JPEG,920,traffic light
train/n06874185/n06874185_24267.JPEG,920,traffic light
train/n06874185/n06874185_26883.JPEG,920,traffic light
train/n06874185/n06874185_8304.JPEG,920,traffic light
train/n06874185/n06874185_5068.JPEG,920,traffic light
train/n06874185/n06874185_13048.JPEG,920,traffic light
train/n06874185/n06874185_23792.JPEG,920,traffic light
train/n07248320/n07248320_4370.JPEG,921,dust jacket
train/n07248320/n07248320_20225.JPEG,921,dust jacket
train/n07248320/n07248320_5098.JPEG,921,dust jacket
train/n07248320/n07248320_42445.JPEG,921,dust jacket
train/n07248320/n07248320_24299.JPEG,921,dust jacket
train/n07248320/n07248320_7226.JPEG,921,dust jacket
train/n07248320/n07248320_59939.JPEG,921,dust jacket
train/n07248320/n07248320_14032.JPEG,921,dust jacket
train/n07248320/n07248320_70032.JPEG,921,dust jacket
train/n07248320/n07248320_73758.JPEG,921,dust jacket
train/n07248320/n07248320_19217.JPEG,921,dust jacket
train/n07248320/n07248320_17626.JPEG,921,dust jacket
train/n07248320/n07248320_39430.JPEG,921,dust jacket
train/n07248320/n07248320_22545.JPEG,921,dust jacket
train/n07248320/n07248320_92737.JPEG,921,dust jacket
train/n07248320/n07248320_18803.JPEG,921,dust jacket
train/n07565083/n07565083_3568.JPEG,922,menu
train/n07565083/n07565083_3533.JPEG,922,menu
train/n07565083/n07565083_4847.JPEG,922,menu
train/n07565083/n07565083_9348.JPEG,922,menu
train/n07565083/n07565083_4285.JPEG,922,menu
train/n07565083/n07565083_11752.JPEG,922,menu
train/n07565083/n07565083_11074.JPEG,922,menu
train/n07565083/n07565083_7916.JPEG,922,menu
train/n07565083/n07565083_2753.JPEG,922,menu
train/n07565083/n07565083_2969.JPEG,922,menu
train/n07565083/n07565083_2979.JPEG,922,menu
train/n07565083/n07565083_1773.JPEG,922,menu
train/n07565083/n07565083_3414.JPEG,922,menu
train/n07565083/n07565083_8875.JPEG,922,menu
train/n07565083/n07565083_11799.JPEG,922,menu
train/n07565083/n07565083_13179.JPEG,922,menu
train/n07579787/n07579787_3001.JPEG,923,plate
train/n07579787/n07579787_6656.JPEG,923,plate
train/n07579787/n07579787_2800.JPEG,923,plate
train/n07579787/n07579787_10563.JPEG,923,plate
train/n07579787/n07579787_8485.JPEG,923,plate
train/n07579787/n07579787_1743.JPEG,923,plate
train/n07579787/n07579787_17329.JPEG,923,plate
train/n07579787/n07579787_19868.JPEG,923,plate
train/n07579787/n07579787_7147.JPEG,923,plate
train/n07579787/n07579787_1268.JPEG,923,plate
train/n07579787/n07579787_16400.JPEG,923,plate
train/n07579787/n07579787_249.JPEG,923,plate
train/n07579787/n07579787_21236.JPEG,923,plate
train/n07579787/n07579787_20488.JPEG,923,plate
train/n07579787/n07579787_4943.JPEG,923,plate
train/n07579787/n07579787_11284.JPEG,923,plate
train/n07583066/n07583066_6584.JPEG,924,guacamole
train/n07583066/n07583066_7496.JPEG,924,guacamole
train/n07583066/n07583066_7987.JPEG,924,guacamole
train/n07583066/n07583066_23028.JPEG,924,guacamole
train/n07583066/n07583066_15116.JPEG,924,guacamole
train/n07583066/n07583066_4149.JPEG,924,guacamole
train/n07583066/n07583066_1978.JPEG,924,guacamole
train/n07583066/n07583066_2090.JPEG,924,guacamole
train/n07583066/n07583066_722.JPEG,924,guacamole
train/n07583066/n07583066_25155.JPEG,924,guacamole
train/n07583066/n07583066_294.JPEG,924,guacamole
train/n07583066/n07583066_4144.JPEG,924,guacamole
train/n07583066/n07583066_8582.JPEG,924,guacamole
train/n07583066/n07583066_24368.JPEG,924,guacamole
train/n07583066/n07583066_7281.JPEG,924,guacamole
train/n07583066/n07583066_10390.JPEG,924,guacamole
train/n07584110/n07584110_2828.JPEG,925,consomme
train/n07584110/n07584110_9069.JPEG,925,consomme
train/n07584110/n07584110_10443.JPEG,925,consomme
train/n07584110/n07584110_2670.JPEG,925,consomme
train/n07584110/n07584110_7511.JPEG,925,consomme
train/n07584110/n07584110_5518.JPEG,925,consomme
train/n07584110/n07584110_2205.JPEG,925,consomme
train/n07584110/n07584110_874.JPEG,925,consomme
train/n07584110/n07584110_2090.JPEG,925,consomme
train/n07584110/n07584110_441.JPEG,925,consomme
train/n07584110/n07584110_10231.JPEG,925,consomme
train/n07584110/n07584110_9291.JPEG,925,consomme
train/n07584110/n07584110_6590.JPEG,925,consomme
train/n07584110/n07584110_6198.JPEG,925,consomme
train/n07584110/n07584110_6540.JPEG,925,consomme
train/n07584110/n07584110_6696.JPEG,925,consomme
train/n07590611/n07590611_4641.JPEG,926,hot pot
train/n07590611/n07590611_5010.JPEG,926,hot pot
train/n07590611/n07590611_13108.JPEG,926,hot pot
train/n07590611/n07590611_8959.JPEG,926,hot pot
train/n07590611/n07590611_6785.JPEG,926,hot pot
train/n07590611/n07590611_15113.JPEG,926,hot pot
train/n07590611/n07590611_6991.JPEG,926,hot pot
train/n07590611/n07590611_22804.JPEG,926,hot pot
train/n07590611/n07590611_17894.JPEG,926,hot pot
train/n07590611/n07590611_11827.JPEG,926,hot pot
train/n07590611/n07590611_14860.JPEG,926,hot pot
train/n07590611/n07590611_3398.JPEG,926,hot pot
train/n07590611/n07590611_11331.JPEG,926,hot pot
train/n07590611/n07590611_11542.JPEG,926,hot pot
train/n07590611/n07590611_22034.JPEG,926,hot pot
train/n07590611/n07590611_17003.JPEG,926,hot pot
train/n07613480/n07613480_785.JPEG,927,trifle
train/n07613480/n07613480_8858.JPEG,927,trifle
train/n07613480/n07613480_20196.JPEG,927,trifle
train/n07613480/n07613480_13921.JPEG,927,trifle
train/n07613480/n07613480_25635.JPEG,927,trifle
train/n07613480/n07613480_3311.JPEG,927,trifle
train/n07613480/n07613480_6847.JPEG,927,trifle
train/n07613480/n07613480_18200.JPEG,927,trifle
train/n07613480/n07613480_22321.JPEG,927,trifle
train/n07613480/n07613480_18455.JPEG,927,trifle
train/n07613480/n07613480_9275.JPEG,927,trifle
train/n07613480/n07613480_23913.JPEG,927,trifle
train/n07613480/n07613480_3469.JPEG,927,trifle
train/n07613480/n07613480_9274.JPEG,927,trifle
train/n07613480/n07613480_21448.JPEG,927,trifle
train/n07613480/n07613480_5447.JPEG,927,trifle
train/n07614500/n07614500_3976.JPEG,928,ice cream
train/n07614500/n07614500_432.JPEG,928,ice cream
train/n07614500/n07614500_99016.JPEG,928,ice cream
train/n07614500/n07614500_18906.JPEG,928,ice cream
train/n07614500/n07614500_28119.JPEG,928,ice cream
train/n07614500/n07614500_49359.JPEG,928,ice cream
train/n07614500/n07614500_3047.JPEG,928,ice cream
train/n07614500/n07614500_59733.JPEG,928,ice cream
train/n07614500/n07614500_26241.JPEG,928,ice cream
train/n07614500/n07614500_46055.JPEG,928,ice cream
train/n07614500/n07614500_37219.JPEG,928,ice cream
train/n07614500/n07614500_65017.JPEG,928,ice cream
train/n07614500/n07614500_33725.JPEG,928,ice cream
train/n07614500/n07614500_102085.JPEG,928,ice cream
train/n07614500/n07614500_30802.JPEG,928,ice cream
train/n07614500/n07614500_37653.JPEG,928,ice cream
train/n07615774/n07615774_5098.JPEG,929,popsicle
train/n07615774/n07615774_23257.JPEG,929,popsicle
train/n07615774/n07615774_20762.JPEG,929,popsicle
train/n07615774/n07615774_2276.JPEG,929,popsicle
train/n07615774/n07615774_10003.JPEG,929,popsicle
train/n07615774/n07615774_20864.JPEG,929,popsicle
train/n07615774/n07615774_8278.JPEG,929,popsicle
train/n07615774/n07615774_19661.JPEG,929,popsicle
train/n07615774/n07615774_22213.JPEG,929,popsicle
train/n07615774/n07615774_28162.JPEG,929,popsicle
train/n07615774/n07615774_6753.JPEG,929,popsicle
train/n07615774/n07615774_14459.JPEG,929,popsicle
train/n07615774/n07615774_59181.JPEG,929,popsicle
train/n07615774/n07615774_41666.JPEG,929,popsicle
train/n07615774/n07615774_44170.JPEG,929,popsicle
train/n07615774/n07615774_28294.JPEG,929,popsicle
train/n07684084/n07684084_1037.JPEG,930,baguette
train/n07684084/n07684084_2013.JPEG,930,baguette
train/n07684084/n07684084_1970.JPEG,930,baguette
train/n07684084/n07684084_7653.JPEG,930,baguette
train/n07684084/n07684084_8387.JPEG,930,baguette
train/n07684084/n07684084_6588.JPEG,930,baguette
train/n07684084/n07684084_2383.JPEG,930,baguette
train/n07684084/n07684084_409.JPEG,930,baguette
train/n07684084/n07684084_2155.JPEG,930,baguette
train/n07684084/n07684084_1541.JPEG,930,baguette
train/n07684084/n07684084_1744.JPEG,930,baguette
train/n07684084/n07684084_762.JPEG,930,baguette
train/n07684084/n07684084_3541.JPEG,930,baguette
train/n07684084/n07684084_7978.JPEG,930,baguette
train/n07684084/n07684084_2769.JPEG,930,baguette
train/n07684084/n07684084_3800.JPEG,930,baguette
train/n07693725/n07693725_9345.JPEG,931,bagel
train/n07693725/n07693725_3605.JPEG,931,bagel
train/n07693725/n07693725_6893.JPEG,931,bagel
train/n07693725/n07693725_10756.JPEG,931,bagel
train/n07693725/n07693725_620.JPEG,931,bagel
train/n07693725/n07693725_13887.JPEG,931,bagel
train/n07693725/n07693725_3903.JPEG,931,bagel
train/n07693725/n07693725_2740.JPEG,931,bagel
train/n07693725/n07693725_16546.JPEG,931,bagel
train/n07693725/n07693725_11490.JPEG,931,bagel
train/n07693725/n07693725_1813.JPEG,931,bagel
train/n07693725/n07693725_2690.JPEG,931,bagel
train/n07693725/n07693725_4806.JPEG,931,bagel
train/n07693725/n07693725_6970.JPEG,931,bagel
train/n07693725/n07693725_12690.JPEG,931,bagel
train/n07693725/n07693725_8478.JPEG,931,bagel
train/n07695742/n07695742_19880.JPEG,932,pretzel
train/n07695742/n07695742_17521.JPEG,932,pretzel
train/n07695742/n07695742_9218.JPEG,932,pretzel
train/n07695742/n07695742_189.JPEG,932,pretzel
train/n07695742/n07695742_21426.JPEG,932,pretzel
train/n07695742/n07695742_11717.JPEG,932,pretzel
train/n07695742/n07695742_5663.JPEG,932,pretzel
train/n07695742/n07695742_87.JPEG,932,pretzel
train/n07695742/n07695742_19744.JPEG,932,pretzel
train/n07695742/n07695742_134.JPEG,932,pretzel
train/n07695742/n07695742_5231.JPEG,932,pretzel
train/n07695742/n07695742_6470.JPEG,932,pretzel
train/n07695742/n07695742_9047.JPEG,932,pretzel
train/n07695742/n07695742_7154.JPEG,932,pretzel
train/n07695742/n07695742_7105.JPEG,932,pretzel
train/n07695742/n07695742_22620.JPEG,932,pretzel
train/n07697313/n07697313_5795.JPEG,933,cheeseburger
train/n07697313/n07697313_17081.JPEG,933,cheeseburger
train/n07697313/n07697313_295.JPEG,933,cheeseburger
train/n07697313/n07697313_12432.JPEG,933,cheeseburger
train/n07697313/n07697313_20409.JPEG,933,cheeseburger
train/n07697313/n07697313_3084.JPEG,933,cheeseburger
train/n07697313/n07697313_2197.JPEG,933,cheeseburger
train/n07697313/n07697313_1549.JPEG,933,cheeseburger
train/n07697313/n07697313_3825.JPEG,933,cheeseburger
train/n07697313/n07697313_26175.JPEG,933,cheeseburger
train/n07697313/n07697313_16695.JPEG,933,cheeseburger
train/n07697313/n07697313_666.JPEG,933,cheeseburger
train/n07697313/n07697313_1586.JPEG,933,cheeseburger
train/n07697313/n07697313_657.JPEG,933,cheeseburger
train/n07697313/n07697313_16641.JPEG,933,cheeseburger
train/n07697313/n07697313_3034.JPEG,933,cheeseburger
train/n07697537/n07697537_27118.JPEG,934,hot dog
train/n07697537/n07697537_18489.JPEG,934,hot dog
train/n07697537/n07697537_30165.JPEG,934,hot dog
train/n07697537/n07697537_30059.JPEG,934,hot dog
train/n07697537/n07697537_28705.JPEG,934,hot dog
train/n07697537/n07697537_2903.JPEG,934,hot dog
train/n07697537/n07697537_26551.JPEG,934,hot dog
train/n07697537/n07697537_12191.JPEG,934,hot dog
train/n07697537/n07697537_29024.JPEG,934,hot dog
train/n07697537/n07697537_9274.JPEG,934,hot dog
train/n07697537/n07697537_18960.JPEG,934,hot dog
train/n07697537/n07697537_4512.JPEG,934,hot dog
train/n07697537/n07697537_26844.JPEG,934,hot dog
train/n07697537/n07697537_16039.JPEG,934,hot dog
train/n07697537/n07697537_30504.JPEG,934,hot dog
train/n07697537/n07697537_15816.JPEG,934,hot dog
train/n07711569/n07711569_4429.JPEG,935,mashed potatoes
train/n07711569/n07711569_3914.JPEG,935,mashed potatoes
train/n07711569/n07711569_2344.JPEG,935,mashed potatoes
train/n07711569/n07711569_4129.JPEG,935,mashed potatoes
train/n07711569/n07711569_9312.JPEG,935,mashed potatoes
train/n07711569/n07711569_1286.JPEG,935,mashed potatoes
train/n07711569/n07711569_6388.JPEG,935,mashed potatoes
train/n07711569/n07711569_2332.JPEG,935,mashed potatoes
train/n07711569/n07711569_5484.JPEG,935,mashed potatoes
train/n07711569/n07711569_5031.JPEG,935,mashed potatoes
train/n07711569/n07711569_4588.JPEG,935,mashed potatoes
train/n07711569/n07711569_2129.JPEG,935,mashed potatoes
train/n07711569/n07711569_5499.JPEG,935,mashed potatoes
train/n07711569/n07711569_4487.JPEG,935,mashed potatoes
train/n07711569/n07711569_5810.JPEG,935,mashed potatoes
train/n07711569/n07711569_4461.JPEG,935,mashed potatoes
train/n07714571/n07714571_887.JPEG,936,cabbage
train/n07714571/n07714571_1997.JPEG,936,cabbage
train/n07714571/n07714571_3676.JPEG,936,cabbage
train/n07714571/n07714571_8817.JPEG,936,cabbage
train/n07714571/n07714571_12411.JPEG,936,cabbage
train/n07714571/n07714571_8474.JPEG,936,cabbage
train/n07714571/n07714571_6654.JPEG,936,cabbage
train/n07714571/n07714571_8933.JPEG,936,cabbage
train/n07714571/n07714571_3584.JPEG,936,cabbage
train/n07714571/n07714571_1939.JPEG,936,cabbage
train/n07714571/n07714571_14208.JPEG,936,cabbage
train/n07714571/n07714571_1386.JPEG,936,cabbage
train/n07714571/n07714571_15517.JPEG,936,cabbage
train/n07714571/n07714571_13416.JPEG,936,cabbage
train/n07714571/n07714571_10016.JPEG,936,cabbage
train/n07714571/n07714571_13061.JPEG,936,cabbage
train/n07714990/n07714990_4775.JPEG,937,broccoli
train/n07714990/n07714990_16987.JPEG,937,broccoli
train/n07714990/n07714990_1059.JPEG,937,broccoli
train/n07714990/n07714990_3729.JPEG,937,broccoli
train/n07714990/n07714990_795.JPEG,937,broccoli
train/n07714990/n07714990_5467.JPEG,937,broccoli
train/n07714990/n07714990_2432.JPEG,937,broccoli
train/n07714990/n07714990_2134.JPEG,937,broccoli
train/n07714990/n07714990_8368.JPEG,937,broccoli
train/n07714990/n07714990_15252.JPEG,937,broccoli
train/n07714990/n07714990_11377.JPEG,937,broccoli
train/n07714990/n07714990_3853.JPEG,937,broccoli
train/n07714990/n07714990_5183.JPEG,937,broccoli
train/n07714990/n07714990_8458.JPEG,937,broccoli
train/n07714990/n07714990_1838.JPEG,937,broccoli
train/n07714990/n07714990_6718.JPEG,937,broccoli
train/n07715103/n07715103_1874.JPEG,938,cauliflower
train/n07715103/n07715103_18757.JPEG,938,cauliflower
train/n07715103/n07715103_4402.JPEG,938,cauliflower
train/n07715103/n07715103_8600.JPEG,938,cauliflower
train/n07715103/n07715103_3256.JPEG,938,cauliflower
train/n07715103/n07715103_855.JPEG,938,cauliflower
train/n07715103/n07715103_18229.JPEG,938,cauliflower
train/n07715103/n07715103_14583.JPEG,938,cauliflower
train/n07715103/n07715103_387.JPEG,938,cauliflower
train/n07715103/n07715103_1431.JPEG,938,cauliflower
train/n07715103/n07715103_6321.JPEG,938,cauliflower
train/n07715103/n07715103_9653.JPEG,938,cauliflower
train/n07715103/n07715103_17307.JPEG,938,cauliflower
train/n07715103/n07715103_11336.JPEG,938,cauliflower
train/n07715103/n07715103_15301.JPEG,938,cauliflower
train/n07715103/n07715103_14985.JPEG,938,cauliflower
train/n07716358/n07716358_17299.JPEG,939,zucchini
train/n07716358/n07716358_3419.JPEG,939,zucchini
train/n07716358/n07716358_399.JPEG,939,zucchini
train/n07716358/n07716358_19028.JPEG,939,zucchini
train/n07716358/n07716358_1006.JPEG,939,zucchini
train/n07716358/n07716358_26539.JPEG,939,zucchini
train/n07716358/n07716358_7626.JPEG,939,zucchini
train/n07716358/n07716358_11048.JPEG,939,zucchini
train/n07716358/n07716358_8740.JPEG,939,zucchini
train/n07716358/n07716358_24932.JPEG,939,zucchini
train/n07716358/n07716358_17277.JPEG,939,zucchini
train/n07716358/n07716358_13142.JPEG,939,zucchini
train/n07716358/n07716358_15382.JPEG,939,zucchini
train/n07716358/n07716358_25088.JPEG,939,zucchini
train/n07716358/n07716358_4279.JPEG,939,zucchini
train/n07716358/n07716358_1549.JPEG,939,zucchini
train/n07716906/n07716906_1060.JPEG,940,spaghetti squash
train/n07716906/n07716906_9230.JPEG,940,spaghetti squash
train/n07716906/n07716906_4576.JPEG,940,spaghetti squash
train/n07716906/n07716906_2555.JPEG,940,spaghetti squash
train/n07716906/n07716906_4611.JPEG,940,spaghetti squash
train/n07716906/n07716906_5393.JPEG,940,spaghetti squash
train/n07716906/n07716906_264.JPEG,940,spaghetti squash
train/n07716906/n07716906_2243.JPEG,940,spaghetti squash
train/n07716906/n07716906_2973.JPEG,940,spaghetti squash
train/n07716906/n07716906_5638.JPEG,940,spaghetti squash
train/n07716906/n07716906_5850.JPEG,940,spaghetti squash
train/n07716906/n07716906_11062.JPEG,940,spaghetti squash
train/n07716906/n07716906_66.JPEG,940,spaghetti squash
train/n07716906/n07716906_4235.JPEG,940,spaghetti squash
train/n07716906/n07716906_4187.JPEG,940,spaghetti squash
train/n07716906/n07716906_4470.JPEG,940,spaghetti squash
train/n07717410/n07717410_1390.JPEG,941,acorn squash
train/n07717410/n07717410_11599.JPEG,941,acorn squash
train/n07717410/n07717410_746.JPEG,941,acorn squash
train/n07717410/n07717410_5434.JPEG,941,acorn squash
train/n07717410/n07717410_3173.JPEG,941,acorn squash
train/n07717410/n07717410_16258.JPEG,941,acorn squash
train/n07717410/n07717410_2765.JPEG,941,acorn squash
train/n07717410/n07717410_1756.JPEG,941,acorn squash
train/n07717410/n07717410_3665.JPEG,941,acorn squash
train/n07717410/n07717410_526.JPEG,941,acorn squash
train/n07717410/n07717410_5657.JPEG,941,acorn squash
train/n07717410/n07717410_1466.JPEG,941,acorn squash
train/n07717410/n07717410_1167.JPEG,941,acorn squash
train/n07717410/n07717410_1602.JPEG,941,acorn squash
train/n07717410/n07717410_876.JPEG,941,acorn squash
train/n07717410/n07717410_4066.JPEG,941,acorn squash
train/n07717556/n07717556_1927.JPEG,942,butternut squash
train/n07717556/n07717556_7100.JPEG,942,butternut squash
train/n07717556/n07717556_8929.JPEG,942,butternut squash
train/n07717556/n07717556_7774.JPEG,942,butternut squash
train/n07717556/n07717556_13296.JPEG,942,butternut squash
train/n07717556/n07717556_8419.JPEG,942,butternut squash
train/n07717556/n07717556_753.JPEG,942,butternut squash
train/n07717556/n07717556_439.JPEG,942,butternut squash
train/n07717556/n07717556_9616.JPEG,942,butternut squash
train/n07717556/n07717556_15213.JPEG,942,butternut squash
train/n07717556/n07717556_5611.JPEG,942,butternut squash
train/n07717556/n07717556_3361.JPEG,942,butternut squash
train/n07717556/n07717556_8178.JPEG,942,butternut squash
train/n07717556/n07717556_9962.JPEG,942,butternut squash
train/n07717556/n07717556_15625.JPEG,942,butternut squash
train/n07717556/n07717556_3781.JPEG,942,butternut squash
train/n07718472/n07718472_15382.JPEG,943,cucumber
train/n07718472/n07718472_1433.JPEG,943,cucumber
train/n07718472/n07718472_10305.JPEG,943,cucumber
train/n07718472/n07718472_3752.JPEG,943,cucumber
train/n07718472/n07718472_5522.JPEG,943,cucumber
train/n07718472/n07718472_32001.JPEG,943,cucumber
train/n07718472/n07718472_18832.JPEG,943,cucumber
train/n07718472/n07718472_5717.JPEG,943,cucumber
train/n07718472/n07718472_20134.JPEG,943,cucumber
train/n07718472/n07718472_26366.JPEG,943,cucumber
train/n07718472/n07718472_19637.JPEG,943,cucumber
train/n07718472/n07718472_20531.JPEG,943,cucumber
train/n07718472/n07718472_43514.JPEG,943,cucumber
train/n07718472/n07718472_3077.JPEG,943,cucumber
train/n07718472/n07718472_9123.JPEG,943,cucumber
train/n07718472/n07718472_14736.JPEG,943,cucumber
train/n07718747/n07718747_8109.JPEG,944,artichoke
train/n07718747/n07718747_16693.JPEG,944,artichoke
train/n07718747/n07718747_1296.JPEG,944,artichoke
train/n07718747/n07718747_9881.JPEG,944,artichoke
train/n07718747/n07718747_18980.JPEG,944,artichoke
train/n07718747/n07718747_23217.JPEG,944,artichoke
train/n07718747/n07718747_12404.JPEG,944,artichoke
train/n07718747/n07718747_3761.JPEG,944,artichoke
train/n07718747/n07718747_2773.JPEG,944,artichoke
train/n07718747/n07718747_13771.JPEG,944,artichoke
train/n07718747/n07718747_23303.JPEG,944,artichoke
train/n07718747/n07718747_16713.JPEG,944,artichoke
train/n07718747/n07718747_13524.JPEG,944,artichoke
train/n07718747/n07718747_12546.JPEG,944,artichoke
train/n07718747/n07718747_12085.JPEG,944,artichoke
train/n07718747/n07718747_24919.JPEG,944,artichoke
train/n07720875/n07720875_1628.JPEG,945,bell pepper
train/n07720875/n07720875_7334.JPEG,945,bell pepper
train/n07720875/n07720875_12671.JPEG,945,bell pepper
train/n07720875/n07720875_4731.JPEG,945,bell pepper
train/n07720875/n07720875_12808.JPEG,945,bell pepper
train/n07720875/n07720875_1866.JPEG,945,bell pepper
train/n07720875/n07720875_10068.JPEG,945,bell pepper
train/n07720875/n07720875_8234.JPEG,945,bell pepper
train/n07720875/n07720875_3696.JPEG,945,bell pepper
train/n07720875/n07720875_3423.JPEG,945,bell pepper
train/n07720875/n07720875_10329.JPEG,945,bell pepper
train/n07720875/n07720875_13526.JPEG,945,bell pepper
train/n07720875/n07720875_3387.JPEG,945,bell pepper
train/n07720875/n07720875_10259.JPEG,945,bell pepper
train/n07720875/n07720875_15734.JPEG,945,bell pepper
train/n07720875/n07720875_9573.JPEG,945,bell pepper
train/n07730033/n07730033_6353.JPEG,946,cardoon
train/n07730033/n07730033_10810.JPEG,946,cardoon
train/n07730033/n07730033_16591.JPEG,946,cardoon
train/n07730033/n07730033_8262.JPEG,946,cardoon
train/n07730033/n07730033_2657.JPEG,946,cardoon
train/n07730033/n07730033_15359.JPEG,946,cardoon
train/n07730033/n07730033_13754.JPEG,946,cardoon
train/n07730033/n07730033_3778.JPEG,946,cardoon
train/n07730033/n07730033_11097.JPEG,946,cardoon
train/n07730033/n07730033_1838.JPEG,946,cardoon
train/n07730033/n07730033_8399.JPEG,946,cardoon
train/n07730033/n07730033_12121.JPEG,946,cardoon
train/n07730033/n07730033_6663.JPEG,946,cardoon
train/n07730033/n07730033_13793.JPEG,946,cardoon
train/n07730033/n07730033_10892.JPEG,946,cardoon
train/n07730033/n07730033_2913.JPEG,946,cardoon
train/n07734744/n07734744_5878.JPEG,947,mushroom
train/n07734744/n07734744_3202.JPEG,947,mushroom
train/n07734744/n07734744_2592.JPEG,947,mushroom
train/n07734744/n07734744_5189.JPEG,947,mushroom
train/n07734744/n07734744_4722.JPEG,947,mushroom
train/n07734744/n07734744_12900.JPEG,947,mushroom
train/n07734744/n07734744_6612.JPEG,947,mushroom
train/n07734744/n07734744_2421.JPEG,947,mushroom
train/n07734744/n07734744_6084.JPEG,947,mushroom
train/n07734744/n07734744_13989.JPEG,947,mushroom
train/n07734744/n07734744_2582.JPEG,947,mushroom
train/n07734744/n07734744_7869.JPEG,947,mushroom
train/n07734744/n07734744_7908.JPEG,947,mushroom
train/n07734744/n07734744_3904.JPEG,947,mushroom
train/n07734744/n07734744_3432.JPEG,947,mushroom
train/n07734744/n07734744_18538.JPEG,947,mushroom
train/n07742313/n07742313_11871.JPEG,948,Granny Smith apple
train/n07742313/n07742313_13526.JPEG,948,Granny Smith apple
train/n07742313/n07742313_4013.JPEG,948,Granny Smith apple
train/n07742313/n07742313_1460.JPEG,948,Granny Smith apple
train/n07742313/n07742313_18081.JPEG,948,Granny Smith apple
train/n07742313/n07742313_13536.JPEG,948,Granny Smith apple
train/n07742313/n07742313_13122.JPEG,948,Granny Smith apple
train/n07742313/n07742313_10935.JPEG,948,Granny Smith apple
train/n07742313/n07742313_13257.JPEG,948,Granny Smith apple
train/n07742313/n07742313_3497.JPEG,948,Granny Smith apple
train/n07742313/n07742313_12237.JPEG,948,Granny Smith apple
train/n07742313/n07742313_19827.JPEG,948,Granny Smith apple
train/n07742313/n07742313_15334.JPEG,948,Granny Smith apple
train/n07742313/n07742313_22344.JPEG,948,Granny Smith apple
train/n07742313/n07742313_20.JPEG,948,Granny Smith apple
train/n07742313/n07742313_11342.JPEG,948,Granny Smith apple
train/n07745940/n07745940_20931.JPEG,949,strawberry
train/n07745940/n07745940_18572.JPEG,949,strawberry
train/n07745940/n07745940_9192.JPEG,949,strawberry
train/n07745940/n07745940_7296.JPEG,949,strawberry
train/n07745940/n07745940_12876.JPEG,949,strawberry
train/n07745940/n07745940_11303.JPEG,949,strawberry
train/n07745940/n07745940_12732.JPEG,949,strawberry
train/n07745940/n07745940_6809.JPEG,949,strawberry
train/n07745940/n07745940_1592.JPEG,949,strawberry
train/n07745940/n07745940_2218.JPEG,949,strawberry
train/n07745940/n07745940_5845.JPEG,949,strawberry
train/n07745940/n07745940_8193.JPEG,949,strawberry
train/n07745940/n07745940_6848.JPEG,949,strawberry
train/n07745940/n07745940_11210.JPEG,949,strawberry
train/n07745940/n07745940_20217.JPEG,949,strawberry
train/n07745940/n07745940_18917.JPEG,949,strawberry
train/n07747607/n07747607_21114.JPEG,950,orange
train/n07747607/n07747607_13172.JPEG,950,orange
train/n07747607/n07747607_51515.JPEG,950,orange
train/n07747607/n07747607_34010.JPEG,950,orange
train/n07747607/n07747607_30142.JPEG,950,orange
train/n07747607/n07747607_14164.JPEG,950,orange
train/n07747607/n07747607_20352.JPEG,950,orange
train/n07747607/n07747607_79.JPEG,950,orange
train/n07747607/n07747607_29482.JPEG,950,orange
train/n07747607/n07747607_18235.JPEG,950,orange
train/n07747607/n07747607_28978.JPEG,950,orange
train/n07747607/n07747607_11153.JPEG,950,orange
train/n07747607/n07747607_4329.JPEG,950,orange
train/n07747607/n07747607_40265.JPEG,950,orange
train/n07747607/n07747607_2441.JPEG,950,orange
train/n07747607/n07747607_15312.JPEG,950,orange
train/n07749582/n07749582_10779.JPEG,951,lemon
train/n07749582/n07749582_4261.JPEG,951,lemon
train/n07749582/n07749582_723.JPEG,951,lemon
train/n07749582/n07749582_1451.JPEG,951,lemon
train/n07749582/n07749582_22960.JPEG,951,lemon
train/n07749582/n07749582_2892.JPEG,951,lemon
train/n07749582/n07749582_1084.JPEG,951,lemon
train/n07749582/n07749582_20553.JPEG,951,lemon
train/n07749582/n07749582_16330.JPEG,951,lemon
train/n07749582/n07749582_3928.JPEG,951,lemon
train/n07749582/n07749582_4622.JPEG,951,lemon
train/n07749582/n07749582_15004.JPEG,951,lemon
train/n07749582/n07749582_16293.JPEG,951,lemon
train/n07749582/n07749582_14762.JPEG,951,lemon
train/n07749582/n07749582_6168.JPEG,951,lemon
train/n07749582/n07749582_1854.JPEG,951,lemon
train/n07753113/n07753113_820.JPEG,952,fig
train/n07753113/n07753113_22665.JPEG,952,fig
train/n07753113/n07753113_300.JPEG,952,fig
train/n07753113/n07753113_1274.JPEG,952,fig
train/n07753113/n07753113_11898.JPEG,952,fig
train/n07753113/n07753113_10165.JPEG,952,fig
train/n07753113/n07753113_307.JPEG,952,fig
train/n07753113/n07753113_4565.JPEG,952,fig
train/n07753113/n07753113_6128.JPEG,952,fig
train/n07753113/n07753113_4858.JPEG,952,fig
train/n07753113/n07753113_35978.JPEG,952,fig
train/n07753113/n07753113_26371.JPEG,952,fig
train/n07753113/n07753113_12923.JPEG,952,fig
train/n07753113/n07753113_189.JPEG,952,fig
train/n07753113/n07753113_1100.JPEG,952,fig
train/n07753113/n07753113_2274.JPEG,952,fig
train/n07753275/n07753275_1856.JPEG,953,pineapple
train/n07753275/n07753275_1515.JPEG,953,pineapple
train/n07753275/n07753275_29281.JPEG,953,pineapple
train/n07753275/n07753275_460.JPEG,953,pineapple
train/n07753275/n07753275_32205.JPEG,953,pineapple
train/n07753275/n07753275_28747.JPEG,953,pineapple
train/n07753275/n07753275_3234.JPEG,953,pineapple
train/n07753275/n07753275_2878.JPEG,953,pineapple
train/n07753275/n07753275_2692.JPEG,953,pineapple
train/n07753275/n07753275_7157.JPEG,953,pineapple
train/n07753275/n07753275_22575.JPEG,953,pineapple
train/n07753275/n07753275_734.JPEG,953,pineapple
train/n07753275/n07753275_20516.JPEG,953,pineapple
train/n07753275/n07753275_227.JPEG,953,pineapple
train/n07753275/n07753275_63966.JPEG,953,pineapple
train/n07753275/n07753275_23143.JPEG,953,pineapple
train/n07753592/n07753592_2752.JPEG,954,banana
train/n07753592/n07753592_7598.JPEG,954,banana
train/n07753592/n07753592_3274.JPEG,954,banana
train/n07753592/n07753592_1221.JPEG,954,banana
train/n07753592/n07753592_6916.JPEG,954,banana
train/n07753592/n07753592_11223.JPEG,954,banana
train/n07753592/n07753592_16871.JPEG,954,banana
train/n07753592/n07753592_11306.JPEG,954,banana
train/n07753592/n07753592_12306.JPEG,954,banana
train/n07753592/n07753592_5293.JPEG,954,banana
train/n07753592/n07753592_518.JPEG,954,banana
train/n07753592/n07753592_2956.JPEG,954,banana
train/n07753592/n07753592_10731.JPEG,954,banana
train/n07753592/n07753592_15936.JPEG,954,banana
train/n07753592/n07753592_7332.JPEG,954,banana
train/n07753592/n07753592_13780.JPEG,954,banana
train/n07754684/n07754684_34810.JPEG,955,jackfruit
train/n07754684/n07754684_37125.JPEG,955,jackfruit
train/n07754684/n07754684_21233.JPEG,955,jackfruit
train/n07754684/n07754684_22156.JPEG,955,jackfruit
train/n07754684/n07754684_24158.JPEG,955,jackfruit
train/n07754684/n07754684_27862.JPEG,955,jackfruit
train/n07754684/n07754684_1123.JPEG,955,jackfruit
train/n07754684/n07754684_24607.JPEG,955,jackfruit
train/n07754684/n07754684_30321.JPEG,955,jackfruit
train/n07754684/n07754684_15422.JPEG,955,jackfruit
train/n07754684/n07754684_15661.JPEG,955,jackfruit
train/n07754684/n07754684_24636.JPEG,955,jackfruit
train/n07754684/n07754684_8815.JPEG,955,jackfruit
train/n07754684/n07754684_40211.JPEG,955,jackfruit
train/n07754684/n07754684_14747.JPEG,955,jackfruit
train/n07754684/n07754684_33449.JPEG,955,jackfruit
train/n07760859/n07760859_6403.JPEG,956,cherimoya (custard apple)
train/n07760859/n07760859_14178.JPEG,956,cherimoya (custard apple)
train/n07760859/n07760859_14575.JPEG,956,cherimoya (custard apple)
train/n07760859/n07760859_7687.JPEG,956,cherimoya (custard apple)
train/n07760859/n07760859_13934.JPEG,956,cherimoya (custard apple)
train/n07760859/n07760859_3132.JPEG,956,cherimoya (custard apple)
train/n07760859/n07760859_19090.JPEG,956,cherimoya (custard apple)
train/n07760859/n07760859_8751.JPEG,956,cherimoya (custard apple)
train/n07760859/n07760859_8101.JPEG,956,cherimoya (custard apple)
train/n07760859/n07760859_13614.JPEG,956,cherimoya (custard apple)
train/n07760859/n07760859_7536.JPEG,956,cherimoya (custard apple)
train/n07760859/n07760859_9591.JPEG,956,cherimoya (custard apple)
train/n07760859/n07760859_7310.JPEG,956,cherimoya (custard apple)
train/n07760859/n07760859_9617.JPEG,956,cherimoya (custard apple)
train/n07760859/n07760859_5734.JPEG,956,cherimoya (custard apple)
train/n07760859/n07760859_15694.JPEG,956,cherimoya (custard apple)
train/n07768694/n07768694_32256.JPEG,957,pomegranate
train/n07768694/n07768694_5987.JPEG,957,pomegranate
train/n07768694/n07768694_8473.JPEG,957,pomegranate
train/n07768694/n07768694_6919.JPEG,957,pomegranate
train/n07768694/n07768694_9996.JPEG,957,pomegranate
train/n07768694/n07768694_10410.JPEG,957,pomegranate
train/n07768694/n07768694_18024.JPEG,957,pomegranate
train/n07768694/n07768694_9872.JPEG,957,pomegranate
train/n07768694/n07768694_10156.JPEG,957,pomegranate
train/n07768694/n07768694_7873.JPEG,957,pomegranate
train/n07768694/n07768694_5287.JPEG,957,pomegranate
train/n07768694/n07768694_1882.JPEG,957,pomegranate
train/n07768694/n07768694_1446.JPEG,957,pomegranate
train/n07768694/n07768694_11477.JPEG,957,pomegranate
train/n07768694/n07768694_16077.JPEG,957,pomegranate
train/n07768694/n07768694_4255.JPEG,957,pomegranate
train/n07802026/n07802026_8941.JPEG,958,hay
train/n07802026/n07802026_17779.JPEG,958,hay
train/n07802026/n07802026_11890.JPEG,958,hay
train/n07802026/n07802026_1883.JPEG,958,hay
train/n07802026/n07802026_18978.JPEG,958,hay
train/n07802026/n07802026_24657.JPEG,958,hay
train/n07802026/n07802026_16524.JPEG,958,hay
train/n07802026/n07802026_9244.JPEG,958,hay
train/n07802026/n07802026_4184.JPEG,958,hay
train/n07802026/n07802026_7998.JPEG,958,hay
train/n07802026/n07802026_4505.JPEG,958,hay
train/n07802026/n07802026_17947.JPEG,958,hay
train/n07802026/n07802026_1566.JPEG,958,hay
train/n07802026/n07802026_12234.JPEG,958,hay
train/n07802026/n07802026_1243.JPEG,958,hay
train/n07802026/n07802026_19404.JPEG,958,hay
train/n07831146/n07831146_534.JPEG,959,carbonara
train/n07831146/n07831146_8871.JPEG,959,carbonara
train/n07831146/n07831146_3695.JPEG,959,carbonara
train/n07831146/n07831146_9201.JPEG,959,carbonara
train/n07831146/n07831146_9232.JPEG,959,carbonara
train/n07831146/n07831146_1971.JPEG,959,carbonara
train/n07831146/n07831146_154.JPEG,959,carbonara
train/n07831146/n07831146_98.JPEG,959,carbonara
train/n07831146/n07831146_578.JPEG,959,carbonara
train/n07831146/n07831146_1212.JPEG,959,carbonara
train/n07831146/n07831146_5437.JPEG,959,carbonara
train/n07831146/n07831146_7992.JPEG,959,carbonara
train/n07831146/n07831146_2202.JPEG,959,carbonara
train/n07831146/n07831146_5181.JPEG,959,carbonara
train/n07831146/n07831146_4515.JPEG,959,carbonara
train/n07831146/n07831146_5289.JPEG,959,carbonara
train/n07836838/n07836838_3431.JPEG,960,chocolate syrup
train/n07836838/n07836838_137.JPEG,960,chocolate syrup
train/n07836838/n07836838_9758.JPEG,960,chocolate syrup
train/n07836838/n07836838_15189.JPEG,960,chocolate syrup
train/n07836838/n07836838_2502.JPEG,960,chocolate syrup
train/n07836838/n07836838_15639.JPEG,960,chocolate syrup
train/n07836838/n07836838_2103.JPEG,960,chocolate syrup
train/n07836838/n07836838_5069.JPEG,960,chocolate syrup
train/n07836838/n07836838_4540.JPEG,960,chocolate syrup
train/n07836838/n07836838_1064.JPEG,960,chocolate syrup
train/n07836838/n07836838_10771.JPEG,960,chocolate syrup
train/n07836838/n07836838_17893.JPEG,960,chocolate syrup
train/n07836838/n07836838_2059.JPEG,960,chocolate syrup
train/n07836838/n07836838_13316.JPEG,960,chocolate syrup
train/n07836838/n07836838_30003.JPEG,960,chocolate syrup
train/n07836838/n07836838_15580.JPEG,960,chocolate syrup
train/n07860988/n07860988_3437.JPEG,961,dough
train/n07860988/n07860988_38398.JPEG,961,dough
train/n07860988/n07860988_27002.JPEG,961,dough
train/n07860988/n07860988_10270.JPEG,961,dough
train/n07860988/n07860988_18316.JPEG,961,dough
train/n07860988/n07860988_14875.JPEG,961,dough
train/n07860988/n07860988_18847.JPEG,961,dough
train/n07860988/n07860988_33799.JPEG,961,dough
train/n07860988/n07860988_5548.JPEG,961,dough
train/n07860988/n07860988_33047.JPEG,961,dough
train/n07860988/n07860988_4033.JPEG,961,dough
train/n07860988/n07860988_41105.JPEG,961,dough
train/n07860988/n07860988_20318.JPEG,961,dough
train/n07860988/n07860988_2771.JPEG,961,dough
train/n07860988/n07860988_12709.JPEG,961,dough
train/n07860988/n07860988_8830.JPEG,961,dough
train/n07871810/n07871810_19125.JPEG,962,meatloaf
train/n07871810/n07871810_6719.JPEG,962,meatloaf
train/n07871810/n07871810_1960.JPEG,962,meatloaf
train/n07871810/n07871810_12069.JPEG,962,meatloaf
train/n07871810/n07871810_24200.JPEG,962,meatloaf
train/n07871810/n07871810_7648.JPEG,962,meatloaf
train/n07871810/n07871810_5612.JPEG,962,meatloaf
train/n07871810/n07871810_676.JPEG,962,meatloaf
train/n07871810/n07871810_26988.JPEG,962,meatloaf
train/n07871810/n07871810_14839.JPEG,962,meatloaf
train/n07871810/n07871810_1118.JPEG,962,meatloaf
train/n07871810/n07871810_3287.JPEG,962,meatloaf
train/n07871810/n07871810_15818.JPEG,962,meatloaf
train/n07871810/n07871810_18923.JPEG,962,meatloaf
train/n07871810/n07871810_514.JPEG,962,meatloaf
train/n07871810/n07871810_8642.JPEG,962,meatloaf
train/n07873807/n07873807_1677.JPEG,963,pizza
train/n07873807/n07873807_13079.JPEG,963,pizza
train/n07873807/n07873807_18400.JPEG,963,pizza
train/n07873807/n07873807_2049.JPEG,963,pizza
train/n07873807/n07873807_13867.JPEG,963,pizza
train/n07873807/n07873807_7341.JPEG,963,pizza
train/n07873807/n07873807_15536.JPEG,963,pizza
train/n07873807/n07873807_12811.JPEG,963,pizza
train/n07873807/n07873807_2408.JPEG,963,pizza
train/n07873807/n07873807_8892.JPEG,963,pizza
train/n07873807/n07873807_9124.JPEG,963,pizza
train/n07873807/n07873807_3354.JPEG,963,pizza
train/n07873807/n07873807_11143.JPEG,963,pizza
train/n07873807/n07873807_13918.JPEG,963,pizza
train/n07873807/n07873807_9742.JPEG,963,pizza
train/n07873807/n07873807_11598.JPEG,963,pizza
train/n07875152/n07875152_5495.JPEG,964,pot pie
train/n07875152/n07875152_2977.JPEG,964,pot pie
train/n07875152/n07875152_2793.JPEG,964,pot pie
train/n07875152/n07875152_4734.JPEG,964,pot pie
train/n07875152/n07875152_5117.JPEG,964,pot pie
train/n07875152/n07875152_7062.JPEG,964,pot pie
train/n07875152/n07875152_374.JPEG,964,pot pie
train/n07875152/n07875152_1126.JPEG,964,pot pie
train/n07875152/n07875152_3717.JPEG,964,pot pie
train/n07875152/n07875152_4157.JPEG,964,pot pie
train/n07875152/n07875152_3926.JPEG,964,pot pie
train/n07875152/n07875152_8513.JPEG,964,pot pie
train/n07875152/n07875152_1271.JPEG,964,pot pie
train/n07875152/n07875152_4908.JPEG,964,pot pie
train/n07875152/n07875152_861.JPEG,964,pot pie
train/n07875152/n07875152_7926.JPEG,964,pot pie
train/n07880968/n07880968_281.JPEG,965,burrito
train/n07880968/n07880968_8925.JPEG,965,burrito
train/n07880968/n07880968_2148.JPEG,965,burrito
train/n07880968/n07880968_2981.JPEG,965,burrito
train/n07880968/n07880968_2792.JPEG,965,burrito
train/n07880968/n07880968_3732.JPEG,965,burrito
train/n07880968/n07880968_13047.JPEG,965,burrito
train/n07880968/n07880968_7165.JPEG,965,burrito
train/n07880968/n07880968_6117.JPEG,965,burrito
train/n07880968/n07880968_1251.JPEG,965,burrito
train/n07880968/n07880968_2309.JPEG,965,burrito
train/n07880968/n07880968_5667.JPEG,965,burrito
train/n07880968/n07880968_1510.JPEG,965,burrito
train/n07880968/n07880968_1798.JPEG,965,burrito
train/n07880968/n07880968_5978.JPEG,965,burrito
train/n07880968/n07880968_2143.JPEG,965,burrito
train/n07892512/n07892512_3362.JPEG,966,red wine
train/n07892512/n07892512_3283.JPEG,966,red wine
train/n07892512/n07892512_13554.JPEG,966,red wine
train/n07892512/n07892512_13521.JPEG,966,red wine
train/n07892512/n07892512_11707.JPEG,966,red wine
train/n07892512/n07892512_8240.JPEG,966,red wine
train/n07892512/n07892512_31135.JPEG,966,red wine
train/n07892512/n07892512_39079.JPEG,966,red wine
train/n07892512/n07892512_1502.JPEG,966,red wine
train/n07892512/n07892512_3710.JPEG,966,red wine
train/n07892512/n07892512_34186.JPEG,966,red wine
train/n07892512/n07892512_13789.JPEG,966,red wine
train/n07892512/n07892512_19885.JPEG,966,red wine
train/n07892512/n07892512_3830.JPEG,966,red wine
train/n07892512/n07892512_12246.JPEG,966,red wine
train/n07892512/n07892512_3179.JPEG,966,red wine
train/n07920052/n07920052_2456.JPEG,967,espresso
train/n07920052/n07920052_271.JPEG,967,espresso
train/n07920052/n07920052_7568.JPEG,967,espresso
train/n07920052/n07920052_10362.JPEG,967,espresso
train/n07920052/n07920052_16067.JPEG,967,espresso
train/n07920052/n07920052_11276.JPEG,967,espresso
train/n07920052/n07920052_5632.JPEG,967,espresso
train/n07920052/n07920052_9802.JPEG,967,espresso
train/n07920052/n07920052_14277.JPEG,967,espresso
train/n07920052/n07920052_3210.JPEG,967,espresso
train/n07920052/n07920052_33553.JPEG,967,espresso
train/n07920052/n07920052_2342.JPEG,967,espresso
train/n07920052/n07920052_2451.JPEG,967,espresso
train/n07920052/n07920052_16356.JPEG,967,espresso
train/n07920052/n07920052_5069.JPEG,967,espresso
train/n07920052/n07920052_33942.JPEG,967,espresso
train/n07930864/n07930864_32698.JPEG,968,tea cup
train/n07930864/n07930864_32898.JPEG,968,tea cup
train/n07930864/n07930864_14856.JPEG,968,tea cup
train/n07930864/n07930864_7134.JPEG,968,tea cup
train/n07930864/n07930864_14413.JPEG,968,tea cup
train/n07930864/n07930864_12006.JPEG,968,tea cup
train/n07930864/n07930864_55936.JPEG,968,tea cup
train/n07930864/n07930864_61952.JPEG,968,tea cup
train/n07930864/n07930864_22074.JPEG,968,tea cup
train/n07930864/n07930864_35011.JPEG,968,tea cup
train/n07930864/n07930864_16574.JPEG,968,tea cup
train/n07930864/n07930864_22784.JPEG,968,tea cup
train/n07930864/n07930864_12934.JPEG,968,tea cup
train/n07930864/n07930864_21505.JPEG,968,tea cup
train/n07930864/n07930864_24524.JPEG,968,tea cup
train/n07930864/n07930864_987.JPEG,968,tea cup
train/n07932039/n07932039_915.JPEG,969,eggnog
train/n07932039/n07932039_1020.JPEG,969,eggnog
train/n07932039/n07932039_14122.JPEG,969,eggnog
train/n07932039/n07932039_7362.JPEG,969,eggnog
train/n07932039/n07932039_9087.JPEG,969,eggnog
train/n07932039/n07932039_4609.JPEG,969,eggnog
train/n07932039/n07932039_2380.JPEG,969,eggnog
train/n07932039/n07932039_12707.JPEG,969,eggnog
train/n07932039/n07932039_2435.JPEG,969,eggnog
train/n07932039/n07932039_4187.JPEG,969,eggnog
train/n07932039/n07932039_9749.JPEG,969,eggnog
train/n07932039/n07932039_8871.JPEG,969,eggnog
train/n07932039/n07932039_10459.JPEG,969,eggnog
train/n07932039/n07932039_5125.JPEG,969,eggnog
train/n07932039/n07932039_1310.JPEG,969,eggnog
train/n07932039/n07932039_14625.JPEG,969,eggnog
train/n09193705/n09193705_10731.JPEG,970,mountain
train/n09193705/n09193705_5058.JPEG,970,mountain
train/n09193705/n09193705_36200.JPEG,970,mountain
train/n09193705/n09193705_22545.JPEG,970,mountain
train/n09193705/n09193705_28458.JPEG,970,mountain
train/n09193705/n09193705_32664.JPEG,970,mountain
train/n09193705/n09193705_12206.JPEG,970,mountain
train/n09193705/n09193705_14058.JPEG,970,mountain
train/n09193705/n09193705_28393.JPEG,970,mountain
train/n09193705/n09193705_22474.JPEG,970,mountain
train/n09193705/n09193705_15951.JPEG,970,mountain
train/n09193705/n09193705_18755.JPEG,970,mountain
train/n09193705/n09193705_18529.JPEG,970,mountain
train/n09193705/n09193705_30052.JPEG,970,mountain
train/n09193705/n09193705_802.JPEG,970,mountain
train/n09193705/n09193705_49343.JPEG,970,mountain
train/n09229709/n09229709_36971.JPEG,971,bubble
train/n09229709/n09229709_2180.JPEG,971,bubble
train/n09229709/n09229709_31994.JPEG,971,bubble
train/n09229709/n09229709_6163.JPEG,971,bubble
train/n09229709/n09229709_56312.JPEG,971,bubble
train/n09229709/n09229709_10768.JPEG,971,bubble
train/n09229709/n09229709_137213.JPEG,971,bubble
train/n09229709/n09229709_34868.JPEG,971,bubble
train/n09229709/n09229709_25416.JPEG,971,bubble
train/n09229709/n09229709_129554.JPEG,971,bubble
train/n09229709/n09229709_5558.JPEG,971,bubble
train/n09229709/n09229709_12460.JPEG,971,bubble
train/n09229709/n09229709_33311.JPEG,971,bubble
train/n09229709/n09229709_32974.JPEG,971,bubble
train/n09229709/n09229709_7440.JPEG,971,bubble
train/n09229709/n09229709_1216.JPEG,971,bubble
train/n09246464/n09246464_11313.JPEG,972,cliff
train/n09246464/n09246464_13870.JPEG,972,cliff
train/n09246464/n09246464_6003.JPEG,972,cliff
train/n09246464/n09246464_11298.JPEG,972,cliff
train/n09246464/n09246464_13681.JPEG,972,cliff
train/n09246464/n09246464_44118.JPEG,972,cliff
train/n09246464/n09246464_17761.JPEG,972,cliff
train/n09246464/n09246464_91591.JPEG,972,cliff
train/n09246464/n09246464_16510.JPEG,972,cliff
train/n09246464/n09246464_1252.JPEG,972,cliff
train/n09246464/n09246464_8269.JPEG,972,cliff
train/n09246464/n09246464_34498.JPEG,972,cliff
train/n09246464/n09246464_5057.JPEG,972,cliff
train/n09246464/n09246464_10914.JPEG,972,cliff
train/n09246464/n09246464_49873.JPEG,972,cliff
train/n09246464/n09246464_91191.JPEG,972,cliff
train/n09256479/n09256479_19035.JPEG,973,coral reef
train/n09256479/n09256479_12338.JPEG,973,coral reef
train/n09256479/n09256479_10174.JPEG,973,coral reef
train/n09256479/n09256479_10010.JPEG,973,coral reef
train/n09256479/n09256479_11205.JPEG,973,coral reef
train/n09256479/n09256479_2726.JPEG,973,coral reef
train/n09256479/n09256479_896.JPEG,973,coral reef
train/n09256479/n09256479_19775.JPEG,973,coral reef
train/n09256479/n09256479_17081.JPEG,973,coral reef
train/n09256479/n09256479_2168.JPEG,973,coral reef
train/n09256479/n09256479_4227.JPEG,973,coral reef
train/n09256479/n09256479_724.JPEG,973,coral reef
train/n09256479/n09256479_13762.JPEG,973,coral reef
train/n09256479/n09256479_4977.JPEG,973,coral reef
train/n09256479/n09256479_2798.JPEG,973,coral reef
train/n09256479/n09256479_2904.JPEG,973,coral reef
train/n09288635/n09288635_12204.JPEG,974,geyser
train/n09288635/n09288635_9844.JPEG,974,geyser
train/n09288635/n09288635_12331.JPEG,974,geyser
train/n09288635/n09288635_2087.JPEG,974,geyser
train/n09288635/n09288635_25396.JPEG,974,geyser
train/n09288635/n09288635_7990.JPEG,974,geyser
train/n09288635/n09288635_3956.JPEG,974,geyser
train/n09288635/n09288635_3272.JPEG,974,geyser
train/n09288635/n09288635_3580.JPEG,974,geyser
train/n09288635/n09288635_23980.JPEG,974,geyser
train/n09288635/n09288635_5301.JPEG,974,geyser
train/n09288635/n09288635_10116.JPEG,974,geyser
train/n09288635/n09288635_269.JPEG,974,geyser
train/n09288635/n09288635_25905.JPEG,974,geyser
train/n09288635/n09288635_19226.JPEG,974,geyser
train/n09288635/n09288635_4700.JPEG,974,geyser
train/n09332890/n09332890_13250.JPEG,975,lakeshore
train/n09332890/n09332890_2486.JPEG,975,lakeshore
train/n09332890/n09332890_20269.JPEG,975,lakeshore
train/n09332890/n09332890_7144.JPEG,975,lakeshore
train/n09332890/n09332890_15682.JPEG,975,lakeshore
train/n09332890/n09332890_26553.JPEG,975,lakeshore
train/n09332890/n09332890_17924.JPEG,975,lakeshore
train/n09332890/n09332890_23745.JPEG,975,lakeshore
train/n09332890/n09332890_6388.JPEG,975,lakeshore
train/n09332890/n09332890_34010.JPEG,975,lakeshore
train/n09332890/n09332890_46949.JPEG,975,lakeshore
train/n09332890/n09332890_20230.JPEG,975,lakeshore
train/n09332890/n09332890_10353.JPEG,975,lakeshore
train/n09332890/n09332890_10873.JPEG,975,lakeshore
train/n09332890/n09332890_19167.JPEG,975,lakeshore
train/n09332890/n09332890_17489.JPEG,975,lakeshore
train/n09399592/n09399592_59105.JPEG,976,promontory
train/n09399592/n09399592_48107.JPEG,976,promontory
train/n09399592/n09399592_28886.JPEG,976,promontory
train/n09399592/n09399592_13494.JPEG,976,promontory
train/n09399592/n09399592_57561.JPEG,976,promontory
train/n09399592/n09399592_118931.JPEG,976,promontory
train/n09399592/n09399592_13659.JPEG,976,promontory
train/n09399592/n09399592_32074.JPEG,976,promontory
train/n09399592/n09399592_11701.JPEG,976,promontory
train/n09399592/n09399592_70591.JPEG,976,promontory
train/n09399592/n09399592_44731.JPEG,976,promontory
train/n09399592/n09399592_14554.JPEG,976,promontory
train/n09399592/n09399592_34917.JPEG,976,promontory
train/n09399592/n09399592_69824.JPEG,976,promontory
train/n09399592/n09399592_59055.JPEG,976,promontory
train/n09399592/n09399592_62861.JPEG,976,promontory
train/n09421951/n09421951_13980.JPEG,977,sandbar
train/n09421951/n09421951_10823.JPEG,977,sandbar
train/n09421951/n09421951_12198.JPEG,977,sandbar
train/n09421951/n09421951_22277.JPEG,977,sandbar
train/n09421951/n09421951_28280.JPEG,977,sandbar
train/n09421951/n09421951_12610.JPEG,977,sandbar
train/n09421951/n09421951_20898.JPEG,977,sandbar
train/n09421951/n09421951_10912.JPEG,977,sandbar
train/n09421951/n09421951_8153.JPEG,977,sandbar
train/n09421951/n09421951_4856.JPEG,977,sandbar
train/n09421951/n09421951_8100.JPEG,977,sandbar
train/n09421951/n09421951_15494.JPEG,977,sandbar
train/n09421951/n09421951_12900.JPEG,977,sandbar
train/n09421951/n09421951_13324.JPEG,977,sandbar
train/n09421951/n09421951_3191.JPEG,977,sandbar
train/n09421951/n09421951_18988.JPEG,977,sandbar
train/n09428293/n09428293_65557.JPEG,978,beach
train/n09428293/n09428293_48367.JPEG,978,beach
train/n09428293/n09428293_22907.JPEG,978,beach
train/n09428293/n09428293_1142.JPEG,978,beach
train/n09428293/n09428293_7200.JPEG,978,beach
train/n09428293/n09428293_37386.JPEG,978,beach
train/n09428293/n09428293_38978.JPEG,978,beach
train/n09428293/n09428293_32702.JPEG,978,beach
train/n09428293/n09428293_65083.JPEG,978,beach
train/n09428293/n09428293_45466.JPEG,978,beach
train/n09428293/n09428293_37315.JPEG,978,beach
train/n09428293/n09428293_42279.JPEG,978,beach
train/n09428293/n09428293_44064.JPEG,978,beach
train/n09428293/n09428293_65208.JPEG,978,beach
train/n09428293/n09428293_22923.JPEG,978,beach
train/n09428293/n09428293_40379.JPEG,978,beach
train/n09468604/n09468604_4739.JPEG,979,valley
train/n09468604/n09468604_13029.JPEG,979,valley
train/n09468604/n09468604_59155.JPEG,979,valley
train/n09468604/n09468604_57949.JPEG,979,valley
train/n09468604/n09468604_2698.JPEG,979,valley
train/n09468604/n09468604_25642.JPEG,979,valley
train/n09468604/n09468604_57758.JPEG,979,valley
train/n09468604/n09468604_988.JPEG,979,valley
train/n09468604/n09468604_15728.JPEG,979,valley
train/n09468604/n09468604_40215.JPEG,979,valley
train/n09468604/n09468604_14130.JPEG,979,valley
train/n09468604/n09468604_54122.JPEG,979,valley
train/n09468604/n09468604_48139.JPEG,979,valley
train/n09468604/n09468604_7936.JPEG,979,valley
train/n09468604/n09468604_4006.JPEG,979,valley
train/n09468604/n09468604_9173.JPEG,979,valley
train/n09472597/n09472597_6558.JPEG,980,volcano
train/n09472597/n09472597_27103.JPEG,980,volcano
train/n09472597/n09472597_16395.JPEG,980,volcano
train/n09472597/n09472597_20900.JPEG,980,volcano
train/n09472597/n09472597_5311.JPEG,980,volcano
train/n09472597/n09472597_4054.JPEG,980,volcano
train/n09472597/n09472597_28777.JPEG,980,volcano
train/n09472597/n09472597_42619.JPEG,980,volcano
train/n09472597/n09472597_11326.JPEG,980,volcano
train/n09472597/n09472597_16243.JPEG,980,volcano
train/n09472597/n09472597_4563.JPEG,980,volcano
train/n09472597/n09472597_34229.JPEG,980,volcano
train/n09472597/n09472597_3719.JPEG,980,volcano
train/n09472597/n09472597_24887.JPEG,980,volcano
train/n09472597/n09472597_2661.JPEG,980,volcano
train/n09472597/n09472597_33008.JPEG,980,volcano
train/n09835506/n09835506_2423.JPEG,981,baseball player
train/n09835506/n09835506_3858.JPEG,981,baseball player
train/n09835506/n09835506_10829.JPEG,981,baseball player
train/n09835506/n09835506_4814.JPEG,981,baseball player
train/n09835506/n09835506_24069.JPEG,981,baseball player
train/n09835506/n09835506_9615.JPEG,981,baseball player
train/n09835506/n09835506_3664.JPEG,981,baseball player
train/n09835506/n09835506_15659.JPEG,981,baseball player
train/n09835506/n09835506_21906.JPEG,981,baseball player
train/n09835506/n09835506_21471.JPEG,981,baseball player
train/n09835506/n09835506_5309.JPEG,981,baseball player
train/n09835506/n09835506_10006.JPEG,981,baseball player
train/n09835506/n09835506_30511.JPEG,981,baseball player
train/n09835506/n09835506_19370.JPEG,981,baseball player
train/n09835506/n09835506_4432.JPEG,981,baseball player
train/n09835506/n09835506_15136.JPEG,981,baseball player
train/n10148035/n10148035_29064.JPEG,982,bridegroom
train/n10148035/n10148035_13920.JPEG,982,bridegroom
train/n10148035/n10148035_25314.JPEG,982,bridegroom
train/n10148035/n10148035_24912.JPEG,982,bridegroom
train/n10148035/n10148035_25806.JPEG,982,bridegroom
train/n10148035/n10148035_5636.JPEG,982,bridegroom
train/n10148035/n10148035_552.JPEG,982,bridegroom
train/n10148035/n10148035_32463.JPEG,982,bridegroom
train/n10148035/n10148035_28618.JPEG,982,bridegroom
train/n10148035/n10148035_606.JPEG,982,bridegroom
train/n10148035/n10148035_13923.JPEG,982,bridegroom
train/n10148035/n10148035_1164.JPEG,982,bridegroom
train/n10148035/n10148035_27293.JPEG,982,bridegroom
train/n10148035/n10148035_13387.JPEG,982,bridegroom
train/n10148035/n10148035_31310.JPEG,982,bridegroom
train/n10148035/n10148035_638.JPEG,982,bridegroom
train/n10565667/n10565667_889.JPEG,983,scuba diver
train/n10565667/n10565667_1824.JPEG,983,scuba diver
train/n10565667/n10565667_5492.JPEG,983,scuba diver
train/n10565667/n10565667_6820.JPEG,983,scuba diver
train/n10565667/n10565667_16050.JPEG,983,scuba diver
train/n10565667/n10565667_6361.JPEG,983,scuba diver
train/n10565667/n10565667_7196.JPEG,983,scuba diver
train/n10565667/n10565667_3672.JPEG,983,scuba diver
train/n10565667/n10565667_10696.JPEG,983,scuba diver
train/n10565667/n10565667_11345.JPEG,983,scuba diver
train/n10565667/n10565667_384.JPEG,983,scuba diver
train/n10565667/n10565667_4643.JPEG,983,scuba diver
train/n10565667/n10565667_15090.JPEG,983,scuba diver
train/n10565667/n10565667_2277.JPEG,983,scuba diver
train/n10565667/n10565667_16314.JPEG,983,scuba diver
train/n10565667/n10565667_16201.JPEG,983,scuba diver
train/n11879895/n11879895_5845.JPEG,984,rapeseed
train/n11879895/n11879895_1148.JPEG,984,rapeseed
train/n11879895/n11879895_1999.JPEG,984,rapeseed
train/n11879895/n11879895_7120.JPEG,984,rapeseed
train/n11879895/n11879895_621.JPEG,984,rapeseed
train/n11879895/n11879895_95.JPEG,984,rapeseed
train/n11879895/n11879895_660.JPEG,984,rapeseed
train/n11879895/n11879895_3285.JPEG,984,rapeseed
train/n11879895/n11879895_13518.JPEG,984,rapeseed
train/n11879895/n11879895_7149.JPEG,984,rapeseed
train/n11879895/n11879895_3687.JPEG,984,rapeseed
train/n11879895/n11879895_948.JPEG,984,rapeseed
train/n11879895/n11879895_2794.JPEG,984,rapeseed
train/n11879895/n11879895_8296.JPEG,984,rapeseed
train/n11879895/n11879895_7795.JPEG,984,rapeseed
train/n11879895/n11879895_2240.JPEG,984,rapeseed
train/n11939491/n11939491_6133.JPEG,985,daisy
train/n11939491/n11939491_9903.JPEG,985,daisy
train/n11939491/n11939491_26129.JPEG,985,daisy
train/n11939491/n11939491_17542.JPEG,985,daisy
train/n11939491/n11939491_21968.JPEG,985,daisy
train/n11939491/n11939491_5681.JPEG,985,daisy
train/n11939491/n11939491_53211.JPEG,985,daisy
train/n11939491/n11939491_6766.JPEG,985,daisy
train/n11939491/n11939491_47574.JPEG,985,daisy
train/n11939491/n11939491_57521.JPEG,985,daisy
train/n11939491/n11939491_19216.JPEG,985,daisy
train/n11939491/n11939491_7525.JPEG,985,daisy
train/n11939491/n11939491_11748.JPEG,985,daisy
train/n11939491/n11939491_8015.JPEG,985,daisy
train/n11939491/n11939491_18806.JPEG,985,daisy
train/n11939491/n11939491_21255.JPEG,985,daisy
train/n12057211/n12057211_12263.JPEG,986,yellow lady's slipper
train/n12057211/n12057211_9028.JPEG,986,yellow lady's slipper
train/n12057211/n12057211_1117.JPEG,986,yellow lady's slipper
train/n12057211/n12057211_9182.JPEG,986,yellow lady's slipper
train/n12057211/n12057211_9998.JPEG,986,yellow lady's slipper
train/n12057211/n12057211_10010.JPEG,986,yellow lady's slipper
train/n12057211/n12057211_227.JPEG,986,yellow lady's slipper
train/n12057211/n12057211_5056.JPEG,986,yellow lady's slipper
train/n12057211/n12057211_7044.JPEG,986,yellow lady's slipper
train/n12057211/n12057211_4347.JPEG,986,yellow lady's slipper
train/n12057211/n12057211_3911.JPEG,986,yellow lady's slipper
train/n12057211/n12057211_5282.JPEG,986,yellow lady's slipper
train/n12057211/n12057211_5171.JPEG,986,yellow lady's slipper
train/n12057211/n12057211_362.JPEG,986,yellow lady's slipper
train/n12057211/n12057211_8565.JPEG,986,yellow lady's slipper
train/n12057211/n12057211_8779.JPEG,986,yellow lady's slipper
train/n12144580/n12144580_11656.JPEG,987,corn
train/n12144580/n12144580_11124.JPEG,987,corn
train/n12144580/n12144580_22834.JPEG,987,corn
train/n12144580/n12144580_26932.JPEG,987,corn
train/n12144580/n12144580_4352.JPEG,987,corn
train/n12144580/n12144580_11770.JPEG,987,corn
train/n12144580/n12144580_5210.JPEG,987,corn
train/n12144580/n12144580_8225.JPEG,987,corn
train/n12144580/n12144580_1061.JPEG,987,corn
train/n12144580/n12144580_18514.JPEG,987,corn
train/n12144580/n12144580_6265.JPEG,987,corn
train/n12144580/n12144580_10942.JPEG,987,corn
train/n12144580/n12144580_4852.JPEG,987,corn
train/n12144580/n12144580_13516.JPEG,987,corn
train/n12144580/n12144580_28041.JPEG,987,corn
train/n12144580/n12144580_40013.JPEG,987,corn
train/n12267677/n12267677_2935.JPEG,988,acorn
train/n12267677/n12267677_9633.JPEG,988,acorn
train/n12267677/n12267677_25307.JPEG,988,acorn
train/n12267677/n12267677_16710.JPEG,988,acorn
train/n12267677/n12267677_20474.JPEG,988,acorn
train/n12267677/n12267677_30742.JPEG,988,acorn
train/n12267677/n12267677_5612.JPEG,988,acorn
train/n12267677/n12267677_8510.JPEG,988,acorn
train/n12267677/n12267677_22754.JPEG,988,acorn
train/n12267677/n12267677_10445.JPEG,988,acorn
train/n12267677/n12267677_10230.JPEG,988,acorn
train/n12267677/n12267677_16752.JPEG,988,acorn
train/n12267677/n12267677_2720.JPEG,988,acorn
train/n12267677/n12267677_12673.JPEG,988,acorn
train/n12267677/n12267677_35687.JPEG,988,acorn
train/n12267677/n12267677_17647.JPEG,988,acorn
train/n12620546/n12620546_557.JPEG,989,rose hip
train/n12620546/n12620546_9142.JPEG,989,rose hip
train/n12620546/n12620546_11057.JPEG,989,rose hip
train/n12620546/n12620546_28935.JPEG,989,rose hip
train/n12620546/n12620546_23403.JPEG,989,rose hip
train/n12620546/n12620546_15501.JPEG,989,rose hip
train/n12620546/n12620546_12239.JPEG,989,rose hip
train/n12620546/n12620546_11277.JPEG,989,rose hip
train/n12620546/n12620546_17339.JPEG,989,rose hip
train/n12620546/n12620546_30815.JPEG,989,rose hip
train/n12620546/n12620546_13291.JPEG,989,rose hip
train/n12620546/n12620546_8573.JPEG,989,rose hip
train/n12620546/n12620546_63630.JPEG,989,rose hip
train/n12620546/n12620546_38444.JPEG,989,rose hip
train/n12620546/n12620546_50516.JPEG,989,rose hip
train/n12620546/n12620546_14625.JPEG,989,rose hip
train/n12768682/n12768682_6033.JPEG,990,horse chestnut seed
train/n12768682/n12768682_11921.JPEG,990,horse chestnut seed
train/n12768682/n12768682_34833.JPEG,990,horse chestnut seed
train/n12768682/n12768682_32343.JPEG,990,horse chestnut seed
train/n12768682/n12768682_2054.JPEG,990,horse chestnut seed
train/n12768682/n12768682_47390.JPEG,990,horse chestnut seed
train/n12768682/n12768682_21286.JPEG,990,horse chestnut seed
train/n12768682/n12768682_670.JPEG,990,horse chestnut seed
train/n12768682/n12768682_36552.JPEG,990,horse chestnut seed
train/n12768682/n12768682_1271.JPEG,990,horse chestnut seed
train/n12768682/n12768682_7922.JPEG,990,horse chestnut seed
train/n12768682/n12768682_14080.JPEG,990,horse chestnut seed
train/n12768682/n12768682_17249.JPEG,990,horse chestnut seed
train/n12768682/n12768682_10029.JPEG,990,horse chestnut seed
train/n12768682/n12768682_18071.JPEG,990,horse chestnut seed
train/n12768682/n12768682_37011.JPEG,990,horse chestnut seed
train/n12985857/n12985857_6007.JPEG,991,coral fungus
train/n12985857/n12985857_2183.JPEG,991,coral fungus
train/n12985857/n12985857_2561.JPEG,991,coral fungus
train/n12985857/n12985857_3072.JPEG,991,coral fungus
train/n12985857/n12985857_1448.JPEG,991,coral fungus
train/n12985857/n12985857_11884.JPEG,991,coral fungus
train/n12985857/n12985857_4719.JPEG,991,coral fungus
train/n12985857/n12985857_7075.JPEG,991,coral fungus
train/n12985857/n12985857_2217.JPEG,991,coral fungus
train/n12985857/n12985857_2529.JPEG,991,coral fungus
train/n12985857/n12985857_934.JPEG,991,coral fungus
train/n12985857/n12985857_4514.JPEG,991,coral fungus
train/n12985857/n12985857_1894.JPEG,991,coral fungus
train/n12985857/n12985857_7532.JPEG,991,coral fungus
train/n12985857/n12985857_3868.JPEG,991,coral fungus
train/n12985857/n12985857_8879.JPEG,991,coral fungus
train/n12998815/n12998815_15013.JPEG,992,agaric
train/n12998815/n12998815_9921.JPEG,992,agaric
train/n12998815/n12998815_5178.JPEG,992,agaric
train/n12998815/n12998815_19567.JPEG,992,agaric
train/n12998815/n12998815_2657.JPEG,992,agaric
train/n12998815/n12998815_6169.JPEG,992,agaric
train/n12998815/n12998815_2783.JPEG,992,agaric
train/n12998815/n12998815_12942.JPEG,992,agaric
train/n12998815/n12998815_9385.JPEG,992,agaric
train/n12998815/n12998815_11066.JPEG,992,agaric
train/n12998815/n12998815_11236.JPEG,992,agaric
train/n12998815/n12998815_9680.JPEG,992,agaric
train/n12998815/n12998815_23795.JPEG,992,agaric
train/n12998815/n12998815_13294.JPEG,992,agaric
train/n12998815/n12998815_15621.JPEG,992,agaric
train/n12998815/n12998815_7273.JPEG,992,agaric
train/n13037406/n13037406_2374.JPEG,993,gyromitra
train/n13037406/n13037406_8237.JPEG,993,gyromitra
train/n13037406/n13037406_249.JPEG,993,gyromitra
train/n13037406/n13037406_1163.JPEG,993,gyromitra
train/n13037406/n13037406_4886.JPEG,993,gyromitra
train/n13037406/n13037406_9885.JPEG,993,gyromitra
train/n13037406/n13037406_163.JPEG,993,gyromitra
train/n13037406/n13037406_3562.JPEG,993,gyromitra
train/n13037406/n13037406_6368.JPEG,993,gyromitra
train/n13037406/n13037406_5490.JPEG,993,gyromitra
train/n13037406/n13037406_2968.JPEG,993,gyromitra
train/n13037406/n13037406_631.JPEG,993,gyromitra
train/n13037406/n13037406_2173.JPEG,993,gyromitra
train/n13037406/n13037406_6290.JPEG,993,gyromitra
train/n13037406/n13037406_3506.JPEG,993,gyromitra
train/n13037406/n13037406_4986.JPEG,993,gyromitra
train/n13040303/n13040303_6294.JPEG,994,stinkhorn mushroom
train/n13040303/n13040303_5141.JPEG,994,stinkhorn mushroom
train/n13040303/n13040303_1826.JPEG,994,stinkhorn mushroom
train/n13040303/n13040303_5186.JPEG,994,stinkhorn mushroom
train/n13040303/n13040303_5794.JPEG,994,stinkhorn mushroom
train/n13040303/n13040303_4882.JPEG,994,stinkhorn mushroom
train/n13040303/n13040303_2496.JPEG,994,stinkhorn mushroom
train/n13040303/n13040303_6086.JPEG,994,stinkhorn mushroom
train/n13040303/n13040303_5806.JPEG,994,stinkhorn mushroom
train/n13040303/n13040303_9173.JPEG,994,stinkhorn mushroom
train/n13040303/n13040303_10135.JPEG,994,stinkhorn mushroom
train/n13040303/n13040303_2642.JPEG,994,stinkhorn mushroom
train/n13040303/n13040303_880.JPEG,994,stinkhorn mushroom
train/n13040303/n13040303_2730.JPEG,994,stinkhorn mushroom
train/n13040303/n13040303_680.JPEG,994,stinkhorn mushroom
train/n13040303/n13040303_3863.JPEG,994,stinkhorn mushroom
train/n13044778/n13044778_2688.JPEG,995,earth star fungus
train/n13044778/n13044778_8049.JPEG,995,earth star fungus
train/n13044778/n13044778_5079.JPEG,995,earth star fungus
train/n13044778/n13044778_3450.JPEG,995,earth star fungus
train/n13044778/n13044778_11229.JPEG,995,earth star fungus
train/n13044778/n13044778_7286.JPEG,995,earth star fungus
train/n13044778/n13044778_10163.JPEG,995,earth star fungus
train/n13044778/n13044778_671.JPEG,995,earth star fungus
train/n13044778/n13044778_7289.JPEG,995,earth star fungus
train/n13044778/n13044778_1729.JPEG,995,earth star fungus
train/n13044778/n13044778_12616.JPEG,995,earth star fungus
train/n13044778/n13044778_8899.JPEG,995,earth star fungus
train/n13044778/n13044778_1070.JPEG,995,earth star fungus
train/n13044778/n13044778_3337.JPEG,995,earth star fungus
train/n13044778/n13044778_8506.JPEG,995,earth star fungus
train/n13044778/n13044778_4127.JPEG,995,earth star fungus
train/n13052670/n13052670_11476.JPEG,996,hen of the woods mushroom
train/n13052670/n13052670_3097.JPEG,996,hen of the woods mushroom
train/n13052670/n13052670_10679.JPEG,996,hen of the woods mushroom
train/n13052670/n13052670_8346.JPEG,996,hen of the woods mushroom
train/n13052670/n13052670_1520.JPEG,996,hen of the woods mushroom
train/n13052670/n13052670_313.JPEG,996,hen of the woods mushroom
train/n13052670/n13052670_2727.JPEG,996,hen of the woods mushroom
train/n13052670/n13052670_8304.JPEG,996,hen of the woods mushroom
train/n13052670/n13052670_1790.JPEG,996,hen of the woods mushroom
train/n13052670/n13052670_688.JPEG,996,hen of the woods mushroom
train/n13052670/n13052670_5962.JPEG,996,hen of the woods mushroom
train/n13052670/n13052670_11652.JPEG,996,hen of the woods mushroom
train/n13052670/n13052670_2850.JPEG,996,hen of the woods mushroom
train/n13052670/n13052670_800.JPEG,996,hen of the woods mushroom
train/n13052670/n13052670_5735.JPEG,996,hen of the woods mushroom
train/n13052670/n13052670_9850.JPEG,996,hen of the woods mushroom
train/n13054560/n13054560_7544.JPEG,997,bolete
train/n13054560/n13054560_1826.JPEG,997,bolete
train/n13054560/n13054560_8544.JPEG,997,bolete
train/n13054560/n13054560_8757.JPEG,997,bolete
train/n13054560/n13054560_12502.JPEG,997,bolete
train/n13054560/n13054560_2177.JPEG,997,bolete
train/n13054560/n13054560_5815.JPEG,997,bolete
train/n13054560/n13054560_868.JPEG,997,bolete
train/n13054560/n13054560_906.JPEG,997,bolete
train/n13054560/n13054560_3714.JPEG,997,bolete
train/n13054560/n13054560_13451.JPEG,997,bolete
train/n13054560/n13054560_12770.JPEG,997,bolete
train/n13054560/n13054560_13662.JPEG,997,bolete
train/n13054560/n13054560_1995.JPEG,997,bolete
train/n13054560/n13054560_11077.JPEG,997,bolete
train/n13054560/n13054560_2578.JPEG,997,bolete
train/n13133613/n13133613_19475.JPEG,998,corn cob
train/n13133613/n13133613_51264.JPEG,998,corn cob
train/n13133613/n13133613_75501.JPEG,998,corn cob
train/n13133613/n13133613_47762.JPEG,998,corn cob
train/n13133613/n13133613_9970.JPEG,998,corn cob
train/n13133613/n13133613_10879.JPEG,998,corn cob
train/n13133613/n13133613_52417.JPEG,998,corn cob
train/n13133613/n13133613_14405.JPEG,998,corn cob
train/n13133613/n13133613_1820.JPEG,998,corn cob
train/n13133613/n13133613_26225.JPEG,998,corn cob
train/n13133613/n13133613_25150.JPEG,998,corn cob
train/n13133613/n13133613_5137.JPEG,998,corn cob
train/n13133613/n13133613_5546.JPEG,998,corn cob
train/n13133613/n13133613_52277.JPEG,998,corn cob
train/n13133613/n13133613_27943.JPEG,998,corn cob
train/n13133613/n13133613_21164.JPEG,998,corn cob
train/n15075141/n15075141_50603.JPEG,999,toilet paper
train/n15075141/n15075141_47522.JPEG,999,toilet paper
train/n15075141/n15075141_24295.JPEG,999,toilet paper
train/n15075141/n15075141_29144.JPEG,999,toilet paper
train/n15075141/n15075141_28442.JPEG,999,toilet paper
train/n15075141/n15075141_50233.JPEG,999,toilet paper
train/n15075141/n15075141_3171.JPEG,999,toilet paper
train/n15075141/n15075141_39646.JPEG,999,toilet paper
train/n15075141/n15075141_2830.JPEG,999,toilet paper
train/n15075141/n15075141_28529.JPEG,999,toilet paper
train/n15075141/n15075141_42794.JPEG,999,toilet paper
train/n15075141/n15075141_6787.JPEG,999,toilet paper
train/n15075141/n15075141_44606.JPEG,999,toilet paper
train/n15075141/n15075141_35310.JPEG,999,toilet paper
train/n15075141/n15075141_28147.JPEG,999,toilet paper
train/n15075141/n15075141_50703.JPEG,999,toilet paper
